snapshot_date,project_id,asset_key,asset_name,asset_type,equipment_type,discipline,building,floor,space,tranche,systems,equipment_supplier,overall_completion_pct,overall_completed_lines,overall_total_lines,overall_open_lines,L1_completion_pct,L1_completed_lines,L1_total_lines,L1_open_lines,L1_checklist_count,L2_completion_pct,L2_completed_lines,L2_total_lines,L2_open_lines,L2_checklist_count,L3_completion_pct,L3_completed_lines,L3_total_lines,L3_open_lines,L3_checklist_count,L4_completion_pct,L4_completed_lines,L4_total_lines,L4_open_lines,L4_checklist_count,L5_completion_pct,L5_completed_lines,L5_total_lines,L5_open_lines,L5_checklist_count,last_synced
2026-09-13,39282,10988295,EDCKUL21VRF02600,equipment,VRF,Mechanical,EDCKUL21,RF-T1,ROOF,1,Block AH,Promatrix DCS,36.59,30,82,52,100.0,21,21,0,1,25.71,9,35,26,1,0.0,0,26,26,1,,0,0,0,0,,0,0,0,0,2026-09-12T20:10:25.613305+00:00
2026-09-13,39282,11095312,EDCKUL21TESA0100,equipment,TES,Mechanical,EDCKUL21,GF,TES TANK YARD,1,TES Tank,LF Lansen,24.69,20,81,61,100.0,20,20,0,1,0.0,0,35,35,1,0.0,0,26,26,1,,0,0,0,0,,0,0,0,0,2026-09-12T20:10:25.613305+00:00
2026-09-13,39282,11095313,EDCKUL21TESA0200,equipment,TES,Mechanical,EDCKUL21,GF,TES TANK YARD,1,TES Tank,LF Lansen,24.69,20,81,61,100.0,20,20,0,1,0.0,0,35,35,1,0.0,0,26,26,1,,0,0,0,0,,0,0,0,0,2026-09-12T20:10:25.613305+00:00
2026-09-13,39282,11095314,EDCKUL21TESA0300,equipment,TES,Mechanical,EDCKUL21,GF,TES TANK YARD,1,TES Tank,LF Lansen,24.69,20,81,61,100.0,20,20,0,1,0.0,0,35,35,1,0.0,0,26,26,1,,0,0,0,0,,0,0,0,0,2026-09-12T20:10:25.613305+00:00
2026-09-13,39282,11095315,EDCKUL21TESA0400,equipment,TES,Mechanical,EDCKUL21,GF,TES TANK YARD,1,TES Tank,LF Lansen,24.69,20,81,61,100.0,20,20,0,1,0.0,0,35,35,1,0.0,0,26,26,1,,0,0,0,0,,0,0,0,0,2026-09-12T20:10:25.613305+00:00
2026-09-13,39282,11095316,EDCKUL21TESA0500,equipment,TES,Mechanical,EDCKUL21,GF,TES TANK YARD,1,TES Tank,LF Lansen,24.69,20,81,61,100.0,20,20,0,1,0.0,0,35,35,1,0.0,0,26,26,1,,0,0,0,0,,0,0,0,0,2026-09-12T20:10:25.613305+00:00
2026-09-13,39282,11095317,EDCKUL21TESA0600,equipment,TES,Mechanical,EDCKUL21,GF,TES TANK YARD,1,TES Tank,LF Lansen,24.69,20,81,61,100.0,20,20,0,1,0.0,0,35,35,1,0.0,0,26,26,1,,0,0,0,0,,0,0,0,0,2026-09-12T20:10:25.613305+00:00
2026-09-13,39282,11604941,EDCKUL21CDUA0107,equipment,CDU,Mechanical,EDCKUL21,2F,MECH 71,1,Block AA,Vertiv,24.69,20,81,61,100.0,20,20,0,1,0.0,0,35,35,1,0.0,0,26,26,1,,0,0,0,0,,0,0,0,0,2026-09-12T20:10:25.613305+00:00
2026-09-13,39282,11604942,EDCKUL21CDUA0207,equipment,CDU,Mechanical,EDCKUL21,2F,MECH 71,1,Block AB,Vertiv,24.69,20,81,61,100.0,20,20,0,1,0.0,0,35,35,1,0.0,0,26,26,1,,0,0,0,0,,0,0,0,0,2026-09-12T20:10:25.613305+00:00
2026-09-13,39282,11604943,EDCKUL21CDUA0307,equipment,CDU,Mechanical,EDCKUL21,2F,MECH 71,1,Block AC,Vertiv,24.69,20,81,61,100.0,20,20,0,1,0.0,0,35,35,1,0.0,0,26,26,1,,0,0,0,0,,0,0,0,0,2026-09-12T20:10:25.613305+00:00
2026-09-13,39282,11604944,EDCKUL21CDUA0407,equipment,CDU,Mechanical,EDCKUL21,2F,MECH 72,1,Block AA,Vertiv,24.69,20,81,61,100.0,20,20,0,1,0.0,0,35,35,1,0.0,0,26,26,1,,0,0,0,0,,0,0,0,0,2026-09-12T20:10:25.613305+00:00
2026-09-13,39282,11604945,EDCKUL21CDUA0507,equipment,CDU,Mechanical,EDCKUL21,2F,MECH 72,1,Block AB,Vertiv,24.69,20,81,61,100.0,20,20,0,1,0.0,0,35,35,1,0.0,0,26,26,1,,0,0,0,0,,0,0,0,0,2026-09-12T20:10:25.613305+00:00
2026-09-13,39282,11604946,EDCKUL21CDUA0607,equipment,CDU,Mechanical,EDCKUL21,2F,MECH 72,1,Block AC,Vertiv,24.69,20,81,61,100.0,20,20,0,1,0.0,0,35,35,1,0.0,0,26,26,1,,0,0,0,0,,0,0,0,0,2026-09-12T20:10:25.613305+00:00
2026-09-13,39282,11604947,EDCKUL21CDUA010A,equipment,CDU,Mechanical,EDCKUL21,3F,MECH A1,1,Block AD,Vertiv,23.46,19,81,62,95.0,19,20,1,1,0.0,0,35,35,1,0.0,0,26,26,1,,0,0,0,0,,0,0,0,0,2026-09-12T20:10:25.613305+00:00
2026-09-13,39282,11604948,EDCKUL21CDUA020A,equipment,CDU,Mechanical,EDCKUL21,3F,MECH A1,1,Block AE,Vertiv,23.46,19,81,62,95.0,19,20,1,1,0.0,0,35,35,1,0.0,0,26,26,1,,0,0,0,0,,0,0,0,0,2026-09-12T20:10:25.613305+00:00
2026-09-13,39282,11604949,EDCKUL21CDUA030A,equipment,CDU,Mechanical,EDCKUL21,3F,MECH A1,1,Block AF,Vertiv,23.46,19,81,62,95.0,19,20,1,1,0.0,0,35,35,1,0.0,0,26,26,1,,0,0,0,0,,0,0,0,0,2026-09-12T20:10:25.613305+00:00
2026-09-13,39282,11604950,EDCKUL21CDUA040A,equipment,CDU,Mechanical,EDCKUL21,3F,MECH A2,1,Block AD,Vertiv,23.46,19,81,62,95.0,19,20,1,1,0.0,0,35,35,1,0.0,0,26,26,1,,0,0,0,0,,0,0,0,0,2026-09-12T20:10:25.613305+00:00
2026-09-13,39282,11604951,EDCKUL21CDUA050A,equipment,CDU,Mechanical,EDCKUL21,3F,MECH A2,1,Block AE,Vertiv,23.46,19,81,62,95.0,19,20,1,1,0.0,0,35,35,1,0.0,0,26,26,1,,0,0,0,0,,0,0,0,0,2026-09-12T20:10:25.613305+00:00
2026-09-13,39282,11604952,EDCKUL21CDUA060A,equipment,CDU,Mechanical,EDCKUL21,3F,MECH A2,1,Block AF,Vertiv,23.46,19,81,62,95.0,19,20,1,1,0.0,0,35,35,1,0.0,0,26,26,1,,0,0,0,0,,0,0,0,0,2026-09-12T20:10:25.613305+00:00
2026-09-13,39282,11604953,EDCKUL21EXPA0107,equipment,EXP,Mechanical,EDCKUL21,2F,MECH 71,1,Block AH,Promatrix DCS,0.0,0,81,81,0.0,0,20,20,1,0.0,0,35,35,1,0.0,0,26,26,1,,0,0,0,0,,0,0,0,0,2026-09-12T20:10:25.613305+00:00
2026-09-13,39282,11604954,EDCKUL21EXPA0207,equipment,EXP,Mechanical,EDCKUL21,2F,MECH 72,1,Block AH,Promatrix DCS,0.0,0,81,81,0.0,0,20,20,1,0.0,0,35,35,1,0.0,0,26,26,1,,0,0,0,0,,0,0,0,0,2026-09-12T20:10:25.613305+00:00
2026-09-13,39282,11604955,EDCKUL21CTSA0107,equipment,CTS,Mechanical,EDCKUL21,2F,MECH 71,1,Block AH,Promatrix DCS,0.0,0,81,81,0.0,0,20,20,1,0.0,0,35,35,1,0.0,0,26,26,1,,0,0,0,0,,0,0,0,0,2026-09-12T20:10:25.613305+00:00
2026-09-13,39282,11604956,EDCKUL21CTSA0207,equipment,CTS,Mechanical,EDCKUL21,2F,MECH 72,1,Block AH,Promatrix DCS,0.0,0,81,81,0.0,0,20,20,1,0.0,0,35,35,1,0.0,0,26,26,1,,0,0,0,0,,0,0,0,0,2026-09-12T20:10:25.613305+00:00
2026-09-13,39282,11604957,EDCKUL21TESA0107,equipment,TES,Mechanical,EDCKUL21,2F,MECH 71,1,TES Tank,Promatrix DCS,0.0,0,81,81,0.0,0,20,20,1,0.0,0,35,35,1,0.0,0,26,26,1,,0,0,0,0,,0,0,0,0,2026-09-12T20:10:25.613305+00:00
2026-09-13,39282,11604958,EDCKUL21TESA0207,equipment,TES,Mechanical,EDCKUL21,2F,MECH 72,1,TES Tank,Promatrix DCS,0.0,0,81,81,0.0,0,20,20,1,0.0,0,35,35,1,0.0,0,26,26,1,,0,0,0,0,,0,0,0,0,2026-09-12T20:10:25.613305+00:00
2026-09-13,39282,11604959,EDCKUL21MUPA0107,equipment,MUP,Mechanical,EDCKUL21,2F,MECH 71,1,Block AH,Promatrix DCS,0.0,0,81,81,0.0,0,20,20,1,0.0,0,35,35,1,0.0,0,26,26,1,,0,0,0,0,,0,0,0,0,2026-09-12T20:10:25.613305+00:00
2026-09-13,39282,11604960,EDCKUL21MUPA0207,equipment,MUP,Mechanical,EDCKUL21,2F,MECH 72,1,Block AH,Promatrix DCS,0.0,0,81,81,0.0,0,20,20,1,0.0,0,35,35,1,0.0,0,26,26,1,,0,0,0,0,,0,0,0,0,2026-09-12T20:10:25.613305+00:00
2026-09-13,39282,11604961,EDCKUL21AISA0107,equipment,AIS,Mechanical,EDCKUL21,2F,MECH 71,1,Block AH,Promatrix DCS,0.0,0,81,81,0.0,0,20,20,1,0.0,0,35,35,1,0.0,0,26,26,1,,0,0,0,0,,0,0,0,0,2026-09-12T20:10:25.613305+00:00
2026-09-13,39282,11604962,EDCKUL21AISA0207,equipment,AIS,Mechanical,EDCKUL21,2F,MECH 72,1,Block AH,Promatrix DCS,0.0,0,81,81,0.0,0,20,20,1,0.0,0,35,35,1,0.0,0,26,26,1,,0,0,0,0,,0,0,0,0,2026-09-12T20:10:25.613305+00:00
2026-09-13,39282,11604963,EDCKUL21EXPA010A,equipment,EXP,Mechanical,EDCKUL21,3F,MECH A1,1,Block AH,Promatrix DCS,0.0,0,81,81,0.0,0,20,20,1,0.0,0,35,35,1,0.0,0,26,26,1,,0,0,0,0,,0,0,0,0,2026-09-12T20:10:25.613305+00:00
2026-09-13,39282,11604964,EDCKUL21EXPA020A,equipment,EXP,Mechanical,EDCKUL21,3F,MECH A2,1,Block AH,Promatrix DCS,0.0,0,81,81,0.0,0,20,20,1,0.0,0,35,35,1,0.0,0,26,26,1,,0,0,0,0,,0,0,0,0,2026-09-12T20:10:25.613305+00:00
2026-09-13,39282,11604965,EDCKUL21CTSA010A,equipment,CTS,Mechanical,EDCKUL21,3F,MECH A1,1,Block AH,Promatrix DCS,0.0,0,81,81,0.0,0,20,20,1,0.0,0,35,35,1,0.0,0,26,26,1,,0,0,0,0,,0,0,0,0,2026-09-12T20:10:25.613305+00:00
2026-09-13,39282,11604966,EDCKUL21CTSA020A,equipment,CTS,Mechanical,EDCKUL21,3F,MECH A2,1,Block AH,Promatrix DCS,0.0,0,81,81,0.0,0,20,20,1,0.0,0,35,35,1,0.0,0,26,26,1,,0,0,0,0,,0,0,0,0,2026-09-12T20:10:25.613305+00:00
2026-09-13,39282,11604967,EDCKUL21TESA010A,equipment,TES,Mechanical,EDCKUL21,3F,MECH A1,1,TES Tank,Promatrix DCS,0.0,0,81,81,0.0,0,20,20,1,0.0,0,35,35,1,0.0,0,26,26,1,,0,0,0,0,,0,0,0,0,2026-09-12T20:10:25.613305+00:00
2026-09-13,39282,11604968,EDCKUL21TESA020A,equipment,TES,Mechanical,EDCKUL21,3F,MECH A2,1,TES Tank,Promatrix DCS,0.0,0,81,81,0.0,0,20,20,1,0.0,0,35,35,1,0.0,0,26,26,1,,0,0,0,0,,0,0,0,0,2026-09-12T20:10:25.613305+00:00
2026-09-13,39282,11604969,EDCKUL21MUPA010A,equipment,MUP,Mechanical,EDCKUL21,3F,MECH A1,1,Block AH,Promatrix DCS,0.0,0,81,81,0.0,0,20,20,1,0.0,0,35,35,1,0.0,0,26,26,1,,0,0,0,0,,0,0,0,0,2026-09-12T20:10:25.613305+00:00
2026-09-13,39282,11604970,EDCKUL21MUPA020A,equipment,MUP,Mechanical,EDCKUL21,3F,MECH A2,1,Block AH,Promatrix DCS,0.0,0,81,81,0.0,0,20,20,1,0.0,0,35,35,1,0.0,0,26,26,1,,0,0,0,0,,0,0,0,0,2026-09-12T20:10:25.613305+00:00
2026-09-13,39282,11604971,EDCKUL21AISA010A,equipment,AIS,Mechanical,EDCKUL21,3F,MECH A1,1,Block AH,Promatrix DCS,0.0,0,81,81,0.0,0,20,20,1,0.0,0,35,35,1,0.0,0,26,26,1,,0,0,0,0,,0,0,0,0,2026-09-12T20:10:25.613305+00:00
2026-09-13,39282,11604972,EDCKUL21AISA020A,equipment,AIS,Mechanical,EDCKUL21,3F,MECH A2,1,Block AH,Promatrix DCS,0.0,0,81,81,0.0,0,20,20,1,0.0,0,35,35,1,0.0,0,26,26,1,,0,0,0,0,,0,0,0,0,2026-09-12T20:10:25.613305+00:00
2026-09-13,39282,11604973,EDCKUL21CRAA1500,equipment,CRA,Mechanical,EDCKUL21,2F,STS ROOM AA,1,Block AH,Stulz,24.69,20,81,61,100.0,20,20,0,1,0.0,0,35,35,1,0.0,0,26,26,1,,0,0,0,0,,0,0,0,0,2026-09-12T20:10:25.613305+00:00
2026-09-13,39282,11604974,EDCKUL21CRAA1600,equipment,CRA,Mechanical,EDCKUL21,2F,STS ROOM AA,1,Block AH,Stulz,23.46,19,81,62,95.0,19,20,1,1,0.0,0,35,35,1,0.0,0,26,26,1,,0,0,0,0,,0,0,0,0,2026-09-12T20:10:25.613305+00:00
2026-09-13,39282,11604975,EDCKUL21CRAA1700,equipment,CRA,Mechanical,EDCKUL21,2F,STS ROOM AB,1,Block AH,Stulz,24.69,20,81,61,100.0,20,20,0,1,0.0,0,35,35,1,0.0,0,26,26,1,,0,0,0,0,,0,0,0,0,2026-09-12T20:10:25.613305+00:00
2026-09-13,39282,11604976,EDCKUL21CRAA1800,equipment,CRA,Mechanical,EDCKUL21,2F,STS ROOM AB,1,Block AH,Stulz,24.69,20,81,61,100.0,20,20,0,1,0.0,0,35,35,1,0.0,0,26,26,1,,0,0,0,0,,0,0,0,0,2026-09-12T20:10:25.613305+00:00
2026-09-13,39282,11604977,EDCKUL21CRAA1900,equipment,CRA,Mechanical,EDCKUL21,2F,STS ROOM AC,1,Block AH,Stulz,24.69,20,81,61,100.0,20,20,0,1,0.0,0,35,35,1,0.0,0,26,26,1,,0,0,0,0,,0,0,0,0,2026-09-12T20:10:25.613305+00:00
2026-09-13,39282,11604978,EDCKUL21CRAA2000,equipment,CRA,Mechanical,EDCKUL21,2F,STS ROOM AC,1,Block AH,Stulz,24.69,20,81,61,100.0,20,20,0,1,0.0,0,35,35,1,0.0,0,26,26,1,,0,0,0,0,,0,0,0,0,2026-09-12T20:10:25.613305+00:00
2026-09-13,39282,11604979,EDCKUL21CRAA0100,equipment,CRA,Mechanical,EDCKUL21,3F,STS ROOM AF,1,Block AH,Stulz,23.46,19,81,62,95.0,19,20,1,1,0.0,0,35,35,1,0.0,0,26,26,1,,0,0,0,0,,0,0,0,0,2026-09-12T20:10:25.613305+00:00
2026-09-13,39282,11604980,EDCKUL21CRAA0200,equipment,CRA,Mechanical,EDCKUL21,3F,STS ROOM AF,1,Block AH,Stulz,23.46,19,81,62,95.0,19,20,1,1,0.0,0,35,35,1,0.0,0,26,26,1,,0,0,0,0,,0,0,0,0,2026-09-12T20:10:25.613305+00:00
2026-09-13,39282,11604981,EDCKUL21CRAA0300,equipment,CRA,Mechanical,EDCKUL21,3F,STS ROOM AE,1,Block AH,Stulz,23.46,19,81,62,95.0,19,20,1,1,0.0,0,35,35,1,0.0,0,26,26,1,,0,0,0,0,,0,0,0,0,2026-09-12T20:10:25.613305+00:00
2026-09-13,39282,11604982,EDCKUL21CRAA0400,equipment,CRA,Mechanical,EDCKUL21,3F,STS ROOM AE,1,Block AH,Stulz,24.69,20,81,61,100.0,20,20,0,1,0.0,0,35,35,1,0.0,0,26,26,1,,0,0,0,0,,0,0,0,0,2026-09-12T20:10:25.613305+00:00
2026-09-13,39282,11604983,EDCKUL21CRAA0500,equipment,CRA,Mechanical,EDCKUL21,3F,STS ROOM AD,1,Block AH,Stulz,23.46,19,81,62,95.0,19,20,1,1,0.0,0,35,35,1,0.0,0,26,26,1,,0,0,0,0,,0,0,0,0,2026-09-12T20:10:25.613305+00:00
2026-09-13,39282,11604984,EDCKUL21CRAA0600,equipment,CRA,Mechanical,EDCKUL21,3F,STS ROOM AD,1,Block AH,Stulz,23.46,19,81,62,95.0,19,20,1,1,0.0,0,35,35,1,0.0,0,26,26,1,,0,0,0,0,,0,0,0,0,2026-09-12T20:10:25.613305+00:00
2026-09-13,39282,11604985,EDCKUL21MBCAA210,equipment,MBC,Electrical,,,ELECTRICAL ROOM AA,1,Block AA,Powerwell,70.11,61,87,26,100.0,21,21,0,1,100.0,40,40,0,1,0.0,0,26,26,1,,0,0,0,0,,0,0,0,0,2026-09-12T20:10:25.613305+00:00
2026-09-13,39282,11604986,EDCKUL21MBCAB210,equipment,MBC,Electrical,,,ELECTRICAL ROOM AB,1,Block AB,Powerwell,78.16,68,87,19,100.0,21,21,0,1,100.0,40,40,0,1,26.92,7,26,19,1,,0,0,0,0,,0,0,0,0,2026-09-12T20:10:25.613305+00:00
2026-09-13,39282,11604987,EDCKUL21MBCAC210,equipment,MBC,Electrical,,,ELECTRICAL ROOM AC,1,Block AC,Powerwell,70.11,61,87,26,100.0,21,21,0,1,100.0,40,40,0,1,0.0,0,26,26,1,,0,0,0,0,,0,0,0,0,2026-09-12T20:10:25.613305+00:00
2026-09-13,39282,11604988,EDCKUL21MBCAD210,equipment,MBC,Electrical,,,ELECTRICAL ROOM AD,1,Block AD,Powerwell,70.11,61,87,26,100.0,21,21,0,1,100.0,40,40,0,1,0.0,0,26,26,1,,0,0,0,0,,0,0,0,0,2026-09-12T20:10:25.613305+00:00
2026-09-13,39282,11604989,EDCKUL21MBCAE210,equipment,MBC,Electrical,,,ELECTRICAL ROOM AE,1,Block AE,Powerwell,70.11,61,87,26,100.0,21,21,0,1,100.0,40,40,0,1,0.0,0,26,26,1,,0,0,0,0,,0,0,0,0,2026-09-12T20:10:25.613305+00:00
2026-09-13,39282,11604990,EDCKUL21MBCAF210,equipment,MBC,Electrical,,,ELECTRICAL ROOM AF,1,Block AF,Powerwell,65.52,57,87,30,100.0,21,21,0,1,90.0,36,40,4,1,0.0,0,26,26,1,,0,0,0,0,,0,0,0,0,2026-09-12T20:10:25.613305+00:00
2026-09-13,39282,11604991,EDCKUL21MBCAZ210,equipment,MBC,Electrical,,,ELECTRICAL ROOM AZ,1,Block AZ,Powerwell,39.08,34,87,53,100.0,21,21,0,1,32.5,13,40,27,1,0.0,0,26,26,1,,0,0,0,0,,0,0,0,0,2026-09-12T20:10:25.613305+00:00
2026-09-13,39282,11604992,EDCKUL21STSAA310,equipment,STS,Electrical,EDCKUL21,2F,STS ROOM AA,1,Block AA,Vertiv,24.69,20,81,61,100.0,20,20,0,1,0.0,0,35,35,1,0.0,0,26,26,1,,0,0,0,0,,0,0,0,0,2026-09-12T20:10:25.613305+00:00
2026-09-13,39282,11604993,EDCKUL21STSAA410,equipment,STS,Electrical,EDCKUL21,2F,STS ROOM AA,1,Block AA,Vertiv,24.69,20,81,61,100.0,20,20,0,1,0.0,0,35,35,1,0.0,0,26,26,1,,0,0,0,0,,0,0,0,0,2026-09-12T20:10:25.613305+00:00
2026-09-13,39282,11604994,EDCKUL21STSAB310,equipment,STS,Electrical,EDCKUL21,2F,STS ROOM AB,1,Block AB,Vertiv,24.69,20,81,61,100.0,20,20,0,1,0.0,0,35,35,1,0.0,0,26,26,1,,0,0,0,0,,0,0,0,0,2026-09-12T20:10:25.613305+00:00
2026-09-13,39282,11604995,EDCKUL21STSAB410,equipment,STS,Electrical,EDCKUL21,2F,STS ROOM AB,1,Block AB,Vertiv,24.69,20,81,61,100.0,20,20,0,1,0.0,0,35,35,1,0.0,0,26,26,1,,0,0,0,0,,0,0,0,0,2026-09-12T20:10:25.613305+00:00
2026-09-13,39282,11604996,EDCKUL21STSAC310,equipment,STS,Electrical,EDCKUL21,2F,STS ROOM AC,1,Block AC,Vertiv,24.69,20,81,61,100.0,20,20,0,1,0.0,0,35,35,1,0.0,0,26,26,1,,0,0,0,0,,0,0,0,0,2026-09-12T20:10:25.613305+00:00
2026-09-13,39282,11604997,EDCKUL21STSAC410,equipment,STS,Electrical,EDCKUL21,2F,STS ROOM AC,1,Block AC,Vertiv,24.69,20,81,61,100.0,20,20,0,1,0.0,0,35,35,1,0.0,0,26,26,1,,0,0,0,0,,0,0,0,0,2026-09-12T20:10:25.613305+00:00
2026-09-13,39282,11604998,EDCKUL21STSAD310,equipment,STS,Electrical,EDCKUL21,3F,STS ROOM AD,1,Block AD,Vertiv,24.69,20,81,61,100.0,20,20,0,1,0.0,0,35,35,1,0.0,0,26,26,1,,0,0,0,0,,0,0,0,0,2026-09-12T20:10:25.613305+00:00
2026-09-13,39282,11604999,EDCKUL21STSAD410,equipment,STS,Electrical,EDCKUL21,3F,STS ROOM AD,1,Block AD,Vertiv,24.69,20,81,61,100.0,20,20,0,1,0.0,0,35,35,1,0.0,0,26,26,1,,0,0,0,0,,0,0,0,0,2026-09-12T20:10:25.613305+00:00
2026-09-13,39282,11605000,EDCKUL21STSAE310,equipment,STS,Electrical,EDCKUL21,3F,STS ROOM AE,1,Block AE,Vertiv,24.69,20,81,61,100.0,20,20,0,1,0.0,0,35,35,1,0.0,0,26,26,1,,0,0,0,0,,0,0,0,0,2026-09-12T20:10:25.613305+00:00
2026-09-13,39282,11605001,EDCKUL21STSAE410,equipment,STS,Electrical,EDCKUL21,3F,STS ROOM AE,1,Block AE,Vertiv,24.69,20,81,61,100.0,20,20,0,1,0.0,0,35,35,1,0.0,0,26,26,1,,0,0,0,0,,0,0,0,0,2026-09-12T20:10:25.613305+00:00
2026-09-13,39282,11605002,EDCKUL21STSAF310,equipment,STS,Electrical,EDCKUL21,3F,STS ROOM AF,1,Block AF,Vertiv,24.69,20,81,61,100.0,20,20,0,1,0.0,0,35,35,1,0.0,0,26,26,1,,0,0,0,0,,0,0,0,0,2026-09-12T20:10:25.613305+00:00
2026-09-13,39282,11605003,EDCKUL21STSAF410,equipment,STS,Electrical,EDCKUL21,3F,STS ROOM AF,1,Block AF,Vertiv,24.69,20,81,61,100.0,20,20,0,1,0.0,0,35,35,1,0.0,0,26,26,1,,0,0,0,0,,0,0,0,0,2026-09-12T20:10:25.613305+00:00
2026-09-13,39282,11605004,EDCKUL21RPPAA127,equipment,RPP,Electrical,,,DATA HALL 7,1,Block AA,Powerwell,24.69,20,81,61,100.0,20,20,0,1,0.0,0,35,35,1,0.0,0,26,26,1,,0,0,0,0,,0,0,0,0,2026-09-12T20:10:25.613305+00:00
2026-09-13,39282,11605005,EDCKUL21RPPAC127,equipment,RPP,Electrical,,,DATA HALL 7,1,Block AC,Powerwell,24.69,20,81,61,100.0,20,20,0,1,0.0,0,35,35,1,0.0,0,26,26,1,,0,0,0,0,,0,0,0,0,2026-09-12T20:10:25.613305+00:00
2026-09-13,39282,11605006,EDCKUL21RPPAA137,equipment,RPP,Electrical,,,DATA HALL 7,1,Block AA,Powerwell,24.69,20,81,61,100.0,20,20,0,1,0.0,0,35,35,1,0.0,0,26,26,1,,0,0,0,0,,0,0,0,0,2026-09-12T20:10:25.613305+00:00
2026-09-13,39282,11605007,EDCKUL21RPPAC137,equipment,RPP,Electrical,,,DATA HALL 7,1,Block AC,Powerwell,24.69,20,81,61,100.0,20,20,0,1,0.0,0,35,35,1,0.0,0,26,26,1,,0,0,0,0,,0,0,0,0,2026-09-12T20:10:25.613305+00:00
2026-09-13,39282,11605008,EDCKUL21RPPAD12A,equipment,RPP,Electrical,,,DATA HALL A,1,Block AD,Powerwell,24.69,20,81,61,100.0,20,20,0,1,0.0,0,35,35,1,0.0,0,26,26,1,,0,0,0,0,,0,0,0,0,2026-09-12T20:10:25.613305+00:00
2026-09-13,39282,11605009,EDCKUL21RPPAF12A,equipment,RPP,Electrical,,,DATA HALL A,1,Block AF,Powerwell,24.69,20,81,61,100.0,20,20,0,1,0.0,0,35,35,1,0.0,0,26,26,1,,0,0,0,0,,0,0,0,0,2026-09-12T20:10:25.613305+00:00
2026-09-13,39282,11605010,EDCKUL21RPPAD13A,equipment,RPP,Electrical,,,DATA HALL A,1,Block AD,Powerwell,24.69,20,81,61,100.0,20,20,0,1,0.0,0,35,35,1,0.0,0,26,26,1,,0,0,0,0,,0,0,0,0,2026-09-12T20:10:25.613305+00:00
2026-09-13,39282,11605011,EDCKUL21RPPAF13A,equipment,RPP,Electrical,,,DATA HALL A,1,Block AF,Powerwell,24.69,20,81,61,100.0,20,20,0,1,0.0,0,35,35,1,0.0,0,26,26,1,,0,0,0,0,,0,0,0,0,2026-09-12T20:10:25.613305+00:00
2026-09-13,39282,11605012,EDCKUL21UPBAA310,equipment,UPB,Electrical,,,BATTERY ROOM AA,1,Block AA,Eaton,24.69,20,81,61,100.0,20,20,0,1,0.0,0,35,35,1,0.0,0,26,26,1,,0,0,0,0,,0,0,0,0,2026-09-12T20:10:25.613305+00:00
2026-09-13,39282,11605013,EDCKUL21UPBAB310,equipment,UPB,Electrical,,,BATTERY ROOM AB,1,Block AB,Eaton,24.69,20,81,61,100.0,20,20,0,1,0.0,0,35,35,1,0.0,0,26,26,1,,0,0,0,0,,0,0,0,0,2026-09-12T20:10:25.613305+00:00
2026-09-13,39282,11605014,EDCKUL21UPBAC310,equipment,UPB,Electrical,,,BATTERY ROOM AC,1,Block AC,Eaton,24.69,20,81,61,100.0,20,20,0,1,0.0,0,35,35,1,0.0,0,26,26,1,,0,0,0,0,,0,0,0,0,2026-09-12T20:10:25.613305+00:00
2026-09-13,39282,11605015,EDCKUL21UPBAD310,equipment,UPB,Electrical,,,BATTERY ROOM AD,1,Block AD,Eaton,24.69,20,81,61,100.0,20,20,0,1,0.0,0,35,35,1,0.0,0,26,26,1,,0,0,0,0,,0,0,0,0,2026-09-12T20:10:25.613305+00:00
2026-09-13,39282,11605016,EDCKUL21UPBAE310,equipment,UPB,Electrical,,,BATTERY ROOM AE,1,Block AE,Eaton,24.69,20,81,61,100.0,20,20,0,1,0.0,0,35,35,1,0.0,0,26,26,1,,0,0,0,0,,0,0,0,0,2026-09-12T20:10:25.613305+00:00
2026-09-13,39282,11605017,EDCKUL21UPBAF310,equipment,UPB,Electrical,,,BATTERY ROOM AF,1,Block AF,Eaton,24.69,20,81,61,100.0,20,20,0,1,0.0,0,35,35,1,0.0,0,26,26,1,,0,0,0,0,,0,0,0,0,2026-09-12T20:10:25.613305+00:00
2026-09-13,39282,11605018,EDCKUL21UPBAH210,equipment,UPB,Electrical,,,ELECTRICAL ROOM AH,1,Block AH,Promatrix DCS,24.69,20,81,61,100.0,20,20,0,1,0.0,0,35,35,1,0.0,0,26,26,1,,0,0,0,0,,0,0,0,0,2026-09-12T20:10:25.613305+00:00
2026-09-13,39282,11605019,EDCKUL21UPBAH310,equipment,UPB,Electrical,,,ELECTRICAL ROOM AH,1,Block AH,Eaton,24.69,20,81,61,100.0,20,20,0,1,0.0,0,35,35,1,0.0,0,26,26,1,,0,0,0,0,,0,0,0,0,2026-09-12T20:10:25.613305+00:00
2026-09-13,39282,11605020,EDCKUL21UPBAZ310,equipment,UPB,Electrical,,,BATTERY ROOM AZ,1,Block AZ,Eaton,24.69,20,81,61,100.0,20,20,0,1,0.0,0,35,35,1,0.0,0,26,26,1,,0,0,0,0,,0,0,0,0,2026-09-12T20:10:25.613305+00:00
2026-09-13,39282,11605021,EDCKUL21UPSAA310,equipment,UPS,Electrical,,,ELECTRICAL ROOM AA,1,Block AA,Eaton,24.69,20,81,61,100.0,20,20,0,1,0.0,0,35,35,1,0.0,0,26,26,1,,0,0,0,0,,0,0,0,0,2026-09-12T20:10:25.613305+00:00
2026-09-13,39282,11605022,EDCKUL21UPSAB310,equipment,UPS,Electrical,,,ELECTRICAL ROOM AB,1,Block AB,Eaton,24.69,20,81,61,100.0,20,20,0,1,0.0,0,35,35,1,0.0,0,26,26,1,,0,0,0,0,,0,0,0,0,2026-09-12T20:10:25.613305+00:00
2026-09-13,39282,11605023,EDCKUL21UPSAC310,equipment,UPS,Electrical,,,ELECTRICAL ROOM AC,1,Block AC,Eaton,24.69,20,81,61,100.0,20,20,0,1,0.0,0,35,35,1,0.0,0,26,26,1,,0,0,0,0,,0,0,0,0,2026-09-12T20:10:25.613305+00:00
2026-09-13,39282,11605024,EDCKUL21UPSAD310,equipment,UPS,Electrical,,,ELECTRICAL ROOM AD,1,Block AD,Eaton,24.69,20,81,61,100.0,20,20,0,1,0.0,0,35,35,1,0.0,0,26,26,1,,0,0,0,0,,0,0,0,0,2026-09-12T20:10:25.613305+00:00
2026-09-13,39282,11605025,EDCKUL21UPSAE310,equipment,UPS,Electrical,,,ELECTRICAL ROOM AE,1,Block AE,Eaton,24.69,20,81,61,100.0,20,20,0,1,0.0,0,35,35,1,0.0,0,26,26,1,,0,0,0,0,,0,0,0,0,2026-09-12T20:10:25.613305+00:00
2026-09-13,39282,11605026,EDCKUL21UPSAF310,equipment,UPS,Electrical,,,ELECTRICAL ROOM AF,1,Block AF,Eaton,24.69,20,81,61,100.0,20,20,0,1,0.0,0,35,35,1,0.0,0,26,26,1,,0,0,0,0,,0,0,0,0,2026-09-12T20:10:25.613305+00:00
2026-09-13,39282,11605027,EDCKUL21UPSAZ310,equipment,UPS,Electrical,,,ELECTRICAL ROOM AZ,1,Block AZ,Eaton,24.69,20,81,61,100.0,20,20,0,1,0.0,0,35,35,1,0.0,0,26,26,1,,0,0,0,0,,0,0,0,0,2026-09-12T20:10:25.613305+00:00
2026-09-13,39282,11605028,EDCKUL21UPSAH210,equipment,UPS,Electrical,,,ELECTRICAL ROOM AH,1,Block AH,Promatrix DCS,24.69,20,81,61,100.0,20,20,0,1,0.0,0,35,35,1,0.0,0,26,26,1,,0,0,0,0,,0,0,0,0,2026-09-12T20:10:25.613305+00:00
2026-09-13,39282,11605029,EDCKUL21UPSAH310,equipment,UPS,Electrical,,,ELECTRICAL ROOM AH,1,Block AH,Eaton,24.69,20,81,61,100.0,20,20,0,1,0.0,0,35,35,1,0.0,0,26,26,1,,0,0,0,0,,0,0,0,0,2026-09-12T20:10:25.613305+00:00
2026-09-13,39282,11605198,EDCKUL21CRAA2800,equipment,CRA,Mechanical,,,ELECTRICAL ROOM AH,1,Block AH,Stulz,24.69,20,81,61,100.0,20,20,0,1,0.0,0,35,35,1,0.0,0,26,26,1,,0,0,0,0,,0,0,0,0,2026-09-12T20:10:25.613305+00:00
2026-09-13,39282,11605215,EDCKUL21ACS01950,equipment,ACS,Mechanical,,,ECX STORAGE,1,Block AH,Promatrix DCS,0.0,0,81,81,0.0,0,20,20,1,0.0,0,35,35,1,0.0,0,26,26,1,,0,0,0,0,,0,0,0,0,2026-09-12T20:10:25.613305+00:00
2026-09-13,39282,11605216,EDCKUL21ACS02310,equipment,ACS,Mechanical,,,OCI MMR 01,1,Block AH,Promatrix DCS,35.8,29,81,52,100.0,20,20,0,1,25.71,9,35,26,1,0.0,0,26,26,1,,0,0,0,0,,0,0,0,0,2026-09-12T20:10:25.613305+00:00
2026-09-13,39282,11605217,EDCKUL21ACS02320,equipment,ACS,Mechanical,,,OCI MMR 01,1,Block AH,Promatrix DCS,35.8,29,81,52,100.0,20,20,0,1,25.71,9,35,26,1,0.0,0,26,26,1,,0,0,0,0,,0,0,0,0,2026-09-12T20:10:25.613305+00:00
2026-09-13,39282,11605218,EDCKUL21ACS02330,equipment,ACS,Mechanical,,,OCI MMR 01,1,Block AH,Promatrix DCS,60.49,49,81,32,100.0,20,20,0,1,82.86,29,35,6,1,0.0,0,26,26,1,,0,0,0,0,,0,0,0,0,2026-09-12T20:10:25.613305+00:00
2026-09-13,39282,11605219,EDCKUL21ACS02340,equipment,ACS,Mechanical,,,OCI MMR 01,1,Block AH,Promatrix DCS,35.8,29,81,52,100.0,20,20,0,1,25.71,9,35,26,1,0.0,0,26,26,1,,0,0,0,0,,0,0,0,0,2026-09-12T20:10:25.613305+00:00
2026-09-13,39282,11605220,EDCKUL21ACS02410,equipment,ACS,Mechanical,,,OCI MMR 02,1,Block AH,Promatrix DCS,35.8,29,81,52,100.0,20,20,0,1,25.71,9,35,26,1,0.0,0,26,26,1,,0,0,0,0,,0,0,0,0,2026-09-12T20:10:25.613305+00:00
2026-09-13,39282,11605221,EDCKUL21ACS02420,equipment,ACS,Mechanical,,,OCI MMR 02,1,Block AH,Promatrix DCS,35.8,29,81,52,100.0,20,20,0,1,25.71,9,35,26,1,0.0,0,26,26,1,,0,0,0,0,,0,0,0,0,2026-09-12T20:10:25.613305+00:00
2026-09-13,39282,11605222,EDCKUL21ACS02430,equipment,ACS,Mechanical,,,OCI MMR 02,1,Block AH,Promatrix DCS,35.8,29,81,52,100.0,20,20,0,1,25.71,9,35,26,1,0.0,0,26,26,1,,0,0,0,0,,0,0,0,0,2026-09-12T20:10:25.613305+00:00
2026-09-13,39282,11605223,EDCKUL21ACS02440,equipment,ACS,Mechanical,,,OCI MMR 02,1,Block AH,Promatrix DCS,35.8,29,81,52,100.0,20,20,0,1,25.71,9,35,26,1,0.0,0,26,26,1,,0,0,0,0,,0,0,0,0,2026-09-12T20:10:25.613305+00:00
2026-09-13,39282,11605224,EDCKUL21ACS02510,equipment,ACS,Mechanical,,,OCI MMR 02,1,Block AH,Promatrix DCS,35.8,29,81,52,100.0,20,20,0,1,25.71,9,35,26,1,0.0,0,26,26,1,,0,0,0,0,,0,0,0,0,2026-09-12T20:10:25.613305+00:00
2026-09-13,39282,11605225,EDCKUL21ACS02520,equipment,ACS,Mechanical,,,OCI MMR 02,1,Block AH,Promatrix DCS,35.8,29,81,52,100.0,20,20,0,1,25.71,9,35,26,1,0.0,0,26,26,1,,0,0,0,0,,0,0,0,0,2026-09-12T20:10:25.613305+00:00
2026-09-13,39282,11605226,EDCKUL21ACS02530,equipment,ACS,Mechanical,,,OCI MMR 02,1,Block AH,Promatrix DCS,35.8,29,81,52,100.0,20,20,0,1,25.71,9,35,26,1,0.0,0,26,26,1,,0,0,0,0,,0,0,0,0,2026-09-12T20:10:25.613305+00:00
2026-09-13,39282,11605227,EDCKUL21ACS02540,equipment,ACS,Mechanical,,,OCI MMR 02,1,Block AH,Promatrix DCS,35.8,29,81,52,100.0,20,20,0,1,25.71,9,35,26,1,0.0,0,26,26,1,,0,0,0,0,,0,0,0,0,2026-09-12T20:10:25.613305+00:00
2026-09-13,39282,11605228,EDCKUL21ACS02610,equipment,ACS,Mechanical,,,ECX CORRIDOR,1,Block AH,Promatrix DCS,0.0,0,81,81,0.0,0,20,20,1,0.0,0,35,35,1,0.0,0,26,26,1,,0,0,0,0,,0,0,0,0,2026-09-12T20:10:25.613305+00:00
2026-09-13,39282,11605229,EDCKUL21ACS02620,equipment,ACS,Mechanical,,,EU STORAGE,1,Block AH,Promatrix DCS,0.0,0,81,81,0.0,0,20,20,1,0.0,0,35,35,1,0.0,0,26,26,1,,0,0,0,0,,0,0,0,0,2026-09-12T20:10:25.613305+00:00
2026-09-13,39282,11605230,EDCKUL21ACS02630,equipment,ACS,Mechanical,,,EU OPEN OFFICE,1,Block AH,Promatrix DCS,0.0,0,81,81,0.0,0,20,20,1,0.0,0,35,35,1,0.0,0,26,26,1,,0,0,0,0,,0,0,0,0,2026-09-12T20:10:25.613305+00:00
2026-09-13,39282,11605231,EDCKUL21ACS02640,equipment,ACS,Mechanical,EDCKUL21,RF-T1,SERVICE LOBBY (LOWER ROOF),1,Block AH,Promatrix DCS,0.0,0,81,81,0.0,0,20,20,1,0.0,0,35,35,1,0.0,0,26,26,1,,0,0,0,0,,0,0,0,0,2026-09-12T20:10:25.613305+00:00
2026-09-13,39282,11605274,EDCKUL21VRF02300,equipment,VRF,Mechanical,EDCKUL21,RF-T1,ROOF,1,Block AH,Promatrix DCS,67.9,55,81,26,100.0,20,20,0,1,100.0,35,35,0,1,0.0,0,26,26,1,,0,0,0,0,,0,0,0,0,2026-09-12T20:10:25.613305+00:00
2026-09-13,39282,11605275,EDCKUL21VRF02400,equipment,VRF,Mechanical,EDCKUL21,RF-T1,ROOF,1,Block AH,Promatrix DCS,67.9,55,81,26,100.0,20,20,0,1,100.0,35,35,0,1,0.0,0,26,26,1,,0,0,0,0,,0,0,0,0,2026-09-12T20:10:25.613305+00:00
2026-09-13,39282,11605276,EDCKUL21VRF02500,equipment,VRF,Mechanical,EDCKUL21,RF-T1,ROOF,1,Block AH,Promatrix DCS,67.9,55,81,26,100.0,20,20,0,1,100.0,35,35,0,1,0.0,0,26,26,1,,0,0,0,0,,0,0,0,0,2026-09-12T20:10:25.613305+00:00
2026-09-13,39282,11605277,EDCKUL21VRF02200,equipment,VRF,Mechanical,EDCKUL21,RF-T1,ROOF,1,Block AH,Promatrix DCS,67.9,55,81,26,100.0,20,20,0,1,100.0,35,35,0,1,0.0,0,26,26,1,,0,0,0,0,,0,0,0,0,2026-09-12T20:10:25.613305+00:00
2026-09-13,39282,11605280,EDCKUL21TESA0307,equipment,TES,Mechanical,EDCKUL21,2F,MECH 71,1,TES Tank,Promatrix DCS,0.0,0,81,81,0.0,0,20,20,1,0.0,0,35,35,1,0.0,0,26,26,1,,0,0,0,0,,0,0,0,0,2026-09-12T20:10:25.613305+00:00
2026-09-13,39282,11605281,EDCKUL21TESA0407,equipment,TES,Mechanical,EDCKUL21,2F,MECH 72,1,TES Tank,Promatrix DCS,0.0,0,81,81,0.0,0,20,20,1,0.0,0,35,35,1,0.0,0,26,26,1,,0,0,0,0,,0,0,0,0,2026-09-12T20:10:25.613305+00:00
2026-09-13,39282,11605282,EDCKUL21TESA0507,equipment,TES,Mechanical,EDCKUL21,2F,MECH 72,1,TES Tank,Promatrix DCS,0.0,0,81,81,0.0,0,20,20,1,0.0,0,35,35,1,0.0,0,26,26,1,,0,0,0,0,,0,0,0,0,2026-09-12T20:10:25.613305+00:00
2026-09-13,39282,11605283,EDCKUL21TESA0607,equipment,TES,Mechanical,EDCKUL21,2F,MECH 72,1,TES Tank,Promatrix DCS,0.0,0,81,81,0.0,0,20,20,1,0.0,0,35,35,1,0.0,0,26,26,1,,0,0,0,0,,0,0,0,0,2026-09-12T20:10:25.613305+00:00
2026-09-13,39282,11605286,EDCKUL21TESA030A,equipment,TES,Mechanical,EDCKUL21,3F,MECH A1,1,TES Tank,Promatrix DCS,0.0,0,81,81,0.0,0,20,20,1,0.0,0,35,35,1,0.0,0,26,26,1,,0,0,0,0,,0,0,0,0,2026-09-12T20:10:25.613305+00:00
2026-09-13,39282,11605287,EDCKUL21TESA040A,equipment,TES,Mechanical,EDCKUL21,3F,MECH A2,1,TES Tank,Promatrix DCS,0.0,0,81,81,0.0,0,20,20,1,0.0,0,35,35,1,0.0,0,26,26,1,,0,0,0,0,,0,0,0,0,2026-09-12T20:10:25.613305+00:00
2026-09-13,39282,11605288,EDCKUL21TESA050A,equipment,TES,Mechanical,EDCKUL21,3F,MECH A2,1,TES Tank,Promatrix DCS,0.0,0,81,81,0.0,0,20,20,1,0.0,0,35,35,1,0.0,0,26,26,1,,0,0,0,0,,0,0,0,0,2026-09-12T20:10:25.613305+00:00
2026-09-13,39282,11605289,EDCKUL21TESA060A,equipment,TES,Mechanical,EDCKUL21,3F,MECH A2,1,TES Tank,Promatrix DCS,0.0,0,81,81,0.0,0,20,20,1,0.0,0,35,35,1,0.0,0,26,26,1,,0,0,0,0,,0,0,0,0,2026-09-12T20:10:25.613305+00:00
2026-09-13,39282,11605589,EDCKUL21MBCAH210,equipment,MBC,Electrical,,,ELECTRICAL ROOM AH,1,Block AH,Powerwell,70.11,61,87,26,100.0,21,21,0,1,100.0,40,40,0,1,0.0,0,26,26,1,,0,0,0,0,,0,0,0,0,2026-09-12T20:10:25.613305+00:00
2026-09-13,39282,11605590,EDCKUL21UDPAA110,equipment,UDP,Electrical,EDCKUL21,2F,STS ROOM AA,1,Block AA,Powerwell,33.33,27,81,54,100.0,20,20,0,1,20.0,7,35,28,1,0.0,0,26,26,1,,0,0,0,0,,0,0,0,0,2026-09-12T20:10:25.613305+00:00
2026-09-13,39282,11605591,EDCKUL21UDPAA220,equipment,UDP,Electrical,EDCKUL21,2F,STS ROOM AA,1,Block AA,Powerwell,33.33,27,81,54,100.0,20,20,0,1,20.0,7,35,28,1,0.0,0,26,26,1,,0,0,0,0,,0,0,0,0,2026-09-12T20:10:25.613305+00:00
2026-09-13,39282,11605592,EDCKUL21UDPAA330,equipment,UDP,Electrical,EDCKUL21,2F,STS ROOM AA,1,Block AA,Powerwell,33.33,27,81,54,100.0,20,20,0,1,20.0,7,35,28,1,0.0,0,26,26,1,,0,0,0,0,,0,0,0,0,2026-09-12T20:10:25.613305+00:00
2026-09-13,39282,11605593,EDCKUL21UDPAA440,equipment,UDP,Electrical,EDCKUL21,2F,STS ROOM AA,1,Block AA,Powerwell,33.33,27,81,54,100.0,20,20,0,1,20.0,7,35,28,1,0.0,0,26,26,1,,0,0,0,0,,0,0,0,0,2026-09-12T20:10:25.613305+00:00
2026-09-13,39282,11605594,EDCKUL21UDPAB110,equipment,UDP,Electrical,EDCKUL21,2F,STS ROOM AB,1,Block AB,Powerwell,33.33,27,81,54,100.0,20,20,0,1,20.0,7,35,28,1,0.0,0,26,26,1,,0,0,0,0,,0,0,0,0,2026-09-12T20:10:25.613305+00:00
2026-09-13,39282,11605595,EDCKUL21UDPAB220,equipment,UDP,Electrical,EDCKUL21,2F,STS ROOM AB,1,Block AB,Powerwell,33.33,27,81,54,100.0,20,20,0,1,20.0,7,35,28,1,0.0,0,26,26,1,,0,0,0,0,,0,0,0,0,2026-09-12T20:10:25.613305+00:00
2026-09-13,39282,11605596,EDCKUL21UDPAB330,equipment,UDP,Electrical,EDCKUL21,2F,STS ROOM AB,1,Block AB,Powerwell,33.33,27,81,54,100.0,20,20,0,1,20.0,7,35,28,1,0.0,0,26,26,1,,0,0,0,0,,0,0,0,0,2026-09-12T20:10:25.613305+00:00
2026-09-13,39282,11605597,EDCKUL21UDPAB440,equipment,UDP,Electrical,EDCKUL21,2F,STS ROOM AB,1,Block AB,Powerwell,33.33,27,81,54,100.0,20,20,0,1,20.0,7,35,28,1,0.0,0,26,26,1,,0,0,0,0,,0,0,0,0,2026-09-12T20:10:25.613305+00:00
2026-09-13,39282,11605598,EDCKUL21UDPAC110,equipment,UDP,Electrical,EDCKUL21,2F,STS ROOM AC,1,Block AC,Powerwell,33.33,27,81,54,100.0,20,20,0,1,20.0,7,35,28,1,0.0,0,26,26,1,,0,0,0,0,,0,0,0,0,2026-09-12T20:10:25.613305+00:00
2026-09-13,39282,11605599,EDCKUL21UDPAC220,equipment,UDP,Electrical,EDCKUL21,2F,STS ROOM AC,1,Block AC,Powerwell,33.33,27,81,54,100.0,20,20,0,1,20.0,7,35,28,1,0.0,0,26,26,1,,0,0,0,0,,0,0,0,0,2026-09-12T20:10:25.613305+00:00
2026-09-13,39282,11605600,EDCKUL21UDPAC330,equipment,UDP,Electrical,EDCKUL21,2F,STS ROOM AC,1,Block AC,Powerwell,33.33,27,81,54,100.0,20,20,0,1,20.0,7,35,28,1,0.0,0,26,26,1,,0,0,0,0,,0,0,0,0,2026-09-12T20:10:25.613305+00:00
2026-09-13,39282,11605601,EDCKUL21UDPAC440,equipment,UDP,Electrical,EDCKUL21,2F,STS ROOM AC,1,Block AC,Powerwell,33.33,27,81,54,100.0,20,20,0,1,20.0,7,35,28,1,0.0,0,26,26,1,,0,0,0,0,,0,0,0,0,2026-09-12T20:10:25.613305+00:00
2026-09-13,39282,11605602,EDCKUL21UDPAD110,equipment,UDP,Electrical,EDCKUL21,3F,STS ROOM AD,1,Block AD,Powerwell,33.33,27,81,54,100.0,20,20,0,1,20.0,7,35,28,1,0.0,0,26,26,1,,0,0,0,0,,0,0,0,0,2026-09-12T20:10:25.613305+00:00
2026-09-13,39282,11605603,EDCKUL21UDPAD220,equipment,UDP,Electrical,EDCKUL21,3F,STS ROOM AD,1,Block AD,Powerwell,33.33,27,81,54,100.0,20,20,0,1,20.0,7,35,28,1,0.0,0,26,26,1,,0,0,0,0,,0,0,0,0,2026-09-12T20:10:25.613305+00:00
2026-09-13,39282,11605604,EDCKUL21UDPAD330,equipment,UDP,Electrical,EDCKUL21,3F,STS ROOM AD,1,Block AD,Powerwell,33.33,27,81,54,100.0,20,20,0,1,20.0,7,35,28,1,0.0,0,26,26,1,,0,0,0,0,,0,0,0,0,2026-09-12T20:10:25.613305+00:00
2026-09-13,39282,11605605,EDCKUL21UDPAD440,equipment,UDP,Electrical,EDCKUL21,3F,STS ROOM AD,1,Block AD,Powerwell,33.33,27,81,54,100.0,20,20,0,1,20.0,7,35,28,1,0.0,0,26,26,1,,0,0,0,0,,0,0,0,0,2026-09-12T20:10:25.613305+00:00
2026-09-13,39282,11605606,EDCKUL21UDPAE110,equipment,UDP,Electrical,EDCKUL21,3F,STS ROOM AE,1,Block AE,Powerwell,33.33,27,81,54,100.0,20,20,0,1,20.0,7,35,28,1,0.0,0,26,26,1,,0,0,0,0,,0,0,0,0,2026-09-12T20:10:25.613305+00:00
2026-09-13,39282,11605607,EDCKUL21UDPAE220,equipment,UDP,Electrical,EDCKUL21,3F,STS ROOM AE,1,Block AE,Powerwell,33.33,27,81,54,100.0,20,20,0,1,20.0,7,35,28,1,0.0,0,26,26,1,,0,0,0,0,,0,0,0,0,2026-09-12T20:10:25.613305+00:00
2026-09-13,39282,11605608,EDCKUL21UDPAE330,equipment,UDP,Electrical,EDCKUL21,3F,STS ROOM AE,1,Block AE,Powerwell,33.33,27,81,54,100.0,20,20,0,1,20.0,7,35,28,1,0.0,0,26,26,1,,0,0,0,0,,0,0,0,0,2026-09-12T20:10:25.613305+00:00
2026-09-13,39282,11605609,EDCKUL21UDPAE440,equipment,UDP,Electrical,EDCKUL21,3F,STS ROOM AE,1,Block AE,Powerwell,33.33,27,81,54,100.0,20,20,0,1,20.0,7,35,28,1,0.0,0,26,26,1,,0,0,0,0,,0,0,0,0,2026-09-12T20:10:25.613305+00:00
2026-09-13,39282,11605610,EDCKUL21UDPAF110,equipment,UDP,Electrical,EDCKUL21,3F,STS ROOM AF,1,Block AF,Powerwell,33.33,27,81,54,100.0,20,20,0,1,20.0,7,35,28,1,0.0,0,26,26,1,,0,0,0,0,,0,0,0,0,2026-09-12T20:10:25.613305+00:00
2026-09-13,39282,11605611,EDCKUL21UDPAF220,equipment,UDP,Electrical,EDCKUL21,3F,STS ROOM AF,1,Block AF,Powerwell,33.33,27,81,54,100.0,20,20,0,1,20.0,7,35,28,1,0.0,0,26,26,1,,0,0,0,0,,0,0,0,0,2026-09-12T20:10:25.613305+00:00
2026-09-13,39282,11605612,EDCKUL21UDPAF330,equipment,UDP,Electrical,EDCKUL21,3F,STS ROOM AF,1,Block AF,Powerwell,33.33,27,81,54,100.0,20,20,0,1,20.0,7,35,28,1,0.0,0,26,26,1,,0,0,0,0,,0,0,0,0,2026-09-12T20:10:25.613305+00:00
2026-09-13,39282,11605613,EDCKUL21UDPAF440,equipment,UDP,Electrical,EDCKUL21,3F,STS ROOM AF,1,Block AF,Powerwell,33.33,27,81,54,100.0,20,20,0,1,20.0,7,35,28,1,0.0,0,26,26,1,,0,0,0,0,,0,0,0,0,2026-09-12T20:10:25.613305+00:00
2026-09-13,39282,11755607,EDCKUL21VES00107,equipment,VES,Fire,EDCKUL21,2F,MECH 71,1,Block AH,Promatrix DCS,24.69,20,81,61,100.0,20,20,0,1,0.0,0,35,35,1,0.0,0,26,26,1,,0,0,0,0,,0,0,0,0,2026-09-12T20:10:25.613305+00:00
2026-09-13,39282,11755608,EDCKUL21VES00207,equipment,VES,Fire,EDCKUL21,2F,MECH 71,1,Block AH,Promatrix DCS,24.69,20,81,61,100.0,20,20,0,1,0.0,0,35,35,1,0.0,0,26,26,1,,0,0,0,0,,0,0,0,0,2026-09-12T20:10:25.613305+00:00
2026-09-13,39282,11755609,EDCKUL21VES00307,equipment,VES,Fire,EDCKUL21,2F,MECH 71,1,Block AH,Promatrix DCS,24.69,20,81,61,100.0,20,20,0,1,0.0,0,35,35,1,0.0,0,26,26,1,,0,0,0,0,,0,0,0,0,2026-09-12T20:10:25.613305+00:00
2026-09-13,39282,11755610,EDCKUL21VES00407,equipment,VES,Fire,EDCKUL21,2F,MECH 71,1,Block AH,Promatrix DCS,24.69,20,81,61,100.0,20,20,0,1,0.0,0,35,35,1,0.0,0,26,26,1,,0,0,0,0,,0,0,0,0,2026-09-12T20:10:25.613305+00:00
2026-09-13,39282,11755611,EDCKUL21VES00507,equipment,VES,Fire,EDCKUL21,2F,MECH 71,1,Block AH,Promatrix DCS,24.69,20,81,61,100.0,20,20,0,1,0.0,0,35,35,1,0.0,0,26,26,1,,0,0,0,0,,0,0,0,0,2026-09-12T20:10:25.613305+00:00
2026-09-13,39282,11755612,EDCKUL21VES00607,equipment,VES,Fire,EDCKUL21,2F,MECH 71,1,Block AH,Promatrix DCS,24.69,20,81,61,100.0,20,20,0,1,0.0,0,35,35,1,0.0,0,26,26,1,,0,0,0,0,,0,0,0,0,2026-09-12T20:10:25.613305+00:00
2026-09-13,39282,11755613,EDCKUL21VES00707,equipment,VES,Fire,EDCKUL21,2F,MECH 71,1,Block AH,Promatrix DCS,24.69,20,81,61,100.0,20,20,0,1,0.0,0,35,35,1,0.0,0,26,26,1,,0,0,0,0,,0,0,0,0,2026-09-12T20:10:25.613305+00:00
2026-09-13,39282,11755614,EDCKUL21VES00807,equipment,VES,Fire,EDCKUL21,2F,MECH 72,1,Block AH,Promatrix DCS,24.69,20,81,61,100.0,20,20,0,1,0.0,0,35,35,1,0.0,0,26,26,1,,0,0,0,0,,0,0,0,0,2026-09-12T20:10:25.613305+00:00
2026-09-13,39282,11755615,EDCKUL21VES00907,equipment,VES,Fire,EDCKUL21,2F,MECH 72,1,Block AH,Promatrix DCS,24.69,20,81,61,100.0,20,20,0,1,0.0,0,35,35,1,0.0,0,26,26,1,,0,0,0,0,,0,0,0,0,2026-09-12T20:10:25.613305+00:00
2026-09-13,39282,11755616,EDCKUL21VES01007,equipment,VES,Fire,EDCKUL21,2F,MECH 72,1,Block AH,Promatrix DCS,24.69,20,81,61,100.0,20,20,0,1,0.0,0,35,35,1,0.0,0,26,26,1,,0,0,0,0,,0,0,0,0,2026-09-12T20:10:25.613305+00:00
2026-09-13,39282,11755617,EDCKUL21VES01107,equipment,VES,Fire,EDCKUL21,2F,MECH 72,1,Block AH,Promatrix DCS,24.69,20,81,61,100.0,20,20,0,1,0.0,0,35,35,1,0.0,0,26,26,1,,0,0,0,0,,0,0,0,0,2026-09-12T20:10:25.613305+00:00
2026-09-13,39282,11755618,EDCKUL21VES01207,equipment,VES,Fire,EDCKUL21,2F,MECH 72,1,Block AH,Promatrix DCS,24.69,20,81,61,100.0,20,20,0,1,0.0,0,35,35,1,0.0,0,26,26,1,,0,0,0,0,,0,0,0,0,2026-09-12T20:10:25.613305+00:00
2026-09-13,39282,11755619,EDCKUL21VES01307,equipment,VES,Fire,EDCKUL21,2F,MECH 72,1,Block AH,Promatrix DCS,24.69,20,81,61,100.0,20,20,0,1,0.0,0,35,35,1,0.0,0,26,26,1,,0,0,0,0,,0,0,0,0,2026-09-12T20:10:25.613305+00:00
2026-09-13,39282,11755620,EDCKUL21VES0010A,equipment,VES,Fire,EDCKUL21,3F,MECH A1,1,Block AH,Promatrix DCS,24.69,20,81,61,100.0,20,20,0,1,0.0,0,35,35,1,0.0,0,26,26,1,,0,0,0,0,,0,0,0,0,2026-09-12T20:10:25.613305+00:00
2026-09-13,39282,11755621,EDCKUL21VES0020A,equipment,VES,Fire,EDCKUL21,3F,MECH A1,1,Block AH,Promatrix DCS,24.69,20,81,61,100.0,20,20,0,1,0.0,0,35,35,1,0.0,0,26,26,1,,0,0,0,0,,0,0,0,0,2026-09-12T20:10:25.613305+00:00
2026-09-13,39282,11755622,EDCKUL21VES0030A,equipment,VES,Fire,EDCKUL21,3F,MECH A1,1,Block AH,Promatrix DCS,24.69,20,81,61,100.0,20,20,0,1,0.0,0,35,35,1,0.0,0,26,26,1,,0,0,0,0,,0,0,0,0,2026-09-12T20:10:25.613305+00:00
2026-09-13,39282,11755623,EDCKUL21VES0040A,equipment,VES,Fire,EDCKUL21,3F,MECH A1,1,Block AH,Promatrix DCS,24.69,20,81,61,100.0,20,20,0,1,0.0,0,35,35,1,0.0,0,26,26,1,,0,0,0,0,,0,0,0,0,2026-09-12T20:10:25.613305+00:00
2026-09-13,39282,11755624,EDCKUL21VES0050A,equipment,VES,Fire,EDCKUL21,3F,MECH A1,1,Block AH,Promatrix DCS,24.69,20,81,61,100.0,20,20,0,1,0.0,0,35,35,1,0.0,0,26,26,1,,0,0,0,0,,0,0,0,0,2026-09-12T20:10:25.613305+00:00
2026-09-13,39282,11755625,EDCKUL21VES0060A,equipment,VES,Fire,EDCKUL21,3F,MECH A1,1,Block AH,Promatrix DCS,24.69,20,81,61,100.0,20,20,0,1,0.0,0,35,35,1,0.0,0,26,26,1,,0,0,0,0,,0,0,0,0,2026-09-12T20:10:25.613305+00:00
2026-09-13,39282,11755626,EDCKUL21VES0070A,equipment,VES,Fire,EDCKUL21,3F,MECH A1,1,Block AH,Promatrix DCS,24.69,20,81,61,100.0,20,20,0,1,0.0,0,35,35,1,0.0,0,26,26,1,,0,0,0,0,,0,0,0,0,2026-09-12T20:10:25.613305+00:00
2026-09-13,39282,11755627,EDCKUL21VES0080A,equipment,VES,Fire,EDCKUL21,3F,MECH A2,1,Block AH,Promatrix DCS,24.69,20,81,61,100.0,20,20,0,1,0.0,0,35,35,1,0.0,0,26,26,1,,0,0,0,0,,0,0,0,0,2026-09-12T20:10:25.613305+00:00
2026-09-13,39282,11755628,EDCKUL21VES0090A,equipment,VES,Fire,EDCKUL21,3F,MECH A2,1,Block AH,Promatrix DCS,24.69,20,81,61,100.0,20,20,0,1,0.0,0,35,35,1,0.0,0,26,26,1,,0,0,0,0,,0,0,0,0,2026-09-12T20:10:25.613305+00:00
2026-09-13,39282,11755629,EDCKUL21VES0100A,equipment,VES,Fire,EDCKUL21,3F,MECH A2,1,Block AH,Promatrix DCS,24.69,20,81,61,100.0,20,20,0,1,0.0,0,35,35,1,0.0,0,26,26,1,,0,0,0,0,,0,0,0,0,2026-09-12T20:10:25.613305+00:00
2026-09-13,39282,11755630,EDCKUL21VES0110A,equipment,VES,Fire,EDCKUL21,3F,MECH A2,1,Block AH,Promatrix DCS,24.69,20,81,61,100.0,20,20,0,1,0.0,0,35,35,1,0.0,0,26,26,1,,0,0,0,0,,0,0,0,0,2026-09-12T20:10:25.613305+00:00
2026-09-13,39282,11755631,EDCKUL21VES0120A,equipment,VES,Fire,EDCKUL21,3F,MECH A2,1,Block AH,Promatrix DCS,24.69,20,81,61,100.0,20,20,0,1,0.0,0,35,35,1,0.0,0,26,26,1,,0,0,0,0,,0,0,0,0,2026-09-12T20:10:25.613305+00:00
2026-09-13,39282,11755632,EDCKUL21VES0130A,equipment,VES,Fire,EDCKUL21,3F,MECH A2,1,Block AH,Promatrix DCS,24.69,20,81,61,100.0,20,20,0,1,0.0,0,35,35,1,0.0,0,26,26,1,,0,0,0,0,,0,0,0,0,2026-09-12T20:10:25.613305+00:00
2026-09-13,39282,11755633,EDCKUL21VES0140A,equipment,VES,Fire,EDCKUL21,3F,MECH A2,1,Block AH,Promatrix DCS,24.69,20,81,61,100.0,20,20,0,1,0.0,0,35,35,1,0.0,0,26,26,1,,0,0,0,0,,0,0,0,0,2026-09-12T20:10:25.613305+00:00
2026-09-13,39282,11755634,EDCKUL21VES01700,equipment,VES,Fire,,,OCI MMR 02,1,Block AH,Promatrix DCS,24.69,20,81,61,100.0,20,20,0,1,0.0,0,35,35,1,0.0,0,26,26,1,,0,0,0,0,,0,0,0,0,2026-09-12T20:10:25.613305+00:00
2026-09-13,39282,11755635,EDCKUL21VES01800,equipment,VES,Fire,,,ELECTRICAL ROOM AA,1,Block AH,Promatrix DCS,24.69,20,81,61,100.0,20,20,0,1,0.0,0,35,35,1,0.0,0,26,26,1,,0,0,0,0,,0,0,0,0,2026-09-12T20:10:25.613305+00:00
2026-09-13,39282,11755636,EDCKUL21VES01900,equipment,VES,Fire,,,ELECTRICAL ROOM AB,1,Block AH,Promatrix DCS,24.69,20,81,61,100.0,20,20,0,1,0.0,0,35,35,1,0.0,0,26,26,1,,0,0,0,0,,0,0,0,0,2026-09-12T20:10:25.613305+00:00
2026-09-13,39282,11755637,EDCKUL21VES02000,equipment,VES,Fire,,,ELECTRICAL ROOM AC,1,Block AH,Promatrix DCS,24.69,20,81,61,100.0,20,20,0,1,0.0,0,35,35,1,0.0,0,26,26,1,,0,0,0,0,,0,0,0,0,2026-09-12T20:10:25.613305+00:00
2026-09-13,39282,11755638,EDCKUL21VES02100,equipment,VES,Fire,,,ELECTRICAL ROOM AH,1,Block AH,Promatrix DCS,24.69,20,81,61,100.0,20,20,0,1,0.0,0,35,35,1,0.0,0,26,26,1,,0,0,0,0,,0,0,0,0,2026-09-12T20:10:25.613305+00:00
2026-09-13,39282,11755639,EDCKUL21VES02200,equipment,VES,Fire,EDCKUL21,2F,STS ROOM AA,1,Block AH,Promatrix DCS,24.69,20,81,61,100.0,20,20,0,1,0.0,0,35,35,1,0.0,0,26,26,1,,0,0,0,0,,0,0,0,0,2026-09-12T20:10:25.613305+00:00
2026-09-13,39282,11755640,EDCKUL21VES02300,equipment,VES,Fire,EDCKUL21,2F,STS ROOM AB,1,Block AH,Promatrix DCS,24.69,20,81,61,100.0,20,20,0,1,0.0,0,35,35,1,0.0,0,26,26,1,,0,0,0,0,,0,0,0,0,2026-09-12T20:10:25.613305+00:00
2026-09-13,39282,11755641,EDCKUL21VES02400,equipment,VES,Fire,EDCKUL21,2F,STS ROOM AC,1,Block AH,Promatrix DCS,24.69,20,81,61,100.0,20,20,0,1,0.0,0,35,35,1,0.0,0,26,26,1,,0,0,0,0,,0,0,0,0,2026-09-12T20:10:25.613305+00:00
2026-09-13,39282,11755642,EDCKUL21VES02500,equipment,VES,Fire,,,OCI MMR 01,1,Block AH,Promatrix DCS,24.69,20,81,61,100.0,20,20,0,1,0.0,0,35,35,1,0.0,0,26,26,1,,0,0,0,0,,0,0,0,0,2026-09-12T20:10:25.613305+00:00
2026-09-13,39282,11755643,EDCKUL21VES02600,equipment,VES,Fire,,,ELECTRICAL ROOM AF,1,Block AH,Promatrix DCS,24.69,20,81,61,100.0,20,20,0,1,0.0,0,35,35,1,0.0,0,26,26,1,,0,0,0,0,,0,0,0,0,2026-09-12T20:10:25.613305+00:00
2026-09-13,39282,11755644,EDCKUL21VES02700,equipment,VES,Fire,,,ELECTRICAL ROOM AE,1,Block AH,Promatrix DCS,24.69,20,81,61,100.0,20,20,0,1,0.0,0,35,35,1,0.0,0,26,26,1,,0,0,0,0,,0,0,0,0,2026-09-12T20:10:25.613305+00:00
2026-09-13,39282,11755645,EDCKUL21VES02800,equipment,VES,Fire,,,ELECTRICAL ROOM AD,1,Block AH,Promatrix DCS,24.69,20,81,61,100.0,20,20,0,1,0.0,0,35,35,1,0.0,0,26,26,1,,0,0,0,0,,0,0,0,0,2026-09-12T20:10:25.613305+00:00
2026-09-13,39282,11755646,EDCKUL21VES02900,equipment,VES,Fire,,,ELECTRICAL ROOM AZ,1,Block AH,Promatrix DCS,24.69,20,81,61,100.0,20,20,0,1,0.0,0,35,35,1,0.0,0,26,26,1,,0,0,0,0,,0,0,0,0,2026-09-12T20:10:25.613305+00:00
2026-09-13,39282,11755647,EDCKUL21VES03000,equipment,VES,Fire,EDCKUL21,3F,STS ROOM AF,1,Block AH,Promatrix DCS,24.69,20,81,61,100.0,20,20,0,1,0.0,0,35,35,1,0.0,0,26,26,1,,0,0,0,0,,0,0,0,0,2026-09-12T20:10:25.613305+00:00
2026-09-13,39282,11755648,EDCKUL21VES03100,equipment,VES,Fire,EDCKUL21,3F,STS ROOM AE,1,Block AH,Promatrix DCS,24.69,20,81,61,100.0,20,20,0,1,0.0,0,35,35,1,0.0,0,26,26,1,,0,0,0,0,,0,0,0,0,2026-09-12T20:10:25.613305+00:00
2026-09-13,39282,11755649,EDCKUL21VES03200,equipment,VES,Fire,EDCKUL21,3F,STS ROOM AD,1,Block AH,Promatrix DCS,24.69,20,81,61,100.0,20,20,0,1,0.0,0,35,35,1,0.0,0,26,26,1,,0,0,0,0,,0,0,0,0,2026-09-12T20:10:25.613305+00:00
2026-09-13,39282,11964145,EDCKUL21DPPAH920,equipment,DPP,Electrical,,,FUEL STATION,1,Block AH,Promatrix DCS,70.11,61,87,26,100.0,21,21,0,1,100.0,40,40,0,1,0.0,0,26,26,1,,0,0,0,0,,0,0,0,0,2026-09-12T20:10:25.613305+00:00
2026-09-13,39282,11997351,EDCKUL21BMP0010A,equipment,BMP,ELV,EDCKUL21,3F,MECH A1,1,Block AH,Datasite,24.69,20,81,61,100.0,20,20,0,1,0.0,0,35,35,1,0.0,0,26,26,1,,0,0,0,0,,0,0,0,0,2026-09-12T20:10:25.613305+00:00
2026-09-13,39282,11997352,EDCKUL21BMP0020A,equipment,BMP,ELV,EDCKUL21,3F,MECH A2,1,Block AH,Datasite,24.69,20,81,61,100.0,20,20,0,1,0.0,0,35,35,1,0.0,0,26,26,1,,0,0,0,0,,0,0,0,0,2026-09-12T20:10:25.613305+00:00
2026-09-13,39282,11997353,EDCKUL21BMP00107,equipment,BMP,ELV,EDCKUL21,2F,MECH 71,1,Block AH,Datasite,24.69,20,81,61,100.0,20,20,0,1,0.0,0,35,35,1,0.0,0,26,26,1,,0,0,0,0,,0,0,0,0,2026-09-12T20:10:25.613305+00:00
2026-09-13,39282,11997354,EDCKUL21BMP00207,equipment,BMP,ELV,EDCKUL21,2F,MECH 72,1,Block AH,Datasite,24.69,20,81,61,100.0,20,20,0,1,0.0,0,35,35,1,0.0,0,26,26,1,,0,0,0,0,,0,0,0,0,2026-09-12T20:10:25.613305+00:00
2026-09-13,39282,12224408,EDCKUL21GDS00300,equipment,GDS,Mechanical,,,ELECTRICAL ROOM AC,1,Block AH,Promatrix DCS,0.0,0,81,81,0.0,0,20,20,1,0.0,0,35,35,1,0.0,0,26,26,1,,0,0,0,0,,0,0,0,0,2026-09-12T20:10:25.613305+00:00
2026-09-13,39282,12224409,EDCKUL21GDS00400,equipment,GDS,Mechanical,,,ELECTRICAL ROOM AD,1,Block AH,Promatrix DCS,0.0,0,81,81,0.0,0,20,20,1,0.0,0,35,35,1,0.0,0,26,26,1,,0,0,0,0,,0,0,0,0,2026-09-12T20:10:25.613305+00:00
2026-09-13,39282,12224410,EDCKUL21DPPAH820,equipment,DPP,Electrical,,,ELECTRICAL ROOM BZ,1,Block AH,Promatrix DCS,0.0,0,81,81,0.0,0,20,20,1,0.0,0,35,35,1,0.0,0,26,26,1,,0,0,0,0,,0,0,0,0,2026-09-12T20:10:25.613305+00:00
2026-09-13,39282,12224411,EDCKUL21DPPAHA20,equipment,DPP,Electrical,,,ELECTRICAL ROOM BH,1,Block AH,Promatrix DCS,0.0,0,81,81,0.0,0,20,20,1,0.0,0,35,35,1,0.0,0,26,26,1,,0,0,0,0,,0,0,0,0,2026-09-12T20:10:25.613305+00:00
2026-09-13,39282,12224412,EDCKUL21DPPAHB20,equipment,DPP,Electrical,,,ELECTRICAL RISER,1,Block AH,Promatrix DCS,0.0,0,81,81,0.0,0,20,20,1,0.0,0,35,35,1,0.0,0,26,26,1,,0,0,0,0,,0,0,0,0,2026-09-12T20:10:25.613305+00:00
2026-09-13,39282,12224413,EDCKUL21EPPAH710,equipment,EPP,Electrical,,,ELECTRICAL ROOM AH,1,Block AH,Promatrix DCS,24.69,20,81,61,100.0,20,20,0,1,0.0,0,35,35,1,0.0,0,26,26,1,,0,0,0,0,,0,0,0,0,2026-09-12T20:10:25.613305+00:00
2026-09-13,39282,12548264,EDCKUL21EXF02200,equipment,EXF,Mechanical,,L2,BATTERY ROOM AA,1,Block AH,Promatrix DCS,23.46,19,81,62,95.0,19,20,1,1,0.0,0,35,35,1,0.0,0,26,26,1,,0,0,0,0,,0,0,0,0,2026-09-12T20:10:25.613305+00:00
2026-09-13,39282,12548265,EDCKUL21EXF02300,equipment,EXF,Mechanical,,L2,BATTERY ROOM AB,1,Block AH,Promatrix DCS,23.46,19,81,62,95.0,19,20,1,1,0.0,0,35,35,1,0.0,0,26,26,1,,0,0,0,0,,0,0,0,0,2026-09-12T20:10:25.613305+00:00
2026-09-13,39282,12548266,EDCKUL21EXF02400,equipment,EXF,Mechanical,,L2,BATTERY ROOM AC,1,Block AH,Promatrix DCS,23.46,19,81,62,95.0,19,20,1,1,0.0,0,35,35,1,0.0,0,26,26,1,,0,0,0,0,,0,0,0,0,2026-09-12T20:10:25.613305+00:00
2026-09-13,39282,12548267,EDCKUL21EXF03000,equipment,EXF,Mechanical,,L2,ELECTRICAL ROOM AH,1,Block AH,Promatrix DCS,23.46,19,81,62,95.0,19,20,1,1,0.0,0,35,35,1,0.0,0,26,26,1,,0,0,0,0,,0,0,0,0,2026-09-12T20:10:25.613305+00:00
2026-09-13,39282,12548268,EDCKUL21EXF02500,equipment,EXF,Mechanical,,L3,BATTERY ROOM AD,1,Block AH,Promatrix DCS,23.46,19,81,62,95.0,19,20,1,1,0.0,0,35,35,1,0.0,0,26,26,1,,0,0,0,0,,0,0,0,0,2026-09-12T20:10:25.613305+00:00
2026-09-13,39282,12548269,EDCKUL21EXF02600,equipment,EXF,Mechanical,,L3,BATTERY ROOM AE,1,Block AH,Promatrix DCS,23.46,19,81,62,95.0,19,20,1,1,0.0,0,35,35,1,0.0,0,26,26,1,,0,0,0,0,,0,0,0,0,2026-09-12T20:10:25.613305+00:00
2026-09-13,39282,12548270,EDCKUL21EXF02700,equipment,EXF,Mechanical,,L3,BATTERY ROOM AF,1,Block AH,Promatrix DCS,23.46,19,81,62,95.0,19,20,1,1,0.0,0,35,35,1,0.0,0,26,26,1,,0,0,0,0,,0,0,0,0,2026-09-12T20:10:25.613305+00:00
2026-09-13,39282,12548271,EDCKUL21EXF02800,equipment,EXF,Mechanical,,L3,BATTERY ROOM AZ,1,Block AH,Promatrix DCS,23.46,19,81,62,95.0,19,20,1,1,0.0,0,35,35,1,0.0,0,26,26,1,,0,0,0,0,,0,0,0,0,2026-09-12T20:10:25.613305+00:00
2026-09-13,39282,12548272,EDCKUL21BSWAZ100,equipment,BSW,Electrical,,,ELECTRICAL ROOM,1,Block AZ,Promatrix DCS,67.9,55,81,26,100.0,20,20,0,1,100.0,35,35,0,1,0.0,0,26,26,1,,0,0,0,0,,0,0,0,0,2026-09-12T20:10:25.613305+00:00
2026-09-13,39282,12548273,EDCKUL21BSWAZ200,equipment,BSW,Electrical,,,ELECTRICAL ROOM,1,Block AZ,Promatrix DCS,67.9,55,81,26,100.0,20,20,0,1,100.0,35,35,0,1,0.0,0,26,26,1,,0,0,0,0,,0,0,0,0,2026-09-12T20:10:25.613305+00:00
2026-09-13,39282,12548274,EDCKUL21BSW00100,equipment,BSW,Electrical,,,ELECTRICAL ROOM,1,Load bank,Promatrix DCS,67.9,55,81,26,100.0,20,20,0,1,100.0,35,35,0,1,0.0,0,26,26,1,,0,0,0,0,,0,0,0,0,2026-09-12T20:10:25.613305+00:00
2026-09-13,39282,12548275,EDCKUL21BSWAA137,equipment,BSW,Electrical,,L2,DATA HALL 7,1,Block AA,Vertiv,0.0,0,81,81,0.0,0,20,20,1,0.0,0,35,35,1,0.0,0,26,26,1,,0,0,0,0,,0,0,0,0,2026-09-12T20:10:25.613305+00:00
2026-09-13,39282,12548276,EDCKUL21BSWAA147,equipment,BSW,Electrical,,L2,DATA HALL 7,1,Block AA,Vertiv,0.0,0,81,81,0.0,0,20,20,1,0.0,0,35,35,1,0.0,0,26,26,1,,0,0,0,0,,0,0,0,0,2026-09-12T20:10:25.613305+00:00
2026-09-13,39282,12548277,EDCKUL21BSWAD13A,equipment,BSW,Electrical,,L3,DATA HALL A,1,Block AD,Vertiv,0.0,0,81,81,0.0,0,20,20,1,0.0,0,35,35,1,0.0,0,26,26,1,,0,0,0,0,,0,0,0,0,2026-09-12T20:10:25.613305+00:00
2026-09-13,39282,12548278,EDCKUL21BSWAB117,equipment,BSW,Electrical,,L2,DATA HALL 7,1,Block AB,Vertiv,0.0,0,81,81,0.0,0,20,20,1,0.0,0,35,35,1,0.0,0,26,26,1,,0,0,0,0,,0,0,0,0,2026-09-12T20:10:25.613305+00:00
2026-09-13,39282,12548279,EDCKUL21BSWAB217,equipment,BSW,Electrical,,L2,DATA HALL 7,1,Block AB,Vertiv,0.0,0,81,81,0.0,0,20,20,1,0.0,0,35,35,1,0.0,0,26,26,1,,0,0,0,0,,0,0,0,0,2026-09-12T20:10:25.613305+00:00
2026-09-13,39282,12548280,EDCKUL21BSWAB127,equipment,BSW,Electrical,,L2,DATA HALL 7,1,Block AB,Vertiv,0.0,0,81,81,0.0,0,20,20,1,0.0,0,35,35,1,0.0,0,26,26,1,,0,0,0,0,,0,0,0,0,2026-09-12T20:10:25.613305+00:00
2026-09-13,39282,12548281,EDCKUL21BSWAB227,equipment,BSW,Electrical,,L2,DATA HALL 7,1,Block AB,Vertiv,0.0,0,81,81,0.0,0,20,20,1,0.0,0,35,35,1,0.0,0,26,26,1,,0,0,0,0,,0,0,0,0,2026-09-12T20:10:25.613305+00:00
2026-09-13,39282,12548282,EDCKUL21BSWAB137,equipment,BSW,Electrical,,L2,DATA HALL 7,1,Block AB,Vertiv,0.0,0,81,81,0.0,0,20,20,1,0.0,0,35,35,1,0.0,0,26,26,1,,0,0,0,0,,0,0,0,0,2026-09-12T20:10:25.613305+00:00
2026-09-13,39282,12548283,EDCKUL21BSWAB147,equipment,BSW,Electrical,,L2,DATA HALL 7,1,Block AB,Vertiv,0.0,0,81,81,0.0,0,20,20,1,0.0,0,35,35,1,0.0,0,26,26,1,,0,0,0,0,,0,0,0,0,2026-09-12T20:10:25.613305+00:00
2026-09-13,39282,12548284,EDCKUL21BSWAC117,equipment,BSW,Electrical,,L2,DATA HALL 7,1,Block AC,Vertiv,0.0,0,81,81,0.0,0,20,20,1,0.0,0,35,35,1,0.0,0,26,26,1,,0,0,0,0,,0,0,0,0,2026-09-12T20:10:25.613305+00:00
2026-09-13,39282,12548285,EDCKUL21BSWAC217,equipment,BSW,Electrical,,L2,DATA HALL 7,1,Block AC,Vertiv,0.0,0,81,81,0.0,0,20,20,1,0.0,0,35,35,1,0.0,0,26,26,1,,0,0,0,0,,0,0,0,0,2026-09-12T20:10:25.613305+00:00
2026-09-13,39282,12548286,EDCKUL21BSWAC127,equipment,BSW,Electrical,,L2,DATA HALL 7,1,Block AC,Vertiv,0.0,0,81,81,0.0,0,20,20,1,0.0,0,35,35,1,0.0,0,26,26,1,,0,0,0,0,,0,0,0,0,2026-09-12T20:10:25.613305+00:00
2026-09-13,39282,12548287,EDCKUL21BSWAC137,equipment,BSW,Electrical,,L2,DATA HALL 7,1,Block AC,Vertiv,0.0,0,81,81,0.0,0,20,20,1,0.0,0,35,35,1,0.0,0,26,26,1,,0,0,0,0,,0,0,0,0,2026-09-12T20:10:25.613305+00:00
2026-09-13,39282,12548288,EDCKUL21BSWAC147,equipment,BSW,Electrical,,L2,DATA HALL 7,1,Block AC,Vertiv,0.0,0,81,81,0.0,0,20,20,1,0.0,0,35,35,1,0.0,0,26,26,1,,0,0,0,0,,0,0,0,0,2026-09-12T20:10:25.613305+00:00
2026-09-13,39282,12548289,EDCKUL21BSWAD11A,equipment,BSW,Electrical,,L3,DATA HALL A,1,Block AD,Vertiv,0.0,0,81,81,0.0,0,20,20,1,0.0,0,35,35,1,0.0,0,26,26,1,,0,0,0,0,,0,0,0,0,2026-09-12T20:10:25.613305+00:00
2026-09-13,39282,12548290,EDCKUL21BSWAD21A,equipment,BSW,Electrical,,L3,DATA HALL A,1,Block AD,Vertiv,0.0,0,81,81,0.0,0,20,20,1,0.0,0,35,35,1,0.0,0,26,26,1,,0,0,0,0,,0,0,0,0,2026-09-12T20:10:25.613305+00:00
2026-09-13,39282,12548291,EDCKUL21BSWAD12A,equipment,BSW,Electrical,,L3,DATA HALL A,1,Block AD,Vertiv,0.0,0,81,81,0.0,0,20,20,1,0.0,0,35,35,1,0.0,0,26,26,1,,0,0,0,0,,0,0,0,0,2026-09-12T20:10:25.613305+00:00
2026-09-13,39282,12548292,EDCKUL21BSWAD14A,equipment,BSW,Electrical,,L3,DATA HALL A,1,Block AD,Vertiv,0.0,0,81,81,0.0,0,20,20,1,0.0,0,35,35,1,0.0,0,26,26,1,,0,0,0,0,,0,0,0,0,2026-09-12T20:10:25.613305+00:00
2026-09-13,39282,12548293,EDCKUL21BSWAE11A,equipment,BSW,Electrical,,L3,DATA HALL A,1,Block AE,Vertiv,0.0,0,81,81,0.0,0,20,20,1,0.0,0,35,35,1,0.0,0,26,26,1,,0,0,0,0,,0,0,0,0,2026-09-12T20:10:25.613305+00:00
2026-09-13,39282,12548294,EDCKUL21BSWAE21A,equipment,BSW,Electrical,,L3,DATA HALL A,1,Block AE,Vertiv,0.0,0,81,81,0.0,0,20,20,1,0.0,0,35,35,1,0.0,0,26,26,1,,0,0,0,0,,0,0,0,0,2026-09-12T20:10:25.613305+00:00
2026-09-13,39282,12548295,EDCKUL21BSWAE12A,equipment,BSW,Electrical,,L3,DATA HALL A,1,Block AE,Vertiv,0.0,0,81,81,0.0,0,20,20,1,0.0,0,35,35,1,0.0,0,26,26,1,,0,0,0,0,,0,0,0,0,2026-09-12T20:10:25.613305+00:00
2026-09-13,39282,12548296,EDCKUL21BSWAE22A,equipment,BSW,Electrical,,L3,DATA HALL A,1,Block AE,Vertiv,0.0,0,81,81,0.0,0,20,20,1,0.0,0,35,35,1,0.0,0,26,26,1,,0,0,0,0,,0,0,0,0,2026-09-12T20:10:25.613305+00:00
2026-09-13,39282,12548297,EDCKUL21BSWAE13A,equipment,BSW,Electrical,,L3,DATA HALL A,1,Block AE,Vertiv,0.0,0,81,81,0.0,0,20,20,1,0.0,0,35,35,1,0.0,0,26,26,1,,0,0,0,0,,0,0,0,0,2026-09-12T20:10:25.613305+00:00
2026-09-13,39282,12548298,EDCKUL21BSWAE14A,equipment,BSW,Electrical,,L3,DATA HALL A,1,Block AE,Vertiv,0.0,0,81,81,0.0,0,20,20,1,0.0,0,35,35,1,0.0,0,26,26,1,,0,0,0,0,,0,0,0,0,2026-09-12T20:10:25.613305+00:00
2026-09-13,39282,12548299,EDCKUL21BSWAF11A,equipment,BSW,Electrical,,L3,DATA HALL A,1,Block AF,Vertiv,0.0,0,81,81,0.0,0,20,20,1,0.0,0,35,35,1,0.0,0,26,26,1,,0,0,0,0,,0,0,0,0,2026-09-12T20:10:25.613305+00:00
2026-09-13,39282,12548300,EDCKUL21BSWAF21A,equipment,BSW,Electrical,,L3,DATA HALL A,1,Block AF,Vertiv,0.0,0,81,81,0.0,0,20,20,1,0.0,0,35,35,1,0.0,0,26,26,1,,0,0,0,0,,0,0,0,0,2026-09-12T20:10:25.613305+00:00
2026-09-13,39282,12548301,EDCKUL21BSWAF12A,equipment,BSW,Electrical,,L3,DATA HALL A,1,Block AF,Vertiv,0.0,0,81,81,0.0,0,20,20,1,0.0,0,35,35,1,0.0,0,26,26,1,,0,0,0,0,,0,0,0,0,2026-09-12T20:10:25.613305+00:00
2026-09-13,39282,12548302,EDCKUL21BSWAF13A,equipment,BSW,Electrical,,L3,DATA HALL A,1,Block AF,Vertiv,0.0,0,81,81,0.0,0,20,20,1,0.0,0,35,35,1,0.0,0,26,26,1,,0,0,0,0,,0,0,0,0,2026-09-12T20:10:25.613305+00:00
2026-09-13,39282,12548303,EDCKUL21BSWAF14A,equipment,BSW,Electrical,,L3,DATA HALL A,1,Block AF,Vertiv,0.0,0,81,81,0.0,0,20,20,1,0.0,0,35,35,1,0.0,0,26,26,1,,0,0,0,0,,0,0,0,0,2026-09-12T20:10:25.613305+00:00
2026-09-13,39282,12548304,EDCKUL21BSWAA100,equipment,BSW,Electrical,,L2,ELECTRICAL ROOM AA,1,Block AA,Promatrix DCS,67.9,55,81,26,100.0,20,20,0,1,100.0,35,35,0,1,0.0,0,26,26,1,,0,0,0,0,,0,0,0,0,2026-09-12T20:10:25.613305+00:00
2026-09-13,39282,12548305,EDCKUL21BSWAA200,equipment,BSW,Electrical,,L2,ELECTRICAL ROOM AA,1,Block AA,Promatrix DCS,67.9,55,81,26,100.0,20,20,0,1,100.0,35,35,0,1,0.0,0,26,26,1,,0,0,0,0,,0,0,0,0,2026-09-12T20:10:25.613305+00:00
2026-09-13,39282,12548306,EDCKUL21BSWAA300,equipment,BSW,Electrical,,L2,ELECTRICAL ROOM AA,1,Block AA,Promatrix DCS,67.9,55,81,26,100.0,20,20,0,1,100.0,35,35,0,1,0.0,0,26,26,1,,0,0,0,0,,0,0,0,0,2026-09-12T20:10:25.613305+00:00
2026-09-13,39282,12548307,EDCKUL21BSWAB100,equipment,BSW,Electrical,,L2,ELECTRICAL ROOM AB,1,Block AB,Promatrix DCS,67.9,55,81,26,100.0,20,20,0,1,100.0,35,35,0,1,0.0,0,26,26,1,,0,0,0,0,,0,0,0,0,2026-09-12T20:10:25.613305+00:00
2026-09-13,39282,12548308,EDCKUL21BSWAB200,equipment,BSW,Electrical,,L2,ELECTRICAL ROOM AB,1,Block AB,Promatrix DCS,67.9,55,81,26,100.0,20,20,0,1,100.0,35,35,0,1,0.0,0,26,26,1,,0,0,0,0,,0,0,0,0,2026-09-12T20:10:25.613305+00:00
2026-09-13,39282,12548309,EDCKUL21BSWAB300,equipment,BSW,Electrical,,L2,ELECTRICAL ROOM AB,1,Block AB,Promatrix DCS,67.9,55,81,26,100.0,20,20,0,1,100.0,35,35,0,1,0.0,0,26,26,1,,0,0,0,0,,0,0,0,0,2026-09-12T20:10:25.613305+00:00
2026-09-13,39282,12548310,EDCKUL21BSWAC100,equipment,BSW,Electrical,,L2,ELECTRICAL ROOM AC,1,Block AC,Promatrix DCS,67.9,55,81,26,100.0,20,20,0,1,100.0,35,35,0,1,0.0,0,26,26,1,,0,0,0,0,,0,0,0,0,2026-09-12T20:10:25.613305+00:00
2026-09-13,39282,12548311,EDCKUL21BSWAC200,equipment,BSW,Electrical,,L2,ELECTRICAL ROOM AC,1,Block AC,Promatrix DCS,67.9,55,81,26,100.0,20,20,0,1,100.0,35,35,0,1,0.0,0,26,26,1,,0,0,0,0,,0,0,0,0,2026-09-12T20:10:25.613305+00:00
2026-09-13,39282,12548312,EDCKUL21BSWAC300,equipment,BSW,Electrical,,L2,ELECTRICAL ROOM AC,1,Block AC,Promatrix DCS,67.9,55,81,26,100.0,20,20,0,1,100.0,35,35,0,1,0.0,0,26,26,1,,0,0,0,0,,0,0,0,0,2026-09-12T20:10:25.613305+00:00
2026-09-13,39282,12548313,EDCKUL21BSWAD100,equipment,BSW,Electrical,,L3,ELECTRICAL ROOM AD,1,Block AD,Promatrix DCS,67.9,55,81,26,100.0,20,20,0,1,100.0,35,35,0,1,0.0,0,26,26,1,,0,0,0,0,,0,0,0,0,2026-09-12T20:10:25.613305+00:00
2026-09-13,39282,12548314,EDCKUL21BSWAD200,equipment,BSW,Electrical,,L3,ELECTRICAL ROOM AD,1,Block AD,Promatrix DCS,67.9,55,81,26,100.0,20,20,0,1,100.0,35,35,0,1,0.0,0,26,26,1,,0,0,0,0,,0,0,0,0,2026-09-12T20:10:25.613305+00:00
2026-09-13,39282,12548315,EDCKUL21BSWAD300,equipment,BSW,Electrical,,L3,ELECTRICAL ROOM AD,1,Block AD,Promatrix DCS,67.9,55,81,26,100.0,20,20,0,1,100.0,35,35,0,1,0.0,0,26,26,1,,0,0,0,0,,0,0,0,0,2026-09-12T20:10:25.613305+00:00
2026-09-13,39282,12548316,EDCKUL21BSWAE100,equipment,BSW,Electrical,,L3,ELECTRICAL ROOM AE,1,Block AE,Promatrix DCS,67.9,55,81,26,100.0,20,20,0,1,100.0,35,35,0,1,0.0,0,26,26,1,,0,0,0,0,,0,0,0,0,2026-09-12T20:10:25.613305+00:00
2026-09-13,39282,12548317,EDCKUL21BSWAE200,equipment,BSW,Electrical,,L3,ELECTRICAL ROOM AE,1,Block AE,Promatrix DCS,67.9,55,81,26,100.0,20,20,0,1,100.0,35,35,0,1,0.0,0,26,26,1,,0,0,0,0,,0,0,0,0,2026-09-12T20:10:25.613305+00:00
2026-09-13,39282,12548318,EDCKUL21BSWAE300,equipment,BSW,Electrical,,L3,ELECTRICAL ROOM AE,1,Block AE,Promatrix DCS,67.9,55,81,26,100.0,20,20,0,1,100.0,35,35,0,1,0.0,0,26,26,1,,0,0,0,0,,0,0,0,0,2026-09-12T20:10:25.613305+00:00
2026-09-13,39282,12548319,EDCKUL21BSWAF100,equipment,BSW,Electrical,,L3,ELECTRICAL ROOM AF,1,Block AF,Promatrix DCS,67.9,55,81,26,100.0,20,20,0,1,100.0,35,35,0,1,0.0,0,26,26,1,,0,0,0,0,,0,0,0,0,2026-09-12T20:10:25.613305+00:00
2026-09-13,39282,12548320,EDCKUL21BSWAF200,equipment,BSW,Electrical,,L3,ELECTRICAL ROOM AF,1,Block AF,Promatrix DCS,67.9,55,81,26,100.0,20,20,0,1,100.0,35,35,0,1,0.0,0,26,26,1,,0,0,0,0,,0,0,0,0,2026-09-12T20:10:25.613305+00:00
2026-09-13,39282,12548321,EDCKUL21BSWAF300,equipment,BSW,Electrical,,L3,ELECTRICAL ROOM AF,1,Block AF,Promatrix DCS,67.9,55,81,26,100.0,20,20,0,1,100.0,35,35,0,1,0.0,0,26,26,1,,0,0,0,0,,0,0,0,0,2026-09-12T20:10:25.613305+00:00
2026-09-13,39282,12548322,EDCKUL21BSWAA117,equipment,BSW,Electrical,,L2,DATA HALL 7,1,Block AA,Vertiv,0.0,0,81,81,0.0,0,20,20,1,0.0,0,35,35,1,0.0,0,26,26,1,,0,0,0,0,,0,0,0,0,2026-09-12T20:10:25.613305+00:00
2026-09-13,39282,12548323,EDCKUL21BSWAA217,equipment,BSW,Electrical,,L2,DATA HALL 7,1,Block AA,Vertiv,0.0,0,81,81,0.0,0,20,20,1,0.0,0,35,35,1,0.0,0,26,26,1,,0,0,0,0,,0,0,0,0,2026-09-12T20:10:25.613305+00:00
2026-09-13,39282,12548324,EDCKUL21BSWAA127,equipment,BSW,Electrical,,L2,DATA HALL 7,1,Block AA,Vertiv,0.0,0,81,81,0.0,0,20,20,1,0.0,0,35,35,1,0.0,0,26,26,1,,0,0,0,0,,0,0,0,0,2026-09-12T20:10:25.613305+00:00
2026-09-13,39282,12548329,EDCKUL21RPPAA227,equipment,RPP,Electrical,,L2,DATA HALL 7,1,Block AA,Powerwell,24.69,20,81,61,100.0,20,20,0,1,0.0,0,35,35,1,0.0,0,26,26,1,,0,0,0,0,,0,0,0,0,2026-09-12T20:10:25.613305+00:00
2026-09-13,39282,12548330,EDCKUL21RPPAC227,equipment,RPP,Electrical,,L2,DATA HALL 7,1,Block AC,Powerwell,24.69,20,81,61,100.0,20,20,0,1,0.0,0,35,35,1,0.0,0,26,26,1,,0,0,0,0,,0,0,0,0,2026-09-12T20:10:25.613305+00:00
2026-09-13,39282,12548331,EDCKUL21RPPAA237,equipment,RPP,Electrical,,L2,DATA HALL 7,1,Block AA,Powerwell,24.69,20,81,61,100.0,20,20,0,1,0.0,0,35,35,1,0.0,0,26,26,1,,0,0,0,0,,0,0,0,0,2026-09-12T20:10:25.613305+00:00
2026-09-13,39282,12548332,EDCKUL21RPPAC237,equipment,RPP,Electrical,,L2,DATA HALL 7,1,Block AC,Powerwell,24.69,20,81,61,100.0,20,20,0,1,0.0,0,35,35,1,0.0,0,26,26,1,,0,0,0,0,,0,0,0,0,2026-09-12T20:10:25.613305+00:00
2026-09-13,39282,12548333,EDCKUL21RPPAD22A,equipment,RPP,Electrical,,L3,DATA HALL A,1,Block AD,Powerwell,24.69,20,81,61,100.0,20,20,0,1,0.0,0,35,35,1,0.0,0,26,26,1,,0,0,0,0,,0,0,0,0,2026-09-12T20:10:25.613305+00:00
2026-09-13,39282,12548334,EDCKUL21RPPAF22A,equipment,RPP,Electrical,,L3,DATA HALL A,1,Block AF,Powerwell,24.69,20,81,61,100.0,20,20,0,1,0.0,0,35,35,1,0.0,0,26,26,1,,0,0,0,0,,0,0,0,0,2026-09-12T20:10:25.613305+00:00
2026-09-13,39282,12548335,EDCKUL21RPPAD23A,equipment,RPP,Electrical,,L3,DATA HALL A,1,Block AD,Powerwell,24.69,20,81,61,100.0,20,20,0,1,0.0,0,35,35,1,0.0,0,26,26,1,,0,0,0,0,,0,0,0,0,2026-09-12T20:10:25.613305+00:00
2026-09-13,39282,12548336,EDCKUL21RPPAF23A,equipment,RPP,Electrical,,L3,DATA HALL A,1,Block AF,Powerwell,24.69,20,81,61,100.0,20,20,0,1,0.0,0,35,35,1,0.0,0,26,26,1,,0,0,0,0,,0,0,0,0,2026-09-12T20:10:25.613305+00:00
2026-09-13,39282,13193498,EDCKUL21PLCA0100,equipment,PLC,Electrical,EDCKUL21,L3,STS ROOM AD,1,Block BH,Vertiv,23.46,19,81,62,95.0,19,20,1,1,0.0,0,35,35,1,0.0,0,26,26,1,,0,0,0,0,,0,0,0,0,2026-09-12T20:10:25.613305+00:00
2026-09-13,39282,13193499,EDCKUL21DPPAA510,equipment,DPP,Electrical,,L2,ELECTRICAL ROOM AA,1,Block AA,Eaton,24.69,20,81,61,100.0,20,20,0,1,0.0,0,35,35,1,0.0,0,26,26,1,,0,0,0,0,,0,0,0,0,2026-09-12T20:10:25.613305+00:00
2026-09-13,39282,13193500,EDCKUL21DPPAB510,equipment,DPP,Electrical,,L2,ELECTRICAL ROOM AB,1,Block AB,Eaton,24.69,20,81,61,100.0,20,20,0,1,0.0,0,35,35,1,0.0,0,26,26,1,,0,0,0,0,,0,0,0,0,2026-09-12T20:10:25.613305+00:00
2026-09-13,39282,13193501,EDCKUL21DPPAC510,equipment,DPP,Electrical,,L2,ELECTRICAL ROOM AC,1,Block AC,Eaton,24.69,20,81,61,100.0,20,20,0,1,0.0,0,35,35,1,0.0,0,26,26,1,,0,0,0,0,,0,0,0,0,2026-09-12T20:10:25.613305+00:00
2026-09-13,39282,13193502,EDCKUL21DPPAD510,equipment,DPP,Electrical,,L3,ELECTRICAL ROOM AD,1,Block AD,Eaton,24.69,20,81,61,100.0,20,20,0,1,0.0,0,35,35,1,0.0,0,26,26,1,,0,0,0,0,,0,0,0,0,2026-09-12T20:10:25.613305+00:00
2026-09-13,39282,13193503,EDCKUL21DPPAE510,equipment,DPP,Electrical,,L3,ELECTRICAL ROOM AE,1,Block AE,Eaton,24.69,20,81,61,100.0,20,20,0,1,0.0,0,35,35,1,0.0,0,26,26,1,,0,0,0,0,,0,0,0,0,2026-09-12T20:10:25.613305+00:00
2026-09-13,39282,13193504,EDCKUL21DPPAF510,equipment,DPP,Electrical,,L3,ELECTRICAL ROOM AF,1,Block AF,Eaton,24.69,20,81,61,100.0,20,20,0,1,0.0,0,35,35,1,0.0,0,26,26,1,,0,0,0,0,,0,0,0,0,2026-09-12T20:10:25.613305+00:00
2026-09-13,39282,13193505,EDCKUL21DPPAZ510,equipment,DPP,Electrical,,L3,ELECTRICAL ROOM AZ,1,Block AZ,Eaton,24.69,20,81,61,100.0,20,20,0,1,0.0,0,35,35,1,0.0,0,26,26,1,,0,0,0,0,,0,0,0,0,2026-09-12T20:10:25.613305+00:00
2026-09-13,39282,13439758,EDCKUL21DPPAH210,equipment,DPP,Electrical,,,ELECTRICAL ROOM AH,1,Block AH,Eaton,24.69,20,81,61,100.0,20,20,0,1,0.0,0,35,35,1,0.0,0,26,26,1,,0,0,0,0,,0,0,0,0,2026-09-12T20:10:25.613305+00:00
2026-09-13,39282,13450400,EDCKUL21ACS01280,equipment,ACS,Mechanical,,,ECX STORAGE,1,Block AH,Promatrix DCS,67.9,55,81,26,100.0,20,20,0,1,100.0,35,35,0,1,0.0,0,26,26,1,,0,0,0,0,,0,0,0,0,2026-09-12T20:10:25.613305+00:00
2026-09-13,39282,13450401,EDCKUL21ACS015B0,equipment,ACS,Mechanical,,,MEETING ROOM 2,1,Block AH,Promatrix DCS,0.0,0,81,81,0.0,0,20,20,1,0.0,0,35,35,1,0.0,0,26,26,1,,0,0,0,0,,0,0,0,0,2026-09-12T20:10:25.613305+00:00
2026-09-13,39282,13450402,EDCKUL21ACS01680,equipment,ACS,Mechanical,,,HUDDLE ROOM 1,1,Block AH,Promatrix DCS,24.69,20,81,61,100.0,20,20,0,1,0.0,0,35,35,1,0.0,0,26,26,1,,0,0,0,0,,0,0,0,0,2026-09-12T20:10:25.613305+00:00
2026-09-13,39282,13450403,EDCKUL21ACS01690,equipment,ACS,Mechanical,,,HUDDLE ROOM 2,1,Block AH,Promatrix DCS,24.69,20,81,61,100.0,20,20,0,1,0.0,0,35,35,1,0.0,0,26,26,1,,0,0,0,0,,0,0,0,0,2026-09-12T20:10:25.613305+00:00
2026-09-13,39282,13450404,EDCKUL21ACS016A0,equipment,ACS,Mechanical,,,HUDDLE ROOM 3,1,Block AH,Promatrix DCS,24.69,20,81,61,100.0,20,20,0,1,0.0,0,35,35,1,0.0,0,26,26,1,,0,0,0,0,,0,0,0,0,2026-09-12T20:10:25.613305+00:00
2026-09-13,39282,13450405,EDCKUL21ACS016B0,equipment,ACS,Mechanical,,,HUDDLE ROOM 4,1,Block AH,Promatrix DCS,24.69,20,81,61,100.0,20,20,0,1,0.0,0,35,35,1,0.0,0,26,26,1,,0,0,0,0,,0,0,0,0,2026-09-12T20:10:25.613305+00:00
2026-09-13,39282,13450406,EDCKUL21ACS017A0,equipment,ACS,Mechanical,,,ECX STORAGE,1,Block AH,Promatrix DCS,67.9,55,81,26,100.0,20,20,0,1,100.0,35,35,0,1,0.0,0,26,26,1,,0,0,0,0,,0,0,0,0,2026-09-12T20:10:25.613305+00:00
2026-09-13,39282,13450407,EDCKUL21ACS02160,equipment,ACS,Mechanical,,,SMALL MEETING ROOM,1,Block AH,Promatrix DCS,0.0,0,81,81,0.0,0,20,20,1,0.0,0,35,35,1,0.0,0,26,26,1,,0,0,0,0,,0,0,0,0,2026-09-12T20:10:25.613305+00:00
2026-09-13,39282,13450408,EDCKUL21ACS02170,equipment,ACS,Mechanical,,,HUDDLE ROOM 5,1,Block AH,Promatrix DCS,20.99,17,81,64,85.0,17,20,3,1,0.0,0,35,35,1,0.0,0,26,26,1,,0,0,0,0,,0,0,0,0,2026-09-12T20:10:25.613305+00:00
2026-09-13,39282,13450411,EDCKUL21BSWAH200,equipment,BSW,Electrical,,,ELECTRICAL ROOM AH,1,Block AH,Promatrix DCS,67.9,55,81,26,100.0,20,20,0,1,100.0,35,35,0,1,0.0,0,26,26,1,,0,0,0,0,,0,0,0,0,2026-09-12T20:10:25.613305+00:00
2026-09-13,39282,13450412,EDCKUL21BSWAZ300,equipment,BSW,Electrical,,,ELECTRICAL ROOM AZ,1,Block AZ,Promatrix DCS,67.9,55,81,26,100.0,20,20,0,1,100.0,35,35,0,1,0.0,0,26,26,1,,0,0,0,0,,0,0,0,0,2026-09-12T20:10:25.613305+00:00
2026-09-13,39282,13594084,EDCKUL21BSWAH100,equipment,BSW,Electrical,,,ELECTRICAL ROOM AH,1,Block AH,Promatrix DCS,67.9,55,81,26,100.0,20,20,0,1,100.0,35,35,0,1,0.0,0,26,26,1,,0,0,0,0,,0,0,0,0,2026-09-12T20:10:25.613305+00:00
2026-09-13,39282,13594087,EDCKUL21VES07600,equipment,VES,Fire,,,HUDDLE ROOM 1,1,Block AH,Promatrix DCS,0.0,0,81,81,0.0,0,20,20,1,0.0,0,35,35,1,0.0,0,26,26,1,,0,0,0,0,,0,0,0,0,2026-09-12T20:10:25.613305+00:00
2026-09-13,39282,13594088,EDCKUL21VES07700,equipment,VES,Fire,,,HUDDLE ROOM 1,1,Block AH,Promatrix DCS,0.0,0,81,81,0.0,0,20,20,1,0.0,0,35,35,1,0.0,0,26,26,1,,0,0,0,0,,0,0,0,0,2026-09-12T20:10:25.613305+00:00
2026-09-13,39282,13594089,EDCKUL21VES07800,equipment,VES,Fire,,,HUDDLE ROOM 3,1,Block AH,Promatrix DCS,24.69,20,81,61,100.0,20,20,0,1,0.0,0,35,35,1,0.0,0,26,26,1,,0,0,0,0,,0,0,0,0,2026-09-12T20:10:25.613305+00:00
2026-09-13,39282,13594090,EDCKUL21VES07900,equipment,VES,Fire,,,HUDDLE ROOM 3,1,Block AH,Promatrix DCS,24.69,20,81,61,100.0,20,20,0,1,0.0,0,35,35,1,0.0,0,26,26,1,,0,0,0,0,,0,0,0,0,2026-09-12T20:10:25.613305+00:00
2026-09-13,39282,13594091,EDCKUL21VES08000,equipment,VES,Fire,,,END USER OFFICE,1,Block AH,Promatrix DCS,24.69,20,81,61,100.0,20,20,0,1,0.0,0,35,35,1,0.0,0,26,26,1,,0,0,0,0,,0,0,0,0,2026-09-12T20:10:25.613305+00:00
2026-09-13,39282,13594092,EDCKUL21VES08100,equipment,VES,Fire,,,END USER OFFICE,1,Block AH,Promatrix DCS,24.69,20,81,61,100.0,20,20,0,1,0.0,0,35,35,1,0.0,0,26,26,1,,0,0,0,0,,0,0,0,0,2026-09-12T20:10:25.613305+00:00
2026-09-13,39282,13594093,EDCKUL21VES08200,equipment,VES,Fire,,,SMALL MEETING ROOM,1,Block AH,Promatrix DCS,0.0,0,81,81,0.0,0,20,20,1,0.0,0,35,35,1,0.0,0,26,26,1,,0,0,0,0,,0,0,0,0,2026-09-12T20:10:25.613305+00:00
2026-09-13,39282,13594094,EDCKUL21VES08300,equipment,VES,Fire,,,SMALL MEETING ROOM,1,Block AH,Promatrix DCS,0.0,0,81,81,0.0,0,20,20,1,0.0,0,35,35,1,0.0,0,26,26,1,,0,0,0,0,,0,0,0,0,2026-09-12T20:10:25.613305+00:00
2026-09-13,39282,13594095,EDCKUL21VES08400,equipment,VES,Fire,,,GAME ROOM,1,Block AH,Promatrix DCS,24.69,20,81,61,100.0,20,20,0,1,0.0,0,35,35,1,0.0,0,26,26,1,,0,0,0,0,,0,0,0,0,2026-09-12T20:10:25.613305+00:00
2026-09-13,39282,13594096,EDCKUL21VES08500,equipment,VES,Fire,,,GAME ROOM,1,Block AH,Promatrix DCS,24.69,20,81,61,100.0,20,20,0,1,0.0,0,35,35,1,0.0,0,26,26,1,,0,0,0,0,,0,0,0,0,2026-09-12T20:10:25.613305+00:00
2026-09-13,39282,13594097,EDCKUL21VES08600,equipment,VES,Fire,,,HUDDLE ROOM 5,1,Block AH,Promatrix DCS,0.0,0,81,81,0.0,0,20,20,1,0.0,0,35,35,1,0.0,0,26,26,1,,0,0,0,0,,0,0,0,0,2026-09-12T20:10:25.613305+00:00
2026-09-13,39282,13594098,EDCKUL21VES08700,equipment,VES,Fire,,,HUDDLE ROOM 5,1,Block AH,Promatrix DCS,0.0,0,81,81,0.0,0,20,20,1,0.0,0,35,35,1,0.0,0,26,26,1,,0,0,0,0,,0,0,0,0,2026-09-12T20:10:25.613305+00:00
2026-09-13,39282,13594099,EDCKUL21VES08800,equipment,VES,Fire,,,WELLNESS ROOM,1,Block AH,Promatrix DCS,0.0,0,81,81,0.0,0,20,20,1,0.0,0,35,35,1,0.0,0,26,26,1,,0,0,0,0,,0,0,0,0,2026-09-12T20:10:25.613305+00:00
2026-09-13,39282,13594100,EDCKUL21VES08900,equipment,VES,Fire,,,WELLNESS ROOM,1,Block AH,Promatrix DCS,0.0,0,81,81,0.0,0,20,20,1,0.0,0,35,35,1,0.0,0,26,26,1,,0,0,0,0,,0,0,0,0,2026-09-12T20:10:25.613305+00:00
2026-09-13,39282,13594101,EDCKUL21VES09000,equipment,VES,Fire,,,EU MEETING ROOM,1,Block AH,Promatrix DCS,0.0,0,81,81,0.0,0,20,20,1,0.0,0,35,35,1,0.0,0,26,26,1,,0,0,0,0,,0,0,0,0,2026-09-12T20:10:25.613305+00:00
2026-09-13,39282,13594102,EDCKUL21VES09100,equipment,VES,Fire,,,EU MEETING ROOM,1,Block AH,Promatrix DCS,0.0,0,81,81,0.0,0,20,20,1,0.0,0,35,35,1,0.0,0,26,26,1,,0,0,0,0,,0,0,0,0,2026-09-12T20:10:25.613305+00:00
2026-09-13,39282,13594103,EDCKUL21EXF00300,equipment,EXF,Mechanical,,,FEMALE TOILET,1,Block AH,Promatrix DCS,23.46,19,81,62,95.0,19,20,1,1,0.0,0,35,35,1,0.0,0,26,26,1,,0,0,0,0,,0,0,0,0,2026-09-12T20:10:25.613305+00:00
2026-09-13,39282,13594104,EDCKUL21EXF00400,equipment,EXF,Mechanical,,,MALE TOILET,1,Block AH,Promatrix DCS,24.69,20,81,61,100.0,20,20,0,1,0.0,0,35,35,1,0.0,0,26,26,1,,0,0,0,0,,0,0,0,0,2026-09-12T20:10:25.613305+00:00
2026-09-13,39282,13594105,EDCKUL21EXF00500,equipment,EXF,Mechanical,,,OKU TOILET,1,Block AH,Promatrix DCS,24.69,20,81,61,100.0,20,20,0,1,0.0,0,35,35,1,0.0,0,26,26,1,,0,0,0,0,,0,0,0,0,2026-09-12T20:10:25.613305+00:00
2026-09-13,39282,13594106,EDCKUL21EXF00600,equipment,EXF,Mechanical,,,FEMALE TOILET,1,Block AH,Promatrix DCS,23.46,19,81,62,95.0,19,20,1,1,0.0,0,35,35,1,0.0,0,26,26,1,,0,0,0,0,,0,0,0,0,2026-09-12T20:10:25.613305+00:00
2026-09-13,39282,13594107,EDCKUL21EXF00700,equipment,EXF,Mechanical,,,MALE TOILET,1,Block AH,Promatrix DCS,23.46,19,81,62,95.0,19,20,1,1,0.0,0,35,35,1,0.0,0,26,26,1,,0,0,0,0,,0,0,0,0,2026-09-12T20:10:25.613305+00:00
2026-09-13,39282,13594108,EDCKUL21EXF00800,equipment,EXF,Mechanical,,,FEMALE TOILET,1,Block AH,Promatrix DCS,23.46,19,81,62,95.0,19,20,1,1,0.0,0,35,35,1,0.0,0,26,26,1,,0,0,0,0,,0,0,0,0,2026-09-12T20:10:25.613305+00:00
2026-09-13,39282,13594109,EDCKUL21EXF00900,equipment,EXF,Mechanical,,,MALE TOILET,1,Block AH,Promatrix DCS,23.46,19,81,62,95.0,19,20,1,1,0.0,0,35,35,1,0.0,0,26,26,1,,0,0,0,0,,0,0,0,0,2026-09-12T20:10:25.613305+00:00
2026-09-13,39282,13594110,EDCKUL21EXF01000,equipment,EXF,Mechanical,,,FEMALE TOILET,1,Block AH,Promatrix DCS,23.46,19,81,62,95.0,19,20,1,1,0.0,0,35,35,1,0.0,0,26,26,1,,0,0,0,0,,0,0,0,0,2026-09-12T20:10:25.613305+00:00
2026-09-13,39282,13594111,EDCKUL21EXF01100,equipment,EXF,Mechanical,,,MALE TOILET,1,Block AH,Promatrix DCS,23.46,19,81,62,95.0,19,20,1,1,0.0,0,35,35,1,0.0,0,26,26,1,,0,0,0,0,,0,0,0,0,2026-09-12T20:10:25.613305+00:00
2026-09-13,39282,13594112,EDCKUL21EXF01200,equipment,EXF,Mechanical,,,PRAYER ROOM (M),1,Block AH,Promatrix DCS,12.35,10,81,71,50.0,10,20,10,1,0.0,0,35,35,1,0.0,0,26,26,1,,0,0,0,0,,0,0,0,0,2026-09-12T20:10:25.613305+00:00
2026-09-13,39282,13594113,EDCKUL21EXF01300,equipment,EXF,Mechanical,,,PRAYER ROOM (F),1,Block AH,Promatrix DCS,12.35,10,81,71,50.0,10,20,10,1,0.0,0,35,35,1,0.0,0,26,26,1,,0,0,0,0,,0,0,0,0,2026-09-12T20:10:25.613305+00:00
2026-09-13,39282,13594114,EDCKUL21EXF01400,equipment,EXF,Mechanical,,,REFUSE ROOM,1,Block AH,Promatrix DCS,24.69,20,81,61,100.0,20,20,0,1,0.0,0,35,35,1,0.0,0,26,26,1,,0,0,0,0,,0,0,0,0,2026-09-12T20:10:25.613305+00:00
2026-09-13,39282,13839002,EDCKUL21BMPAH110,equipment,BMP,ELV,,,ELECTRICAL ROOM AH,1,Block AH,Datasite,18.52,15,81,66,30.0,6,20,14,1,25.71,9,35,26,1,0.0,0,26,26,1,,0,0,0,0,,0,0,0,0,2026-09-12T20:10:25.613305+00:00
2026-09-13,39282,13839003,EDCKUL21BMPTCS1A,equipment,BMP,Mechanical,EDCKUL21,3F,MECH A1,1,Block AH,Datasite,0.0,0,81,81,0.0,0,20,20,1,0.0,0,35,35,1,0.0,0,26,26,1,,0,0,0,0,,0,0,0,0,2026-09-12T20:10:25.613305+00:00
2026-09-13,39282,13839004,EDCKUL21BMPTCS2A,equipment,BMP,Mechanical,EDCKUL21,3F,MECH A2,1,Block AH,Datasite,0.0,0,81,81,0.0,0,20,20,1,0.0,0,35,35,1,0.0,0,26,26,1,,0,0,0,0,,0,0,0,0,2026-09-12T20:10:25.613305+00:00
2026-09-13,39282,13839005,EDCKUL21BMPTCS17,equipment,BMP,Mechanical,EDCKUL21,2F,MECH 71,1,Block AH,Datasite,0.0,0,81,81,0.0,0,20,20,1,0.0,0,35,35,1,0.0,0,26,26,1,,0,0,0,0,,0,0,0,0,2026-09-12T20:10:25.613305+00:00
2026-09-13,39282,13839006,EDCKUL21BMPTCS27,equipment,BMP,Mechanical,EDCKUL21,2F,MECH 72,1,Block AH,Datasite,0.0,0,81,81,0.0,0,20,20,1,0.0,0,35,35,1,0.0,0,26,26,1,,0,0,0,0,,0,0,0,0,2026-09-12T20:10:25.613305+00:00
2026-09-13,39282,13841576,EDCKUL21EPPAH810,equipment,EPP,Electrical,,,ELECTRICAL ROOM BH,1,Block AH,Promatrix DCS,24.69,20,81,61,100.0,20,20,0,1,0.0,0,35,35,1,0.0,0,26,26,1,,0,0,0,0,,0,0,0,0,2026-09-12T20:10:25.613305+00:00
2026-09-13,39282,13841577,EDCKUL21EPPAH910,equipment,EPP,Electrical,,,ELECTRICAL ROOM AH,1,Block AH,Promatrix DCS,24.69,20,81,61,100.0,20,20,0,1,0.0,0,35,35,1,0.0,0,26,26,1,,0,0,0,0,,0,0,0,0,2026-09-12T20:10:25.613305+00:00
2026-09-13,39282,8741712,EDCKUL21AHU00100,equipment,AHU,Mechanical,EDCKUL21,RF-T1,ROOF,1,Block AH,Promatrix DCS,25.61,21,82,61,100.0,21,21,0,1,0.0,0,35,35,1,0.0,0,26,26,1,,0,0,0,0,,0,0,0,0,2026-09-12T20:10:25.613305+00:00
2026-09-13,39282,8741713,EDCKUL21AHU00200,equipment,AHU,Mechanical,EDCKUL21,RF-T1,ROOF,1,Block AH,Promatrix DCS,25.61,21,82,61,100.0,21,21,0,1,0.0,0,35,35,1,0.0,0,26,26,1,,0,0,0,0,,0,0,0,0,2026-09-12T20:10:25.613305+00:00
2026-09-13,39282,8741714,EDCKUL21AHU00300,equipment,AHU,Mechanical,EDCKUL21,RF-T1,ROOF,1,Block AH,Promatrix DCS,25.61,21,82,61,100.0,21,21,0,1,0.0,0,35,35,1,0.0,0,26,26,1,,0,0,0,0,,0,0,0,0,2026-09-12T20:10:25.613305+00:00
2026-09-13,39282,8741715,EDCKUL21AHU00400,equipment,AHU,Mechanical,EDCKUL21,RF-T1,ROOF,1,Block AH,Promatrix DCS,25.61,21,82,61,100.0,21,21,0,1,0.0,0,35,35,1,0.0,0,26,26,1,,0,0,0,0,,0,0,0,0,2026-09-12T20:10:25.613305+00:00
2026-09-13,39282,8741716,EDCKUL21AHU00500,equipment,AHU,Mechanical,EDCKUL21,RF-T1,ROOF,1,Block AH,Promatrix DCS,25.61,21,82,61,100.0,21,21,0,1,0.0,0,35,35,1,0.0,0,26,26,1,,0,0,0,0,,0,0,0,0,2026-09-12T20:10:25.613305+00:00
2026-09-13,39282,8741717,EDCKUL21AHU00600,equipment,AHU,Mechanical,EDCKUL21,RF-T1,ROOF,1,Block AH,Promatrix DCS,25.61,21,82,61,100.0,21,21,0,1,0.0,0,35,35,1,0.0,0,26,26,1,,0,0,0,0,,0,0,0,0,2026-09-12T20:10:25.613305+00:00
2026-09-13,39282,8741718,EDCKUL21AHU00700,equipment,AHU,Mechanical,EDCKUL21,RF-T1,ROOF,1,Block AH,Promatrix DCS,25.61,21,82,61,100.0,21,21,0,1,0.0,0,35,35,1,0.0,0,26,26,1,,0,0,0,0,,0,0,0,0,2026-09-12T20:10:25.613305+00:00
2026-09-13,39282,8741719,EDCKUL21AISA0100,equipment,AIS,Mechanical,EDCKUL21,RF-T1,ROOF,1,Block AH,Promatrix DCS,25.61,21,82,61,100.0,21,21,0,1,0.0,0,35,35,1,0.0,0,26,26,1,,0,0,0,0,,0,0,0,0,2026-09-12T20:10:25.613305+00:00
2026-09-13,39282,8741720,EDCKUL21AISA0200,equipment,AIS,Mechanical,EDCKUL21,RF-T1,ROOF,1,Block AH,Promatrix DCS,25.61,21,82,61,100.0,21,21,0,1,0.0,0,35,35,1,0.0,0,26,26,1,,0,0,0,0,,0,0,0,0,2026-09-12T20:10:25.613305+00:00
2026-09-13,39282,8741798,EDCKUL21CHLA0100,equipment,CHL,Mechanical,EDCKUL21,RF-T1,ROOF,1,Block BC,Smardt,34.15,28,82,54,100.0,21,21,0,1,20.0,7,35,28,1,0.0,0,26,26,1,,0,0,0,0,,0,0,0,0,2026-09-12T20:10:25.613305+00:00
2026-09-13,39282,8741799,EDCKUL21CHLA0200,equipment,CHL,Mechanical,EDCKUL21,RF-T1,ROOF,1,Block BD,Smardt,34.15,28,82,54,100.0,21,21,0,1,20.0,7,35,28,1,0.0,0,26,26,1,,0,0,0,0,,0,0,0,0,2026-09-12T20:10:25.613305+00:00
2026-09-13,39282,8741800,EDCKUL21CHLA0300,equipment,CHL,Mechanical,EDCKUL21,RF-T1,ROOF,1,Block BE,Smardt,34.15,28,82,54,100.0,21,21,0,1,20.0,7,35,28,1,0.0,0,26,26,1,,0,0,0,0,,0,0,0,0,2026-09-12T20:10:25.613305+00:00
2026-09-13,39282,8741801,EDCKUL21CHLA0400,equipment,CHL,Mechanical,EDCKUL21,RF-T1,ROOF,1,Block BF,Smardt,34.15,28,82,54,100.0,21,21,0,1,20.0,7,35,28,1,0.0,0,26,26,1,,0,0,0,0,,0,0,0,0,2026-09-12T20:10:25.613305+00:00
2026-09-13,39282,8741802,EDCKUL21CHLA0500,equipment,CHL,Mechanical,EDCKUL21,RF-T1,ROOF,1,Block BZ,Smardt,34.15,28,82,54,100.0,21,21,0,1,20.0,7,35,28,1,0.0,0,26,26,1,,0,0,0,0,,0,0,0,0,2026-09-12T20:10:25.613305+00:00
2026-09-13,39282,8741803,EDCKUL21CHLA0600,equipment,CHL,Mechanical,EDCKUL21,RF-T1,ROOF,1,Block BA,Smardt,67.07,55,82,27,100.0,21,21,0,1,97.14,34,35,1,1,0.0,0,26,26,1,,0,0,0,0,,0,0,0,0,2026-09-12T20:10:25.613305+00:00
2026-09-13,39282,8741804,EDCKUL21CHLA0700,equipment,CHL,Mechanical,EDCKUL21,RF-T1,ROOF,1,Block BB,Smardt,34.15,28,82,54,100.0,21,21,0,1,20.0,7,35,28,1,0.0,0,26,26,1,,0,0,0,0,,0,0,0,0,2026-09-12T20:10:25.613305+00:00
2026-09-13,39282,8741805,EDCKUL21CHLA0800,equipment,CHL,Mechanical,EDCKUL21,RF-T1,ROOF,1,Block AC,Smardt,34.15,28,82,54,100.0,21,21,0,1,20.0,7,35,28,1,0.0,0,26,26,1,,0,0,0,0,,0,0,0,0,2026-09-12T20:10:25.613305+00:00
2026-09-13,39282,8741806,EDCKUL21CHPA0100,equipment,CHP,Mechanical,EDCKUL21,RF-T1,ROOF,1,Block BC,Smardt,25.61,21,82,61,100.0,21,21,0,1,0.0,0,35,35,1,0.0,0,26,26,1,,0,0,0,0,,0,0,0,0,2026-09-12T20:10:25.613305+00:00
2026-09-13,39282,8741807,EDCKUL21CHPA0200,equipment,CHP,Mechanical,EDCKUL21,RF-T1,ROOF,1,Block BD,Smardt,25.61,21,82,61,100.0,21,21,0,1,0.0,0,35,35,1,0.0,0,26,26,1,,0,0,0,0,,0,0,0,0,2026-09-12T20:10:25.613305+00:00
2026-09-13,39282,8741808,EDCKUL21CHPA0300,equipment,CHP,Mechanical,EDCKUL21,RF-T1,ROOF,1,Block BE,Smardt,25.61,21,82,61,100.0,21,21,0,1,0.0,0,35,35,1,0.0,0,26,26,1,,0,0,0,0,,0,0,0,0,2026-09-12T20:10:25.613305+00:00
2026-09-13,39282,8741809,EDCKUL21CHPA0400,equipment,CHP,Mechanical,EDCKUL21,RF-T1,ROOF,1,Block BF,Smardt,25.61,21,82,61,100.0,21,21,0,1,0.0,0,35,35,1,0.0,0,26,26,1,,0,0,0,0,,0,0,0,0,2026-09-12T20:10:25.613305+00:00
2026-09-13,39282,8741810,EDCKUL21CHPA0500,equipment,CHP,Mechanical,EDCKUL21,RF-T1,ROOF,1,Block BZ,Smardt,25.61,21,82,61,100.0,21,21,0,1,0.0,0,35,35,1,0.0,0,26,26,1,,0,0,0,0,,0,0,0,0,2026-09-12T20:10:25.613305+00:00
2026-09-13,39282,8741811,EDCKUL21CHPA0600,equipment,CHP,Mechanical,EDCKUL21,RF-T1,ROOF,1,Block BA,SMARDT MALAYSIA,67.07,55,82,27,100.0,21,21,0,1,97.14,34,35,1,1,0.0,0,26,26,1,,0,0,0,0,,0,0,0,0,2026-09-12T20:10:25.613305+00:00
2026-09-13,39282,8741812,EDCKUL21CHPA0700,equipment,CHP,Mechanical,EDCKUL21,RF-T1,ROOF,1,Block AZ,Smardt,25.61,21,82,61,100.0,21,21,0,1,0.0,0,35,35,1,0.0,0,26,26,1,,0,0,0,0,,0,0,0,0,2026-09-12T20:10:25.613305+00:00
2026-09-13,39282,8741813,EDCKUL21CHPA0800,equipment,CHP,Mechanical,EDCKUL21,RF-T1,ROOF,1,Block AC,Smardt,25.61,21,82,61,100.0,21,21,0,1,0.0,0,35,35,1,0.0,0,26,26,1,,0,0,0,0,,0,0,0,0,2026-09-12T20:10:25.613305+00:00
2026-09-13,39282,8741814,EDCKUL21BMPA0100,equipment,BMP,Mechanical,EDCKUL21,RF-T1,ROOF,1,Block AH,Smardt,33.33,27,81,54,100.0,20,20,0,1,20.0,7,35,28,1,0.0,0,26,26,1,,0,0,0,0,,0,0,0,0,2026-09-12T20:10:25.613305+00:00
2026-09-13,39282,8741815,EDCKUL21BMPA0200,equipment,BMP,Mechanical,EDCKUL21,RF-T1,ROOF,1,Block AH,Smardt,33.33,27,81,54,100.0,20,20,0,1,20.0,7,35,28,1,0.0,0,26,26,1,,0,0,0,0,,0,0,0,0,2026-09-12T20:10:25.613305+00:00
2026-09-13,39282,8741816,EDCKUL21BMPA0300,equipment,BMP,Mechanical,EDCKUL21,RF-T1,ROOF,1,Block AH,Smardt,33.33,27,81,54,100.0,20,20,0,1,20.0,7,35,28,1,0.0,0,26,26,1,,0,0,0,0,,0,0,0,0,2026-09-12T20:10:25.613305+00:00
2026-09-13,39282,8741817,EDCKUL21BMPA0400,equipment,BMP,Mechanical,EDCKUL21,RF-T1,ROOF,1,Block AH,Smardt,33.33,27,81,54,100.0,20,20,0,1,20.0,7,35,28,1,0.0,0,26,26,1,,0,0,0,0,,0,0,0,0,2026-09-12T20:10:25.613305+00:00
2026-09-13,39282,8741818,EDCKUL21BMPA0500,equipment,BMP,Mechanical,EDCKUL21,RF-T1,ROOF,1,Block AH,Smardt,33.33,27,81,54,100.0,20,20,0,1,20.0,7,35,28,1,0.0,0,26,26,1,,0,0,0,0,,0,0,0,0,2026-09-12T20:10:25.613305+00:00
2026-09-13,39282,8741819,EDCKUL21BMPA0600,equipment,BMP,Mechanical,EDCKUL21,RF-T1,ROOF,1,Block AH,Smardt,34.57,28,81,53,100.0,20,20,0,1,22.86,8,35,27,1,0.0,0,26,26,1,,0,0,0,0,,0,0,0,0,2026-09-12T20:10:25.613305+00:00
2026-09-13,39282,8741820,EDCKUL21BMPA0700,equipment,BMP,Mechanical,EDCKUL21,RF-T1,ROOF,1,Block AH,Smardt,33.33,27,81,54,100.0,20,20,0,1,20.0,7,35,28,1,0.0,0,26,26,1,,0,0,0,0,,0,0,0,0,2026-09-12T20:10:25.613305+00:00
2026-09-13,39282,8741821,EDCKUL21BMPMPMA1,equipment,BMP,Mechanical,EDCKUL21,RF-T1,ROOF,1,Block AH,Smardt,33.33,27,81,54,100.0,20,20,0,1,20.0,7,35,28,1,0.0,0,26,26,1,,0,0,0,0,,0,0,0,0,2026-09-12T20:10:25.613305+00:00
2026-09-13,39282,8741822,EDCKUL21BMPMPMA2,equipment,BMP,Mechanical,EDCKUL21,RF-T1,ROOF,1,Block AH,Smardt,24.69,20,81,61,100.0,20,20,0,1,0.0,0,35,35,1,0.0,0,26,26,1,,0,0,0,0,,0,0,0,0,2026-09-12T20:10:25.613305+00:00
2026-09-13,39282,8741823,EDCKUL21CRAA0107,equipment,FWU,Mechanical,EDCKUL21,2F,MECH 71,1,Block AA,Stulz,25.61,21,82,61,100.0,21,21,0,1,0.0,0,35,35,1,0.0,0,26,26,1,,0,0,0,0,,0,0,0,0,2026-09-12T20:10:25.613305+00:00
2026-09-13,39282,8741824,EDCKUL21CRAA0707,equipment,FWU,Mechanical,EDCKUL21,2F,MECH 72,1,Block AB,Stulz,25.61,21,82,61,100.0,21,21,0,1,0.0,0,35,35,1,0.0,0,26,26,1,,0,0,0,0,,0,0,0,0,2026-09-12T20:10:25.613305+00:00
2026-09-13,39282,8741825,EDCKUL21CRAA010A,equipment,FWU,Mechanical,EDCKUL21,3F,MECH A1,1,Block AF,Stulz,7.32,6,82,76,28.57,6,21,15,1,0.0,0,35,35,1,0.0,0,26,26,1,,0,0,0,0,,0,0,0,0,2026-09-12T20:10:25.613305+00:00
2026-09-13,39282,8741826,EDCKUL21CRAA020A,equipment,FWU,Mechanical,EDCKUL21,3F,MECH A1,1,Block AD,Stulz,25.61,21,82,61,100.0,21,21,0,1,0.0,0,35,35,1,0.0,0,26,26,1,,0,0,0,0,,0,0,0,0,2026-09-12T20:10:25.613305+00:00
2026-09-13,39282,8741827,EDCKUL21CRAA0207,equipment,FWU,Mechanical,EDCKUL21,2F,MECH 71,1,Block AC,Stulz,25.61,21,82,61,100.0,21,21,0,1,0.0,0,35,35,1,0.0,0,26,26,1,,0,0,0,0,,0,0,0,0,2026-09-12T20:10:25.613305+00:00
2026-09-13,39282,8741828,EDCKUL21CRAA0507,equipment,FWU,Mechanical,EDCKUL21,2F,MECH 72,1,Block AC,Stulz,25.61,21,82,61,100.0,21,21,0,1,0.0,0,35,35,1,0.0,0,26,26,1,,0,0,0,0,,0,0,0,0,2026-09-12T20:10:25.613305+00:00
2026-09-13,39282,8741829,EDCKUL21CRAA030A,equipment,FWU,Mechanical,EDCKUL21,3F,MECH A1,1,Block AE,Stulz,25.61,21,82,61,100.0,21,21,0,1,0.0,0,35,35,1,0.0,0,26,26,1,,0,0,0,0,,0,0,0,0,2026-09-12T20:10:25.613305+00:00
2026-09-13,39282,8741830,EDCKUL21CRAA040A,equipment,FWU,Mechanical,EDCKUL21,3F,MECH A1,1,Block AF,Stulz,25.61,21,82,61,100.0,21,21,0,1,0.0,0,35,35,1,0.0,0,26,26,1,,0,0,0,0,,0,0,0,0,2026-09-12T20:10:25.613305+00:00
2026-09-13,39282,8741831,EDCKUL21CRAA0307,equipment,FWU,Mechanical,EDCKUL21,2F,MECH 71,1,Block AB,Stulz,25.61,21,82,61,100.0,21,21,0,1,0.0,0,35,35,1,0.0,0,26,26,1,,0,0,0,0,,0,0,0,0,2026-09-12T20:10:25.613305+00:00
2026-09-13,39282,8741832,EDCKUL21CRAA0807,equipment,FWU,Mechanical,EDCKUL21,2F,MECH 72,1,Block AC,Stulz,25.61,21,82,61,100.0,21,21,0,1,0.0,0,35,35,1,0.0,0,26,26,1,,0,0,0,0,,0,0,0,0,2026-09-12T20:10:25.613305+00:00
2026-09-13,39282,8741833,EDCKUL21CRAA050A,equipment,FWU,Mechanical,EDCKUL21,3F,MECH A2,1,Block AD,Stulz,25.61,21,82,61,100.0,21,21,0,1,0.0,0,35,35,1,0.0,0,26,26,1,,0,0,0,0,,0,0,0,0,2026-09-12T20:10:25.613305+00:00
2026-09-13,39282,8741834,EDCKUL21CRAA060A,equipment,FWU,Mechanical,EDCKUL21,3F,MECH A2,1,Block AF,Stulz,25.61,21,82,61,100.0,21,21,0,1,0.0,0,35,35,1,0.0,0,26,26,1,,0,0,0,0,,0,0,0,0,2026-09-12T20:10:25.613305+00:00
2026-09-13,39282,8741835,EDCKUL21CRAA0407,equipment,FWU,Mechanical,EDCKUL21,2F,MECH 71,1,Block AA,Stulz,25.61,21,82,61,100.0,21,21,0,1,0.0,0,35,35,1,0.0,0,26,26,1,,0,0,0,0,,0,0,0,0,2026-09-12T20:10:25.613305+00:00
2026-09-13,39282,8741836,EDCKUL21CRAA0607,equipment,FWU,Mechanical,EDCKUL21,2F,MECH 72,1,Block AA,Stulz,25.61,21,82,61,100.0,21,21,0,1,0.0,0,35,35,1,0.0,0,26,26,1,,0,0,0,0,,0,0,0,0,2026-09-12T20:10:25.613305+00:00
2026-09-13,39282,8741837,EDCKUL21CRAA070A,equipment,FWU,Mechanical,EDCKUL21,3F,MECH A2,1,Block AE,Stulz,25.61,21,82,61,100.0,21,21,0,1,0.0,0,35,35,1,0.0,0,26,26,1,,0,0,0,0,,0,0,0,0,2026-09-12T20:10:25.613305+00:00
2026-09-13,39282,8741838,EDCKUL21CRAA080A,equipment,FWU,Mechanical,EDCKUL21,3F,MECH A2,1,Block AD,Stulz,25.61,21,82,61,100.0,21,21,0,1,0.0,0,35,35,1,0.0,0,26,26,1,,0,0,0,0,,0,0,0,0,2026-09-12T20:10:25.613305+00:00
2026-09-13,39282,8741863,EDCKUL21CRAA0700,equipment,CRA,Mechanical,,,ELECTRICAL ROOM AF,1,Block AH,Stulz,24.69,20,81,61,100.0,20,20,0,1,0.0,0,35,35,1,0.0,0,26,26,1,,0,0,0,0,,0,0,0,0,2026-09-12T20:10:25.613305+00:00
2026-09-13,39282,8741864,EDCKUL21CRAA0800,equipment,CRA,Mechanical,,,ELECTRICAL ROOM AF,1,Block AH,Stulz,24.69,20,81,61,100.0,20,20,0,1,0.0,0,35,35,1,0.0,0,26,26,1,,0,0,0,0,,0,0,0,0,2026-09-12T20:10:25.613305+00:00
2026-09-13,39282,8741865,EDCKUL21CRAA0900,equipment,CRA,Mechanical,,,ELECTRICAL ROOM AE,1,Block AH,Stulz,24.69,20,81,61,100.0,20,20,0,1,0.0,0,35,35,1,0.0,0,26,26,1,,0,0,0,0,,0,0,0,0,2026-09-12T20:10:25.613305+00:00
2026-09-13,39282,8741866,EDCKUL21CRAA1000,equipment,CRA,Mechanical,,,ELECTRICAL ROOM AE,1,Block AH,Stulz,24.69,20,81,61,100.0,20,20,0,1,0.0,0,35,35,1,0.0,0,26,26,1,,0,0,0,0,,0,0,0,0,2026-09-12T20:10:25.613305+00:00
2026-09-13,39282,8741867,EDCKUL21CRAA1100,equipment,CRA,Mechanical,,,ELECTRICAL ROOM AD,1,Block AH,Stulz,24.69,20,81,61,100.0,20,20,0,1,0.0,0,35,35,1,0.0,0,26,26,1,,0,0,0,0,,0,0,0,0,2026-09-12T20:10:25.613305+00:00
2026-09-13,39282,8741868,EDCKUL21CRAA1200,equipment,CRA,Mechanical,,,ELECTRICAL ROOM AD,1,Block AH,Stulz,24.69,20,81,61,100.0,20,20,0,1,0.0,0,35,35,1,0.0,0,26,26,1,,0,0,0,0,,0,0,0,0,2026-09-12T20:10:25.613305+00:00
2026-09-13,39282,8741869,EDCKUL21CRAA1300,equipment,CRA,Mechanical,,,ELECTRICAL ROOM AZ,1,Block AH,Stulz,24.69,20,81,61,100.0,20,20,0,1,0.0,0,35,35,1,0.0,0,26,26,1,,0,0,0,0,,0,0,0,0,2026-09-12T20:10:25.613305+00:00
2026-09-13,39282,8741870,EDCKUL21CRAA1400,equipment,CRA,Mechanical,,,ELECTRICAL ROOM AZ,1,Block AH,Stulz,24.69,20,81,61,100.0,20,20,0,1,0.0,0,35,35,1,0.0,0,26,26,1,,0,0,0,0,,0,0,0,0,2026-09-12T20:10:25.613305+00:00
2026-09-13,39282,8741871,EDCKUL21CRAA2100,equipment,CRA,Mechanical,,,ELECTRICAL ROOM AA,1,Block AH,Stulz,24.69,20,81,61,100.0,20,20,0,1,0.0,0,35,35,1,0.0,0,26,26,1,,0,0,0,0,,0,0,0,0,2026-09-12T20:10:25.613305+00:00
2026-09-13,39282,8741872,EDCKUL21CRAA2200,equipment,CRA,Mechanical,,,ELECTRICAL ROOM AA,1,Block AH,Stulz,24.69,20,81,61,100.0,20,20,0,1,0.0,0,35,35,1,0.0,0,26,26,1,,0,0,0,0,,0,0,0,0,2026-09-12T20:10:25.613305+00:00
2026-09-13,39282,8741873,EDCKUL21CRAA2300,equipment,CRA,Mechanical,,,ELECTRICAL ROOM AB,1,Block AH,Stulz,24.69,20,81,61,100.0,20,20,0,1,0.0,0,35,35,1,0.0,0,26,26,1,,0,0,0,0,,0,0,0,0,2026-09-12T20:10:25.613305+00:00
2026-09-13,39282,8741874,EDCKUL21CRAA2400,equipment,CRA,Mechanical,,,ELECTRICAL ROOM AB,1,Block AH,Stulz,24.69,20,81,61,100.0,20,20,0,1,0.0,0,35,35,1,0.0,0,26,26,1,,0,0,0,0,,0,0,0,0,2026-09-12T20:10:25.613305+00:00
2026-09-13,39282,8741875,EDCKUL21CRAA2500,equipment,CRA,Mechanical,,,ELECTRICAL ROOM AC,1,Block AH,Stulz,24.69,20,81,61,100.0,20,20,0,1,0.0,0,35,35,1,0.0,0,26,26,1,,0,0,0,0,,0,0,0,0,2026-09-12T20:10:25.613305+00:00
2026-09-13,39282,8741876,EDCKUL21CRAA2600,equipment,CRA,Mechanical,,,ELECTRICAL ROOM AC,1,Block AH,Stulz,24.69,20,81,61,100.0,20,20,0,1,0.0,0,35,35,1,0.0,0,26,26,1,,0,0,0,0,,0,0,0,0,2026-09-12T20:10:25.613305+00:00
2026-09-13,39282,8741877,EDCKUL21CRAA2700,equipment,CRA,Mechanical,,,ELECTRICAL ROOM AH,1,Block AH,Stulz,24.69,20,81,61,100.0,20,20,0,1,0.0,0,35,35,1,0.0,0,26,26,1,,0,0,0,0,,0,0,0,0,2026-09-12T20:10:25.613305+00:00
2026-09-13,39282,8741878,EDCKUL21CTSA0100,equipment,CTS,Mechanical,EDCKUL21,RF-T1,ROOF,1,Block AH,Promatrix DCS,20.99,17,81,64,85.0,17,20,3,1,0.0,0,35,35,1,0.0,0,26,26,1,,0,0,0,0,,0,0,0,0,2026-09-12T20:10:25.613305+00:00
2026-09-13,39282,8741879,EDCKUL21CTSA0200,equipment,CTS,Mechanical,EDCKUL21,RF-T1,ROOF,1,Block AH,Promatrix DCS,9.88,8,81,73,40.0,8,20,12,1,0.0,0,35,35,1,0.0,0,26,26,1,,0,0,0,0,,0,0,0,0,2026-09-12T20:10:25.613305+00:00
2026-09-13,39282,8741881,EDCKUL21DPPAA110,equipment,DPP,Electrical,EDCKUL21,2F,MECH 71,1,Block AA,Promatrix DCS,24.69,20,81,61,100.0,20,20,0,1,0.0,0,35,35,1,0.0,0,26,26,1,,0,0,0,0,,0,0,0,0,2026-09-12T20:10:25.613305+00:00
2026-09-13,39282,8741882,EDCKUL21DPPAA210,equipment,DPP,Electrical,,,GENERATOR ROOM AA,1,Block AA,Sime Darby Industrial,70.11,61,87,26,100.0,21,21,0,1,100.0,40,40,0,1,0.0,0,26,26,1,,0,0,0,0,,0,0,0,0,2026-09-12T20:10:25.613305+00:00
2026-09-13,39282,8741883,EDCKUL21DPPAA310,equipment,DPP,Electrical,,,ELECTRICAL ROOM AA,1,Block AA,Eaton,23.26,20,86,66,100.0,20,20,0,1,0.0,0,40,40,1,0.0,0,26,26,1,,0,0,0,0,,0,0,0,0,2026-09-12T20:10:25.613305+00:00
2026-09-13,39282,8741884,EDCKUL21DPPAA410,equipment,DPP,Electrical,,,ELECTRICAL ROOM AA,1,Block AA,Eaton,23.26,20,86,66,100.0,20,20,0,1,0.0,0,40,40,1,0.0,0,26,26,1,,0,0,0,0,,0,0,0,0,2026-09-12T20:10:25.613305+00:00
2026-09-13,39282,8741886,EDCKUL21DPPAB210,equipment,DPP,Electrical,,,GENERATOR ROOM AB,1,Block AB,Sime Darby Industrial,70.11,61,87,26,100.0,21,21,0,1,100.0,40,40,0,1,0.0,0,26,26,1,,0,0,0,0,,0,0,0,0,2026-09-12T20:10:25.613305+00:00
2026-09-13,39282,8741887,EDCKUL21DPPAB310,equipment,DPP,Electrical,,,ELECTRICAL ROOM AB,1,Block AB,Eaton,23.26,20,86,66,100.0,20,20,0,1,0.0,0,40,40,1,0.0,0,26,26,1,,0,0,0,0,,0,0,0,0,2026-09-12T20:10:25.613305+00:00
2026-09-13,39282,8741888,EDCKUL21DPPAB410,equipment,DPP,Electrical,,,ELECTRICAL ROOM AB,1,Block AB,Eaton,23.26,20,86,66,100.0,20,20,0,1,0.0,0,40,40,1,0.0,0,26,26,1,,0,0,0,0,,0,0,0,0,2026-09-12T20:10:25.613305+00:00
2026-09-13,39282,8741889,EDCKUL21DPPAC110,equipment,DPP,Electrical,EDCKUL21,2F,MECH 72,1,Block AC,Promatrix DCS,24.69,20,81,61,100.0,20,20,0,1,0.0,0,35,35,1,0.0,0,26,26,1,,0,0,0,0,,0,0,0,0,2026-09-12T20:10:25.613305+00:00
2026-09-13,39282,8741890,EDCKUL21DPPAC210,equipment,DPP,Electrical,,,GENERATOR ROOM AC,1,Block AC,Sime Darby Industrial,70.11,61,87,26,100.0,21,21,0,1,100.0,40,40,0,1,0.0,0,26,26,1,,0,0,0,0,,0,0,0,0,2026-09-12T20:10:25.613305+00:00
2026-09-13,39282,8741891,EDCKUL21DPPAC310,equipment,DPP,Electrical,,,ELECTRICAL ROOM AC,1,Block AC,Eaton,23.26,20,86,66,100.0,20,20,0,1,0.0,0,40,40,1,0.0,0,26,26,1,,0,0,0,0,,0,0,0,0,2026-09-12T20:10:25.613305+00:00
2026-09-13,39282,8741892,EDCKUL21DPPAC410,equipment,DPP,Electrical,,,ELECTRICAL ROOM AC,1,Block AC,Eaton,23.26,20,86,66,100.0,20,20,0,1,0.0,0,40,40,1,0.0,0,26,26,1,,0,0,0,0,,0,0,0,0,2026-09-12T20:10:25.613305+00:00
2026-09-13,39282,8741893,EDCKUL21DPPAD110,equipment,DPP,Electrical,EDCKUL21,3F,MECH A2,1,Block AD,Promatrix DCS,24.69,20,81,61,100.0,20,20,0,1,0.0,0,35,35,1,0.0,0,26,26,1,,0,0,0,0,,0,0,0,0,2026-09-12T20:10:25.613305+00:00
2026-09-13,39282,8741894,EDCKUL21DPPAD210,equipment,DPP,Electrical,,,GENERATOR ROOM AD,1,Block AD,Sime Darby Industrial,70.11,61,87,26,100.0,21,21,0,1,100.0,40,40,0,1,0.0,0,26,26,1,,0,0,0,0,,0,0,0,0,2026-09-12T20:10:25.613305+00:00
2026-09-13,39282,8741895,EDCKUL21DPPAD310,equipment,DPP,Electrical,,,ELECTRICAL ROOM AD,1,Block AD,Eaton,23.26,20,86,66,100.0,20,20,0,1,0.0,0,40,40,1,0.0,0,26,26,1,,0,0,0,0,,0,0,0,0,2026-09-12T20:10:25.613305+00:00
2026-09-13,39282,8741896,EDCKUL21DPPAD410,equipment,DPP,Electrical,,,ELECTRICAL ROOM AD,1,Block AD,Eaton,23.26,20,86,66,100.0,20,20,0,1,0.0,0,40,40,1,0.0,0,26,26,1,,0,0,0,0,,0,0,0,0,2026-09-12T20:10:25.613305+00:00
2026-09-13,39282,8741898,EDCKUL21DPPAE210,equipment,DPP,Electrical,,,GENERATOR ROOM AE,1,Block AE,Sime Darby Industrial,70.11,61,87,26,100.0,21,21,0,1,100.0,40,40,0,1,0.0,0,26,26,1,,0,0,0,0,,0,0,0,0,2026-09-12T20:10:25.613305+00:00
2026-09-13,39282,8741899,EDCKUL21DPPAE310,equipment,DPP,Electrical,,,ELECTRICAL ROOM AE,1,Block AE,Eaton,23.26,20,86,66,100.0,20,20,0,1,0.0,0,40,40,1,0.0,0,26,26,1,,0,0,0,0,,0,0,0,0,2026-09-12T20:10:25.613305+00:00
2026-09-13,39282,8741900,EDCKUL21DPPAE410,equipment,DPP,Electrical,,,ELECTRICAL ROOM AE,1,Block AE,Eaton,23.26,20,86,66,100.0,20,20,0,1,0.0,0,40,40,1,0.0,0,26,26,1,,0,0,0,0,,0,0,0,0,2026-09-12T20:10:25.613305+00:00
2026-09-13,39282,8741901,EDCKUL21DPPAF110,equipment,DPP,Electrical,EDCKUL21,3F,MECH A1,1,Block AF,Promatrix DCS,33.33,27,81,54,100.0,20,20,0,1,20.0,7,35,28,1,0.0,0,26,26,1,,0,0,0,0,,0,0,0,0,2026-09-12T20:10:25.613305+00:00
2026-09-13,39282,8741902,EDCKUL21DPPAF210,equipment,DPP,Electrical,,,GENERATOR ROOM AF,1,Block AF,Sime Darby Industrial,70.11,61,87,26,100.0,21,21,0,1,100.0,40,40,0,1,0.0,0,26,26,1,,0,0,0,0,,0,0,0,0,2026-09-12T20:10:25.613305+00:00
2026-09-13,39282,8741903,EDCKUL21DPPAF310,equipment,DPP,Electrical,,,ELECTRICAL ROOM AF,1,Block AF,Eaton,23.26,20,86,66,100.0,20,20,0,1,0.0,0,40,40,1,0.0,0,26,26,1,,0,0,0,0,,0,0,0,0,2026-09-12T20:10:25.613305+00:00
2026-09-13,39282,8741904,EDCKUL21DPPAF410,equipment,DPP,Electrical,,,ELECTRICAL ROOM AF,1,Block AF,Eaton,23.26,20,86,66,100.0,20,20,0,1,0.0,0,40,40,1,0.0,0,26,26,1,,0,0,0,0,,0,0,0,0,2026-09-12T20:10:25.613305+00:00
2026-09-13,39282,8741905,EDCKUL21DPPAH110,equipment,DPP,Electrical,,,GENERATOR ROOM AH,1,Block AH,Sime Darby Industrial,70.11,61,87,26,100.0,21,21,0,1,100.0,40,40,0,1,0.0,0,26,26,1,,0,0,0,0,,0,0,0,0,2026-09-12T20:10:25.613305+00:00
2026-09-13,39282,8741906,EDCKUL21DPPAH120,equipment,DPP,Electrical,,,ELECTRICAL ROOM BH,1,Block AH,Promatrix DCS,70.11,61,87,26,100.0,21,21,0,1,100.0,40,40,0,1,0.0,0,26,26,1,,0,0,0,0,,0,0,0,0,2026-09-12T20:10:25.613305+00:00
2026-09-13,39282,8741907,EDCKUL21DPPAH130,equipment,DPP,Electrical,,,ELECTRICAL ROOM AH,1,Block AH,Promatrix DCS,70.11,61,87,26,100.0,21,21,0,1,100.0,40,40,0,1,0.0,0,26,26,1,,0,0,0,0,,0,0,0,0,2026-09-12T20:10:25.613305+00:00
2026-09-13,39282,8741908,EDCKUL21DPPAH220,equipment,DPP,Electrical,,,ELECTRICAL ROOM BH,1,Block AH,Promatrix DCS,39.08,34,87,53,100.0,21,21,0,1,32.5,13,40,27,1,0.0,0,26,26,1,,0,0,0,0,,0,0,0,0,2026-09-12T20:10:25.613305+00:00
2026-09-13,39282,8741909,EDCKUL21DPPAH230,equipment,DPP,Electrical,,,ELECTRICAL ROOM AH,1,Block AH,Promatrix DCS,70.11,61,87,26,100.0,21,21,0,1,100.0,40,40,0,1,0.0,0,26,26,1,,0,0,0,0,,0,0,0,0,2026-09-12T20:10:25.613305+00:00
2026-09-13,39282,8741910,EDCKUL21DPPAH320,equipment,DPP,Electrical,,,CORRIDOR,1,Block AH,Promatrix DCS,70.11,61,87,26,100.0,21,21,0,1,100.0,40,40,0,1,0.0,0,26,26,1,,0,0,0,0,,0,0,0,0,2026-09-12T20:10:25.613305+00:00
2026-09-13,39282,8741911,EDCKUL21DPPAH330,equipment,DPP,Electrical,,,CORRIDOR,1,Block AH,Promatrix DCS,70.11,61,87,26,100.0,21,21,0,1,100.0,40,40,0,1,0.0,0,26,26,1,,0,0,0,0,,0,0,0,0,2026-09-12T20:10:25.613305+00:00
2026-09-13,39282,8741912,EDCKUL21DPPAH420,equipment,DPP,Electrical,,,ELECTRICAL ROOM BZ,1,Block AH,Promatrix DCS,70.11,61,87,26,100.0,21,21,0,1,100.0,40,40,0,1,0.0,0,26,26,1,,0,0,0,0,,0,0,0,0,2026-09-12T20:10:25.613305+00:00
2026-09-13,39282,8741913,EDCKUL21DPPAH430,equipment,DPP,Electrical,,,END USER OFFICE,1,Block AH,Promatrix DCS,24.14,21,87,66,100.0,21,21,0,1,0.0,0,40,40,1,0.0,0,26,26,1,,0,0,0,0,,0,0,0,0,2026-09-12T20:10:25.613305+00:00
2026-09-13,39282,8741914,EDCKUL21DPPAH520,equipment,DPP,Electrical,,,ELECTRICAL ROOM BZ,1,Block AH,Promatrix DCS,39.08,34,87,53,100.0,21,21,0,1,32.5,13,40,27,1,0.0,0,26,26,1,,0,0,0,0,,0,0,0,0,2026-09-12T20:10:25.613305+00:00
2026-09-13,39282,8741915,EDCKUL21DPPAH530,equipment,DPP,Electrical,,,ELECTRICAL ROOM AZ,1,Block AH,Promatrix DCS,70.11,61,87,26,100.0,21,21,0,1,100.0,40,40,0,1,0.0,0,26,26,1,,0,0,0,0,,0,0,0,0,2026-09-12T20:10:25.613305+00:00
2026-09-13,39282,8741916,EDCKUL21DPPAH620,equipment,DPP,Electrical,,,CORRIDOR,1,Block AH,Promatrix DCS,32.18,28,87,59,100.0,21,21,0,1,17.5,7,40,33,1,0.0,0,26,26,1,,0,0,0,0,,0,0,0,0,2026-09-12T20:10:25.613305+00:00
2026-09-13,39282,8741917,EDCKUL21DPPAH630,equipment,DPP,Electrical,,,ELECTRICAL ROOM AZ,1,Block AH,Promatrix DCS,33.33,29,87,58,100.0,21,21,0,1,20.0,8,40,32,1,0.0,0,26,26,1,,0,0,0,0,,0,0,0,0,2026-09-12T20:10:25.613305+00:00
2026-09-13,39282,8741918,EDCKUL21DPPAH720,equipment,DPP,Electrical,,,CORRIDOR,1,Block AH,Promatrix DCS,32.18,28,87,59,100.0,21,21,0,1,17.5,7,40,33,1,0.0,0,26,26,1,,0,0,0,0,,0,0,0,0,2026-09-12T20:10:25.613305+00:00
2026-09-13,39282,8741919,EDCKUL21DPPAH730,equipment,DPP,Electrical,,,CORRIDOR,1,Block AH,Promatrix DCS,70.11,61,87,26,100.0,21,21,0,1,100.0,40,40,0,1,0.0,0,26,26,1,,0,0,0,0,,0,0,0,0,2026-09-12T20:10:25.613305+00:00
2026-09-13,39282,8741920,EDCKUL21DPPAH830,equipment,DPP,Electrical,,,END USER OFFICE,1,Block AH,Promatrix DCS,40.74,33,81,48,100.0,20,20,0,1,37.14,13,35,22,1,0.0,0,26,26,1,,0,0,0,0,,0,0,0,0,2026-09-12T20:10:25.613305+00:00
2026-09-13,39282,8741921,EDCKUL21DPPAH930,equipment,DPP,Electrical,EDCKUL21,RF-T1,SERVICE LOBBY (LOWER ROOF),1,Block AH,Promatrix DCS,32.18,28,87,59,100.0,21,21,0,1,17.5,7,40,33,1,0.0,0,26,26,1,,0,0,0,0,,0,0,0,0,2026-09-12T20:10:25.613305+00:00
2026-09-13,39282,8741932,EDCKUL21DPPAZ210,equipment,DPP,Electrical,,,GENERATOR ROOM AZ,1,Block AZ,Sime Darby Industrial,70.11,61,87,26,100.0,21,21,0,1,100.0,40,40,0,1,0.0,0,26,26,1,,0,0,0,0,,0,0,0,0,2026-09-12T20:10:25.613305+00:00
2026-09-13,39282,8741933,EDCKUL21DPPAZ310,equipment,DPP,Electrical,,,BATTERY ROOM AZ,1,Block AZ,Eaton,23.26,20,86,66,100.0,20,20,0,1,0.0,0,40,40,1,0.0,0,26,26,1,,0,0,0,0,,0,0,0,0,2026-09-12T20:10:25.613305+00:00
2026-09-13,39282,8741934,EDCKUL21DPPAZ410,equipment,DPP,Electrical,,,BATTERY ROOM AZ,1,Block AZ,Eaton,23.26,20,86,66,100.0,20,20,0,1,0.0,0,40,40,1,0.0,0,26,26,1,,0,0,0,0,,0,0,0,0,2026-09-12T20:10:25.613305+00:00
2026-09-13,39282,8741935,EDCKUL21DSGAA110,equipment,DSG,Electrical,EDCKUL21,2F,TX DECK AA-AB,1,Block AA,Siemens Malaysia,79.34,96,121,25,100.0,21,21,0,1,100.0,74,74,0,2,3.85,1,26,25,1,,0,0,0,0,,0,0,0,0,2026-09-12T20:10:25.613305+00:00
2026-09-13,39282,8741936,EDCKUL21DSGAB110,equipment,DSG,Electrical,EDCKUL21,2F,TX DECK AA-AB,1,Block AB,Siemens Malaysia,78.51,95,121,26,100.0,21,21,0,1,100.0,74,74,0,2,0.0,0,26,26,1,,0,0,0,0,,0,0,0,0,2026-09-12T20:10:25.613305+00:00
2026-09-13,39282,8741937,EDCKUL21DSGAC110,equipment,DSG,Electrical,EDCKUL21,2F,TX DECK AC-AH,1,Block AC,Siemens Malaysia,82.64,100,121,21,100.0,21,21,0,1,100.0,74,74,0,2,19.23,5,26,21,1,,0,0,0,0,,0,0,0,0,2026-09-12T20:10:25.613305+00:00
2026-09-13,39282,8741938,EDCKUL21DSGAD110,equipment,DSG,Electrical,EDCKUL21,3F,TX DECK AD-AZ,1,Block AD,Siemens Malaysia,78.51,95,121,26,100.0,21,21,0,1,100.0,74,74,0,2,0.0,0,26,26,1,,0,0,0,0,,0,0,0,0,2026-09-12T20:10:25.613305+00:00
2026-09-13,39282,8741939,EDCKUL21DSGAE110,equipment,DSG,Electrical,EDCKUL21,3F,TX DECK AE-AF,1,Block AE,Siemens Malaysia,78.51,95,121,26,100.0,21,21,0,1,100.0,74,74,0,2,0.0,0,26,26,1,,0,0,0,0,,0,0,0,0,2026-09-12T20:10:25.613305+00:00
2026-09-13,39282,8741940,EDCKUL21DSGAF110,equipment,DSG,Electrical,EDCKUL21,3F,TX DECK AE-AF,1,Block AF,Siemens Malaysia,78.51,95,121,26,100.0,21,21,0,1,100.0,74,74,0,2,0.0,0,26,26,1,,0,0,0,0,,0,0,0,0,2026-09-12T20:10:25.613305+00:00
2026-09-13,39282,8741941,EDCKUL21DSGAH110,equipment,DSG,Electrical,EDCKUL21,2F,TX DECK AC-AH,1,Block AH,Siemens Malaysia,78.51,95,121,26,100.0,21,21,0,1,100.0,74,74,0,2,0.0,0,26,26,1,,0,0,0,0,,0,0,0,0,2026-09-12T20:10:25.613305+00:00
2026-09-13,39282,8741942,EDCKUL21DSGAZ110,equipment,DSG,Electrical,EDCKUL21,3F,TX DECK AD-AZ,1,Block AZ,Siemens Malaysia,78.51,95,121,26,100.0,21,21,0,1,100.0,74,74,0,2,0.0,0,26,26,1,,0,0,0,0,,0,0,0,0,2026-09-12T20:10:25.613305+00:00
2026-09-13,39282,8741943,EDCKUL21EPPAH210,equipment,EPP,Electrical,,,PANEL ROOM,1,Block AH,Promatrix DCS,77.59,90,116,26,100.0,21,21,0,1,100.0,69,69,0,2,0.0,0,26,26,1,,0,0,0,0,,0,0,0,0,2026-09-12T20:10:25.613305+00:00
2026-09-13,39282,8741944,EDCKUL21EPPAH310,equipment,EPP,Electrical,,,PANEL ROOM,1,Block AH,Promatrix DCS,70.11,61,87,26,100.0,21,21,0,1,100.0,40,40,0,1,0.0,0,26,26,1,,0,0,0,0,,0,0,0,0,2026-09-12T20:10:25.613305+00:00
2026-09-13,39282,8741945,EDCKUL21EPPAH410,equipment,EPP,Electrical,,,ELECTRICAL ROOM BH,1,Block AH,Promatrix DCS,78.51,95,121,26,100.0,21,21,0,1,100.0,74,74,0,2,0.0,0,26,26,1,,0,0,0,0,,0,0,0,0,2026-09-12T20:10:25.613305+00:00
2026-09-13,39282,8741946,EDCKUL21EPPAH510,equipment,EPP,Electrical,EDCKUL21,RF-T1,SERVICE LOBBY (LOWER ROOF),1,Block AH,Promatrix DCS,39.08,34,87,53,100.0,21,21,0,1,32.5,13,40,27,1,0.0,0,26,26,1,,0,0,0,0,,0,0,0,0,2026-09-12T20:10:25.613305+00:00
2026-09-13,39282,8741947,EDCKUL21EPPAH610,equipment,EPP,Electrical,,,ELECTRICAL ROOM AH,1,Block AH,Promatrix DCS,67.9,55,81,26,100.0,20,20,0,1,100.0,35,35,0,1,0.0,0,26,26,1,,0,0,0,0,,0,0,0,0,2026-09-12T20:10:25.613305+00:00
2026-09-13,39282,8741952,EDCKUL21EXPA0100,equipment,EXP,Mechanical,EDCKUL21,RF-T1,ROOF,1,Block AH,Promatrix DCS,25.61,21,82,61,100.0,21,21,0,1,0.0,0,35,35,1,0.0,0,26,26,1,,0,0,0,0,,0,0,0,0,2026-09-12T20:10:25.613305+00:00
2026-09-13,39282,8741953,EDCKUL21EXPA0200,equipment,EXP,Mechanical,EDCKUL21,RF-T1,ROOF,1,Block AH,Promatrix DCS,25.61,21,82,61,100.0,21,21,0,1,0.0,0,35,35,1,0.0,0,26,26,1,,0,0,0,0,,0,0,0,0,2026-09-12T20:10:25.613305+00:00
2026-09-13,39282,8741974,EDCKUL21GDTAA100,equipment,GDT,Mechanical,,,GENERATOR ROOM AA,1,Block AA,Sime Darby Industrial,68.29,56,82,26,100.0,21,21,0,1,100.0,35,35,0,1,0.0,0,26,26,1,,0,0,0,0,,0,0,0,0,2026-09-12T20:10:25.613305+00:00
2026-09-13,39282,8741975,EDCKUL21GDTAB100,equipment,GDT,Mechanical,,,GENERATOR ROOM AB,1,Block AB,Sime Darby Industrial,68.29,56,82,26,100.0,21,21,0,1,100.0,35,35,0,1,0.0,0,26,26,1,,0,0,0,0,,0,0,0,0,2026-09-12T20:10:25.613305+00:00
2026-09-13,39282,8741976,EDCKUL21GDTAC100,equipment,GDT,Mechanical,,,GENERATOR ROOM AC,1,Block AC,Sime Darby Industrial,68.29,56,82,26,100.0,21,21,0,1,100.0,35,35,0,1,0.0,0,26,26,1,,0,0,0,0,,0,0,0,0,2026-09-12T20:10:25.613305+00:00
2026-09-13,39282,8741977,EDCKUL21GDTAD100,equipment,GDT,Mechanical,,,GENERATOR ROOM AD,1,Block AD,Sime Darby Industrial,67.07,55,82,27,100.0,21,21,0,1,97.14,34,35,1,1,0.0,0,26,26,1,,0,0,0,0,,0,0,0,0,2026-09-12T20:10:25.613305+00:00
2026-09-13,39282,8741978,EDCKUL21GDTAE100,equipment,GDT,Mechanical,,,GENERATOR ROOM AE,1,Block AE,Sime Darby Industrial,68.29,56,82,26,100.0,21,21,0,1,100.0,35,35,0,1,0.0,0,26,26,1,,0,0,0,0,,0,0,0,0,2026-09-12T20:10:25.613305+00:00
2026-09-13,39282,8741979,EDCKUL21GDTAF100,equipment,GDT,Mechanical,,,GENERATOR ROOM AF,1,Block AF,Sime Darby Industrial,68.29,56,82,26,100.0,21,21,0,1,100.0,35,35,0,1,0.0,0,26,26,1,,0,0,0,0,,0,0,0,0,2026-09-12T20:10:25.613305+00:00
2026-09-13,39282,8741980,EDCKUL21GDTAH100,equipment,GDT,Mechanical,,,GENERATOR ROOM AH,1,Block AH,Sime Darby Industrial,68.29,56,82,26,100.0,21,21,0,1,100.0,35,35,0,1,0.0,0,26,26,1,,0,0,0,0,,0,0,0,0,2026-09-12T20:10:25.613305+00:00
2026-09-13,39282,8741981,EDCKUL21GDTAZ100,equipment,GDT,Mechanical,,,GENERATOR ROOM AZ,1,Block AZ,Sime Darby Industrial,68.29,56,82,26,100.0,21,21,0,1,100.0,35,35,0,1,0.0,0,26,26,1,,0,0,0,0,,0,0,0,0,2026-09-12T20:10:25.613305+00:00
2026-09-13,39282,8741982,EDCKUL21GENAA100,equipment,GEN,Electrical,,,GENERATOR ROOM AA,1,Block AA,Sime Darby Industrial,70.11,61,87,26,100.0,21,21,0,1,100.0,40,40,0,1,0.0,0,26,26,1,,0,0,0,0,,0,0,0,0,2026-09-12T20:10:25.613305+00:00
2026-09-13,39282,8741983,EDCKUL21GENAB100,equipment,GEN,Electrical,,,GENERATOR ROOM AB,1,Block AB,Sime Darby Industrial,70.11,61,87,26,100.0,21,21,0,1,100.0,40,40,0,1,0.0,0,26,26,1,,0,0,0,0,,0,0,0,0,2026-09-12T20:10:25.613305+00:00
2026-09-13,39282,8741984,EDCKUL21GENAC100,equipment,GEN,Electrical,,,GENERATOR ROOM AC,1,Block AC,Sime Darby Industrial,70.11,61,87,26,100.0,21,21,0,1,100.0,40,40,0,1,0.0,0,26,26,1,,0,0,0,0,,0,0,0,0,2026-09-12T20:10:25.613305+00:00
2026-09-13,39282,8741985,EDCKUL21GENAD100,equipment,GEN,Electrical,,,GENERATOR ROOM AD,1,Block AD,Sime Darby Industrial,70.11,61,87,26,100.0,21,21,0,1,100.0,40,40,0,1,0.0,0,26,26,1,,0,0,0,0,,0,0,0,0,2026-09-12T20:10:25.613305+00:00
2026-09-13,39282,8741986,EDCKUL21GENAE100,equipment,GEN,Electrical,,,GENERATOR ROOM AE,1,Block AE,Sime Darby Industrial,70.11,61,87,26,100.0,21,21,0,1,100.0,40,40,0,1,0.0,0,26,26,1,,0,0,0,0,,0,0,0,0,2026-09-12T20:10:25.613305+00:00
2026-09-13,39282,8741987,EDCKUL21GENAF100,equipment,GEN,Electrical,,,GENERATOR ROOM AF,1,Block AF,Sime Darby Industrial,70.11,61,87,26,100.0,21,21,0,1,100.0,40,40,0,1,0.0,0,26,26,1,,0,0,0,0,,0,0,0,0,2026-09-12T20:10:25.613305+00:00
2026-09-13,39282,8741988,EDCKUL21GENAH100,equipment,GEN,Electrical,,,GENERATOR ROOM AH,1,Block AH,Sime Darby Industrial,71.26,62,87,25,100.0,21,21,0,1,100.0,40,40,0,1,3.85,1,26,25,1,,0,0,0,0,,0,0,0,0,2026-09-12T20:10:25.613305+00:00
2026-09-13,39282,8741989,EDCKUL21GENAZ100,equipment,GEN,Electrical,,,GENERATOR ROOM AZ,1,Block AZ,Sime Darby Industrial,70.11,61,87,26,100.0,21,21,0,1,100.0,40,40,0,1,0.0,0,26,26,1,,0,0,0,0,,0,0,0,0,2026-09-12T20:10:25.613305+00:00
2026-09-13,39282,8741990,EDCKUL21LBG00100,equipment,LBG,Electrical,EDCKUL21,RF-T1,LOAD BANK SPACE,1,Load bank,IAQ Solutions,80.49,66,82,16,100.0,21,21,0,1,100.0,35,35,0,1,38.46,10,26,16,1,,0,0,0,0,,0,0,0,0,2026-09-12T20:10:25.613305+00:00
2026-09-13,39282,8741991,EDCKUL21GSBAA110,equipment,GSB,Electrical,,,GENERATOR ROOM AA,1,Block AA,Sime Darby Industrial,70.11,61,87,26,100.0,21,21,0,1,100.0,40,40,0,1,0.0,0,26,26,1,,0,0,0,0,,0,0,0,0,2026-09-12T20:10:25.613305+00:00
2026-09-13,39282,8741992,EDCKUL21GSBAB110,equipment,GSB,Electrical,,,GENERATOR ROOM AB,1,Block AB,Sime Darby Industrial,70.11,61,87,26,100.0,21,21,0,1,100.0,40,40,0,1,0.0,0,26,26,1,,0,0,0,0,,0,0,0,0,2026-09-12T20:10:25.613305+00:00
2026-09-13,39282,8741993,EDCKUL21GSBAC110,equipment,GSB,Electrical,,,GENERATOR ROOM AC,1,Block AC,Sime Darby Industrial,70.11,61,87,26,100.0,21,21,0,1,100.0,40,40,0,1,0.0,0,26,26,1,,0,0,0,0,,0,0,0,0,2026-09-12T20:10:25.613305+00:00
2026-09-13,39282,8741994,EDCKUL21GSBAD110,equipment,GSB,Electrical,,,GENERATOR ROOM AD,1,Block AD,Sime Darby Industrial,70.11,61,87,26,100.0,21,21,0,1,100.0,40,40,0,1,0.0,0,26,26,1,,0,0,0,0,,0,0,0,0,2026-09-12T20:10:25.613305+00:00
2026-09-13,39282,8741995,EDCKUL21GSBAE110,equipment,GSB,Electrical,,,GENERATOR ROOM AE,1,Block AE,Sime Darby Industrial,70.11,61,87,26,100.0,21,21,0,1,100.0,40,40,0,1,0.0,0,26,26,1,,0,0,0,0,,0,0,0,0,2026-09-12T20:10:25.613305+00:00
2026-09-13,39282,8741996,EDCKUL21GSBAF110,equipment,GSB,Electrical,,,GENERATOR ROOM AF,1,Block AF,Sime Darby Industrial,70.11,61,87,26,100.0,21,21,0,1,100.0,40,40,0,1,0.0,0,26,26,1,,0,0,0,0,,0,0,0,0,2026-09-12T20:10:25.613305+00:00
2026-09-13,39282,8741997,EDCKUL21GSBAZ110,equipment,GSB,Electrical,,,GENERATOR ROOM AZ,1,Block AZ,Sime Darby Industrial,70.11,61,87,26,100.0,21,21,0,1,100.0,40,40,0,1,0.0,0,26,26,1,,0,0,0,0,,0,0,0,0,2026-09-12T20:10:25.613305+00:00
2026-09-13,39282,8741998,EDCKUL21GSBAH110,equipment,GSB,Electrical,,,GENERATOR ROOM AH,1,Block AH,Sime Darby Industrial,70.11,61,87,26,100.0,21,21,0,1,100.0,40,40,0,1,0.0,0,26,26,1,,0,0,0,0,,0,0,0,0,2026-09-12T20:10:25.613305+00:00
2026-09-13,39282,8741999,EDCKUL21MBCAA110,equipment,MBC,Electrical,,,ELECTRICAL ROOM AA,1,Block AA,Powerwell,35.63,31,87,56,100.0,21,21,0,1,25.0,10,40,30,1,0.0,0,26,26,1,,0,0,0,0,,0,0,0,0,2026-09-12T20:10:25.613305+00:00
2026-09-13,39282,8742000,EDCKUL21MBCAB110,equipment,MBC,Electrical,,,ELECTRICAL ROOM AB,1,Block AB,Powerwell,35.63,31,87,56,100.0,21,21,0,1,25.0,10,40,30,1,0.0,0,26,26,1,,0,0,0,0,,0,0,0,0,2026-09-12T20:10:25.613305+00:00
2026-09-13,39282,8742001,EDCKUL21MBCAC110,equipment,MBC,Electrical,,,ELECTRICAL ROOM AC,1,Block AC,Powerwell,35.63,31,87,56,100.0,21,21,0,1,25.0,10,40,30,1,0.0,0,26,26,1,,0,0,0,0,,0,0,0,0,2026-09-12T20:10:25.613305+00:00
2026-09-13,39282,8742002,EDCKUL21MBCAD110,equipment,MBC,Electrical,,,ELECTRICAL ROOM AD,1,Block AD,Powerwell,35.63,31,87,56,100.0,21,21,0,1,25.0,10,40,30,1,0.0,0,26,26,1,,0,0,0,0,,0,0,0,0,2026-09-12T20:10:25.613305+00:00
2026-09-13,39282,8742003,EDCKUL21MBCAE110,equipment,MBC,Electrical,,,ELECTRICAL ROOM AE,1,Block AE,Powerwell,35.63,31,87,56,100.0,21,21,0,1,25.0,10,40,30,1,0.0,0,26,26,1,,0,0,0,0,,0,0,0,0,2026-09-12T20:10:25.613305+00:00
2026-09-13,39282,8742004,EDCKUL21MBCAF110,equipment,MBC,Electrical,,,ELECTRICAL ROOM AF,1,Block AF,Powerwell,35.63,31,87,56,100.0,21,21,0,1,25.0,10,40,30,1,0.0,0,26,26,1,,0,0,0,0,,0,0,0,0,2026-09-12T20:10:25.613305+00:00
2026-09-13,39282,8742005,EDCKUL21MBCAH110,equipment,MBC,Electrical,,,ELECTRICAL ROOM AH,1,Block AH,Powerwell,78.51,95,121,26,100.0,21,21,0,1,100.0,74,74,0,2,0.0,0,26,26,1,,0,0,0,0,,0,0,0,0,2026-09-12T20:10:25.613305+00:00
2026-09-13,39282,8742006,EDCKUL21MBCAZ110,equipment,MBC,Electrical,,,ELECTRICAL ROOM AZ,1,Block AZ,Powerwell,35.63,31,87,56,100.0,21,21,0,1,25.0,10,40,30,1,0.0,0,26,26,1,,0,0,0,0,,0,0,0,0,2026-09-12T20:10:25.613305+00:00
2026-09-13,39282,8742013,EDCKUL21MDPAH110,equipment,MDP,Electrical,,,ELECTRICAL ROOM BH,1,Block AH,Promatrix DCS,78.51,95,121,26,100.0,21,21,0,1,100.0,74,74,0,2,0.0,0,26,26,1,,0,0,0,0,,0,0,0,0,2026-09-12T20:10:25.613305+00:00
2026-09-13,39282,8742014,EDCKUL21MDPAH210,equipment,MDP,Electrical,,,ELECTRICAL ROOM AZ,1,Block AH,Promatrix DCS,32.18,28,87,59,100.0,21,21,0,1,17.5,7,40,33,1,0.0,0,26,26,1,,0,0,0,0,,0,0,0,0,2026-09-12T20:10:25.613305+00:00
2026-09-13,39282,8742015,EDCKUL21MDPAH310,equipment,MDP,Electrical,,,ELECTRICAL ROOM BZ,1,Block AH,Promatrix DCS,83.47,101,121,20,95.24,20,21,1,1,100.0,74,74,0,2,26.92,7,26,19,1,,0,0,0,0,,0,0,0,0,2026-09-12T20:10:25.613305+00:00
2026-09-13,39282,8742016,EDCKUL21MDPAH410,equipment,MDP,Electrical,,,ELECTRICAL ROOM AH,1,Block AH,Promatrix DCS,70.11,61,87,26,100.0,21,21,0,1,100.0,40,40,0,1,0.0,0,26,26,1,,0,0,0,0,,0,0,0,0,2026-09-12T20:10:25.613305+00:00
2026-09-13,39282,8742017,EDCKUL21MDPAH510,equipment,MDP,Electrical,,,ELECTRICAL ROOM AH,1,Block AH,Promatrix DCS,78.51,95,121,26,100.0,21,21,0,1,100.0,74,74,0,2,0.0,0,26,26,1,,0,0,0,0,,0,0,0,0,2026-09-12T20:10:25.613305+00:00
2026-09-13,39282,8742018,EDCKUL21MDPAH610,equipment,MDP,Electrical,,,ELECTRICAL ROOM AH,1,Block AH,Promatrix DCS,78.51,95,121,26,100.0,21,21,0,1,100.0,74,74,0,2,0.0,0,26,26,1,,0,0,0,0,,0,0,0,0,2026-09-12T20:10:25.613305+00:00
2026-09-13,39282,8742019,EDCKUL21MDPAH710,equipment,MDP,Electrical,,,ELECTRICAL ROOM AH,1,Block AH,Promatrix DCS,70.11,61,87,26,100.0,21,21,0,1,100.0,40,40,0,1,0.0,0,26,26,1,,0,0,0,0,,0,0,0,0,2026-09-12T20:10:25.613305+00:00
2026-09-13,39282,8742020,EDCKUL21MDPAH810,equipment,MDP,Electrical,,,ELECTRICAL ROOM AH,1,Block AH,Promatrix DCS,32.18,28,87,59,100.0,21,21,0,1,17.5,7,40,33,1,0.0,0,26,26,1,,0,0,0,0,,0,0,0,0,2026-09-12T20:10:25.613305+00:00
2026-09-13,39282,8742021,EDCKUL21MDPAH910,equipment,MDP,Electrical,,,ELECTRICAL ROOM AZ,1,Block AH,Promatrix DCS,78.51,95,121,26,100.0,21,21,0,1,100.0,74,74,0,2,0.0,0,26,26,1,,0,0,0,0,,0,0,0,0,2026-09-12T20:10:25.613305+00:00
2026-09-13,39282,8742022,EDCKUL21MDPAHA10,equipment,MDP,Electrical,,,,1,Block AH,Promatrix DCS,78.51,95,121,26,100.0,21,21,0,1,100.0,74,74,0,2,0.0,0,26,26,1,,0,0,0,0,,0,0,0,0,2026-09-12T20:10:25.613305+00:00
2026-09-13,39282,8742023,EDCKUL21MDPAHB10,equipment,MDP,Electrical,,,,1,Block AH,Promatrix DCS,78.51,95,121,26,100.0,21,21,0,1,100.0,74,74,0,2,0.0,0,26,26,1,,0,0,0,0,,0,0,0,0,2026-09-12T20:10:25.613305+00:00
2026-09-13,39282,8742024,EDCKUL21MDPAHC10,equipment,MDP,Electrical,,,ELECTRICAL ROOM AH,1,Block AH,Promatrix DCS,24.14,21,87,66,100.0,21,21,0,1,0.0,0,40,40,1,0.0,0,26,26,1,,0,0,0,0,,0,0,0,0,2026-09-12T20:10:25.613305+00:00
2026-09-13,39282,8742025,EDCKUL21MDPAHD10,equipment,MDP,Electrical,,,ELECTRICAL ROOM BZ,1,Block AH,Promatrix DCS,24.69,20,81,61,100.0,20,20,0,1,0.0,0,35,35,1,0.0,0,26,26,1,,0,0,0,0,,0,0,0,0,2026-09-12T20:10:25.613305+00:00
2026-09-13,39282,8742026,EDCKUL21MDPAHE10,equipment,MDP,Electrical,,,ELECTRICAL ROOM AH,1,Block AH,Promatrix DCS,0.0,0,87,87,0.0,0,21,21,1,0.0,0,40,40,1,0.0,0,26,26,1,,0,0,0,0,,0,0,0,0,2026-09-12T20:10:25.613305+00:00
2026-09-13,39282,8742027,EDCKUL21MSBAB110,equipment,MSB,Electrical,,,ELECTRICAL ROOM AB,1,Block AB,Powerwell,84.3,102,121,19,100.0,21,21,0,1,100.0,74,74,0,2,26.92,7,26,19,1,,0,0,0,0,,0,0,0,0,2026-09-12T20:10:25.613305+00:00
2026-09-13,39282,8742028,EDCKUL21MSBAA110,equipment,MSB,Electrical,,,ELECTRICAL ROOM AA,1,Block AA,Powerwell,84.3,102,121,19,100.0,21,21,0,1,100.0,74,74,0,2,26.92,7,26,19,1,,0,0,0,0,,0,0,0,0,2026-09-12T20:10:25.613305+00:00
2026-09-13,39282,8742029,EDCKUL21MSBAC110,equipment,MSB,Electrical,,,ELECTRICAL ROOM AC,1,Block AC,Powerwell,83.47,101,121,20,100.0,21,21,0,1,98.65,73,74,1,2,26.92,7,26,19,1,,0,0,0,0,,0,0,0,0,2026-09-12T20:10:25.613305+00:00
2026-09-13,39282,8742030,EDCKUL21MSBAD110,equipment,MSB,Electrical,,,ELECTRICAL ROOM AD,1,Block AD,Powerwell,84.3,102,121,19,100.0,21,21,0,1,100.0,74,74,0,2,26.92,7,26,19,1,,0,0,0,0,,0,0,0,0,2026-09-12T20:10:25.613305+00:00
2026-09-13,39282,8742031,EDCKUL21MSBAE110,equipment,MSB,Electrical,,,ELECTRICAL ROOM AE,1,Block AE,Powerwell,84.3,102,121,19,100.0,21,21,0,1,100.0,74,74,0,2,26.92,7,26,19,1,,0,0,0,0,,0,0,0,0,2026-09-12T20:10:25.613305+00:00
2026-09-13,39282,8742032,EDCKUL21MSBAF110,equipment,MSB,Electrical,,,ELECTRICAL ROOM AF,1,Block AF,Powerwell,84.3,102,121,19,100.0,21,21,0,1,100.0,74,74,0,2,26.92,7,26,19,1,,0,0,0,0,,0,0,0,0,2026-09-12T20:10:25.613305+00:00
2026-09-13,39282,8742033,EDCKUL21MSBAH110,equipment,MSB,Electrical,,,ELECTRICAL ROOM AH,1,Block AH,Powerwell,84.3,102,121,19,100.0,21,21,0,1,100.0,74,74,0,2,26.92,7,26,19,1,,0,0,0,0,,0,0,0,0,2026-09-12T20:10:25.613305+00:00
2026-09-13,39282,8742034,EDCKUL21MSBAH210,equipment,MSB,Electrical,,,ELECTRICAL ROOM AH,1,Block AH,Promatrix DCS,70.11,61,87,26,100.0,21,21,0,1,100.0,40,40,0,1,0.0,0,26,26,1,,0,0,0,0,,0,0,0,0,2026-09-12T20:10:25.613305+00:00
2026-09-13,39282,8742035,EDCKUL21MSBAH310,equipment,MSB,Electrical,,,ELECTRICAL ROOM AH,1,Block AH,Promatrix DCS,70.11,61,87,26,100.0,21,21,0,1,100.0,40,40,0,1,0.0,0,26,26,1,,0,0,0,0,,0,0,0,0,2026-09-12T20:10:25.613305+00:00
2026-09-13,39282,8742036,EDCKUL21MSBAZ110,equipment,MSB,Electrical,,,ELECTRICAL ROOM AZ,1,Block AZ,Powerwell,84.3,102,121,19,100.0,21,21,0,1,100.0,74,74,0,2,26.92,7,26,19,1,,0,0,0,0,,0,0,0,0,2026-09-12T20:10:25.613305+00:00
2026-09-13,39282,8742037,EDCKUL21OAF00100,equipment,OAF,Mechanical,EDCKUL21,RF-T1,ROOF,1,Block AH,Promatrix DCS,36.59,30,82,52,100.0,21,21,0,1,25.71,9,35,26,1,0.0,0,26,26,1,,0,0,0,0,,0,0,0,0,2026-09-12T20:10:25.613305+00:00
2026-09-13,39282,8742038,EDCKUL21OAF00200,equipment,OAF,Mechanical,EDCKUL21,RF-T1,ROOF,1,Block AH,Promatrix DCS,36.59,30,82,52,100.0,21,21,0,1,25.71,9,35,26,1,0.0,0,26,26,1,,0,0,0,0,,0,0,0,0,2026-09-12T20:10:25.613305+00:00
2026-09-13,39282,8742039,EDCKUL21OAF00300,equipment,OAF,Mechanical,EDCKUL21,RF-T1,ROOF,1,Block AH,Promatrix DCS,36.59,30,82,52,100.0,21,21,0,1,25.71,9,35,26,1,0.0,0,26,26,1,,0,0,0,0,,0,0,0,0,2026-09-12T20:10:25.613305+00:00
2026-09-13,39282,8742040,EDCKUL21OAF00400,equipment,OAF,Mechanical,EDCKUL21,RF-T1,ROOF,1,Block AH,Promatrix DCS,36.59,30,82,52,100.0,21,21,0,1,25.71,9,35,26,1,0.0,0,26,26,1,,0,0,0,0,,0,0,0,0,2026-09-12T20:10:25.613305+00:00
2026-09-13,39282,8742041,EDCKUL21OAF00500,equipment,OAF,Mechanical,EDCKUL21,RF-T1,ROOF,1,Block AH,Promatrix DCS,36.59,30,82,52,100.0,21,21,0,1,25.71,9,35,26,1,0.0,0,26,26,1,,0,0,0,0,,0,0,0,0,2026-09-12T20:10:25.613305+00:00
2026-09-13,39282,8742042,EDCKUL21OAF00600,equipment,OAF,Mechanical,EDCKUL21,RF-T1,ROOF,1,Block AH,Promatrix DCS,36.59,30,82,52,100.0,21,21,0,1,25.71,9,35,26,1,0.0,0,26,26,1,,0,0,0,0,,0,0,0,0,2026-09-12T20:10:25.613305+00:00
2026-09-13,39282,8742043,EDCKUL21OAF00700,equipment,OAF,Mechanical,EDCKUL21,RF-T1,ROOF,1,Block AH,Promatrix DCS,36.59,30,82,52,100.0,21,21,0,1,25.71,9,35,26,1,0.0,0,26,26,1,,0,0,0,0,,0,0,0,0,2026-09-12T20:10:25.613305+00:00
2026-09-13,39282,8742044,EDCKUL21OAF00800,equipment,OAF,Mechanical,EDCKUL21,RF-T1,ROOF,1,Block AH,Promatrix DCS,36.59,30,82,52,100.0,21,21,0,1,25.71,9,35,26,1,0.0,0,26,26,1,,0,0,0,0,,0,0,0,0,2026-09-12T20:10:25.613305+00:00
2026-09-13,39282,8742045,EDCKUL21OAF00900,equipment,OAF,Mechanical,EDCKUL21,RF-T1,ROOF,1,Block AH,Promatrix DCS,36.59,30,82,52,100.0,21,21,0,1,25.71,9,35,26,1,0.0,0,26,26,1,,0,0,0,0,,0,0,0,0,2026-09-12T20:10:25.613305+00:00
2026-09-13,39282,8742046,EDCKUL21OAF01000,equipment,OAF,Mechanical,EDCKUL21,RF-T1,ROOF,1,Block AH,Promatrix DCS,36.59,30,82,52,100.0,21,21,0,1,25.71,9,35,26,1,0.0,0,26,26,1,,0,0,0,0,,0,0,0,0,2026-09-12T20:10:25.613305+00:00
2026-09-13,39282,8742047,EDCKUL21OAF01100,equipment,OAF,Mechanical,EDCKUL21,RF-T1,ROOF,1,Block AH,Promatrix DCS,36.59,30,82,52,100.0,21,21,0,1,25.71,9,35,26,1,0.0,0,26,26,1,,0,0,0,0,,0,0,0,0,2026-09-12T20:10:25.613305+00:00
2026-09-13,39282,8742048,EDCKUL21OAF01200,equipment,OAF,Mechanical,EDCKUL21,RF-T1,ROOF,1,Block AH,Promatrix DCS,36.59,30,82,52,100.0,21,21,0,1,25.71,9,35,26,1,0.0,0,26,26,1,,0,0,0,0,,0,0,0,0,2026-09-12T20:10:25.613305+00:00
2026-09-13,39282,8742051,EDCKUL21OAF03300,equipment,OAF,Mechanical,,,L2  - CORRIDOR 01,1,Block AH,Promatrix DCS,25.61,21,82,61,100.0,21,21,0,1,0.0,0,35,35,1,0.0,0,26,26,1,,0,0,0,0,,0,0,0,0,2026-09-12T20:10:25.613305+00:00
2026-09-13,39282,8742052,EDCKUL21OAF03400,equipment,OAF,Mechanical,,,L2  - CORRIDOR 02,1,Block AH,Promatrix DCS,25.61,21,82,61,100.0,21,21,0,1,0.0,0,35,35,1,0.0,0,26,26,1,,0,0,0,0,,0,0,0,0,2026-09-12T20:10:25.613305+00:00
2026-09-13,39282,8742053,EDCKUL21OAF03500,equipment,OAF,Mechanical,,,L2  - CORRIDOR 03,1,Block AH,Promatrix DCS,25.61,21,82,61,100.0,21,21,0,1,0.0,0,35,35,1,0.0,0,26,26,1,,0,0,0,0,,0,0,0,0,2026-09-12T20:10:25.613305+00:00
2026-09-13,39282,8742054,EDCKUL21OAF03600,equipment,OAF,Mechanical,,,L2  - CORRIDOR 03,1,Block AH,Promatrix DCS,25.61,21,82,61,100.0,21,21,0,1,0.0,0,35,35,1,0.0,0,26,26,1,,0,0,0,0,,0,0,0,0,2026-09-12T20:10:25.613305+00:00
2026-09-13,39282,8742055,EDCKUL21OAF03700,equipment,OAF,Mechanical,,,L2  - CORRIDOR 04,1,Block AH,Promatrix DCS,25.61,21,82,61,100.0,21,21,0,1,0.0,0,35,35,1,0.0,0,26,26,1,,0,0,0,0,,0,0,0,0,2026-09-12T20:10:25.613305+00:00
2026-09-13,39282,8742056,EDCKUL21OAF03800,equipment,OAF,Mechanical,,,L2  - CORRIDOR 04,1,Block AH,Promatrix DCS,25.61,21,82,61,100.0,21,21,0,1,0.0,0,35,35,1,0.0,0,26,26,1,,0,0,0,0,,0,0,0,0,2026-09-12T20:10:25.613305+00:00
2026-09-13,39282,8742057,EDCKUL21OAF03900,equipment,OAF,Mechanical,,,L2  - CORRIDOR 05,1,Block AH,Promatrix DCS,25.61,21,82,61,100.0,21,21,0,1,0.0,0,35,35,1,0.0,0,26,26,1,,0,0,0,0,,0,0,0,0,2026-09-12T20:10:25.613305+00:00
2026-09-13,39282,8742058,EDCKUL21OAF04000,equipment,OAF,Mechanical,,,L3  - CORRIDOR 01,1,Block AH,Promatrix DCS,25.61,21,82,61,100.0,21,21,0,1,0.0,0,35,35,1,0.0,0,26,26,1,,0,0,0,0,,0,0,0,0,2026-09-12T20:10:25.613305+00:00
2026-09-13,39282,8742059,EDCKUL21OAF04100,equipment,OAF,Mechanical,,,L3  - CORRIDOR 01,1,Block AH,Promatrix DCS,25.61,21,82,61,100.0,21,21,0,1,0.0,0,35,35,1,0.0,0,26,26,1,,0,0,0,0,,0,0,0,0,2026-09-12T20:10:25.613305+00:00
2026-09-13,39282,8742060,EDCKUL21OAF04200,equipment,OAF,Mechanical,,,L3  - CORRIDOR 01,1,Block AH,Promatrix DCS,25.61,21,82,61,100.0,21,21,0,1,0.0,0,35,35,1,0.0,0,26,26,1,,0,0,0,0,,0,0,0,0,2026-09-12T20:10:25.613305+00:00
2026-09-13,39282,8742061,EDCKUL21OAF04300,equipment,OAF,Mechanical,,,L3  - CORRIDOR 02,1,Block AH,Promatrix DCS,25.61,21,82,61,100.0,21,21,0,1,0.0,0,35,35,1,0.0,0,26,26,1,,0,0,0,0,,0,0,0,0,2026-09-12T20:10:25.613305+00:00
2026-09-13,39282,8742062,EDCKUL21OAF04400,equipment,OAF,Mechanical,,,L3  - CORRIDOR 03,1,Block AH,Promatrix DCS,25.61,21,82,61,100.0,21,21,0,1,0.0,0,35,35,1,0.0,0,26,26,1,,0,0,0,0,,0,0,0,0,2026-09-12T20:10:25.613305+00:00
2026-09-13,39282,8742063,EDCKUL21OAF04500,equipment,OAF,Mechanical,,,L3  - CORRIDOR 03,1,Block AH,Promatrix DCS,25.61,21,82,61,100.0,21,21,0,1,0.0,0,35,35,1,0.0,0,26,26,1,,0,0,0,0,,0,0,0,0,2026-09-12T20:10:25.613305+00:00
2026-09-13,39282,8742064,EDCKUL21OAF04600,equipment,OAF,Mechanical,,,L3  - CORRIDOR 04,1,Block AH,Promatrix DCS,25.61,21,82,61,100.0,21,21,0,1,0.0,0,35,35,1,0.0,0,26,26,1,,0,0,0,0,,0,0,0,0,2026-09-12T20:10:25.613305+00:00
2026-09-13,39282,8742065,EDCKUL21OAF04700,equipment,OAF,Mechanical,,,L3  - CORRIDOR 04,1,Block AH,Promatrix DCS,25.61,21,82,61,100.0,21,21,0,1,0.0,0,35,35,1,0.0,0,26,26,1,,0,0,0,0,,0,0,0,0,2026-09-12T20:10:25.613305+00:00
2026-09-13,39282,8742066,EDCKUL21OAF04800,equipment,OAF,Mechanical,,,L3  - CORRIDOR 05,1,Block AH,Promatrix DCS,25.61,21,82,61,100.0,21,21,0,1,0.0,0,35,35,1,0.0,0,26,26,1,,0,0,0,0,,0,0,0,0,2026-09-12T20:10:25.613305+00:00
2026-09-13,39282,8742068,EDCKUL21PAC00100,equipment,PAC,Fire,,,L3 - PRE ACTION ROOM,1,Block AH,Promatrix DCS,25.61,21,82,61,100.0,21,21,0,1,0.0,0,35,35,1,0.0,0,26,26,1,,0,0,0,0,,0,0,0,0,2026-09-12T20:10:25.613305+00:00
2026-09-13,39282,8742069,EDCKUL21PAC00200,equipment,PAC,Fire,,,L3 - PRE ACTION ROOM,1,Block AH,Promatrix DCS,25.61,21,82,61,100.0,21,21,0,1,0.0,0,35,35,1,0.0,0,26,26,1,,0,0,0,0,,0,0,0,0,2026-09-12T20:10:25.613305+00:00
2026-09-13,39282,8742070,EDCKUL21PAC00300,equipment,PAC,Fire,,,L2 - PRE ACTION ROOM,1,Block AH,Promatrix DCS,25.61,21,82,61,100.0,21,21,0,1,0.0,0,35,35,1,0.0,0,26,26,1,,0,0,0,0,,0,0,0,0,2026-09-12T20:10:25.613305+00:00
2026-09-13,39282,8742071,EDCKUL21PAC00400,equipment,PAC,Fire,,,L2 - PRE ACTION ROOM,1,Block AH,Promatrix DCS,25.61,21,82,61,100.0,21,21,0,1,0.0,0,35,35,1,0.0,0,26,26,1,,0,0,0,0,,0,0,0,0,2026-09-12T20:10:25.613305+00:00
2026-09-13,39282,8742072,EDCKUL21PAS00100,equipment,PAS,Fire,,,L3 - PRE ACTION ROOM,1,Block AH,Promatrix DCS,25.61,21,82,61,100.0,21,21,0,1,0.0,0,35,35,1,0.0,0,26,26,1,,0,0,0,0,,0,0,0,0,2026-09-12T20:10:25.613305+00:00
2026-09-13,39282,8742073,EDCKUL21PAS00200,equipment,PAS,Fire,,,L3 - PRE ACTION ROOM,1,Block AH,Promatrix DCS,25.61,21,82,61,100.0,21,21,0,1,0.0,0,35,35,1,0.0,0,26,26,1,,0,0,0,0,,0,0,0,0,2026-09-12T20:10:25.613305+00:00
2026-09-13,39282,8742074,EDCKUL21PAS00300,equipment,PAS,Fire,,,L3 - PRE ACTION ROOM,1,Block AH,Promatrix DCS,25.61,21,82,61,100.0,21,21,0,1,0.0,0,35,35,1,0.0,0,26,26,1,,0,0,0,0,,0,0,0,0,2026-09-12T20:10:25.613305+00:00
2026-09-13,39282,8742075,EDCKUL21PAS00400,equipment,PAS,Fire,,,L3 - PRE ACTION ROOM,1,Block AH,Promatrix DCS,25.61,21,82,61,100.0,21,21,0,1,0.0,0,35,35,1,0.0,0,26,26,1,,0,0,0,0,,0,0,0,0,2026-09-12T20:10:25.613305+00:00
2026-09-13,39282,8742076,EDCKUL21PAS00500,equipment,PAS,Fire,,,L2 - PRE ACTION ROOM,1,Block AH,Promatrix DCS,25.61,21,82,61,100.0,21,21,0,1,0.0,0,35,35,1,0.0,0,26,26,1,,0,0,0,0,,0,0,0,0,2026-09-12T20:10:25.613305+00:00
2026-09-13,39282,8742077,EDCKUL21PAS00600,equipment,PAS,Fire,,,L2 - PRE ACTION ROOM,1,Block AH,Promatrix DCS,25.61,21,82,61,100.0,21,21,0,1,0.0,0,35,35,1,0.0,0,26,26,1,,0,0,0,0,,0,0,0,0,2026-09-12T20:10:25.613305+00:00
2026-09-13,39282,8742078,EDCKUL21PAS00700,equipment,PAS,Fire,,,L2 - PRE ACTION ROOM,1,Block AH,Promatrix DCS,25.61,21,82,61,100.0,21,21,0,1,0.0,0,35,35,1,0.0,0,26,26,1,,0,0,0,0,,0,0,0,0,2026-09-12T20:10:25.613305+00:00
2026-09-13,39282,8742079,EDCKUL21PAS00800,equipment,PAS,Fire,,,L2 - PRE ACTION ROOM,1,Block AH,Promatrix DCS,25.61,21,82,61,100.0,21,21,0,1,0.0,0,35,35,1,0.0,0,26,26,1,,0,0,0,0,,0,0,0,0,2026-09-12T20:10:25.613305+00:00
2026-09-13,39282,8742304,EDCKUL21STSAA110,equipment,STS,Electrical,EDCKUL21,2F,STS ROOM AA,1,Block AA,Vertiv,24.69,20,81,61,100.0,20,20,0,1,0.0,0,35,35,1,0.0,0,26,26,1,,0,0,0,0,,0,0,0,0,2026-09-12T20:10:25.613305+00:00
2026-09-13,39282,8742305,EDCKUL21STSAA210,equipment,STS,Electrical,EDCKUL21,2F,STS ROOM AA,1,Block AA,Vertiv,24.69,20,81,61,100.0,20,20,0,1,0.0,0,35,35,1,0.0,0,26,26,1,,0,0,0,0,,0,0,0,0,2026-09-12T20:10:25.613305+00:00
2026-09-13,39282,8742306,EDCKUL21STSAB110,equipment,STS,Electrical,EDCKUL21,2F,STS ROOM AB,1,Block AB,Vertiv,24.69,20,81,61,100.0,20,20,0,1,0.0,0,35,35,1,0.0,0,26,26,1,,0,0,0,0,,0,0,0,0,2026-09-12T20:10:25.613305+00:00
2026-09-13,39282,8742307,EDCKUL21STSAB210,equipment,STS,Electrical,EDCKUL21,2F,STS ROOM AB,1,Block AB,Vertiv,24.69,20,81,61,100.0,20,20,0,1,0.0,0,35,35,1,0.0,0,26,26,1,,0,0,0,0,,0,0,0,0,2026-09-12T20:10:25.613305+00:00
2026-09-13,39282,8742308,EDCKUL21STSAC110,equipment,STS,Electrical,EDCKUL21,2F,STS ROOM AC,1,Block AC,Vertiv,24.69,20,81,61,100.0,20,20,0,1,0.0,0,35,35,1,0.0,0,26,26,1,,0,0,0,0,,0,0,0,0,2026-09-12T20:10:25.613305+00:00
2026-09-13,39282,8742309,EDCKUL21STSAC210,equipment,STS,Electrical,EDCKUL21,2F,STS ROOM AC,1,Block AC,Vertiv,24.69,20,81,61,100.0,20,20,0,1,0.0,0,35,35,1,0.0,0,26,26,1,,0,0,0,0,,0,0,0,0,2026-09-12T20:10:25.613305+00:00
2026-09-13,39282,8742310,EDCKUL21STSAD110,equipment,STS,Electrical,EDCKUL21,3F,STS ROOM AD,1,Block AD,Vertiv,24.69,20,81,61,100.0,20,20,0,1,0.0,0,35,35,1,0.0,0,26,26,1,,0,0,0,0,,0,0,0,0,2026-09-12T20:10:25.613305+00:00
2026-09-13,39282,8742311,EDCKUL21STSAD210,equipment,STS,Electrical,EDCKUL21,3F,STS ROOM AD,1,Block AD,Vertiv,24.69,20,81,61,100.0,20,20,0,1,0.0,0,35,35,1,0.0,0,26,26,1,,0,0,0,0,,0,0,0,0,2026-09-12T20:10:25.613305+00:00
2026-09-13,39282,8742312,EDCKUL21STSAE110,equipment,STS,Electrical,EDCKUL21,3F,STS ROOM AE,1,Block AE,Vertiv,24.69,20,81,61,100.0,20,20,0,1,0.0,0,35,35,1,0.0,0,26,26,1,,0,0,0,0,,0,0,0,0,2026-09-12T20:10:25.613305+00:00
2026-09-13,39282,8742313,EDCKUL21STSAE210,equipment,STS,Electrical,EDCKUL21,3F,STS ROOM AE,1,Block AE,Vertiv,24.69,20,81,61,100.0,20,20,0,1,0.0,0,35,35,1,0.0,0,26,26,1,,0,0,0,0,,0,0,0,0,2026-09-12T20:10:25.613305+00:00
2026-09-13,39282,8742314,EDCKUL21STSAF110,equipment,STS,Electrical,EDCKUL21,3F,STS ROOM AF,1,Block AF,Vertiv,33.33,27,81,54,100.0,20,20,0,1,20.0,7,35,28,1,0.0,0,26,26,1,,0,0,0,0,,0,0,0,0,2026-09-12T20:10:25.613305+00:00
2026-09-13,39282,8742315,EDCKUL21STSAF210,equipment,STS,Electrical,EDCKUL21,3F,STS ROOM AF,1,Block AF,Vertiv,24.69,20,81,61,100.0,20,20,0,1,0.0,0,35,35,1,0.0,0,26,26,1,,0,0,0,0,,0,0,0,0,2026-09-12T20:10:25.613305+00:00
2026-09-13,39282,8742328,EDCKUL21TRNAA100,equipment,TRN,Electrical,EDCKUL21,2F,TX DECK AA-AB,1,Block AA,Siemens Malaysia,70.11,61,87,26,100.0,21,21,0,1,100.0,40,40,0,1,0.0,0,26,26,1,,0,0,0,0,,0,0,0,0,2026-09-12T20:10:25.613305+00:00
2026-09-13,39282,8742329,EDCKUL21TRNAB100,equipment,TRN,Electrical,EDCKUL21,2F,TX DECK AA-AB,1,Block AB,Siemens Malaysia,70.11,61,87,26,100.0,21,21,0,1,100.0,40,40,0,1,0.0,0,26,26,1,,0,0,0,0,,0,0,0,0,2026-09-12T20:10:25.613305+00:00
2026-09-13,39282,8742330,EDCKUL21TRNAC100,equipment,TRN,Electrical,EDCKUL21,2F,TX DECK AC-AH,1,Block AC,Siemens Malaysia,70.11,61,87,26,100.0,21,21,0,1,100.0,40,40,0,1,0.0,0,26,26,1,,0,0,0,0,,0,0,0,0,2026-09-12T20:10:25.613305+00:00
2026-09-13,39282,8742331,EDCKUL21TRNAD100,equipment,TRN,Electrical,EDCKUL21,3F,TX DECK AD-AZ,1,Block AD,Siemens Malaysia,70.11,61,87,26,100.0,21,21,0,1,100.0,40,40,0,1,0.0,0,26,26,1,,0,0,0,0,,0,0,0,0,2026-09-12T20:10:25.613305+00:00
2026-09-13,39282,8742332,EDCKUL21TRNAE100,equipment,TRN,Electrical,EDCKUL21,3F,TX DECK AE-AF,1,Block AE,Siemens Malaysia,70.11,61,87,26,100.0,21,21,0,1,100.0,40,40,0,1,0.0,0,26,26,1,,0,0,0,0,,0,0,0,0,2026-09-12T20:10:25.613305+00:00
2026-09-13,39282,8742333,EDCKUL21TRNAF100,equipment,TRN,Electrical,EDCKUL21,3F,TX DECK AE-AF,1,Block AF,Siemens Malaysia,70.11,61,87,26,100.0,21,21,0,1,100.0,40,40,0,1,0.0,0,26,26,1,,0,0,0,0,,0,0,0,0,2026-09-12T20:10:25.613305+00:00
2026-09-13,39282,8742334,EDCKUL21TRNAH100,equipment,TRN,Electrical,EDCKUL21,2F,TX DECK AC-AH,1,Block AH,Siemens Malaysia,70.11,61,87,26,100.0,21,21,0,1,100.0,40,40,0,1,0.0,0,26,26,1,,0,0,0,0,,0,0,0,0,2026-09-12T20:10:25.613305+00:00
2026-09-13,39282,8742335,EDCKUL21TRNAZ100,equipment,TRN,Electrical,EDCKUL21,3F,TX DECK AD-AZ,1,Block AZ,Siemens Malaysia,70.11,61,87,26,100.0,21,21,0,1,100.0,40,40,0,1,0.0,0,26,26,1,,0,0,0,0,,0,0,0,0,2026-09-12T20:10:25.613305+00:00
2026-09-13,39282,8742360,EDCKUL21UPBAB110,equipment,UPB,Electrical,,,BATTERY ROOM AB,1,Block AB,Eaton,24.69,20,81,61,100.0,20,20,0,1,0.0,0,35,35,1,0.0,0,26,26,1,,0,0,0,0,,0,0,0,0,2026-09-12T20:10:25.613305+00:00
2026-09-13,39282,8742361,EDCKUL21UPBAB210,equipment,UPB,Electrical,,,BATTERY ROOM AB,1,Block AB,Eaton,24.69,20,81,61,100.0,20,20,0,1,0.0,0,35,35,1,0.0,0,26,26,1,,0,0,0,0,,0,0,0,0,2026-09-12T20:10:25.613305+00:00
2026-09-13,39282,8742362,EDCKUL21UPBAA110,equipment,UPB,Electrical,,,BATTERY ROOM AA,1,Block AA,Eaton,24.69,20,81,61,100.0,20,20,0,1,0.0,0,35,35,1,0.0,0,26,26,1,,0,0,0,0,,0,0,0,0,2026-09-12T20:10:25.613305+00:00
2026-09-13,39282,8742363,EDCKUL21UPBAA210,equipment,UPB,Electrical,,,BATTERY ROOM AA,1,Block AA,Eaton,24.69,20,81,61,100.0,20,20,0,1,0.0,0,35,35,1,0.0,0,26,26,1,,0,0,0,0,,0,0,0,0,2026-09-12T20:10:25.613305+00:00
2026-09-13,39282,8742364,EDCKUL21UPBAC110,equipment,UPB,Electrical,,,BATTERY ROOM AC,1,Block AC,Eaton,24.69,20,81,61,100.0,20,20,0,1,0.0,0,35,35,1,0.0,0,26,26,1,,0,0,0,0,,0,0,0,0,2026-09-12T20:10:25.613305+00:00
2026-09-13,39282,8742365,EDCKUL21UPBAC210,equipment,UPB,Electrical,,,BATTERY ROOM AC,1,Block AC,Eaton,24.69,20,81,61,100.0,20,20,0,1,0.0,0,35,35,1,0.0,0,26,26,1,,0,0,0,0,,0,0,0,0,2026-09-12T20:10:25.613305+00:00
2026-09-13,39282,8742366,EDCKUL21UPBAD110,equipment,UPB,Electrical,,,BATTERY ROOM AD,1,Block AD,Eaton,24.69,20,81,61,100.0,20,20,0,1,0.0,0,35,35,1,0.0,0,26,26,1,,0,0,0,0,,0,0,0,0,2026-09-12T20:10:25.613305+00:00
2026-09-13,39282,8742367,EDCKUL21UPBAD210,equipment,UPB,Electrical,,,BATTERY ROOM AD,1,Block AD,Eaton,24.69,20,81,61,100.0,20,20,0,1,0.0,0,35,35,1,0.0,0,26,26,1,,0,0,0,0,,0,0,0,0,2026-09-12T20:10:25.613305+00:00
2026-09-13,39282,8742368,EDCKUL21UPBAE110,equipment,UPB,Electrical,,,BATTERY ROOM AE,1,Block AE,Eaton,24.69,20,81,61,100.0,20,20,0,1,0.0,0,35,35,1,0.0,0,26,26,1,,0,0,0,0,,0,0,0,0,2026-09-12T20:10:25.613305+00:00
2026-09-13,39282,8742369,EDCKUL21UPBAE210,equipment,UPB,Electrical,,,BATTERY ROOM AE,1,Block AE,Eaton,24.69,20,81,61,100.0,20,20,0,1,0.0,0,35,35,1,0.0,0,26,26,1,,0,0,0,0,,0,0,0,0,2026-09-12T20:10:25.613305+00:00
2026-09-13,39282,8742370,EDCKUL21UPBAF110,equipment,UPB,Electrical,,,BATTERY ROOM AF,1,Block AF,Eaton,24.69,20,81,61,100.0,20,20,0,1,0.0,0,35,35,1,0.0,0,26,26,1,,0,0,0,0,,0,0,0,0,2026-09-12T20:10:25.613305+00:00
2026-09-13,39282,8742371,EDCKUL21UPBAF210,equipment,UPB,Electrical,,,BATTERY ROOM AF,1,Block AF,Eaton,24.69,20,81,61,100.0,20,20,0,1,0.0,0,35,35,1,0.0,0,26,26,1,,0,0,0,0,,0,0,0,0,2026-09-12T20:10:25.613305+00:00
2026-09-13,39282,8742372,EDCKUL21UPBAH110,equipment,UPB,Electrical,,,ELECTRICAL ROOM AH,1,Block AH,Promatrix DCS,24.69,20,81,61,100.0,20,20,0,1,0.0,0,35,35,1,0.0,0,26,26,1,,0,0,0,0,,0,0,0,0,2026-09-12T20:10:25.613305+00:00
2026-09-13,39282,8742373,EDCKUL21UPBAZ110,equipment,UPB,Electrical,,,BATTERY ROOM AZ,1,Block AZ,Eaton,24.69,20,81,61,100.0,20,20,0,1,0.0,0,35,35,1,0.0,0,26,26,1,,0,0,0,0,,0,0,0,0,2026-09-12T20:10:25.613305+00:00
2026-09-13,39282,8742374,EDCKUL21UPBAZ210,equipment,UPB,Electrical,,,BATTERY ROOM AZ,1,Block AZ,Eaton,24.69,20,81,61,100.0,20,20,0,1,0.0,0,35,35,1,0.0,0,26,26,1,,0,0,0,0,,0,0,0,0,2026-09-12T20:10:25.613305+00:00
2026-09-13,39282,8742375,EDCKUL21UPSAA110,equipment,UPS,Electrical,,,ELECTRICAL ROOM AA,1,Block AA,Eaton,24.69,20,81,61,100.0,20,20,0,1,0.0,0,35,35,1,0.0,0,26,26,1,,0,0,0,0,,0,0,0,0,2026-09-12T20:10:25.613305+00:00
2026-09-13,39282,8742376,EDCKUL21UPSAA210,equipment,UPS,Electrical,,,ELECTRICAL ROOM AA,1,Block AA,Eaton,24.69,20,81,61,100.0,20,20,0,1,0.0,0,35,35,1,0.0,0,26,26,1,,0,0,0,0,,0,0,0,0,2026-09-12T20:10:25.613305+00:00
2026-09-13,39282,8742377,EDCKUL21UPSAB110,equipment,UPS,Electrical,,,ELECTRICAL ROOM AB,1,Block AB,Eaton,25.93,21,81,60,100.0,20,20,0,1,2.86,1,35,34,1,0.0,0,26,26,1,,0,0,0,0,,0,0,0,0,2026-09-12T20:10:25.613305+00:00
2026-09-13,39282,8742378,EDCKUL21UPSAB210,equipment,UPS,Electrical,,,ELECTRICAL ROOM AB,1,Block AB,Eaton,24.69,20,81,61,100.0,20,20,0,1,0.0,0,35,35,1,0.0,0,26,26,1,,0,0,0,0,,0,0,0,0,2026-09-12T20:10:25.613305+00:00
2026-09-13,39282,8742379,EDCKUL21UPSAC110,equipment,UPS,Electrical,,,ELECTRICAL ROOM AC,1,Block AC,Eaton,24.69,20,81,61,100.0,20,20,0,1,0.0,0,35,35,1,0.0,0,26,26,1,,0,0,0,0,,0,0,0,0,2026-09-12T20:10:25.613305+00:00
2026-09-13,39282,8742380,EDCKUL21UPSAC210,equipment,UPS,Electrical,,,ELECTRICAL ROOM AC,1,Block AC,Eaton,24.69,20,81,61,100.0,20,20,0,1,0.0,0,35,35,1,0.0,0,26,26,1,,0,0,0,0,,0,0,0,0,2026-09-12T20:10:25.613305+00:00
2026-09-13,39282,8742381,EDCKUL21UPSAD110,equipment,UPS,Electrical,,,ELECTRICAL ROOM AD,1,Block AD,Eaton,24.69,20,81,61,100.0,20,20,0,1,0.0,0,35,35,1,0.0,0,26,26,1,,0,0,0,0,,0,0,0,0,2026-09-12T20:10:25.613305+00:00
2026-09-13,39282,8742382,EDCKUL21UPSAD210,equipment,UPS,Electrical,,,ELECTRICAL ROOM AD,1,Block AD,Eaton,24.69,20,81,61,100.0,20,20,0,1,0.0,0,35,35,1,0.0,0,26,26,1,,0,0,0,0,,0,0,0,0,2026-09-12T20:10:25.613305+00:00
2026-09-13,39282,8742383,EDCKUL21UPSAE110,equipment,UPS,Electrical,,,ELECTRICAL ROOM AE,1,Block AE,Eaton,24.69,20,81,61,100.0,20,20,0,1,0.0,0,35,35,1,0.0,0,26,26,1,,0,0,0,0,,0,0,0,0,2026-09-12T20:10:25.613305+00:00
2026-09-13,39282,8742384,EDCKUL21UPSAE210,equipment,UPS,Electrical,,,ELECTRICAL ROOM AE,1,Block AE,Eaton,24.69,20,81,61,100.0,20,20,0,1,0.0,0,35,35,1,0.0,0,26,26,1,,0,0,0,0,,0,0,0,0,2026-09-12T20:10:25.613305+00:00
2026-09-13,39282,8742385,EDCKUL21UPSAF110,equipment,UPS,Electrical,,,ELECTRICAL ROOM AF,1,Block AF,Eaton,24.69,20,81,61,100.0,20,20,0,1,0.0,0,35,35,1,0.0,0,26,26,1,,0,0,0,0,,0,0,0,0,2026-09-12T20:10:25.613305+00:00
2026-09-13,39282,8742386,EDCKUL21UPSAF210,equipment,UPS,Electrical,,,ELECTRICAL ROOM AF,1,Block AF,Eaton,24.69,20,81,61,100.0,20,20,0,1,0.0,0,35,35,1,0.0,0,26,26,1,,0,0,0,0,,0,0,0,0,2026-09-12T20:10:25.613305+00:00
2026-09-13,39282,8742387,EDCKUL21UPSAH110,equipment,UPS,Electrical,,,ELECTRICAL ROOM AH,1,Block AH,Promatrix DCS,24.69,20,81,61,100.0,20,20,0,1,0.0,0,35,35,1,0.0,0,26,26,1,,0,0,0,0,,0,0,0,0,2026-09-12T20:10:25.613305+00:00
2026-09-13,39282,8742388,EDCKUL21UPSAZ110,equipment,UPS,Electrical,,,ELECTRICAL ROOM AZ,1,Block AZ,Eaton,24.69,20,81,61,100.0,20,20,0,1,0.0,0,35,35,1,0.0,0,26,26,1,,0,0,0,0,,0,0,0,0,2026-09-12T20:10:25.613305+00:00
2026-09-13,39282,8742389,EDCKUL21UPSAZ210,equipment,UPS,Electrical,,,ELECTRICAL ROOM AZ,1,Block AZ,Eaton,24.69,20,81,61,100.0,20,20,0,1,0.0,0,35,35,1,0.0,0,26,26,1,,0,0,0,0,,0,0,0,0,2026-09-12T20:10:25.613305+00:00
2026-09-13,39282,8742444,EDCKUL21VRF01200,equipment,VRF,Mechanical,EDCKUL21,RF-T1,ROOF,1,Block AH,Promatrix DCS,68.29,56,82,26,100.0,21,21,0,1,100.0,35,35,0,1,0.0,0,26,26,1,,0,0,0,0,,0,0,0,0,2026-09-12T20:10:25.613305+00:00
2026-09-13,39282,8742445,EDCKUL21ACS01210,equipment,ACS,Mechanical,,,BATTERY ROOM AA,1,Block AH,Promatrix DCS,68.29,56,82,26,100.0,21,21,0,1,100.0,35,35,0,1,0.0,0,26,26,1,,0,0,0,0,,0,0,0,0,2026-09-12T20:10:25.613305+00:00
2026-09-13,39282,8742446,EDCKUL21ACS01220,equipment,ACS,Mechanical,,,BATTERY ROOM AB,1,Block AH,Promatrix DCS,68.29,56,82,26,100.0,21,21,0,1,100.0,35,35,0,1,0.0,0,26,26,1,,0,0,0,0,,0,0,0,0,2026-09-12T20:10:25.613305+00:00
2026-09-13,39282,8742447,EDCKUL21ACS01230,equipment,ACS,Mechanical,,,BATTERY ROOM AC,1,Block AH,Promatrix DCS,68.29,56,82,26,100.0,21,21,0,1,100.0,35,35,0,1,0.0,0,26,26,1,,0,0,0,0,,0,0,0,0,2026-09-12T20:10:25.613305+00:00
2026-09-13,39282,8742448,EDCKUL21ACS01240,equipment,ACS,Mechanical,,,MMR 01,1,Block AH,Promatrix DCS,68.29,56,82,26,100.0,21,21,0,1,100.0,35,35,0,1,0.0,0,26,26,1,,0,0,0,0,,0,0,0,0,2026-09-12T20:10:25.613305+00:00
2026-09-13,39282,8742449,EDCKUL21ACS01250,equipment,ACS,Mechanical,,,ITR & SER 01,1,Block AH,Promatrix DCS,68.29,56,82,26,100.0,21,21,0,1,100.0,35,35,0,1,0.0,0,26,26,1,,0,0,0,0,,0,0,0,0,2026-09-12T20:10:25.613305+00:00
2026-09-13,39282,8742450,EDCKUL21ACS01260,equipment,ACS,Mechanical,,,ITR & SER 02,1,Block AH,Promatrix DCS,68.29,56,82,26,100.0,21,21,0,1,100.0,35,35,0,1,0.0,0,26,26,1,,0,0,0,0,,0,0,0,0,2026-09-12T20:10:25.613305+00:00
2026-09-13,39282,8742451,EDCKUL21ACS01270,equipment,ACS,Mechanical,,,ITR & SER 02,1,Block AH,Promatrix DCS,68.29,56,82,26,100.0,21,21,0,1,100.0,35,35,0,1,0.0,0,26,26,1,,0,0,0,0,,0,0,0,0,2026-09-12T20:10:25.613305+00:00
2026-09-13,39282,8742452,EDCKUL21VRF01300,equipment,VRF,Mechanical,EDCKUL21,RF-T1,ROOF,1,Block AH,Promatrix DCS,68.29,56,82,26,100.0,21,21,0,1,100.0,35,35,0,1,0.0,0,26,26,1,,0,0,0,0,,0,0,0,0,2026-09-12T20:10:25.613305+00:00
2026-09-13,39282,8742453,EDCKUL21ACS01310,equipment,ACS,Mechanical,,,BATTERY ROOM AA,1,Block AH,Promatrix DCS,68.29,56,82,26,100.0,21,21,0,1,100.0,35,35,0,1,0.0,0,26,26,1,,0,0,0,0,,0,0,0,0,2026-09-12T20:10:25.613305+00:00
2026-09-13,39282,8742454,EDCKUL21ACS01320,equipment,ACS,Mechanical,,,BATTERY ROOM AB,1,Block AH,Promatrix DCS,68.29,56,82,26,100.0,21,21,0,1,100.0,35,35,0,1,0.0,0,26,26,1,,0,0,0,0,,0,0,0,0,2026-09-12T20:10:25.613305+00:00
2026-09-13,39282,8742455,EDCKUL21ACS01330,equipment,ACS,Mechanical,,,BATTERY ROOM AC,1,Block AH,Promatrix DCS,68.29,56,82,26,100.0,21,21,0,1,100.0,35,35,0,1,0.0,0,26,26,1,,0,0,0,0,,0,0,0,0,2026-09-12T20:10:25.613305+00:00
2026-09-13,39282,8742456,EDCKUL21ACS01340,equipment,ACS,Mechanical,,,MMR 01,1,Block AH,Promatrix DCS,68.29,56,82,26,100.0,21,21,0,1,100.0,35,35,0,1,0.0,0,26,26,1,,0,0,0,0,,0,0,0,0,2026-09-12T20:10:25.613305+00:00
2026-09-13,39282,8742457,EDCKUL21ACS01350,equipment,ACS,Mechanical,,,ITR & SER 01,1,Block AH,Promatrix DCS,68.29,56,82,26,100.0,21,21,0,1,100.0,35,35,0,1,0.0,0,26,26,1,,0,0,0,0,,0,0,0,0,2026-09-12T20:10:25.613305+00:00
2026-09-13,39282,8742458,EDCKUL21ACS01360,equipment,ACS,Mechanical,,,ITR & SER 02,1,Block AH,Promatrix DCS,68.29,56,82,26,100.0,21,21,0,1,100.0,35,35,0,1,0.0,0,26,26,1,,0,0,0,0,,0,0,0,0,2026-09-12T20:10:25.613305+00:00
2026-09-13,39282,8742459,EDCKUL21VRF01400,equipment,VRF,Mechanical,EDCKUL21,RF-T1,ROOF,1,Block AH,Promatrix DCS,25.61,21,82,61,100.0,21,21,0,1,0.0,0,35,35,1,0.0,0,26,26,1,,0,0,0,0,,0,0,0,0,2026-09-12T20:10:25.613305+00:00
2026-09-13,39282,8742460,EDCKUL21ACS01410,equipment,ACS,Mechanical,,,CORRIDOR,1,Block AH,Promatrix DCS,0.0,0,81,81,0.0,0,20,20,1,0.0,0,35,35,1,0.0,0,26,26,1,,0,0,0,0,,0,0,0,0,2026-09-12T20:10:25.613305+00:00
2026-09-13,39282,8742461,EDCKUL21ACS01420,equipment,ACS,Mechanical,,,CORRIDOR,1,Block AH,Promatrix DCS,0.0,0,81,81,0.0,0,20,20,1,0.0,0,35,35,1,0.0,0,26,26,1,,0,0,0,0,,0,0,0,0,2026-09-12T20:10:25.613305+00:00
2026-09-13,39282,8742462,EDCKUL21ACS01430,equipment,ACS,Mechanical,,,CORRIDOR,1,Block AH,Promatrix DCS,0.0,0,81,81,0.0,0,20,20,1,0.0,0,35,35,1,0.0,0,26,26,1,,0,0,0,0,,0,0,0,0,2026-09-12T20:10:25.613305+00:00
2026-09-13,39282,8742463,EDCKUL21ACS01440,equipment,ACS,Mechanical,,,CORRIDOR,1,Block AH,Promatrix DCS,0.0,0,81,81,0.0,0,20,20,1,0.0,0,35,35,1,0.0,0,26,26,1,,0,0,0,0,,0,0,0,0,2026-09-12T20:10:25.613305+00:00
2026-09-13,39282,8742464,EDCKUL21ACS01450,equipment,ACS,Mechanical,,,ECX STORAGE,1,Block AH,Promatrix DCS,0.0,0,81,81,0.0,0,20,20,1,0.0,0,35,35,1,0.0,0,26,26,1,,0,0,0,0,,0,0,0,0,2026-09-12T20:10:25.613305+00:00
2026-09-13,39282,8742466,EDCKUL21VRF01500,equipment,VRF,Mechanical,EDCKUL21,RF-T1,ROOF,1,Block AH,Promatrix DCS,25.61,21,82,61,100.0,21,21,0,1,0.0,0,35,35,1,0.0,0,26,26,1,,0,0,0,0,,0,0,0,0,2026-09-12T20:10:25.613305+00:00
2026-09-13,39282,8742467,EDCKUL21ACS01510,equipment,ACS,Mechanical,,,EU CORRIDOR,1,Block AH,Promatrix DCS,0.0,0,81,81,0.0,0,20,20,1,0.0,0,35,35,1,0.0,0,26,26,1,,0,0,0,0,,0,0,0,0,2026-09-12T20:10:25.613305+00:00
2026-09-13,39282,8742468,EDCKUL21ACS01520,equipment,ACS,Mechanical,,,EU CORRIDOR,1,Block AH,Promatrix DCS,0.0,0,81,81,0.0,0,20,20,1,0.0,0,35,35,1,0.0,0,26,26,1,,0,0,0,0,,0,0,0,0,2026-09-12T20:10:25.613305+00:00
2026-09-13,39282,8742469,EDCKUL21ACS01530,equipment,ACS,Mechanical,,,FREIGHT LIFT LOBBY,1,Block AH,Promatrix DCS,24.69,20,81,61,100.0,20,20,0,1,0.0,0,35,35,1,0.0,0,26,26,1,,0,0,0,0,,0,0,0,0,2026-09-12T20:10:25.613305+00:00
2026-09-13,39282,8742470,EDCKUL21ACS01540,equipment,ACS,Mechanical,,,OFFICE CORRIDOR,1,Block AH,Promatrix DCS,24.69,20,81,61,100.0,20,20,0,1,0.0,0,35,35,1,0.0,0,26,26,1,,0,0,0,0,,0,0,0,0,2026-09-12T20:10:25.613305+00:00
2026-09-13,39282,8742471,EDCKUL21ACS01550,equipment,ACS,Mechanical,,,OFFICE CORRIDOR,1,Block AH,Promatrix DCS,24.69,20,81,61,100.0,20,20,0,1,0.0,0,35,35,1,0.0,0,26,26,1,,0,0,0,0,,0,0,0,0,2026-09-12T20:10:25.613305+00:00
2026-09-13,39282,8742472,EDCKUL21ACS01560,equipment,ACS,Mechanical,,,EU STORAGE,1,Block AH,Promatrix DCS,24.69,20,81,61,100.0,20,20,0,1,0.0,0,35,35,1,0.0,0,26,26,1,,0,0,0,0,,0,0,0,0,2026-09-12T20:10:25.613305+00:00
2026-09-13,39282,8742473,EDCKUL21ACS01570,equipment,ACS,Mechanical,,,EU STORAGE,1,Block AH,Promatrix DCS,11.11,9,81,72,45.0,9,20,11,1,0.0,0,35,35,1,0.0,0,26,26,1,,0,0,0,0,,0,0,0,0,2026-09-12T20:10:25.613305+00:00
2026-09-13,39282,8742474,EDCKUL21ACS01580,equipment,ACS,Mechanical,,,EU STORAGE,1,Block AH,Promatrix DCS,24.69,20,81,61,100.0,20,20,0,1,0.0,0,35,35,1,0.0,0,26,26,1,,0,0,0,0,,0,0,0,0,2026-09-12T20:10:25.613305+00:00
2026-09-13,39282,8742475,EDCKUL21ACS01590,equipment,ACS,Mechanical,,,EU STORAGE,1,Block AH,Promatrix DCS,24.69,20,81,61,100.0,20,20,0,1,0.0,0,35,35,1,0.0,0,26,26,1,,0,0,0,0,,0,0,0,0,2026-09-12T20:10:25.613305+00:00
2026-09-13,39282,8742476,EDCKUL21ACS015A0,equipment,ACS,Mechanical,,,MEETING ROOM 1,1,Block AH,Promatrix DCS,24.69,20,81,61,100.0,20,20,0,1,0.0,0,35,35,1,0.0,0,26,26,1,,0,0,0,0,,0,0,0,0,2026-09-12T20:10:25.613305+00:00
2026-09-13,39282,8742477,EDCKUL21VRF01600,equipment,VRF,Mechanical,EDCKUL21,RF-T1,ROOF,1,Block AH,Promatrix DCS,25.61,21,82,61,100.0,21,21,0,1,0.0,0,35,35,1,0.0,0,26,26,1,,0,0,0,0,,0,0,0,0,2026-09-12T20:10:25.613305+00:00
2026-09-13,39282,8742478,EDCKUL21ACS01610,equipment,ACS,Mechanical,,,END USER OFFICE,1,Block AH,Promatrix DCS,24.69,20,81,61,100.0,20,20,0,1,0.0,0,35,35,1,0.0,0,26,26,1,,0,0,0,0,,0,0,0,0,2026-09-12T20:10:25.613305+00:00
2026-09-13,39282,8742479,EDCKUL21ACS01620,equipment,ACS,Mechanical,,,END USER OFFICE,1,Block AH,Promatrix DCS,24.69,20,81,61,100.0,20,20,0,1,0.0,0,35,35,1,0.0,0,26,26,1,,0,0,0,0,,0,0,0,0,2026-09-12T20:10:25.613305+00:00
2026-09-13,39282,8742480,EDCKUL21ACS01630,equipment,ACS,Mechanical,,,END USER OFFICE,1,Block AH,Promatrix DCS,24.69,20,81,61,100.0,20,20,0,1,0.0,0,35,35,1,0.0,0,26,26,1,,0,0,0,0,,0,0,0,0,2026-09-12T20:10:25.613305+00:00
2026-09-13,39282,8742481,EDCKUL21ACS01640,equipment,ACS,Mechanical,,,END USER OFFICE,1,Block AH,Promatrix DCS,24.69,20,81,61,100.0,20,20,0,1,0.0,0,35,35,1,0.0,0,26,26,1,,0,0,0,0,,0,0,0,0,2026-09-12T20:10:25.613305+00:00
2026-09-13,39282,8742482,EDCKUL21ACS01650,equipment,ACS,Mechanical,,,GAME ROOM,1,Block AH,Promatrix DCS,24.69,20,81,61,100.0,20,20,0,1,0.0,0,35,35,1,0.0,0,26,26,1,,0,0,0,0,,0,0,0,0,2026-09-12T20:10:25.613305+00:00
2026-09-13,39282,8742483,EDCKUL21ACS01660,equipment,ACS,Mechanical,,,END USER OFFICE,1,Block AH,Promatrix DCS,24.69,20,81,61,100.0,20,20,0,1,0.0,0,35,35,1,0.0,0,26,26,1,,0,0,0,0,,0,0,0,0,2026-09-12T20:10:25.613305+00:00
2026-09-13,39282,8742484,EDCKUL21ACS01670,equipment,ACS,Mechanical,,,END USER OFFICE,1,Block AH,Promatrix DCS,24.69,20,81,61,100.0,20,20,0,1,0.0,0,35,35,1,0.0,0,26,26,1,,0,0,0,0,,0,0,0,0,2026-09-12T20:10:25.613305+00:00
2026-09-13,39282,8742485,EDCKUL21VRF01700,equipment,VRF,Mechanical,EDCKUL21,RF-T1,ROOF,1,Block AH,Promatrix DCS,68.29,56,82,26,100.0,21,21,0,1,100.0,35,35,0,1,0.0,0,26,26,1,,0,0,0,0,,0,0,0,0,2026-09-12T20:10:25.613305+00:00
2026-09-13,39282,8742486,EDCKUL21ACS01710,equipment,ACS,Mechanical,,,BATTERY ROOM AD,1,Block AH,Promatrix DCS,68.29,56,82,26,100.0,21,21,0,1,100.0,35,35,0,1,0.0,0,26,26,1,,0,0,0,0,,0,0,0,0,2026-09-12T20:10:25.613305+00:00
2026-09-13,39282,8742487,EDCKUL21ACS01720,equipment,ACS,Mechanical,,,BATTERY ROOM AE,1,Block AH,Promatrix DCS,68.29,56,82,26,100.0,21,21,0,1,100.0,35,35,0,1,0.0,0,26,26,1,,0,0,0,0,,0,0,0,0,2026-09-12T20:10:25.613305+00:00
2026-09-13,39282,8742488,EDCKUL21ACS01730,equipment,ACS,Mechanical,,,BATTERY ROOM AF,1,Block AH,Promatrix DCS,68.29,56,82,26,100.0,21,21,0,1,100.0,35,35,0,1,0.0,0,26,26,1,,0,0,0,0,,0,0,0,0,2026-09-12T20:10:25.613305+00:00
2026-09-13,39282,8742489,EDCKUL21ACS01740,equipment,ACS,Mechanical,,,BATTERY ROOM AZ,1,Block AH,Promatrix DCS,68.29,56,82,26,100.0,21,21,0,1,100.0,35,35,0,1,0.0,0,26,26,1,,0,0,0,0,,0,0,0,0,2026-09-12T20:10:25.613305+00:00
2026-09-13,39282,8742490,EDCKUL21ACS01750,equipment,ACS,Mechanical,,,MMR 02,1,Block AH,Promatrix DCS,68.29,56,82,26,100.0,21,21,0,1,100.0,35,35,0,1,0.0,0,26,26,1,,0,0,0,0,,0,0,0,0,2026-09-12T20:10:25.613305+00:00
2026-09-13,39282,8742491,EDCKUL21ACS01760,equipment,ACS,Mechanical,,,ITR & SER 01,1,Block AH,Promatrix DCS,68.29,56,82,26,100.0,21,21,0,1,100.0,35,35,0,1,0.0,0,26,26,1,,0,0,0,0,,0,0,0,0,2026-09-12T20:10:25.613305+00:00
2026-09-13,39282,8742492,EDCKUL21ACS01770,equipment,ACS,Mechanical,,,ITR & SER 01,1,Block AH,Promatrix DCS,68.29,56,82,26,100.0,21,21,0,1,100.0,35,35,0,1,0.0,0,26,26,1,,0,0,0,0,,0,0,0,0,2026-09-12T20:10:25.613305+00:00
2026-09-13,39282,8742493,EDCKUL21ACS01780,equipment,ACS,Mechanical,,,ITR & SER 02,1,Block AH,Promatrix DCS,68.29,56,82,26,100.0,21,21,0,1,100.0,35,35,0,1,0.0,0,26,26,1,,0,0,0,0,,0,0,0,0,2026-09-12T20:10:25.613305+00:00
2026-09-13,39282,8742494,EDCKUL21ACS01790,equipment,ACS,Mechanical,,,ITR & SER 02,1,Block AH,Promatrix DCS,68.29,56,82,26,100.0,21,21,0,1,100.0,35,35,0,1,0.0,0,26,26,1,,0,0,0,0,,0,0,0,0,2026-09-12T20:10:25.613305+00:00
2026-09-13,39282,8742495,EDCKUL21VRF01800,equipment,VRF,Mechanical,EDCKUL21,RF-T1,ROOF,1,Block AH,Promatrix DCS,68.29,56,82,26,100.0,21,21,0,1,100.0,35,35,0,1,0.0,0,26,26,1,,0,0,0,0,,0,0,0,0,2026-09-12T20:10:25.613305+00:00
2026-09-13,39282,8742496,EDCKUL21ACS01810,equipment,ACS,Mechanical,,,BATTERY ROOM AD,1,Block AH,Promatrix DCS,68.29,56,82,26,100.0,21,21,0,1,100.0,35,35,0,1,0.0,0,26,26,1,,0,0,0,0,,0,0,0,0,2026-09-12T20:10:25.613305+00:00
2026-09-13,39282,8742497,EDCKUL21ACS01820,equipment,ACS,Mechanical,,,BATTERY ROOM AE,1,Block AH,Promatrix DCS,68.29,56,82,26,100.0,21,21,0,1,100.0,35,35,0,1,0.0,0,26,26,1,,0,0,0,0,,0,0,0,0,2026-09-12T20:10:25.613305+00:00
2026-09-13,39282,8742498,EDCKUL21ACS01830,equipment,ACS,Mechanical,,,BATTERY ROOM AF,1,Block AH,Promatrix DCS,68.29,56,82,26,100.0,21,21,0,1,100.0,35,35,0,1,0.0,0,26,26,1,,0,0,0,0,,0,0,0,0,2026-09-12T20:10:25.613305+00:00
2026-09-13,39282,8742499,EDCKUL21ACS01840,equipment,ACS,Mechanical,,,BATTERY ROOM AZ,1,Block AH,Promatrix DCS,68.29,56,82,26,100.0,21,21,0,1,100.0,35,35,0,1,0.0,0,26,26,1,,0,0,0,0,,0,0,0,0,2026-09-12T20:10:25.613305+00:00
2026-09-13,39282,8742500,EDCKUL21ACS01850,equipment,ACS,Mechanical,,,MMR 02,1,Block AH,Promatrix DCS,68.29,56,82,26,100.0,21,21,0,1,100.0,35,35,0,1,0.0,0,26,26,1,,0,0,0,0,,0,0,0,0,2026-09-12T20:10:25.613305+00:00
2026-09-13,39282,8742501,EDCKUL21ACS01860,equipment,ACS,Mechanical,,,ITR & SER 01,1,Block AH,Promatrix DCS,68.29,56,82,26,100.0,21,21,0,1,100.0,35,35,0,1,0.0,0,26,26,1,,0,0,0,0,,0,0,0,0,2026-09-12T20:10:25.613305+00:00
2026-09-13,39282,8742502,EDCKUL21ACS01870,equipment,ACS,Mechanical,,,ITR & SER 02,1,Block AH,Promatrix DCS,68.29,56,82,26,100.0,21,21,0,1,100.0,35,35,0,1,0.0,0,26,26,1,,0,0,0,0,,0,0,0,0,2026-09-12T20:10:25.613305+00:00
2026-09-13,39282,8742503,EDCKUL21VRF01900,equipment,VRF,Mechanical,EDCKUL21,RF-T1,ROOF,1,Block AH,Promatrix DCS,25.61,21,82,61,100.0,21,21,0,1,0.0,0,35,35,1,0.0,0,26,26,1,,0,0,0,0,,0,0,0,0,2026-09-12T20:10:25.613305+00:00
2026-09-13,39282,8742504,EDCKUL21ACS01910,equipment,ACS,Mechanical,,,ECX CORRIDOR,1,Block AH,Promatrix DCS,0.0,0,81,81,0.0,0,20,20,1,0.0,0,35,35,1,0.0,0,26,26,1,,0,0,0,0,,0,0,0,0,2026-09-12T20:10:25.613305+00:00
2026-09-13,39282,8742505,EDCKUL21ACS01920,equipment,ACS,Mechanical,,,ECX CORRIDOR,1,Block AH,Promatrix DCS,0.0,0,81,81,0.0,0,20,20,1,0.0,0,35,35,1,0.0,0,26,26,1,,0,0,0,0,,0,0,0,0,2026-09-12T20:10:25.613305+00:00
2026-09-13,39282,8742506,EDCKUL21ACS01930,equipment,ACS,Mechanical,,,ECX CORRIDOR,1,Block AH,Promatrix DCS,0.0,0,81,81,0.0,0,20,20,1,0.0,0,35,35,1,0.0,0,26,26,1,,0,0,0,0,,0,0,0,0,2026-09-12T20:10:25.613305+00:00
2026-09-13,39282,8742507,EDCKUL21ACS01940,equipment,ACS,Mechanical,,,ECX STORAGE,1,Block AH,Promatrix DCS,0.0,0,81,81,0.0,0,20,20,1,0.0,0,35,35,1,0.0,0,26,26,1,,0,0,0,0,,0,0,0,0,2026-09-12T20:10:25.613305+00:00
2026-09-13,39282,8742508,EDCKUL21ACS02210,equipment,ACS,Mechanical,,,OCI MMR 01,1,Block AH,Promatrix DCS,35.8,29,81,52,100.0,20,20,0,1,25.71,9,35,26,1,0.0,0,26,26,1,,0,0,0,0,,0,0,0,0,2026-09-12T20:10:25.613305+00:00
2026-09-13,39282,8742509,EDCKUL21ACS02220,equipment,ACS,Mechanical,,,OCI MMR 01,1,Block AH,Promatrix DCS,35.8,29,81,52,100.0,20,20,0,1,25.71,9,35,26,1,0.0,0,26,26,1,,0,0,0,0,,0,0,0,0,2026-09-12T20:10:25.613305+00:00
2026-09-13,39282,8742510,EDCKUL21ACS02230,equipment,ACS,Mechanical,,,OCI MMR 01,1,Block AH,Promatrix DCS,35.8,29,81,52,100.0,20,20,0,1,25.71,9,35,26,1,0.0,0,26,26,1,,0,0,0,0,,0,0,0,0,2026-09-12T20:10:25.613305+00:00
2026-09-13,39282,8742511,EDCKUL21ACS02240,equipment,ACS,Mechanical,,,OCI MMR 01,1,Block AH,Promatrix DCS,35.8,29,81,52,100.0,20,20,0,1,25.71,9,35,26,1,0.0,0,26,26,1,,0,0,0,0,,0,0,0,0,2026-09-12T20:10:25.613305+00:00
2026-09-13,39282,8742513,EDCKUL21VRF02000,equipment,VRF,Mechanical,EDCKUL21,RF-T1,ROOF,1,Block AH,Promatrix DCS,25.61,21,82,61,100.0,21,21,0,1,0.0,0,35,35,1,0.0,0,26,26,1,,0,0,0,0,,0,0,0,0,2026-09-12T20:10:25.613305+00:00
2026-09-13,39282,8742514,EDCKUL21ACS02010,equipment,ACS,Mechanical,,,EU CORRIDOR,1,Block AH,Promatrix DCS,0.0,0,81,81,0.0,0,20,20,1,0.0,0,35,35,1,0.0,0,26,26,1,,0,0,0,0,,0,0,0,0,2026-09-12T20:10:25.613305+00:00
2026-09-13,39282,8742515,EDCKUL21ACS02020,equipment,ACS,Mechanical,,,EU CORRIDOR,1,Block AH,Promatrix DCS,0.0,0,81,81,0.0,0,20,20,1,0.0,0,35,35,1,0.0,0,26,26,1,,0,0,0,0,,0,0,0,0,2026-09-12T20:10:25.613305+00:00
2026-09-13,39282,8742516,EDCKUL21ACS02030,equipment,ACS,Mechanical,,,EU STORAGE,1,Block AH,Promatrix DCS,0.0,0,81,81,0.0,0,20,20,1,0.0,0,35,35,1,0.0,0,26,26,1,,0,0,0,0,,0,0,0,0,2026-09-12T20:10:25.613305+00:00
2026-09-13,39282,8742517,EDCKUL21ACS02040,equipment,ACS,Mechanical,,,EU STORAGE,1,Block AH,Promatrix DCS,0.0,0,81,81,0.0,0,20,20,1,0.0,0,35,35,1,0.0,0,26,26,1,,0,0,0,0,,0,0,0,0,2026-09-12T20:10:25.613305+00:00
2026-09-13,39282,8742518,EDCKUL21ACS02050,equipment,ACS,Mechanical,,,EU STORAGE,1,Block AH,Promatrix DCS,0.0,0,81,81,0.0,0,20,20,1,0.0,0,35,35,1,0.0,0,26,26,1,,0,0,0,0,,0,0,0,0,2026-09-12T20:10:25.613305+00:00
2026-09-13,39282,8742519,EDCKUL21ACS02060,equipment,ACS,Mechanical,,,FREIGHT LIFT LOBBY,1,Block AH,Promatrix DCS,0.0,0,81,81,0.0,0,20,20,1,0.0,0,35,35,1,0.0,0,26,26,1,,0,0,0,0,,0,0,0,0,2026-09-12T20:10:25.613305+00:00
2026-09-13,39282,8742520,EDCKUL21ACS02070,equipment,ACS,Mechanical,,,OFFICE CORRIDOR,1,Block AH,Promatrix DCS,0.0,0,81,81,0.0,0,20,20,1,0.0,0,35,35,1,0.0,0,26,26,1,,0,0,0,0,,0,0,0,0,2026-09-12T20:10:25.613305+00:00
2026-09-13,39282,8742521,EDCKUL21ACS02080,equipment,ACS,Mechanical,,,OFFICE CORRIDOR,1,Block AH,Promatrix DCS,0.0,0,81,81,0.0,0,20,20,1,0.0,0,35,35,1,0.0,0,26,26,1,,0,0,0,0,,0,0,0,0,2026-09-12T20:10:25.613305+00:00
2026-09-13,39282,8742522,EDCKUL21VRF02100,equipment,VRF,Mechanical,EDCKUL21,RF-T1,ROOF,1,Block AH,Promatrix DCS,25.61,21,82,61,100.0,21,21,0,1,0.0,0,35,35,1,0.0,0,26,26,1,,0,0,0,0,,0,0,0,0,2026-09-12T20:10:25.613305+00:00
2026-09-13,39282,8742523,EDCKUL21ACS02110,equipment,ACS,Mechanical,,,ECX OFFICE,1,Block AH,Promatrix DCS,20.99,17,81,64,85.0,17,20,3,1,0.0,0,35,35,1,0.0,0,26,26,1,,0,0,0,0,,0,0,0,0,2026-09-12T20:10:25.613305+00:00
2026-09-13,39282,8742524,EDCKUL21ACS02120,equipment,ACS,Mechanical,,,ECX OFFICE,1,Block AH,Promatrix DCS,2.47,2,81,79,10.0,2,20,18,1,0.0,0,35,35,1,0.0,0,26,26,1,,0,0,0,0,,0,0,0,0,2026-09-12T20:10:25.613305+00:00
2026-09-13,39282,8742525,EDCKUL21ACS02130,equipment,ACS,Mechanical,,,ECX OFFICE,1,Block AH,Promatrix DCS,0.0,0,81,81,0.0,0,20,20,1,0.0,0,35,35,1,0.0,0,26,26,1,,0,0,0,0,,0,0,0,0,2026-09-12T20:10:25.613305+00:00
2026-09-13,39282,8742526,EDCKUL21ACS02140,equipment,ACS,Mechanical,,,ECX OFFICE,1,Block AH,Promatrix DCS,20.99,17,81,64,85.0,17,20,3,1,0.0,0,35,35,1,0.0,0,26,26,1,,0,0,0,0,,0,0,0,0,2026-09-12T20:10:25.613305+00:00
2026-09-13,39282,8742527,EDCKUL21ACS02150,equipment,ACS,Mechanical,,,ECX OFFICE,1,Block AH,Promatrix DCS,20.99,17,81,64,85.0,17,20,3,1,0.0,0,35,35,1,0.0,0,26,26,1,,0,0,0,0,,0,0,0,0,2026-09-12T20:10:25.613305+00:00
2026-09-13,39282,8742534,EDCKUL21BMPAA100,equipment,BMP,ELV,,,ELECTRICAL ROOM AA,1,Block AH,Datasite,84.3,102,121,19,100.0,21,21,0,1,100.0,74,74,0,2,26.92,7,26,19,1,,0,0,0,0,,0,0,0,0,2026-09-12T20:10:25.613305+00:00
2026-09-13,39282,8742535,EDCKUL21BMPAB100,equipment,BMP,ELV,,,ELECTRICAL ROOM AB,1,Block AH,Datasite,84.3,102,121,19,100.0,21,21,0,1,100.0,74,74,0,2,26.92,7,26,19,1,,0,0,0,0,,0,0,0,0,2026-09-12T20:10:25.613305+00:00
2026-09-13,39282,8742536,EDCKUL21BMPAC100,equipment,BMP,ELV,,,ELECTRICAL ROOM AC,1,Block AH,Datasite,84.3,102,121,19,100.0,21,21,0,1,100.0,74,74,0,2,26.92,7,26,19,1,,0,0,0,0,,0,0,0,0,2026-09-12T20:10:25.613305+00:00
2026-09-13,39282,8742537,EDCKUL21BMPAD100,equipment,BMP,ELV,,,ELECTRICAL ROOM AD,1,Block AH,Datasite,84.3,102,121,19,100.0,21,21,0,1,100.0,74,74,0,2,26.92,7,26,19,1,,0,0,0,0,,0,0,0,0,2026-09-12T20:10:25.613305+00:00
2026-09-13,39282,8742538,EDCKUL21BMPAE100,equipment,BMP,ELV,,,ELECTRICAL ROOM AE,1,Block AH,Datasite,84.3,102,121,19,100.0,21,21,0,1,100.0,74,74,0,2,26.92,7,26,19,1,,0,0,0,0,,0,0,0,0,2026-09-12T20:10:25.613305+00:00
2026-09-13,39282,8742539,EDCKUL21BMPAF100,equipment,BMP,ELV,,,ELECTRICAL ROOM AF,1,Block AH,Datasite,84.3,102,121,19,100.0,21,21,0,1,100.0,74,74,0,2,26.92,7,26,19,1,,0,0,0,0,,0,0,0,0,2026-09-12T20:10:25.613305+00:00
2026-09-13,39282,8742540,EDCKUL21BMPAZ100,equipment,BMP,ELV,,,ELECTRICAL ROOM AZ,1,Block AH,Datasite,84.3,102,121,19,100.0,21,21,0,1,100.0,74,74,0,2,26.92,7,26,19,1,,0,0,0,0,,0,0,0,0,2026-09-12T20:10:25.613305+00:00
2026-09-13,39282,8742541,EDCKUL21BMPAH100,equipment,BMP,ELV,,,ELECTRICAL ROOM AH,1,Block AH,Datasite,83.47,101,121,20,100.0,21,21,0,1,98.65,73,74,1,2,26.92,7,26,19,1,,0,0,0,0,,0,0,0,0,2026-09-12T20:10:25.613305+00:00
2026-09-13,39282,9890913,EDCKUL21OAF03100,equipment,OAF,Mechanical,,,L2  - CORRIDOR 01,1,Block AH,Promatrix DCS,25.61,21,82,61,100.0,21,21,0,1,0.0,0,35,35,1,0.0,0,26,26,1,,0,0,0,0,,0,0,0,0,2026-09-12T20:10:25.613305+00:00
2026-09-13,39282,9890914,EDCKUL21OAF03200,equipment,OAF,Mechanical,,,L2  - CORRIDOR 01,1,Block AH,Promatrix DCS,25.61,21,82,61,100.0,21,21,0,1,0.0,0,35,35,1,0.0,0,26,26,1,,0,0,0,0,,0,0,0,0,2026-09-12T20:10:25.613305+00:00
2026-09-13,40875,10016398,EDCKUL21MCC00100,equipment,MCC,Mechanical,,,,2,Block BH,Promatrix DCS,24.14,21,87,66,100.0,21,21,0,1,0.0,0,40,40,1,0.0,0,26,26,1,,0,0,0,0,,0,0,0,0,2026-09-12T20:10:25.613305+00:00
2026-09-13,40875,10016399,EDCKUL21FAP01600,equipment,FAP,Mechanical,,,FUEL STATION FT5,2,Block BH,Promatrix DCS,67.9,55,81,26,100.0,20,20,0,1,100.0,35,35,0,1,0.0,0,26,26,1,,0,0,0,0,,0,0,0,0,2026-09-12T20:10:25.613305+00:00
2026-09-13,40875,10016400,EDCKUL21FAP00800,equipment,FAP,Mechanical,,,FUEL STATION FT5,2,Block BH,Promatrix DCS,67.9,55,81,26,100.0,20,20,0,1,100.0,35,35,0,1,0.0,0,26,26,1,,0,0,0,0,,0,0,0,0,2026-09-12T20:10:25.613305+00:00
2026-09-13,40875,10147759,EDCKUL21FAP01000,equipment,FAP,Mechanical,,,FUEL STATION FT5,2,Block BH,Promatrix DCS,67.9,55,81,26,100.0,20,20,0,1,100.0,35,35,0,1,0.0,0,26,26,1,,0,0,0,0,,0,0,0,0,2026-09-12T20:10:25.613305+00:00
2026-09-13,40875,10147760,EDCKUL21FAP01100,equipment,FAP,Mechanical,,,FUEL STATION FT5,2,Block BH,Promatrix DCS,67.9,55,81,26,100.0,20,20,0,1,100.0,35,35,0,1,0.0,0,26,26,1,,0,0,0,0,,0,0,0,0,2026-09-12T20:10:25.613305+00:00
2026-09-13,40875,10147761,EDCKUL21FAP00900,equipment,FAP,Mechanical,,,FUEL STATION FT5,2,Block BH,Promatrix DCS,67.9,55,81,26,100.0,20,20,0,1,100.0,35,35,0,1,0.0,0,26,26,1,,0,0,0,0,,0,0,0,0,2026-09-12T20:10:25.613305+00:00
2026-09-13,40875,10147762,EDCKUL21FAP01200,equipment,FAP,Mechanical,,,FUEL STATION FT5,2,Block BH,Promatrix DCS,67.9,55,81,26,100.0,20,20,0,1,100.0,35,35,0,1,0.0,0,26,26,1,,0,0,0,0,,0,0,0,0,2026-09-12T20:10:25.613305+00:00
2026-09-13,40875,10147763,EDCKUL21FAP01300,equipment,FAP,Mechanical,,,FUEL STATION FT5,2,Block BH,Promatrix DCS,67.9,55,81,26,100.0,20,20,0,1,100.0,35,35,0,1,0.0,0,26,26,1,,0,0,0,0,,0,0,0,0,2026-09-12T20:10:25.613305+00:00
2026-09-13,40875,10147764,EDCKUL21FAP01400,equipment,FAP,Mechanical,,,FUEL STATION FT5,2,Block BH,Promatrix DCS,66.67,54,81,27,100.0,20,20,0,1,97.14,34,35,1,1,0.0,0,26,26,1,,0,0,0,0,,0,0,0,0,2026-09-12T20:10:25.613305+00:00
2026-09-13,40875,10147765,EDCKUL21FAP01500,equipment,FAP,Mechanical,,,FUEL STATION FT5,2,Block BH,Promatrix DCS,67.9,55,81,26,100.0,20,20,0,1,100.0,35,35,0,1,0.0,0,26,26,1,,0,0,0,0,,0,0,0,0,2026-09-12T20:10:25.613305+00:00
2026-09-13,40875,10860485,EDCKUL21FAP00700,equipment,FAP,Mechanical,,,FUEL STATION FT5,2,Block BH,Promatrix DCS,67.9,55,81,26,100.0,20,20,0,1,100.0,35,35,0,1,0.0,0,26,26,1,,0,0,0,0,,0,0,0,0,2026-09-12T20:10:25.613305+00:00
2026-09-13,40875,11768782,EDCKUL21VES00101,equipment,VES,Fire,EDCKUL21,GF,MECH 11,2,Block BH,Promatrix DCS,24.69,20,81,61,100.0,20,20,0,1,0.0,0,35,35,1,0.0,0,26,26,1,,0,0,0,0,,0,0,0,0,2026-09-12T20:10:25.613305+00:00
2026-09-13,40875,11768783,EDCKUL21VES00201,equipment,VES,Fire,EDCKUL21,GF,MECH 11,2,Block BH,Promatrix DCS,24.69,20,81,61,100.0,20,20,0,1,0.0,0,35,35,1,0.0,0,26,26,1,,0,0,0,0,,0,0,0,0,2026-09-12T20:10:25.613305+00:00
2026-09-13,40875,11768784,EDCKUL21VES00301,equipment,VES,Fire,EDCKUL21,GF,MECH 11,2,Block BH,Promatrix DCS,24.69,20,81,61,100.0,20,20,0,1,0.0,0,35,35,1,0.0,0,26,26,1,,0,0,0,0,,0,0,0,0,2026-09-12T20:10:25.613305+00:00
2026-09-13,40875,11768785,EDCKUL21VES00401,equipment,VES,Fire,EDCKUL21,GF,MECH 11,2,Block BH,Promatrix DCS,24.69,20,81,61,100.0,20,20,0,1,0.0,0,35,35,1,0.0,0,26,26,1,,0,0,0,0,,0,0,0,0,2026-09-12T20:10:25.613305+00:00
2026-09-13,40875,11768786,EDCKUL21VES00501,equipment,VES,Fire,EDCKUL21,GF,MECH 11,2,Block BH,Promatrix DCS,24.69,20,81,61,100.0,20,20,0,1,0.0,0,35,35,1,0.0,0,26,26,1,,0,0,0,0,,0,0,0,0,2026-09-12T20:10:25.613305+00:00
2026-09-13,40875,11768787,EDCKUL21VES00601,equipment,VES,Fire,EDCKUL21,GF,MECH 11,2,Block BH,Promatrix DCS,24.69,20,81,61,100.0,20,20,0,1,0.0,0,35,35,1,0.0,0,26,26,1,,0,0,0,0,,0,0,0,0,2026-09-12T20:10:25.613305+00:00
2026-09-13,40875,11768788,EDCKUL21VES00701,equipment,VES,Fire,EDCKUL21,GF,MECH 11,2,Block BH,Promatrix DCS,24.69,20,81,61,100.0,20,20,0,1,0.0,0,35,35,1,0.0,0,26,26,1,,0,0,0,0,,0,0,0,0,2026-09-12T20:10:25.613305+00:00
2026-09-13,40875,11768789,EDCKUL21VES00801,equipment,VES,Fire,EDCKUL21,GF,MECH 12,2,Block BH,Promatrix DCS,24.69,20,81,61,100.0,20,20,0,1,0.0,0,35,35,1,0.0,0,26,26,1,,0,0,0,0,,0,0,0,0,2026-09-12T20:10:25.613305+00:00
2026-09-13,40875,11768790,EDCKUL21VES00901,equipment,VES,Fire,EDCKUL21,GF,MECH 12,2,Block BH,Promatrix DCS,24.69,20,81,61,100.0,20,20,0,1,0.0,0,35,35,1,0.0,0,26,26,1,,0,0,0,0,,0,0,0,0,2026-09-12T20:10:25.613305+00:00
2026-09-13,40875,11768791,EDCKUL21VES01001,equipment,VES,Fire,EDCKUL21,GF,MECH 12,2,Block BH,Promatrix DCS,24.69,20,81,61,100.0,20,20,0,1,0.0,0,35,35,1,0.0,0,26,26,1,,0,0,0,0,,0,0,0,0,2026-09-12T20:10:25.613305+00:00
2026-09-13,40875,11768792,EDCKUL21VES01101,equipment,VES,Fire,EDCKUL21,GF,MECH 12,2,Block BH,Promatrix DCS,24.69,20,81,61,100.0,20,20,0,1,0.0,0,35,35,1,0.0,0,26,26,1,,0,0,0,0,,0,0,0,0,2026-09-12T20:10:25.613305+00:00
2026-09-13,40875,11768793,EDCKUL21VES01201,equipment,VES,Fire,EDCKUL21,GF,MECH 12,2,Block BH,Promatrix DCS,24.69,20,81,61,100.0,20,20,0,1,0.0,0,35,35,1,0.0,0,26,26,1,,0,0,0,0,,0,0,0,0,2026-09-12T20:10:25.613305+00:00
2026-09-13,40875,11768794,EDCKUL21VES01301,equipment,VES,Fire,EDCKUL21,GF,MECH 12,2,Block BH,Promatrix DCS,24.69,20,81,61,100.0,20,20,0,1,0.0,0,35,35,1,0.0,0,26,26,1,,0,0,0,0,,0,0,0,0,2026-09-12T20:10:25.613305+00:00
2026-09-13,40875,11768795,EDCKUL21VES01401,equipment,VES,Fire,EDCKUL21,GF,MECH 12,2,Block BH,Promatrix DCS,24.69,20,81,61,100.0,20,20,0,1,0.0,0,35,35,1,0.0,0,26,26,1,,0,0,0,0,,0,0,0,0,2026-09-12T20:10:25.613305+00:00
2026-09-13,40875,11768796,EDCKUL21VES00104,equipment,VES,Fire,EDCKUL21,1F,MECH 41,2,Block BH,Promatrix DCS,24.69,20,81,61,100.0,20,20,0,1,0.0,0,35,35,1,0.0,0,26,26,1,,0,0,0,0,,0,0,0,0,2026-09-12T20:10:25.613305+00:00
2026-09-13,40875,11768797,EDCKUL21VES00204,equipment,VES,Fire,EDCKUL21,1F,MECH 41,2,Block BH,Promatrix DCS,24.69,20,81,61,100.0,20,20,0,1,0.0,0,35,35,1,0.0,0,26,26,1,,0,0,0,0,,0,0,0,0,2026-09-12T20:10:25.613305+00:00
2026-09-13,40875,11768798,EDCKUL21VES00304,equipment,VES,Fire,EDCKUL21,1F,MECH 41,2,Block BH,Promatrix DCS,24.69,20,81,61,100.0,20,20,0,1,0.0,0,35,35,1,0.0,0,26,26,1,,0,0,0,0,,0,0,0,0,2026-09-12T20:10:25.613305+00:00
2026-09-13,40875,11768799,EDCKUL21VES00404,equipment,VES,Fire,EDCKUL21,1F,MECH 41,2,Block BH,Promatrix DCS,24.69,20,81,61,100.0,20,20,0,1,0.0,0,35,35,1,0.0,0,26,26,1,,0,0,0,0,,0,0,0,0,2026-09-12T20:10:25.613305+00:00
2026-09-13,40875,11768800,EDCKUL21VES00504,equipment,VES,Fire,EDCKUL21,1F,MECH 41,2,Block BH,Promatrix DCS,24.69,20,81,61,100.0,20,20,0,1,0.0,0,35,35,1,0.0,0,26,26,1,,0,0,0,0,,0,0,0,0,2026-09-12T20:10:25.613305+00:00
2026-09-13,40875,11768801,EDCKUL21VES00604,equipment,VES,Fire,EDCKUL21,1F,MECH 41,2,Block BH,Promatrix DCS,24.69,20,81,61,100.0,20,20,0,1,0.0,0,35,35,1,0.0,0,26,26,1,,0,0,0,0,,0,0,0,0,2026-09-12T20:10:25.613305+00:00
2026-09-13,40875,11768802,EDCKUL21VES00704,equipment,VES,Fire,EDCKUL21,1F,MECH 42,2,Block BH,Promatrix DCS,9.88,8,81,73,40.0,8,20,12,1,0.0,0,35,35,1,0.0,0,26,26,1,,0,0,0,0,,0,0,0,0,2026-09-12T20:10:25.613305+00:00
2026-09-13,40875,11768803,EDCKUL21VES00804,equipment,VES,Fire,EDCKUL21,1F,MECH 42,2,Block BH,Promatrix DCS,7.41,6,81,75,30.0,6,20,14,1,0.0,0,35,35,1,0.0,0,26,26,1,,0,0,0,0,,0,0,0,0,2026-09-12T20:10:25.613305+00:00
2026-09-13,40875,11768804,EDCKUL21VES00904,equipment,VES,Fire,EDCKUL21,1F,MECH 42,2,Block BH,Promatrix DCS,24.69,20,81,61,100.0,20,20,0,1,0.0,0,35,35,1,0.0,0,26,26,1,,0,0,0,0,,0,0,0,0,2026-09-12T20:10:25.613305+00:00
2026-09-13,40875,11768805,EDCKUL21VES01004,equipment,VES,Fire,EDCKUL21,1F,MECH 42,2,Block BH,Promatrix DCS,24.69,20,81,61,100.0,20,20,0,1,0.0,0,35,35,1,0.0,0,26,26,1,,0,0,0,0,,0,0,0,0,2026-09-12T20:10:25.613305+00:00
2026-09-13,40875,11768806,EDCKUL21VES01104,equipment,VES,Fire,EDCKUL21,1F,MECH 42,2,Block BH,Promatrix DCS,24.69,20,81,61,100.0,20,20,0,1,0.0,0,35,35,1,0.0,0,26,26,1,,0,0,0,0,,0,0,0,0,2026-09-12T20:10:25.613305+00:00
2026-09-13,40875,11768807,EDCKUL21VES01204,equipment,VES,Fire,EDCKUL21,1F,MECH 42,2,Block BH,Promatrix DCS,24.69,20,81,61,100.0,20,20,0,1,0.0,0,35,35,1,0.0,0,26,26,1,,0,0,0,0,,0,0,0,0,2026-09-12T20:10:25.613305+00:00
2026-09-13,40875,11768810,EDCKUL21VES00100,equipment,VES,Fire,EDCKUL21,GF,MV ROOM A1,2,Block BH,Promatrix DCS,28.4,23,81,58,100.0,20,20,0,1,8.57,3,35,32,1,0.0,0,26,26,1,,0,0,0,0,,0,0,0,0,2026-09-12T20:10:25.613305+00:00
2026-09-13,40875,11768811,EDCKUL21VES00200,equipment,VES,Fire,EDCKUL21,GF,MV ROOM B1,2,Block BH,Promatrix DCS,24.69,20,81,61,100.0,20,20,0,1,0.0,0,35,35,1,0.0,0,26,26,1,,0,0,0,0,,0,0,0,0,2026-09-12T20:10:25.613305+00:00
2026-09-13,40875,11768812,EDCKUL21VES00300,equipment,VES,Fire,,,ELECTRICAL ROOM BA,2,Block BH,Promatrix DCS,33.33,27,81,54,100.0,20,20,0,1,20.0,7,35,28,1,0.0,0,26,26,1,,0,0,0,0,,0,0,0,0,2026-09-12T20:10:25.613305+00:00
2026-09-13,40875,11768813,EDCKUL21VES00400,equipment,VES,Fire,,,ELECTRICAL ROOM BB,2,Block BH,Promatrix DCS,24.69,20,81,61,100.0,20,20,0,1,0.0,0,35,35,1,0.0,0,26,26,1,,0,0,0,0,,0,0,0,0,2026-09-12T20:10:25.613305+00:00
2026-09-13,40875,11768814,EDCKUL21VES00500,equipment,VES,Fire,,,ELECTRICAL ROOM BC,2,Block BH,Promatrix DCS,24.69,20,81,61,100.0,20,20,0,1,0.0,0,35,35,1,0.0,0,26,26,1,,0,0,0,0,,0,0,0,0,2026-09-12T20:10:25.613305+00:00
2026-09-13,40875,11768815,EDCKUL21VES00600,equipment,VES,Fire,,,ELECTRICAL ROOM BH,2,Block BH,Promatrix DCS,24.69,20,81,61,100.0,20,20,0,1,0.0,0,35,35,1,0.0,0,26,26,1,,0,0,0,0,,0,0,0,0,2026-09-12T20:10:25.613305+00:00
2026-09-13,40875,11768816,EDCKUL21VES00700,equipment,VES,Fire,EDCKUL21,GF,STS ROOM BA,2,Block BH,Promatrix DCS,8.64,7,81,74,35.0,7,20,13,1,0.0,0,35,35,1,0.0,0,26,26,1,,0,0,0,0,,0,0,0,0,2026-09-12T20:10:25.613305+00:00
2026-09-13,40875,11768817,EDCKUL21VES00800,equipment,VES,Fire,EDCKUL21,GF,STS ROOM BB,2,Block BH,Promatrix DCS,8.64,7,81,74,35.0,7,20,13,1,0.0,0,35,35,1,0.0,0,26,26,1,,0,0,0,0,,0,0,0,0,2026-09-12T20:10:25.613305+00:00
2026-09-13,40875,11768818,EDCKUL21VES00900,equipment,VES,Fire,EDCKUL21,GF,STS ROOM BC,2,Block BH,Promatrix DCS,8.64,7,81,74,35.0,7,20,13,1,0.0,0,35,35,1,0.0,0,26,26,1,,0,0,0,0,,0,0,0,0,2026-09-12T20:10:25.613305+00:00
2026-09-13,40875,11768819,EDCKUL21VES01000,equipment,VES,Fire,,,ELECTRICAL ROOM BF,2,Block BH,Promatrix DCS,24.69,20,81,61,100.0,20,20,0,1,0.0,0,35,35,1,0.0,0,26,26,1,,0,0,0,0,,0,0,0,0,2026-09-12T20:10:25.613305+00:00
2026-09-13,40875,11768820,EDCKUL21VES01100,equipment,VES,Fire,,,ELECTRICAL ROOM BE,2,Block BH,Promatrix DCS,24.69,20,81,61,100.0,20,20,0,1,0.0,0,35,35,1,0.0,0,26,26,1,,0,0,0,0,,0,0,0,0,2026-09-12T20:10:25.613305+00:00
2026-09-13,40875,11768821,EDCKUL21VES01200,equipment,VES,Fire,,,ELECTRICAL ROOM BD,2,Block BH,Promatrix DCS,24.69,20,81,61,100.0,20,20,0,1,0.0,0,35,35,1,0.0,0,26,26,1,,0,0,0,0,,0,0,0,0,2026-09-12T20:10:25.613305+00:00
2026-09-13,40875,11768822,EDCKUL21VES01300,equipment,VES,Fire,,,ELECTRICAL ROOM BZ,2,Block BH,Promatrix DCS,24.69,20,81,61,100.0,20,20,0,1,0.0,0,35,35,1,0.0,0,26,26,1,,0,0,0,0,,0,0,0,0,2026-09-12T20:10:25.613305+00:00
2026-09-13,40875,11768823,EDCKUL21VES01400,equipment,VES,Fire,EDCKUL21,1F,STS ROOM BF,2,Block BH,Promatrix DCS,24.69,20,81,61,100.0,20,20,0,1,0.0,0,35,35,1,0.0,0,26,26,1,,0,0,0,0,,0,0,0,0,2026-09-12T20:10:25.613305+00:00
2026-09-13,40875,11768824,EDCKUL21VES01500,equipment,VES,Fire,EDCKUL21,1F,STS ROOM BE,2,Block BH,Promatrix DCS,24.69,20,81,61,100.0,20,20,0,1,0.0,0,35,35,1,0.0,0,26,26,1,,0,0,0,0,,0,0,0,0,2026-09-12T20:10:25.613305+00:00
2026-09-13,40875,11768825,EDCKUL21VES01600,equipment,VES,Fire,EDCKUL21,1F,STS ROOM BD,2,Block BH,Promatrix DCS,24.69,20,81,61,100.0,20,20,0,1,0.0,0,35,35,1,0.0,0,26,26,1,,0,0,0,0,,0,0,0,0,2026-09-12T20:10:25.613305+00:00
2026-09-13,40875,11768832,EDCKUL21CDUA0101,equipment,CDU,Mechanical,EDCKUL21,GF,MECH 11,2,Block BA,Vertiv,24.14,21,87,66,100.0,21,21,0,1,0.0,0,40,40,1,0.0,0,26,26,1,,0,0,0,0,,0,0,0,0,2026-09-12T20:10:25.613305+00:00
2026-09-13,40875,11768833,EDCKUL21CDUA0201,equipment,CDU,Mechanical,EDCKUL21,GF,MECH 11,2,Block BB,Vertiv,24.14,21,87,66,100.0,21,21,0,1,0.0,0,40,40,1,0.0,0,26,26,1,,0,0,0,0,,0,0,0,0,2026-09-12T20:10:25.613305+00:00
2026-09-13,40875,11768834,EDCKUL21CDUA0301,equipment,CDU,Mechanical,EDCKUL21,GF,MECH 11,2,Block BC,Vertiv,24.14,21,87,66,100.0,21,21,0,1,0.0,0,40,40,1,0.0,0,26,26,1,,0,0,0,0,,0,0,0,0,2026-09-12T20:10:25.613305+00:00
2026-09-13,40875,11768835,EDCKUL21CDUA0401,equipment,CDU,Mechanical,EDCKUL21,GF,MECH 12,2,Block BA,Vertiv,24.14,21,87,66,100.0,21,21,0,1,0.0,0,40,40,1,0.0,0,26,26,1,,0,0,0,0,,0,0,0,0,2026-09-12T20:10:25.613305+00:00
2026-09-13,40875,11768836,EDCKUL21CDUA0501,equipment,CDU,Mechanical,EDCKUL21,GF,MECH 12,2,Block BB,Vertiv,24.14,21,87,66,100.0,21,21,0,1,0.0,0,40,40,1,0.0,0,26,26,1,,0,0,0,0,,0,0,0,0,2026-09-12T20:10:25.613305+00:00
2026-09-13,40875,11768837,EDCKUL21CDUA0601,equipment,CDU,Mechanical,EDCKUL21,GF,MECH 12,2,Block BC,Vertiv,24.14,21,87,66,100.0,21,21,0,1,0.0,0,40,40,1,0.0,0,26,26,1,,0,0,0,0,,0,0,0,0,2026-09-12T20:10:25.613305+00:00
2026-09-13,40875,11768838,EDCKUL21TESA0101,equipment,TES,Mechanical,EDCKUL21,GF,MECH 11,2,Block BH,Promatrix DCS,0.0,0,87,87,0.0,0,21,21,1,0.0,0,40,40,1,0.0,0,26,26,1,,0,0,0,0,,0,0,0,0,2026-09-12T20:10:25.613305+00:00
2026-09-13,40875,11768839,EDCKUL21TESA0201,equipment,TES,Mechanical,EDCKUL21,GF,MECH 12,2,Block BH,Promatrix DCS,0.0,0,87,87,0.0,0,21,21,1,0.0,0,40,40,1,0.0,0,26,26,1,,0,0,0,0,,0,0,0,0,2026-09-12T20:10:25.613305+00:00
2026-09-13,40875,11768840,EDCKUL21TESA0301,equipment,TES,Mechanical,EDCKUL21,GF,MECH 11,2,Block BH,Promatrix DCS,0.0,0,87,87,0.0,0,21,21,1,0.0,0,40,40,1,0.0,0,26,26,1,,0,0,0,0,,0,0,0,0,2026-09-12T20:10:25.613305+00:00
2026-09-13,40875,11768841,EDCKUL21TESA0401,equipment,TES,Mechanical,EDCKUL21,GF,MECH 12,2,Block BH,Promatrix DCS,0.0,0,87,87,0.0,0,21,21,1,0.0,0,40,40,1,0.0,0,26,26,1,,0,0,0,0,,0,0,0,0,2026-09-12T20:10:25.613305+00:00
2026-09-13,40875,11768842,EDCKUL21TESA0501,equipment,TES,Mechanical,EDCKUL21,GF,MECH 11,2,Block BH,Promatrix DCS,0.0,0,87,87,0.0,0,21,21,1,0.0,0,40,40,1,0.0,0,26,26,1,,0,0,0,0,,0,0,0,0,2026-09-12T20:10:25.613305+00:00
2026-09-13,40875,11768843,EDCKUL21TESA0601,equipment,TES,Mechanical,EDCKUL21,GF,MECH 12,2,Block BH,Promatrix DCS,0.0,0,87,87,0.0,0,21,21,1,0.0,0,40,40,1,0.0,0,26,26,1,,0,0,0,0,,0,0,0,0,2026-09-12T20:10:25.613305+00:00
2026-09-13,40875,11768844,EDCKUL21EXPA0101,equipment,EXP,Mechanical,EDCKUL21,GF,MECH 11,2,Block BH,Promatrix DCS,0.0,0,87,87,0.0,0,21,21,1,0.0,0,40,40,1,0.0,0,26,26,1,,0,0,0,0,,0,0,0,0,2026-09-12T20:10:25.613305+00:00
2026-09-13,40875,11768845,EDCKUL21EXPA0201,equipment,EXP,Mechanical,EDCKUL21,GF,MECH 12,2,Block BH,Promatrix DCS,0.0,0,87,87,0.0,0,21,21,1,0.0,0,40,40,1,0.0,0,26,26,1,,0,0,0,0,,0,0,0,0,2026-09-12T20:10:25.613305+00:00
2026-09-13,40875,11768846,EDCKUL21CTSA0101,equipment,CTS,Mechanical,EDCKUL21,GF,MECH 11,2,Block BH,Promatrix DCS,0.0,0,87,87,0.0,0,21,21,1,0.0,0,40,40,1,0.0,0,26,26,1,,0,0,0,0,,0,0,0,0,2026-09-12T20:10:25.613305+00:00
2026-09-13,40875,11768847,EDCKUL21CTSA0201,equipment,CTS,Mechanical,EDCKUL21,GF,MECH 12,2,Block BH,Promatrix DCS,0.0,0,87,87,0.0,0,21,21,1,0.0,0,40,40,1,0.0,0,26,26,1,,0,0,0,0,,0,0,0,0,2026-09-12T20:10:25.613305+00:00
2026-09-13,40875,11768848,EDCKUL21MUPA0101,equipment,MUP,Mechanical,EDCKUL21,GF,MECH 11,2,Block BH,Promatrix DCS,0.0,0,87,87,0.0,0,21,21,1,0.0,0,40,40,1,0.0,0,26,26,1,,0,0,0,0,,0,0,0,0,2026-09-12T20:10:25.613305+00:00
2026-09-13,40875,11768849,EDCKUL21MUPA0201,equipment,MUP,Mechanical,EDCKUL21,GF,MECH 12,2,Block BH,Promatrix DCS,0.0,0,87,87,0.0,0,21,21,1,0.0,0,40,40,1,0.0,0,26,26,1,,0,0,0,0,,0,0,0,0,2026-09-12T20:10:25.613305+00:00
2026-09-13,40875,11768850,EDCKUL21AISA0101,equipment,AIS,Mechanical,EDCKUL21,GF,MECH 11,2,Block BH,Promatrix DCS,0.0,0,87,87,0.0,0,21,21,1,0.0,0,40,40,1,0.0,0,26,26,1,,0,0,0,0,,0,0,0,0,2026-09-12T20:10:25.613305+00:00
2026-09-13,40875,11768851,EDCKUL21AISA0201,equipment,AIS,Mechanical,EDCKUL21,GF,MECH 12,2,Block BH,Promatrix DCS,0.0,0,87,87,0.0,0,21,21,1,0.0,0,40,40,1,0.0,0,26,26,1,,0,0,0,0,,0,0,0,0,2026-09-12T20:10:25.613305+00:00
2026-09-13,40875,11768852,EDCKUL21CRAA0101,equipment,FWU,Mechanical,EDCKUL21,GF,MECH 11,2,Block BA,Stulz,24.14,21,87,66,100.0,21,21,0,1,0.0,0,40,40,1,0.0,0,26,26,1,,0,0,0,0,,0,0,0,0,2026-09-12T20:10:25.613305+00:00
2026-09-13,40875,11768853,EDCKUL21CRAA0201,equipment,FWU,Mechanical,EDCKUL21,GF,MECH 11,2,Block BC,Stulz,24.14,21,87,66,100.0,21,21,0,1,0.0,0,40,40,1,0.0,0,26,26,1,,0,0,0,0,,0,0,0,0,2026-09-12T20:10:25.613305+00:00
2026-09-13,40875,11768854,EDCKUL21CRAA0301,equipment,FWU,Mechanical,EDCKUL21,GF,MECH 11,2,Block BB,Stulz,24.14,21,87,66,100.0,21,21,0,1,0.0,0,40,40,1,0.0,0,26,26,1,,0,0,0,0,,0,0,0,0,2026-09-12T20:10:25.613305+00:00
2026-09-13,40875,11768855,EDCKUL21CRAA0401,equipment,FWU,Mechanical,EDCKUL21,GF,MECH 11,2,Block BA,Stulz,24.14,21,87,66,100.0,21,21,0,1,0.0,0,40,40,1,0.0,0,26,26,1,,0,0,0,0,,0,0,0,0,2026-09-12T20:10:25.613305+00:00
2026-09-13,40875,11768856,EDCKUL21CRAA0501,equipment,FWU,Mechanical,EDCKUL21,GF,MECH 12,2,Block BC,Stulz,24.14,21,87,66,100.0,21,21,0,1,0.0,0,40,40,1,0.0,0,26,26,1,,0,0,0,0,,0,0,0,0,2026-09-12T20:10:25.613305+00:00
2026-09-13,40875,11768857,EDCKUL21CRAA0601,equipment,FWU,Mechanical,EDCKUL21,GF,MECH 12,2,Block BA,Stulz,8.05,7,87,80,33.33,7,21,14,1,0.0,0,40,40,1,0.0,0,26,26,1,,0,0,0,0,,0,0,0,0,2026-09-12T20:10:25.613305+00:00
2026-09-13,40875,11768858,EDCKUL21CRAA0701,equipment,FWU,Mechanical,EDCKUL21,GF,MECH 12,2,Block BB,Stulz,24.14,21,87,66,100.0,21,21,0,1,0.0,0,40,40,1,0.0,0,26,26,1,,0,0,0,0,,0,0,0,0,2026-09-12T20:10:25.613305+00:00
2026-09-13,40875,11768859,EDCKUL21CRAA0801,equipment,FWU,Mechanical,EDCKUL21,GF,MECH 12,2,Block BC,Stulz,24.14,21,87,66,100.0,21,21,0,1,0.0,0,40,40,1,0.0,0,26,26,1,,0,0,0,0,,0,0,0,0,2026-09-12T20:10:25.613305+00:00
2026-09-13,40875,11768860,EDCKUL21CRAA0104,equipment,FWU,Mechanical,EDCKUL21,1F,MECH 41,2,Block BD,Stulz,24.14,21,87,66,100.0,21,21,0,1,0.0,0,40,40,1,0.0,0,26,26,1,,0,0,0,0,,0,0,0,0,2026-09-12T20:10:25.613305+00:00
2026-09-13,40875,11768861,EDCKUL21CRAA0204,equipment,FWU,Mechanical,EDCKUL21,1F,MECH 41,2,Block BE,Stulz,24.14,21,87,66,100.0,21,21,0,1,0.0,0,40,40,1,0.0,0,26,26,1,,0,0,0,0,,0,0,0,0,2026-09-12T20:10:25.613305+00:00
2026-09-13,40875,11768862,EDCKUL21CRAA0304,equipment,FWU,Mechanical,EDCKUL21,1F,MECH 41,2,Block BF,Stulz,24.14,21,87,66,100.0,21,21,0,1,0.0,0,40,40,1,0.0,0,26,26,1,,0,0,0,0,,0,0,0,0,2026-09-12T20:10:25.613305+00:00
2026-09-13,40875,11768863,EDCKUL21CRAA0404,equipment,FWU,Mechanical,EDCKUL21,1F,MECH 41,2,Block BD,Stulz,24.14,21,87,66,100.0,21,21,0,1,0.0,0,40,40,1,0.0,0,26,26,1,,0,0,0,0,,0,0,0,0,2026-09-12T20:10:25.613305+00:00
2026-09-13,40875,11768864,EDCKUL21CRAA0504,equipment,FWU,Mechanical,EDCKUL21,1F,MECH 41,2,Block BE,Stulz,24.14,21,87,66,100.0,21,21,0,1,0.0,0,40,40,1,0.0,0,26,26,1,,0,0,0,0,,0,0,0,0,2026-09-12T20:10:25.613305+00:00
2026-09-13,40875,11768865,EDCKUL21CRAA0604,equipment,FWU,Mechanical,EDCKUL21,1F,MECH 41,2,Block BF,Stulz,24.14,21,87,66,100.0,21,21,0,1,0.0,0,40,40,1,0.0,0,26,26,1,,0,0,0,0,,0,0,0,0,2026-09-12T20:10:25.613305+00:00
2026-09-13,40875,11768866,EDCKUL21CRAA0704,equipment,FWU,Mechanical,EDCKUL21,1F,MECH 41,2,Block BD,Stulz,24.14,21,87,66,100.0,21,21,0,1,0.0,0,40,40,1,0.0,0,26,26,1,,0,0,0,0,,0,0,0,0,2026-09-12T20:10:25.613305+00:00
2026-09-13,40875,11768867,EDCKUL21CRAA0804,equipment,FWU,Mechanical,EDCKUL21,1F,MECH 42,2,Block BE,Stulz,24.14,21,87,66,100.0,21,21,0,1,0.0,0,40,40,1,0.0,0,26,26,1,,0,0,0,0,,0,0,0,0,2026-09-12T20:10:25.613305+00:00
2026-09-13,40875,11768868,EDCKUL21CRAA0904,equipment,FWU,Mechanical,EDCKUL21,1F,MECH 42,2,Block BF,Stulz,24.14,21,87,66,100.0,21,21,0,1,0.0,0,40,40,1,0.0,0,26,26,1,,0,0,0,0,,0,0,0,0,2026-09-12T20:10:25.613305+00:00
2026-09-13,40875,11768869,EDCKUL21CRAA1004,equipment,FWU,Mechanical,EDCKUL21,1F,MECH 42,2,Block BD,Stulz,24.14,21,87,66,100.0,21,21,0,1,0.0,0,40,40,1,0.0,0,26,26,1,,0,0,0,0,,0,0,0,0,2026-09-12T20:10:25.613305+00:00
2026-09-13,40875,11768870,EDCKUL21CRAA1104,equipment,FWU,Mechanical,EDCKUL21,1F,MECH 42,2,Block BE,Stulz,24.14,21,87,66,100.0,21,21,0,1,0.0,0,40,40,1,0.0,0,26,26,1,,0,0,0,0,,0,0,0,0,2026-09-12T20:10:25.613305+00:00
2026-09-13,40875,11768871,EDCKUL21CRAA1204,equipment,FWU,Mechanical,EDCKUL21,1F,MECH 42,2,Block BF,Stulz,6.9,6,87,81,28.57,6,21,15,1,0.0,0,40,40,1,0.0,0,26,26,1,,0,0,0,0,,0,0,0,0,2026-09-12T20:10:25.613305+00:00
2026-09-13,40875,11768872,EDCKUL21CRAA1304,equipment,FWU,Mechanical,EDCKUL21,1F,MECH 42,2,Block BD,Stulz,9.2,8,87,79,38.1,8,21,13,1,0.0,0,40,40,1,0.0,0,26,26,1,,0,0,0,0,,0,0,0,0,2026-09-12T20:10:25.613305+00:00
2026-09-13,40875,11768873,EDCKUL21CRAA1404,equipment,FWU,Mechanical,EDCKUL21,1F,MECH 42,2,Block BE,Stulz,24.14,21,87,66,100.0,21,21,0,1,0.0,0,40,40,1,0.0,0,26,26,1,,0,0,0,0,,0,0,0,0,2026-09-12T20:10:25.613305+00:00
2026-09-13,40875,11768874,EDCKUL21CRAA2900,equipment,CRA,Mechanical,EDCKUL21,1F,STS ROOM BF,2,Block BH,Stulz,24.14,21,87,66,100.0,21,21,0,1,0.0,0,40,40,1,0.0,0,26,26,1,,0,0,0,0,,0,0,0,0,2026-09-12T20:10:25.613305+00:00
2026-09-13,40875,11768875,EDCKUL21CRAA3000,equipment,CRA,Mechanical,EDCKUL21,1F,STS ROOM BF,2,Block BH,Stulz,24.14,21,87,66,100.0,21,21,0,1,0.0,0,40,40,1,0.0,0,26,26,1,,0,0,0,0,,0,0,0,0,2026-09-12T20:10:25.613305+00:00
2026-09-13,40875,11768876,EDCKUL21CRAA3100,equipment,CRA,Mechanical,EDCKUL21,1F,STS ROOM BE,2,Block BH,Stulz,24.14,21,87,66,100.0,21,21,0,1,0.0,0,40,40,1,0.0,0,26,26,1,,0,0,0,0,,0,0,0,0,2026-09-12T20:10:25.613305+00:00
2026-09-13,40875,11768877,EDCKUL21CRAA3200,equipment,CRA,Mechanical,EDCKUL21,1F,STS ROOM BD,2,Block BH,Stulz,24.14,21,87,66,100.0,21,21,0,1,0.0,0,40,40,1,0.0,0,26,26,1,,0,0,0,0,,0,0,0,0,2026-09-12T20:10:25.613305+00:00
2026-09-13,40875,11768878,EDCKUL21CRAA3300,equipment,CRA,Mechanical,EDCKUL21,1F,STS ROOM BD,2,Block BH,Stulz,24.14,21,87,66,100.0,21,21,0,1,0.0,0,40,40,1,0.0,0,26,26,1,,0,0,0,0,,0,0,0,0,2026-09-12T20:10:25.613305+00:00
2026-09-13,40875,11768879,EDCKUL21CRAA3400,equipment,CRA,Mechanical,EDCKUL21,1F,STS ROOM BD,2,Block BH,Stulz,24.14,21,87,66,100.0,21,21,0,1,0.0,0,40,40,1,0.0,0,26,26,1,,0,0,0,0,,0,0,0,0,2026-09-12T20:10:25.613305+00:00
2026-09-13,40875,11768880,EDCKUL21CRAA3500,equipment,CRA,Mechanical,,,ELECTRICAL ROOM BF,2,Block BH,Stulz,24.14,21,87,66,100.0,21,21,0,1,0.0,0,40,40,1,0.0,0,26,26,1,,0,0,0,0,,0,0,0,0,2026-09-12T20:10:25.613305+00:00
2026-09-13,40875,11768881,EDCKUL21CRAA3600,equipment,CRA,Mechanical,,,ELECTRICAL ROOM BF,2,Block BH,Stulz,24.14,21,87,66,100.0,21,21,0,1,0.0,0,40,40,1,0.0,0,26,26,1,,0,0,0,0,,0,0,0,0,2026-09-12T20:10:25.613305+00:00
2026-09-13,40875,11768882,EDCKUL21CRAA3700,equipment,CRA,Mechanical,,,ELECTRICAL ROOM BE,2,Block BH,Stulz,24.14,21,87,66,100.0,21,21,0,1,0.0,0,40,40,1,0.0,0,26,26,1,,0,0,0,0,,0,0,0,0,2026-09-12T20:10:25.613305+00:00
2026-09-13,40875,11768883,EDCKUL21CRAA3800,equipment,CRA,Mechanical,,,ELECTRICAL ROOM BE,2,Block BH,Stulz,9.2,8,87,79,38.1,8,21,13,1,0.0,0,40,40,1,0.0,0,26,26,1,,0,0,0,0,,0,0,0,0,2026-09-12T20:10:25.613305+00:00
2026-09-13,40875,11768884,EDCKUL21CRAA3900,equipment,CRA,Mechanical,,,ELECTRICAL ROOM BD,2,Block BH,Stulz,24.14,21,87,66,100.0,21,21,0,1,0.0,0,40,40,1,0.0,0,26,26,1,,0,0,0,0,,0,0,0,0,2026-09-12T20:10:25.613305+00:00
2026-09-13,40875,11768885,EDCKUL21CRAA4000,equipment,CRA,Mechanical,,,ELECTRICAL ROOM BD,2,Block BH,Stulz,24.14,21,87,66,100.0,21,21,0,1,0.0,0,40,40,1,0.0,0,26,26,1,,0,0,0,0,,0,0,0,0,2026-09-12T20:10:25.613305+00:00
2026-09-13,40875,11768886,EDCKUL21CRAA4100,equipment,CRA,Mechanical,,,ELECTRICAL ROOM BZ,2,Block BH,Stulz,24.14,21,87,66,100.0,21,21,0,1,0.0,0,40,40,1,0.0,0,26,26,1,,0,0,0,0,,0,0,0,0,2026-09-12T20:10:25.613305+00:00
2026-09-13,40875,11768887,EDCKUL21CRAA4200,equipment,CRA,Mechanical,,,ELECTRICAL ROOM BZ,2,Block BH,Stulz,24.14,21,87,66,100.0,21,21,0,1,0.0,0,40,40,1,0.0,0,26,26,1,,0,0,0,0,,0,0,0,0,2026-09-12T20:10:25.613305+00:00
2026-09-13,40875,11768888,EDCKUL21CRAA4300,equipment,CRA,Mechanical,EDCKUL21,GF,STS ROOM BA,2,Block BH,Stulz,25.29,22,87,65,100.0,21,21,0,1,2.5,1,40,39,1,0.0,0,26,26,1,,0,0,0,0,,0,0,0,0,2026-09-12T20:10:25.613305+00:00
2026-09-13,40875,11768889,EDCKUL21CRAA4400,equipment,CRA,Mechanical,EDCKUL21,GF,STS ROOM BA,2,Block BH,Stulz,24.14,21,87,66,100.0,21,21,0,1,0.0,0,40,40,1,0.0,0,26,26,1,,0,0,0,0,,0,0,0,0,2026-09-12T20:10:25.613305+00:00
2026-09-13,40875,11768890,EDCKUL21CRAA4500,equipment,CRA,Mechanical,EDCKUL21,GF,STS ROOM BB,2,Block BH,Stulz,24.14,21,87,66,100.0,21,21,0,1,0.0,0,40,40,1,0.0,0,26,26,1,,0,0,0,0,,0,0,0,0,2026-09-12T20:10:25.613305+00:00
2026-09-13,40875,11768891,EDCKUL21CRAA4600,equipment,CRA,Mechanical,EDCKUL21,GF,STS ROOM BB,2,Block BH,Stulz,24.14,21,87,66,100.0,21,21,0,1,0.0,0,40,40,1,0.0,0,26,26,1,,0,0,0,0,,0,0,0,0,2026-09-12T20:10:25.613305+00:00
2026-09-13,40875,11768892,EDCKUL21CRAA4700,equipment,CRA,Mechanical,EDCKUL21,GF,STS ROOM BC,2,Block BH,Stulz,24.14,21,87,66,100.0,21,21,0,1,0.0,0,40,40,1,0.0,0,26,26,1,,0,0,0,0,,0,0,0,0,2026-09-12T20:10:25.613305+00:00
2026-09-13,40875,11768893,EDCKUL21CRAA4800,equipment,CRA,Mechanical,EDCKUL21,GF,STS ROOM BC,2,Block BH,Stulz,24.14,21,87,66,100.0,21,21,0,1,0.0,0,40,40,1,0.0,0,26,26,1,,0,0,0,0,,0,0,0,0,2026-09-12T20:10:25.613305+00:00
2026-09-13,40875,11768894,EDCKUL21CRAA4900,equipment,CRA,Mechanical,,,ELECTRICAL ROOM BA,2,Block BH,Stulz,64.37,56,87,31,100.0,21,21,0,1,87.5,35,40,5,1,0.0,0,26,26,1,,0,0,0,0,,0,0,0,0,2026-09-12T20:10:25.613305+00:00
2026-09-13,40875,11768895,EDCKUL21CRAA5000,equipment,CRA,Mechanical,,,ELECTRICAL ROOM BA,2,Block BH,Stulz,32.18,28,87,59,100.0,21,21,0,1,17.5,7,40,33,1,0.0,0,26,26,1,,0,0,0,0,,0,0,0,0,2026-09-12T20:10:25.613305+00:00
2026-09-13,40875,11768896,EDCKUL21CRAA5100,equipment,CRA,Mechanical,,,ELECTRICAL ROOM BB,2,Block BH,Stulz,32.18,28,87,59,100.0,21,21,0,1,17.5,7,40,33,1,0.0,0,26,26,1,,0,0,0,0,,0,0,0,0,2026-09-12T20:10:25.613305+00:00
2026-09-13,40875,11768897,EDCKUL21CRAA5200,equipment,CRA,Mechanical,,,ELECTRICAL ROOM BB,2,Block BH,Stulz,32.18,28,87,59,100.0,21,21,0,1,17.5,7,40,33,1,0.0,0,26,26,1,,0,0,0,0,,0,0,0,0,2026-09-12T20:10:25.613305+00:00
2026-09-13,40875,11768898,EDCKUL21CRAA5300,equipment,CRA,Mechanical,,,ELECTRICAL ROOM BC,2,Block BH,Stulz,32.18,28,87,59,100.0,21,21,0,1,17.5,7,40,33,1,0.0,0,26,26,1,,0,0,0,0,,0,0,0,0,2026-09-12T20:10:25.613305+00:00
2026-09-13,40875,11768899,EDCKUL21CRAA5400,equipment,CRA,Mechanical,,,ELECTRICAL ROOM BC,2,Block BH,Stulz,32.18,28,87,59,100.0,21,21,0,1,17.5,7,40,33,1,0.0,0,26,26,1,,0,0,0,0,,0,0,0,0,2026-09-12T20:10:25.613305+00:00
2026-09-13,40875,11768900,EDCKUL21CRAA5500,equipment,CRA,Mechanical,,,ELECTRICAL ROOM BH,2,Block BH,Stulz,32.18,28,87,59,100.0,21,21,0,1,17.5,7,40,33,1,0.0,0,26,26,1,,0,0,0,0,,0,0,0,0,2026-09-12T20:10:25.613305+00:00
2026-09-13,40875,11768901,EDCKUL21CRAA5600,equipment,CRA,Mechanical,,,ELECTRICAL ROOM BH,2,Block BH,Stulz,32.18,28,87,59,100.0,21,21,0,1,17.5,7,40,33,1,0.0,0,26,26,1,,0,0,0,0,,0,0,0,0,2026-09-12T20:10:25.613305+00:00
2026-09-13,40875,11768907,EDCKUL21UPBBA310,equipment,UPB,Electrical,,,BATTERY ROOM BA,2,Block BA,Eaton,67.9,55,81,26,100.0,20,20,0,1,100.0,35,35,0,1,0.0,0,26,26,1,,0,0,0,0,,0,0,0,0,2026-09-12T20:10:25.613305+00:00
2026-09-13,40875,11768908,EDCKUL21UPBBB310,equipment,UPB,Electrical,,,BATTERY ROOM BB,2,Block BB,Eaton,33.33,27,81,54,100.0,20,20,0,1,20.0,7,35,28,1,0.0,0,26,26,1,,0,0,0,0,,0,0,0,0,2026-09-12T20:10:25.613305+00:00
2026-09-13,40875,11768909,EDCKUL21UPBBC310,equipment,UPB,Electrical,,,BATTERY ROOM BC,2,Block BC,Eaton,24.69,20,81,61,100.0,20,20,0,1,0.0,0,35,35,1,0.0,0,26,26,1,,0,0,0,0,,0,0,0,0,2026-09-12T20:10:25.613305+00:00
2026-09-13,40875,11768910,EDCKUL21UPBBD310,equipment,UPB,Electrical,,,BATTERY ROOM BD,2,Block BD,Eaton,33.33,27,81,54,100.0,20,20,0,1,20.0,7,35,28,1,0.0,0,26,26,1,,0,0,0,0,,0,0,0,0,2026-09-12T20:10:25.613305+00:00
2026-09-13,40875,11768911,EDCKUL21UPBBE310,equipment,UPB,Electrical,,,BATTERY ROOM BE,2,Block BE,Eaton,32.1,26,81,55,100.0,20,20,0,1,17.14,6,35,29,1,0.0,0,26,26,1,,0,0,0,0,,0,0,0,0,2026-09-12T20:10:25.613305+00:00
2026-09-13,40875,11768912,EDCKUL21UPBBH310,equipment,UPB,Electrical,,,ELECTRICAL ROOM BH,2,Block BH,Eaton,24.69,20,81,61,100.0,20,20,0,1,0.0,0,35,35,1,0.0,0,26,26,1,,0,0,0,0,,0,0,0,0,2026-09-12T20:10:25.613305+00:00
2026-09-13,40875,11768913,EDCKUL21UPBBH210,equipment,UPB,Electrical,,,ELECTRICAL ROOM BH,2,Block BH,Promatrix DCS,24.14,21,87,66,100.0,21,21,0,1,0.0,0,40,40,1,0.0,0,26,26,1,,0,0,0,0,,0,0,0,0,2026-09-12T20:10:25.613305+00:00
2026-09-13,40875,11768914,EDCKUL21UPBBF310,equipment,UPB,Electrical,,,BATTERY ROOM BF,2,Block BF,Eaton,33.33,27,81,54,100.0,20,20,0,1,20.0,7,35,28,1,0.0,0,26,26,1,,0,0,0,0,,0,0,0,0,2026-09-12T20:10:25.613305+00:00
2026-09-13,40875,11768915,EDCKUL21UPBBZ310,equipment,UPB,Electrical,,,BATTERY ROOM BZ,2,Block BZ,Eaton,33.33,27,81,54,100.0,20,20,0,1,20.0,7,35,28,1,0.0,0,26,26,1,,0,0,0,0,,0,0,0,0,2026-09-12T20:10:25.613305+00:00
2026-09-13,40875,11768916,EDCKUL21UPSBA310,equipment,UPS,Electrical,,,ELECTRICAL ROOM BA,2,Block BA,Eaton,67.9,55,81,26,100.0,20,20,0,1,100.0,35,35,0,1,0.0,0,26,26,1,,0,0,0,0,,0,0,0,0,2026-09-12T20:10:25.613305+00:00
2026-09-13,40875,11768917,EDCKUL21UPSBB310,equipment,UPS,Electrical,,,ELECTRICAL ROOM BB,2,Block BB,Promatrix DCS,67.9,55,81,26,100.0,20,20,0,1,100.0,35,35,0,1,0.0,0,26,26,1,,0,0,0,0,,0,0,0,0,2026-09-12T20:10:25.613305+00:00
2026-09-13,40875,11768918,EDCKUL21UPSBC310,equipment,UPS,Electrical,,,ELECTRICAL ROOM BC,2,Block BC,Eaton,33.33,27,81,54,100.0,20,20,0,1,20.0,7,35,28,1,0.0,0,26,26,1,,0,0,0,0,,0,0,0,0,2026-09-12T20:10:25.613305+00:00
2026-09-13,40875,11768919,EDCKUL21UPSBD310,equipment,UPS,Electrical,,,ELECTRICAL ROOM BD,2,Block BD,Eaton,33.33,27,81,54,100.0,20,20,0,1,20.0,7,35,28,1,0.0,0,26,26,1,,0,0,0,0,,0,0,0,0,2026-09-12T20:10:25.613305+00:00
2026-09-13,40875,11768920,EDCKUL21UPSBE310,equipment,UPS,Electrical,,,ELECTRICAL ROOM BE,2,Block BE,Eaton,33.33,27,81,54,100.0,20,20,0,1,20.0,7,35,28,1,0.0,0,26,26,1,,0,0,0,0,,0,0,0,0,2026-09-12T20:10:25.613305+00:00
2026-09-13,40875,11768921,EDCKUL21UPSBF310,equipment,UPS,Electrical,,,ELECTRICAL ROOM BF,2,Block BF,Promatrix DCS,35.8,29,81,52,100.0,20,20,0,1,25.71,9,35,26,1,0.0,0,26,26,1,,0,0,0,0,,0,0,0,0,2026-09-12T20:10:25.613305+00:00
2026-09-13,40875,11768922,EDCKUL21UPSBH210,equipment,UPS,Electrical,,,ELECTRICAL ROOM BH,2,Block BH,Eaton,24.14,21,87,66,100.0,21,21,0,1,0.0,0,40,40,1,0.0,0,26,26,1,,0,0,0,0,,0,0,0,0,2026-09-12T20:10:25.613305+00:00
2026-09-13,40875,11768923,EDCKUL21UPSBH310,equipment,UPS,Electrical,,,ELECTRICAL ROOM BH,2,Block BH,Promatrix DCS,24.69,20,81,61,100.0,20,20,0,1,0.0,0,35,35,1,0.0,0,26,26,1,,0,0,0,0,,0,0,0,0,2026-09-12T20:10:25.613305+00:00
2026-09-13,40875,11768924,EDCKUL21UPSBZ310,equipment,UPS,Electrical,,,ELECTRICAL ROOM BZ,2,Block BZ,Eaton,33.33,27,81,54,100.0,20,20,0,1,20.0,7,35,28,1,0.0,0,26,26,1,,0,0,0,0,,0,0,0,0,2026-09-12T20:10:25.613305+00:00
2026-09-13,40875,11768925,EDCKUL21RPPBA121,equipment,RPP,Electrical,,,DATA HALL 1,2,Block BA,Powerwell,24.69,20,81,61,100.0,20,20,0,1,0.0,0,35,35,1,0.0,0,26,26,1,,0,0,0,0,,0,0,0,0,2026-09-12T20:10:25.613305+00:00
2026-09-13,40875,11768926,EDCKUL21RPPBA131,equipment,RPP,Electrical,,,DATA HALL 1,2,Block BA,Powerwell,24.69,20,81,61,100.0,20,20,0,1,0.0,0,35,35,1,0.0,0,26,26,1,,0,0,0,0,,0,0,0,0,2026-09-12T20:10:25.613305+00:00
2026-09-13,40875,11768927,EDCKUL21RPPBC121,equipment,RPP,Electrical,,,DATA HALL 1,2,Block BC,Powerwell,24.69,20,81,61,100.0,20,20,0,1,0.0,0,35,35,1,0.0,0,26,26,1,,0,0,0,0,,0,0,0,0,2026-09-12T20:10:25.613305+00:00
2026-09-13,40875,11768928,EDCKUL21RPPBC131,equipment,RPP,Electrical,,,DATA HALL 1,2,Block BC,Powerwell,24.69,20,81,61,100.0,20,20,0,1,0.0,0,35,35,1,0.0,0,26,26,1,,0,0,0,0,,0,0,0,0,2026-09-12T20:10:25.613305+00:00
2026-09-13,40875,11768929,EDCKUL21RPPBD114,equipment,RPP,Electrical,,,DATA HALL 4,2,Block BD,Powerwell,24.69,20,81,61,100.0,20,20,0,1,0.0,0,35,35,1,0.0,0,26,26,1,,0,0,0,0,,0,0,0,0,2026-09-12T20:10:25.613305+00:00
2026-09-13,40875,11768930,EDCKUL21RPPBD214,equipment,RPP,Electrical,,,DATA HALL 4,2,Block BD,Powerwell,24.69,20,81,61,100.0,20,20,0,1,0.0,0,35,35,1,0.0,0,26,26,1,,0,0,0,0,,0,0,0,0,2026-09-12T20:10:25.613305+00:00
2026-09-13,40875,11768931,EDCKUL21RPPBD314,equipment,RPP,Electrical,,,DATA HALL 4,2,Block BD,Powerwell,24.69,20,81,61,100.0,20,20,0,1,0.0,0,35,35,1,0.0,0,26,26,1,,0,0,0,0,,0,0,0,0,2026-09-12T20:10:25.613305+00:00
2026-09-13,40875,11768932,EDCKUL21RPPBD414,equipment,RPP,Electrical,,,DATA HALL 4,2,Block BD,Powerwell,24.69,20,81,61,100.0,20,20,0,1,0.0,0,35,35,1,0.0,0,26,26,1,,0,0,0,0,,0,0,0,0,2026-09-12T20:10:25.613305+00:00
2026-09-13,40875,11768933,EDCKUL21RPPBD124,equipment,RPP,Electrical,,,DATA HALL 4,2,Block BD,Powerwell,24.69,20,81,61,100.0,20,20,0,1,0.0,0,35,35,1,0.0,0,26,26,1,,0,0,0,0,,0,0,0,0,2026-09-12T20:10:25.613305+00:00
2026-09-13,40875,11768934,EDCKUL21RPPBD224,equipment,RPP,Electrical,,,DATA HALL 4,2,Block BD,Powerwell,24.69,20,81,61,100.0,20,20,0,1,0.0,0,35,35,1,0.0,0,26,26,1,,0,0,0,0,,0,0,0,0,2026-09-12T20:10:25.613305+00:00
2026-09-13,40875,11768935,EDCKUL21RPPBD324,equipment,RPP,Electrical,,,DATA HALL 4,2,Block BD,Powerwell,24.69,20,81,61,100.0,20,20,0,1,0.0,0,35,35,1,0.0,0,26,26,1,,0,0,0,0,,0,0,0,0,2026-09-12T20:10:25.613305+00:00
2026-09-13,40875,11768936,EDCKUL21RPPBD424,equipment,RPP,Electrical,,,DATA HALL 4,2,Block BD,Powerwell,24.69,20,81,61,100.0,20,20,0,1,0.0,0,35,35,1,0.0,0,26,26,1,,0,0,0,0,,0,0,0,0,2026-09-12T20:10:25.613305+00:00
2026-09-13,40875,11768937,EDCKUL21RPPBD134,equipment,RPP,Electrical,,,DATA HALL 4,2,Block BD,Powerwell,24.69,20,81,61,100.0,20,20,0,1,0.0,0,35,35,1,0.0,0,26,26,1,,0,0,0,0,,0,0,0,0,2026-09-12T20:10:25.613305+00:00
2026-09-13,40875,11768938,EDCKUL21RPPBD234,equipment,RPP,Electrical,,,DATA HALL 4,2,Block BD,Powerwell,24.69,20,81,61,100.0,20,20,0,1,0.0,0,35,35,1,0.0,0,26,26,1,,0,0,0,0,,0,0,0,0,2026-09-12T20:10:25.613305+00:00
2026-09-13,40875,11768939,EDCKUL21RPPBD334,equipment,RPP,Electrical,,,DATA HALL 4,2,Block BD,Powerwell,24.69,20,81,61,100.0,20,20,0,1,0.0,0,35,35,1,0.0,0,26,26,1,,0,0,0,0,,0,0,0,0,2026-09-12T20:10:25.613305+00:00
2026-09-13,40875,11768940,EDCKUL21RPPBD434,equipment,RPP,Electrical,,,DATA HALL 4,2,Block BD,Powerwell,24.69,20,81,61,100.0,20,20,0,1,0.0,0,35,35,1,0.0,0,26,26,1,,0,0,0,0,,0,0,0,0,2026-09-12T20:10:25.613305+00:00
2026-09-13,40875,11768941,EDCKUL21RPPBD144,equipment,RPP,Electrical,,,DATA HALL 4,2,Block BD,Powerwell,24.69,20,81,61,100.0,20,20,0,1,0.0,0,35,35,1,0.0,0,26,26,1,,0,0,0,0,,0,0,0,0,2026-09-12T20:10:25.613305+00:00
2026-09-13,40875,11768942,EDCKUL21RPPBD244,equipment,RPP,Electrical,,,DATA HALL 4,2,Block BD,Powerwell,24.69,20,81,61,100.0,20,20,0,1,0.0,0,35,35,1,0.0,0,26,26,1,,0,0,0,0,,0,0,0,0,2026-09-12T20:10:25.613305+00:00
2026-09-13,40875,11768943,EDCKUL21RPPBD344,equipment,RPP,Electrical,,,DATA HALL 4,2,Block BD,Powerwell,24.69,20,81,61,100.0,20,20,0,1,0.0,0,35,35,1,0.0,0,26,26,1,,0,0,0,0,,0,0,0,0,2026-09-12T20:10:25.613305+00:00
2026-09-13,40875,11768944,EDCKUL21RPPBD444,equipment,RPP,Electrical,,,DATA HALL 4,2,Block BD,Powerwell,24.69,20,81,61,100.0,20,20,0,1,0.0,0,35,35,1,0.0,0,26,26,1,,0,0,0,0,,0,0,0,0,2026-09-12T20:10:25.613305+00:00
2026-09-13,40875,11768945,EDCKUL21RPPBE114,equipment,RPP,Electrical,,,DATA HALL 4,2,Block BE,Powerwell,24.69,20,81,61,100.0,20,20,0,1,0.0,0,35,35,1,0.0,0,26,26,1,,0,0,0,0,,0,0,0,0,2026-09-12T20:10:25.613305+00:00
2026-09-13,40875,11768946,EDCKUL21RPPBE214,equipment,RPP,Electrical,,,DATA HALL 4,2,Block BE,Powerwell,24.69,20,81,61,100.0,20,20,0,1,0.0,0,35,35,1,0.0,0,26,26,1,,0,0,0,0,,0,0,0,0,2026-09-12T20:10:25.613305+00:00
2026-09-13,40875,11768947,EDCKUL21RPPBE314,equipment,RPP,Electrical,,,DATA HALL 4,2,Block BE,Powerwell,24.69,20,81,61,100.0,20,20,0,1,0.0,0,35,35,1,0.0,0,26,26,1,,0,0,0,0,,0,0,0,0,2026-09-12T20:10:25.613305+00:00
2026-09-13,40875,11768948,EDCKUL21RPPBE414,equipment,RPP,Electrical,,,DATA HALL 4,2,Block BE,Powerwell,24.69,20,81,61,100.0,20,20,0,1,0.0,0,35,35,1,0.0,0,26,26,1,,0,0,0,0,,0,0,0,0,2026-09-12T20:10:25.613305+00:00
2026-09-13,40875,11768949,EDCKUL21RPPBE124,equipment,RPP,Electrical,,,DATA HALL 4,2,Block BE,Powerwell,24.69,20,81,61,100.0,20,20,0,1,0.0,0,35,35,1,0.0,0,26,26,1,,0,0,0,0,,0,0,0,0,2026-09-12T20:10:25.613305+00:00
2026-09-13,40875,11768950,EDCKUL21RPPBE224,equipment,RPP,Electrical,,,DATA HALL 4,2,Block BE,Powerwell,24.69,20,81,61,100.0,20,20,0,1,0.0,0,35,35,1,0.0,0,26,26,1,,0,0,0,0,,0,0,0,0,2026-09-12T20:10:25.613305+00:00
2026-09-13,40875,11768951,EDCKUL21RPPBE324,equipment,RPP,Electrical,,,DATA HALL 4,2,Block BE,Powerwell,24.69,20,81,61,100.0,20,20,0,1,0.0,0,35,35,1,0.0,0,26,26,1,,0,0,0,0,,0,0,0,0,2026-09-12T20:10:25.613305+00:00
2026-09-13,40875,11768952,EDCKUL21RPPBE424,equipment,RPP,Electrical,,,DATA HALL 4,2,Block BE,Powerwell,24.69,20,81,61,100.0,20,20,0,1,0.0,0,35,35,1,0.0,0,26,26,1,,0,0,0,0,,0,0,0,0,2026-09-12T20:10:25.613305+00:00
2026-09-13,40875,11768953,EDCKUL21RPPBE134,equipment,RPP,Electrical,,,DATA HALL 4,2,Block BE,Powerwell,24.69,20,81,61,100.0,20,20,0,1,0.0,0,35,35,1,0.0,0,26,26,1,,0,0,0,0,,0,0,0,0,2026-09-12T20:10:25.613305+00:00
2026-09-13,40875,11768954,EDCKUL21RPPBE234,equipment,RPP,Electrical,,,DATA HALL 4,2,Block BE,Powerwell,24.69,20,81,61,100.0,20,20,0,1,0.0,0,35,35,1,0.0,0,26,26,1,,0,0,0,0,,0,0,0,0,2026-09-12T20:10:25.613305+00:00
2026-09-13,40875,11768955,EDCKUL21RPPBE334,equipment,RPP,Electrical,,,DATA HALL 4,2,Block BE,Powerwell,24.69,20,81,61,100.0,20,20,0,1,0.0,0,35,35,1,0.0,0,26,26,1,,0,0,0,0,,0,0,0,0,2026-09-12T20:10:25.613305+00:00
2026-09-13,40875,11768956,EDCKUL21RPPBE434,equipment,RPP,Electrical,,,DATA HALL 4,2,Block BE,Powerwell,24.69,20,81,61,100.0,20,20,0,1,0.0,0,35,35,1,0.0,0,26,26,1,,0,0,0,0,,0,0,0,0,2026-09-12T20:10:25.613305+00:00
2026-09-13,40875,11768957,EDCKUL21RPPBE144,equipment,RPP,Electrical,,,DATA HALL 4,2,Block BE,Powerwell,24.69,20,81,61,100.0,20,20,0,1,0.0,0,35,35,1,0.0,0,26,26,1,,0,0,0,0,,0,0,0,0,2026-09-12T20:10:25.613305+00:00
2026-09-13,40875,11768958,EDCKUL21RPPBE244,equipment,RPP,Electrical,,,DATA HALL 4,2,Block BE,Powerwell,24.69,20,81,61,100.0,20,20,0,1,0.0,0,35,35,1,0.0,0,26,26,1,,0,0,0,0,,0,0,0,0,2026-09-12T20:10:25.613305+00:00
2026-09-13,40875,11768959,EDCKUL21RPPBE344,equipment,RPP,Electrical,,,DATA HALL 4,2,Block BE,Powerwell,24.69,20,81,61,100.0,20,20,0,1,0.0,0,35,35,1,0.0,0,26,26,1,,0,0,0,0,,0,0,0,0,2026-09-12T20:10:25.613305+00:00
2026-09-13,40875,11768960,EDCKUL21RPPBE444,equipment,RPP,Electrical,,,DATA HALL 4,2,Block BE,Powerwell,24.69,20,81,61,100.0,20,20,0,1,0.0,0,35,35,1,0.0,0,26,26,1,,0,0,0,0,,0,0,0,0,2026-09-12T20:10:25.613305+00:00
2026-09-13,40875,11768961,EDCKUL21RPPBF114,equipment,RPP,Electrical,,,DATA HALL 4,2,Block BF,Powerwell,24.69,20,81,61,100.0,20,20,0,1,0.0,0,35,35,1,0.0,0,26,26,1,,0,0,0,0,,0,0,0,0,2026-09-12T20:10:25.613305+00:00
2026-09-13,40875,11768962,EDCKUL21RPPBF214,equipment,RPP,Electrical,,,DATA HALL 4,2,Block BF,Powerwell,24.69,20,81,61,100.0,20,20,0,1,0.0,0,35,35,1,0.0,0,26,26,1,,0,0,0,0,,0,0,0,0,2026-09-12T20:10:25.613305+00:00
2026-09-13,40875,11768963,EDCKUL21RPPBF314,equipment,RPP,Electrical,,,DATA HALL 4,2,Block BF,Powerwell,24.69,20,81,61,100.0,20,20,0,1,0.0,0,35,35,1,0.0,0,26,26,1,,0,0,0,0,,0,0,0,0,2026-09-12T20:10:25.613305+00:00
2026-09-13,40875,11768964,EDCKUL21RPPBF414,equipment,RPP,Electrical,,,DATA HALL 4,2,Block BF,Powerwell,24.69,20,81,61,100.0,20,20,0,1,0.0,0,35,35,1,0.0,0,26,26,1,,0,0,0,0,,0,0,0,0,2026-09-12T20:10:25.613305+00:00
2026-09-13,40875,11768965,EDCKUL21RPPBF124,equipment,RPP,Electrical,,,DATA HALL 4,2,Block BF,Powerwell,24.69,20,81,61,100.0,20,20,0,1,0.0,0,35,35,1,0.0,0,26,26,1,,0,0,0,0,,0,0,0,0,2026-09-12T20:10:25.613305+00:00
2026-09-13,40875,11768966,EDCKUL21RPPBF224,equipment,RPP,Electrical,,,DATA HALL 4,2,Block BF,Powerwell,24.69,20,81,61,100.0,20,20,0,1,0.0,0,35,35,1,0.0,0,26,26,1,,0,0,0,0,,0,0,0,0,2026-09-12T20:10:25.613305+00:00
2026-09-13,40875,11768967,EDCKUL21RPPBF324,equipment,RPP,Electrical,,,DATA HALL 4,2,Block BF,Powerwell,24.69,20,81,61,100.0,20,20,0,1,0.0,0,35,35,1,0.0,0,26,26,1,,0,0,0,0,,0,0,0,0,2026-09-12T20:10:25.613305+00:00
2026-09-13,40875,11768968,EDCKUL21RPPBF424,equipment,RPP,Electrical,,,DATA HALL 4,2,Block BF,Powerwell,24.69,20,81,61,100.0,20,20,0,1,0.0,0,35,35,1,0.0,0,26,26,1,,0,0,0,0,,0,0,0,0,2026-09-12T20:10:25.613305+00:00
2026-09-13,40875,11768969,EDCKUL21RPPBF134,equipment,RPP,Electrical,,,DATA HALL 4,2,Block BF,Powerwell,24.69,20,81,61,100.0,20,20,0,1,0.0,0,35,35,1,0.0,0,26,26,1,,0,0,0,0,,0,0,0,0,2026-09-12T20:10:25.613305+00:00
2026-09-13,40875,11768970,EDCKUL21RPPBF234,equipment,RPP,Electrical,,,DATA HALL 4,2,Block BF,Powerwell,24.69,20,81,61,100.0,20,20,0,1,0.0,0,35,35,1,0.0,0,26,26,1,,0,0,0,0,,0,0,0,0,2026-09-12T20:10:25.613305+00:00
2026-09-13,40875,11768971,EDCKUL21RPPBF334,equipment,RPP,Electrical,,,DATA HALL 4,2,Block BF,Powerwell,24.69,20,81,61,100.0,20,20,0,1,0.0,0,35,35,1,0.0,0,26,26,1,,0,0,0,0,,0,0,0,0,2026-09-12T20:10:25.613305+00:00
2026-09-13,40875,11768972,EDCKUL21RPPBF434,equipment,RPP,Electrical,,,DATA HALL 4,2,Block BF,Powerwell,24.69,20,81,61,100.0,20,20,0,1,0.0,0,35,35,1,0.0,0,26,26,1,,0,0,0,0,,0,0,0,0,2026-09-12T20:10:25.613305+00:00
2026-09-13,40875,11768973,EDCKUL21RPPBF144,equipment,RPP,Electrical,,,DATA HALL 4,2,Block BF,Powerwell,24.69,20,81,61,100.0,20,20,0,1,0.0,0,35,35,1,0.0,0,26,26,1,,0,0,0,0,,0,0,0,0,2026-09-12T20:10:25.613305+00:00
2026-09-13,40875,11768974,EDCKUL21RPPBF244,equipment,RPP,Electrical,,,DATA HALL 4,2,Block BF,Powerwell,24.69,20,81,61,100.0,20,20,0,1,0.0,0,35,35,1,0.0,0,26,26,1,,0,0,0,0,,0,0,0,0,2026-09-12T20:10:25.613305+00:00
2026-09-13,40875,11768975,EDCKUL21RPPBF344,equipment,RPP,Electrical,,,DATA HALL 4,2,Block BF,Powerwell,24.69,20,81,61,100.0,20,20,0,1,0.0,0,35,35,1,0.0,0,26,26,1,,0,0,0,0,,0,0,0,0,2026-09-12T20:10:25.613305+00:00
2026-09-13,40875,11768976,EDCKUL21RPPBF444,equipment,RPP,Electrical,,,DATA HALL 4,2,Block BF,Powerwell,24.69,20,81,61,100.0,20,20,0,1,0.0,0,35,35,1,0.0,0,26,26,1,,0,0,0,0,,0,0,0,0,2026-09-12T20:10:25.613305+00:00
2026-09-13,40875,11768977,EDCKUL21STSBA310,equipment,STS,Electrical,EDCKUL21,GF,STS ROOM BA,2,Block BA,Vertiv,24.14,21,87,66,100.0,21,21,0,1,0.0,0,40,40,1,0.0,0,26,26,1,,0,0,0,0,,0,0,0,0,2026-09-12T20:10:25.613305+00:00
2026-09-13,40875,11768978,EDCKUL21STSBA410,equipment,STS,Electrical,EDCKUL21,GF,STS ROOM BA,2,Block BA,Vertiv,24.14,21,87,66,100.0,21,21,0,1,0.0,0,40,40,1,0.0,0,26,26,1,,0,0,0,0,,0,0,0,0,2026-09-12T20:10:25.613305+00:00
2026-09-13,40875,11768979,EDCKUL21STSBB310,equipment,STS,Electrical,EDCKUL21,GF,STS ROOM BB,2,Block BB,Vertiv,24.14,21,87,66,100.0,21,21,0,1,0.0,0,40,40,1,0.0,0,26,26,1,,0,0,0,0,,0,0,0,0,2026-09-12T20:10:25.613305+00:00
2026-09-13,40875,11768980,EDCKUL21STSBB410,equipment,STS,Electrical,EDCKUL21,GF,STS ROOM BB,2,Block BB,Vertiv,24.14,21,87,66,100.0,21,21,0,1,0.0,0,40,40,1,0.0,0,26,26,1,,0,0,0,0,,0,0,0,0,2026-09-12T20:10:25.613305+00:00
2026-09-13,40875,11768981,EDCKUL21STSBC310,equipment,STS,Electrical,EDCKUL21,GF,STS ROOM BC,2,Block BC,Vertiv,24.14,21,87,66,100.0,21,21,0,1,0.0,0,40,40,1,0.0,0,26,26,1,,0,0,0,0,,0,0,0,0,2026-09-12T20:10:25.613305+00:00
2026-09-13,40875,11768982,EDCKUL21STSBC410,equipment,STS,Electrical,EDCKUL21,GF,STS ROOM BC,2,Block BC,Vertiv,24.14,21,87,66,100.0,21,21,0,1,0.0,0,40,40,1,0.0,0,26,26,1,,0,0,0,0,,0,0,0,0,2026-09-12T20:10:25.613305+00:00
2026-09-13,40875,11768983,EDCKUL21STSBD310,equipment,STS,Electrical,EDCKUL21,1F,STS ROOM BD,2,Block BD,Vertiv,24.14,21,87,66,100.0,21,21,0,1,0.0,0,40,40,1,0.0,0,26,26,1,,0,0,0,0,,0,0,0,0,2026-09-12T20:10:25.613305+00:00
2026-09-13,40875,11768984,EDCKUL21STSBD410,equipment,STS,Electrical,EDCKUL21,1F,STS ROOM BD,2,Block BD,Vertiv,24.14,21,87,66,100.0,21,21,0,1,0.0,0,40,40,1,0.0,0,26,26,1,,0,0,0,0,,0,0,0,0,2026-09-12T20:10:25.613305+00:00
2026-09-13,40875,11768985,EDCKUL21STSBE310,equipment,STS,Electrical,EDCKUL21,1F,STS ROOM BE,2,Block BE,Vertiv,24.14,21,87,66,100.0,21,21,0,1,0.0,0,40,40,1,0.0,0,26,26,1,,0,0,0,0,,0,0,0,0,2026-09-12T20:10:25.613305+00:00
2026-09-13,40875,11768986,EDCKUL21STSBE410,equipment,STS,Electrical,EDCKUL21,1F,STS ROOM BE,2,Block BE,Vertiv,24.14,21,87,66,100.0,21,21,0,1,0.0,0,40,40,1,0.0,0,26,26,1,,0,0,0,0,,0,0,0,0,2026-09-12T20:10:25.613305+00:00
2026-09-13,40875,11768987,EDCKUL21STSBF310,equipment,STS,Electrical,EDCKUL21,1F,STS ROOM BF,2,Block BF,Vertiv,24.14,21,87,66,100.0,21,21,0,1,0.0,0,40,40,1,0.0,0,26,26,1,,0,0,0,0,,0,0,0,0,2026-09-12T20:10:25.613305+00:00
2026-09-13,40875,11768988,EDCKUL21STSBF410,equipment,STS,Electrical,EDCKUL21,1F,STS ROOM BF,2,Block BF,Vertiv,24.14,21,87,66,100.0,21,21,0,1,0.0,0,40,40,1,0.0,0,26,26,1,,0,0,0,0,,0,0,0,0,2026-09-12T20:10:25.613305+00:00
2026-09-13,40875,11768989,EDCKUL21UDPBA110,equipment,UDP,Electrical,EDCKUL21,GF,STS ROOM BA,2,Block BA,Powerwell,24.69,20,81,61,100.0,20,20,0,1,0.0,0,35,35,1,0.0,0,26,26,1,,0,0,0,0,,0,0,0,0,2026-09-12T20:10:25.613305+00:00
2026-09-13,40875,11768990,EDCKUL21UDPBA220,equipment,UDP,Electrical,EDCKUL21,GF,STS ROOM BA,2,Block BA,Powerwell,33.33,27,81,54,100.0,20,20,0,1,20.0,7,35,28,1,0.0,0,26,26,1,,0,0,0,0,,0,0,0,0,2026-09-12T20:10:25.613305+00:00
2026-09-13,40875,11768991,EDCKUL21UDPBA330,equipment,UDP,Electrical,EDCKUL21,GF,STS ROOM BA,2,Block BA,Powerwell,33.33,27,81,54,100.0,20,20,0,1,20.0,7,35,28,1,0.0,0,26,26,1,,0,0,0,0,,0,0,0,0,2026-09-12T20:10:25.613305+00:00
2026-09-13,40875,11768992,EDCKUL21UDPBA440,equipment,UDP,Electrical,EDCKUL21,GF,STS ROOM BA,2,Block BA,Powerwell,33.33,27,81,54,100.0,20,20,0,1,20.0,7,35,28,1,0.0,0,26,26,1,,0,0,0,0,,0,0,0,0,2026-09-12T20:10:25.613305+00:00
2026-09-13,40875,11768993,EDCKUL21UDPBB110,equipment,UDP,Electrical,EDCKUL21,GF,STS ROOM BB,2,Block BB,Powerwell,33.33,27,81,54,100.0,20,20,0,1,20.0,7,35,28,1,0.0,0,26,26,1,,0,0,0,0,,0,0,0,0,2026-09-12T20:10:25.613305+00:00
2026-09-13,40875,11768994,EDCKUL21UDPBB220,equipment,UDP,Electrical,EDCKUL21,GF,STS ROOM BB,2,Block BB,Powerwell,24.69,20,81,61,100.0,20,20,0,1,0.0,0,35,35,1,0.0,0,26,26,1,,0,0,0,0,,0,0,0,0,2026-09-12T20:10:25.613305+00:00
2026-09-13,40875,11768995,EDCKUL21UDPBB330,equipment,UDP,Electrical,EDCKUL21,GF,STS ROOM BB,2,Block BB,Powerwell,24.69,20,81,61,100.0,20,20,0,1,0.0,0,35,35,1,0.0,0,26,26,1,,0,0,0,0,,0,0,0,0,2026-09-12T20:10:25.613305+00:00
2026-09-13,40875,11768996,EDCKUL21UDPBB440,equipment,UDP,Electrical,EDCKUL21,GF,STS ROOM BB,2,Block BB,Powerwell,24.69,20,81,61,100.0,20,20,0,1,0.0,0,35,35,1,0.0,0,26,26,1,,0,0,0,0,,0,0,0,0,2026-09-12T20:10:25.613305+00:00
2026-09-13,40875,11768997,EDCKUL21UDPBC110,equipment,UDP,Electrical,EDCKUL21,GF,STS ROOM BC,2,Block BC,Powerwell,24.69,20,81,61,100.0,20,20,0,1,0.0,0,35,35,1,0.0,0,26,26,1,,0,0,0,0,,0,0,0,0,2026-09-12T20:10:25.613305+00:00
2026-09-13,40875,11768998,EDCKUL21UDPBC220,equipment,UDP,Electrical,EDCKUL21,GF,STS ROOM BC,2,Block BC,Powerwell,24.69,20,81,61,100.0,20,20,0,1,0.0,0,35,35,1,0.0,0,26,26,1,,0,0,0,0,,0,0,0,0,2026-09-12T20:10:25.613305+00:00
2026-09-13,40875,11768999,EDCKUL21UDPBC330,equipment,UDP,Electrical,EDCKUL21,GF,STS ROOM BC,2,Block BC,Powerwell,33.33,27,81,54,100.0,20,20,0,1,20.0,7,35,28,1,0.0,0,26,26,1,,0,0,0,0,,0,0,0,0,2026-09-12T20:10:25.613305+00:00
2026-09-13,40875,11769000,EDCKUL21UDPBC440,equipment,UDP,Electrical,EDCKUL21,GF,STS ROOM BC,2,Block BC,Powerwell,33.33,27,81,54,100.0,20,20,0,1,20.0,7,35,28,1,0.0,0,26,26,1,,0,0,0,0,,0,0,0,0,2026-09-12T20:10:25.613305+00:00
2026-09-13,40875,11769001,EDCKUL21UDPBD110,equipment,UDP,Electrical,EDCKUL21,1F,STS ROOM BD,2,Block BD,Powerwell,24.69,20,81,61,100.0,20,20,0,1,0.0,0,35,35,1,0.0,0,26,26,1,,0,0,0,0,,0,0,0,0,2026-09-12T20:10:25.613305+00:00
2026-09-13,40875,11769002,EDCKUL21UDPBD220,equipment,UDP,Electrical,EDCKUL21,1F,STS ROOM BD,2,Block BD,Powerwell,33.33,27,81,54,100.0,20,20,0,1,20.0,7,35,28,1,0.0,0,26,26,1,,0,0,0,0,,0,0,0,0,2026-09-12T20:10:25.613305+00:00
2026-09-13,40875,11769003,EDCKUL21UDPBD330,equipment,UDP,Electrical,EDCKUL21,1F,STS ROOM BD,2,Block BD,Powerwell,33.33,27,81,54,100.0,20,20,0,1,20.0,7,35,28,1,0.0,0,26,26,1,,0,0,0,0,,0,0,0,0,2026-09-12T20:10:25.613305+00:00
2026-09-13,40875,11769004,EDCKUL21UDPBD440,equipment,UDP,Electrical,EDCKUL21,1F,STS ROOM BD,2,Block BD,Powerwell,33.33,27,81,54,100.0,20,20,0,1,20.0,7,35,28,1,0.0,0,26,26,1,,0,0,0,0,,0,0,0,0,2026-09-12T20:10:25.613305+00:00
2026-09-13,40875,11769005,EDCKUL21UDPBE110,equipment,UDP,Electrical,EDCKUL21,1F,STS ROOM BE,2,Block BE,Powerwell,33.33,27,81,54,100.0,20,20,0,1,20.0,7,35,28,1,0.0,0,26,26,1,,0,0,0,0,,0,0,0,0,2026-09-12T20:10:25.613305+00:00
2026-09-13,40875,11769006,EDCKUL21UDPBE220,equipment,UDP,Electrical,EDCKUL21,1F,STS ROOM BE,2,Block BE,Powerwell,33.33,27,81,54,100.0,20,20,0,1,20.0,7,35,28,1,0.0,0,26,26,1,,0,0,0,0,,0,0,0,0,2026-09-12T20:10:25.613305+00:00
2026-09-13,40875,11769007,EDCKUL21UDPBE330,equipment,UDP,Electrical,EDCKUL21,1F,STS ROOM BE,2,Block BE,Powerwell,33.33,27,81,54,100.0,20,20,0,1,20.0,7,35,28,1,0.0,0,26,26,1,,0,0,0,0,,0,0,0,0,2026-09-12T20:10:25.613305+00:00
2026-09-13,40875,11769008,EDCKUL21UDPBE440,equipment,UDP,Electrical,EDCKUL21,1F,STS ROOM BE,2,Block BE,Powerwell,33.33,27,81,54,100.0,20,20,0,1,20.0,7,35,28,1,0.0,0,26,26,1,,0,0,0,0,,0,0,0,0,2026-09-12T20:10:25.613305+00:00
2026-09-13,40875,11769009,EDCKUL21UDPBF110,equipment,UDP,Electrical,EDCKUL21,1F,STS ROOM BF,2,Block BF,Powerwell,33.33,27,81,54,100.0,20,20,0,1,20.0,7,35,28,1,0.0,0,26,26,1,,0,0,0,0,,0,0,0,0,2026-09-12T20:10:25.613305+00:00
2026-09-13,40875,11769010,EDCKUL21UDPBF220,equipment,UDP,Electrical,EDCKUL21,1F,STS ROOM BF,2,Block BF,Powerwell,33.33,27,81,54,100.0,20,20,0,1,20.0,7,35,28,1,0.0,0,26,26,1,,0,0,0,0,,0,0,0,0,2026-09-12T20:10:25.613305+00:00
2026-09-13,40875,11769011,EDCKUL21UDPBF330,equipment,UDP,Electrical,EDCKUL21,1F,STS ROOM BF,2,Block BF,Powerwell,33.33,27,81,54,100.0,20,20,0,1,20.0,7,35,28,1,0.0,0,26,26,1,,0,0,0,0,,0,0,0,0,2026-09-12T20:10:25.613305+00:00
2026-09-13,40875,11769012,EDCKUL21UDPBF440,equipment,UDP,Electrical,EDCKUL21,1F,STS ROOM BF,2,Block BF,Powerwell,33.33,27,81,54,100.0,20,20,0,1,20.0,7,35,28,1,0.0,0,26,26,1,,0,0,0,0,,0,0,0,0,2026-09-12T20:10:25.613305+00:00
2026-09-13,40875,11769013,EDCKUL21MBCBA210,equipment,MBC,Electrical,,,ELECTRICAL ROOM BA,2,Block BA,Powerwell,68.97,60,87,27,100.0,21,21,0,1,97.5,39,40,1,1,0.0,0,26,26,1,,0,0,0,0,,0,0,0,0,2026-09-12T20:10:25.613305+00:00
2026-09-13,40875,11769014,EDCKUL21MBCBB210,equipment,MBC,Electrical,,,ELECTRICAL ROOM BB,2,Block BB,Powerwell,68.97,60,87,27,100.0,21,21,0,1,97.5,39,40,1,1,0.0,0,26,26,1,,0,0,0,0,,0,0,0,0,2026-09-12T20:10:25.613305+00:00
2026-09-13,40875,11769015,EDCKUL21MBCBC210,equipment,MBC,Electrical,,,ELECTRICAL ROOM BC,2,Block BC,Powerwell,70.11,61,87,26,100.0,21,21,0,1,100.0,40,40,0,1,0.0,0,26,26,1,,0,0,0,0,,0,0,0,0,2026-09-12T20:10:25.613305+00:00
2026-09-13,40875,11769016,EDCKUL21MBCBD210,equipment,MBC,Electrical,,,ELECTRICAL ROOM BD,2,Block BD,Powerwell,70.11,61,87,26,100.0,21,21,0,1,100.0,40,40,0,1,0.0,0,26,26,1,,0,0,0,0,,0,0,0,0,2026-09-12T20:10:25.613305+00:00
2026-09-13,40875,11769017,EDCKUL21MBCBE210,equipment,MBC,Electrical,,,ELECTRICAL ROOM BE,2,Block BE,Powerwell,70.11,61,87,26,100.0,21,21,0,1,100.0,40,40,0,1,0.0,0,26,26,1,,0,0,0,0,,0,0,0,0,2026-09-12T20:10:25.613305+00:00
2026-09-13,40875,11769018,EDCKUL21MBCBF210,equipment,MBC,Electrical,,,ELECTRICAL ROOM BF,2,Block BF,Powerwell,70.11,61,87,26,100.0,21,21,0,1,100.0,40,40,0,1,0.0,0,26,26,1,,0,0,0,0,,0,0,0,0,2026-09-12T20:10:25.613305+00:00
2026-09-13,40875,11769019,EDCKUL21MBCBH210,equipment,MBC,Electrical,,,ELECTRICAL ROOM BH,2,Block BH,Powerwell,70.11,61,87,26,100.0,21,21,0,1,100.0,40,40,0,1,0.0,0,26,26,1,,0,0,0,0,,0,0,0,0,2026-09-12T20:10:25.613305+00:00
2026-09-13,40875,11769020,EDCKUL21MBCBZ210,equipment,MBC,Electrical,,,ELECTRICAL ROOM BZ,2,Block BZ,Powerwell,70.11,61,87,26,100.0,21,21,0,1,100.0,40,40,0,1,0.0,0,26,26,1,,0,0,0,0,,0,0,0,0,2026-09-12T20:10:25.613305+00:00
2026-09-13,40875,11769031,EDCKUL21ACS00860,equipment,ACS,Mechanical,,,ECX STORAGE,2,Block BH,Promatrix DCS,0.0,0,82,82,0.0,0,21,21,1,0.0,0,35,35,1,0.0,0,26,26,1,,0,0,0,0,,0,0,0,0,2026-09-12T20:10:25.613305+00:00
2026-09-13,40875,11769033,EDCKUL21ACS005D0,equipment,ACS,Mechanical,,,SOC STORAGE,2,Block BH,Promatrix DCS,70.11,61,87,26,100.0,21,21,0,1,100.0,40,40,0,1,0.0,0,26,26,1,,0,0,0,0,,0,0,0,0,2026-09-12T20:10:25.613305+00:00
2026-09-13,40875,11769034,EDCKUL21ACS00360,equipment,ACS,Mechanical,,,ECX STORAGE,2,Block BH,Promatrix DCS,0.0,0,82,82,0.0,0,21,21,1,0.0,0,35,35,1,0.0,0,26,26,1,,0,0,0,0,,0,0,0,0,2026-09-12T20:10:25.613305+00:00
2026-09-13,40875,11769035,EDCKUL21ACS00450,equipment,ACS,Mechanical,,,NOC,2,Block BH,Promatrix DCS,25.61,21,82,61,100.0,21,21,0,1,0.0,0,35,35,1,0.0,0,26,26,1,,0,0,0,0,,0,0,0,0,2026-09-12T20:10:25.613305+00:00
2026-09-13,40875,11769036,EDCKUL21ACS002B0,equipment,ACS,Mechanical,,,LAC ROOM,2,Block BH,Promatrix DCS,34.48,30,87,57,100.0,21,21,0,1,22.5,9,40,31,1,0.0,0,26,26,1,,0,0,0,0,,0,0,0,0,2026-09-12T20:10:25.613305+00:00
2026-09-13,40875,11964144,EDCKUL21DPPBHE20,equipment,DPP,Electrical,,,FUEL STATION FT5,2,Block BH,Promatrix DCS,70.11,61,87,26,100.0,21,21,0,1,100.0,40,40,0,1,0.0,0,26,26,1,,0,0,0,0,,0,0,0,0,2026-09-12T20:10:25.613305+00:00
2026-09-13,40875,11997358,EDCKUL21BMP00104,equipment,BMP,ELV,EDCKUL21,1F,MECH 41,2,KUL21 BMS System,Datasite,30.86,25,81,56,100.0,20,20,0,1,14.29,5,35,30,1,0.0,0,26,26,1,,0,0,0,0,,0,0,0,0,2026-09-12T20:10:25.613305+00:00
2026-09-13,40875,11997359,EDCKUL21BMP00204,equipment,BMP,ELV,EDCKUL21,1F,MECH 42,2,KUL21 BMS System,Datasite,24.69,20,81,61,100.0,20,20,0,1,0.0,0,35,35,1,0.0,0,26,26,1,,0,0,0,0,,0,0,0,0,2026-09-12T20:10:25.613305+00:00
2026-09-13,40875,11997360,EDCKUL21BMP00101,equipment,BMP,ELV,EDCKUL21,GF,MECH 11,2,KUL21 BMS System,Datasite,24.69,20,81,61,100.0,20,20,0,1,0.0,0,35,35,1,0.0,0,26,26,1,,0,0,0,0,,0,0,0,0,2026-09-12T20:10:25.613305+00:00
2026-09-13,40875,11997361,EDCKUL21BMP00201,equipment,BMP,ELV,EDCKUL21,GF,MECH 12,2,KUL21 BMS System,Datasite,24.69,20,81,61,100.0,20,20,0,1,0.0,0,35,35,1,0.0,0,26,26,1,,0,0,0,0,,0,0,0,0,2026-09-12T20:10:25.613305+00:00
2026-09-13,40875,12017614,EDCKUL21DPPBHF20,equipment,DPP,Electrical,,,GUARD HOUSE,2,Block BH,Promatrix DCS,67.9,55,81,26,100.0,20,20,0,1,100.0,35,35,0,1,0.0,0,26,26,1,,0,0,0,0,,0,0,0,0,2026-09-12T20:10:25.613305+00:00
2026-09-13,40875,12062120,EDCKUL21FCU00110,equipment,FCU,Mechanical,,,GUARD HOUSE,2,Block BH,Promatrix DCS,68.29,56,82,26,100.0,21,21,0,1,100.0,35,35,0,1,0.0,0,26,26,1,,0,0,0,0,,0,0,0,0,2026-09-12T20:10:25.613305+00:00
2026-09-13,40875,12062121,EDCKUL21FCU00210,equipment,FCU,Mechanical,,,GUARD HOUSE,2,Block BH,Promatrix DCS,68.29,56,82,26,100.0,21,21,0,1,100.0,35,35,0,1,0.0,0,26,26,1,,0,0,0,0,,0,0,0,0,2026-09-12T20:10:25.613305+00:00
2026-09-13,40875,12062122,EDCKUL21FCU00310,equipment,FCU,Mechanical,,,GUARD HOUSE,2,Block BH,Promatrix DCS,68.29,56,82,26,100.0,21,21,0,1,100.0,35,35,0,1,0.0,0,26,26,1,,0,0,0,0,,0,0,0,0,2026-09-12T20:10:25.613305+00:00
2026-09-13,40875,12062123,EDCKUL21FCC00100,equipment,FCC,Mechanical,,,GUARD HOUSE,2,Block BH,Promatrix DCS,67.07,55,82,27,100.0,21,21,0,1,97.14,34,35,1,1,0.0,0,26,26,1,,0,0,0,0,,0,0,0,0,2026-09-12T20:10:25.613305+00:00
2026-09-13,40875,12062124,EDCKUL21FCC00200,equipment,FCC,Mechanical,,,GUARD HOUSE,2,Block BH,Promatrix DCS,68.29,56,82,26,100.0,21,21,0,1,100.0,35,35,0,1,0.0,0,26,26,1,,0,0,0,0,,0,0,0,0,2026-09-12T20:10:25.613305+00:00
2026-09-13,40875,12062125,EDCKUL21FCC00300,equipment,FCC,Mechanical,,,GUARD HOUSE,2,Block BH,Promatrix DCS,68.29,56,82,26,100.0,21,21,0,1,100.0,35,35,0,1,0.0,0,26,26,1,,0,0,0,0,,0,0,0,0,2026-09-12T20:10:25.613305+00:00
2026-09-13,40875,12089345,EDCKUL21DPPBHG20,equipment,DPP,Electrical,,,ELECTRICAL ROOM AH,2,Block BH,Promatrix DCS,0.0,0,87,87,0.0,0,21,21,1,0.0,0,40,40,1,0.0,0,26,26,1,,0,0,0,0,,0,0,0,0,2026-09-12T20:10:25.613305+00:00
2026-09-13,40875,12089396,EDCKUL21EPPBH710,equipment,EPP,Electrical,,,ELECTRICAL ROOM AH,2,Block BH,Promatrix DCS,66.67,54,81,27,100.0,20,20,0,1,97.14,34,35,1,1,0.0,0,26,26,1,,0,0,0,0,,0,0,0,0,2026-09-12T20:10:25.613305+00:00
2026-09-13,40875,12089398,EDCKUL21MDPBHK10,equipment,MDP,Electrical,,,ELECTRICAL ROOM AH,2,Block BH,Promatrix DCS,24.69,20,81,61,100.0,20,20,0,1,0.0,0,35,35,1,0.0,0,26,26,1,,0,0,0,0,,0,0,0,0,2026-09-12T20:10:25.613305+00:00
2026-09-13,40875,12089399,EDCKUL21MDPBHL10,equipment,MDP,Electrical,,,ELECTRICAL ROOM BH,2,Block BH,Promatrix DCS,24.69,20,81,61,100.0,20,20,0,1,0.0,0,35,35,1,0.0,0,26,26,1,,0,0,0,0,,0,0,0,0,2026-09-12T20:10:25.613305+00:00
2026-09-13,40875,12089403,EDCKUL21MDPBH4H0,equipment,MDP,Electrical,EDCKUL21,3F,PANEL ROOM 3F,2,Block BH,Promatrix DCS,24.69,20,81,61,100.0,20,20,0,1,0.0,0,35,35,1,0.0,0,26,26,1,,0,0,0,0,,0,0,0,0,2026-09-12T20:10:25.613305+00:00
2026-09-13,40875,12549367,EDCKUL21GDS00100,equipment,GDS,Mechanical,,GF,ELECTRICAL ROOM BC,2,Block BH,Promatrix DCS,0.0,0,81,81,0.0,0,20,20,1,0.0,0,35,35,1,0.0,0,26,26,1,,0,0,0,0,,0,0,0,0,2026-09-12T20:10:25.613305+00:00
2026-09-13,40875,12549368,EDCKUL21GDS00200,equipment,GDS,Mechanical,,L1,ELECTRICAL ROOM BD,2,Block BH,Promatrix DCS,0.0,0,81,81,0.0,0,20,20,1,0.0,0,35,35,1,0.0,0,26,26,1,,0,0,0,0,,0,0,0,0,2026-09-12T20:10:25.613305+00:00
2026-09-13,40875,12549369,EDCKUL21EXF01500,equipment,EXF,Mechanical,,GF,BATTERY ROOM BA,2,Block BH,Promatrix DCS,23.46,19,81,62,95.0,19,20,1,1,0.0,0,35,35,1,0.0,0,26,26,1,,0,0,0,0,,0,0,0,0,2026-09-12T20:10:25.613305+00:00
2026-09-13,40875,12549370,EDCKUL21EXF01600,equipment,EXF,Mechanical,,GF,BATTERY ROOM BB,2,Block BH,Promatrix DCS,23.46,19,81,62,95.0,19,20,1,1,0.0,0,35,35,1,0.0,0,26,26,1,,0,0,0,0,,0,0,0,0,2026-09-12T20:10:25.613305+00:00
2026-09-13,40875,12549371,EDCKUL21EXF01700,equipment,EXF,Mechanical,,GF,BATTERY ROOM BC,2,Block BH,Promatrix DCS,23.46,19,81,62,95.0,19,20,1,1,0.0,0,35,35,1,0.0,0,26,26,1,,0,0,0,0,,0,0,0,0,2026-09-12T20:10:25.613305+00:00
2026-09-13,40875,12549372,EDCKUL21EXF02900,equipment,EXF,Mechanical,,GF,ELECTRICAL ROOM BH,2,Block BH,Promatrix DCS,23.46,19,81,62,95.0,19,20,1,1,0.0,0,35,35,1,0.0,0,26,26,1,,0,0,0,0,,0,0,0,0,2026-09-12T20:10:25.613305+00:00
2026-09-13,40875,12549373,EDCKUL21EXF01800,equipment,EXF,Mechanical,,L1,BATTERY ROOM BD,2,Block BH,Promatrix DCS,23.46,19,81,62,95.0,19,20,1,1,0.0,0,35,35,1,0.0,0,26,26,1,,0,0,0,0,,0,0,0,0,2026-09-12T20:10:25.613305+00:00
2026-09-13,40875,12549374,EDCKUL21EXF01900,equipment,EXF,Mechanical,,L1,BATTERY ROOM BE,2,Block BH,Promatrix DCS,23.46,19,81,62,95.0,19,20,1,1,0.0,0,35,35,1,0.0,0,26,26,1,,0,0,0,0,,0,0,0,0,2026-09-12T20:10:25.613305+00:00
2026-09-13,40875,12549375,EDCKUL21EXF02000,equipment,EXF,Mechanical,,L1,BATTERY ROOM BF,2,Block BH,Promatrix DCS,23.46,19,81,62,95.0,19,20,1,1,0.0,0,35,35,1,0.0,0,26,26,1,,0,0,0,0,,0,0,0,0,2026-09-12T20:10:25.613305+00:00
2026-09-13,40875,12549376,EDCKUL21EXF02100,equipment,EXF,Mechanical,,L1,BATTERY ROOM BZ,2,Block BH,Promatrix DCS,23.46,19,81,62,95.0,19,20,1,1,0.0,0,35,35,1,0.0,0,26,26,1,,0,0,0,0,,0,0,0,0,2026-09-12T20:10:25.613305+00:00
2026-09-13,40875,12549377,EDCKUL21BSWBA111,equipment,BSW,Electrical,,GF,DATA HALL 1,2,Block BA,Vertiv,0.0,0,81,81,0.0,0,20,20,1,0.0,0,35,35,1,0.0,0,26,26,1,,0,0,0,0,,0,0,0,0,2026-09-12T20:10:25.613305+00:00
2026-09-13,40875,12549378,EDCKUL21BSWBA211,equipment,BSW,Electrical,,GF,DATA HALL 1,2,Block BA,Vertiv,0.0,0,81,81,0.0,0,20,20,1,0.0,0,35,35,1,0.0,0,26,26,1,,0,0,0,0,,0,0,0,0,2026-09-12T20:10:25.613305+00:00
2026-09-13,40875,12549379,EDCKUL21BSWBA121,equipment,BSW,Electrical,,GF,DATA HALL 1,2,Block BA,Vertiv,0.0,0,81,81,0.0,0,20,20,1,0.0,0,35,35,1,0.0,0,26,26,1,,0,0,0,0,,0,0,0,0,2026-09-12T20:10:25.613305+00:00
2026-09-13,40875,12549380,EDCKUL21BSWBA131,equipment,BSW,Electrical,,GF,DATA HALL 1,2,Block BA,Vertiv,0.0,0,81,81,0.0,0,20,20,1,0.0,0,35,35,1,0.0,0,26,26,1,,0,0,0,0,,0,0,0,0,2026-09-12T20:10:25.613305+00:00
2026-09-13,40875,12549381,EDCKUL21BSWBA141,equipment,BSW,Electrical,,GF,DATA HALL 1,2,Block BA,Vertiv,0.0,0,81,81,0.0,0,20,20,1,0.0,0,35,35,1,0.0,0,26,26,1,,0,0,0,0,,0,0,0,0,2026-09-12T20:10:25.613305+00:00
2026-09-13,40875,12549382,EDCKUL21BSWBB111,equipment,BSW,Electrical,,GF,DATA HALL 1,2,Block BB,Vertiv,0.0,0,81,81,0.0,0,20,20,1,0.0,0,35,35,1,0.0,0,26,26,1,,0,0,0,0,,0,0,0,0,2026-09-12T20:10:25.613305+00:00
2026-09-13,40875,12549383,EDCKUL21BSWBB211,equipment,BSW,Electrical,,GF,DATA HALL 1,2,Block BB,Vertiv,0.0,0,81,81,0.0,0,20,20,1,0.0,0,35,35,1,0.0,0,26,26,1,,0,0,0,0,,0,0,0,0,2026-09-12T20:10:25.613305+00:00
2026-09-13,40875,12549384,EDCKUL21BSWBB121,equipment,BSW,Electrical,,GF,DATA HALL 1,2,Block BB,Vertiv,0.0,0,81,81,0.0,0,20,20,1,0.0,0,35,35,1,0.0,0,26,26,1,,0,0,0,0,,0,0,0,0,2026-09-12T20:10:25.613305+00:00
2026-09-13,40875,12549385,EDCKUL21BSWBB221,equipment,BSW,Electrical,,GF,DATA HALL 1,2,Block BB,Vertiv,0.0,0,81,81,0.0,0,20,20,1,0.0,0,35,35,1,0.0,0,26,26,1,,0,0,0,0,,0,0,0,0,2026-09-12T20:10:25.613305+00:00
2026-09-13,40875,12549386,EDCKUL21BSWBB131,equipment,BSW,Electrical,,GF,DATA HALL 1,2,Block BB,Vertiv,0.0,0,81,81,0.0,0,20,20,1,0.0,0,35,35,1,0.0,0,26,26,1,,0,0,0,0,,0,0,0,0,2026-09-12T20:10:25.613305+00:00
2026-09-13,40875,12549387,EDCKUL21BSWBB141,equipment,BSW,Electrical,,GF,DATA HALL 1,2,Block BB,Vertiv,0.0,0,81,81,0.0,0,20,20,1,0.0,0,35,35,1,0.0,0,26,26,1,,0,0,0,0,,0,0,0,0,2026-09-12T20:10:25.613305+00:00
2026-09-13,40875,12549388,EDCKUL21BSWBC111,equipment,BSW,Electrical,,GF,DATA HALL 1,2,Block BC,Vertiv,0.0,0,81,81,0.0,0,20,20,1,0.0,0,35,35,1,0.0,0,26,26,1,,0,0,0,0,,0,0,0,0,2026-09-12T20:10:25.613305+00:00
2026-09-13,40875,12549389,EDCKUL21BSWBC211,equipment,BSW,Electrical,,GF,DATA HALL 1,2,Block BC,Vertiv,0.0,0,81,81,0.0,0,20,20,1,0.0,0,35,35,1,0.0,0,26,26,1,,0,0,0,0,,0,0,0,0,2026-09-12T20:10:25.613305+00:00
2026-09-13,40875,12549390,EDCKUL21BSWBC121,equipment,BSW,Electrical,,GF,DATA HALL 1,2,Block BC,Vertiv,0.0,0,81,81,0.0,0,20,20,1,0.0,0,35,35,1,0.0,0,26,26,1,,0,0,0,0,,0,0,0,0,2026-09-12T20:10:25.613305+00:00
2026-09-13,40875,12549391,EDCKUL21BSWBC131,equipment,BSW,Electrical,,GF,DATA HALL 1,2,Block BC,Vertiv,0.0,0,81,81,0.0,0,20,20,1,0.0,0,35,35,1,0.0,0,26,26,1,,0,0,0,0,,0,0,0,0,2026-09-12T20:10:25.613305+00:00
2026-09-13,40875,12549392,EDCKUL21BSWBC141,equipment,BSW,Electrical,,GF,DATA HALL 1,2,Block BC,Vertiv,0.0,0,81,81,0.0,0,20,20,1,0.0,0,35,35,1,0.0,0,26,26,1,,0,0,0,0,,0,0,0,0,2026-09-12T20:10:25.613305+00:00
2026-09-13,40875,12549393,EDCKUL21BSWBA100,equipment,BSW,Electrical,,GF,ELECTRICAL ROOM BA,2,Block BA,Promatrix DCS,67.9,55,81,26,100.0,20,20,0,1,100.0,35,35,0,1,0.0,0,26,26,1,,0,0,0,0,,0,0,0,0,2026-09-12T20:10:25.613305+00:00
2026-09-13,40875,12549394,EDCKUL21BSWBA200,equipment,BSW,Electrical,,GF,ELECTRICAL ROOM BA,2,Block BA,Promatrix DCS,67.9,55,81,26,100.0,20,20,0,1,100.0,35,35,0,1,0.0,0,26,26,1,,0,0,0,0,,0,0,0,0,2026-09-12T20:10:25.613305+00:00
2026-09-13,40875,12549395,EDCKUL21BSWBA300,equipment,BSW,Electrical,,GF,ELECTRICAL ROOM BA,2,Block BA,Promatrix DCS,67.9,55,81,26,100.0,20,20,0,1,100.0,35,35,0,1,0.0,0,26,26,1,,0,0,0,0,,0,0,0,0,2026-09-12T20:10:25.613305+00:00
2026-09-13,40875,12549396,EDCKUL21BSWBB100,equipment,BSW,Electrical,,GF,ELECTRICAL ROOM BB,2,Block BB,Promatrix DCS,67.9,55,81,26,100.0,20,20,0,1,100.0,35,35,0,1,0.0,0,26,26,1,,0,0,0,0,,0,0,0,0,2026-09-12T20:10:25.613305+00:00
2026-09-13,40875,12549397,EDCKUL21BSWBB200,equipment,BSW,Electrical,,GF,ELECTRICAL ROOM BB,2,Block BB,Promatrix DCS,67.9,55,81,26,100.0,20,20,0,1,100.0,35,35,0,1,0.0,0,26,26,1,,0,0,0,0,,0,0,0,0,2026-09-12T20:10:25.613305+00:00
2026-09-13,40875,12549398,EDCKUL21BSWBB300,equipment,BSW,Electrical,,GF,ELECTRICAL ROOM BB,2,Block BB,Promatrix DCS,67.9,55,81,26,100.0,20,20,0,1,100.0,35,35,0,1,0.0,0,26,26,1,,0,0,0,0,,0,0,0,0,2026-09-12T20:10:25.613305+00:00
2026-09-13,40875,12549399,EDCKUL21BSWBC100,equipment,BSW,Electrical,,GF,ELECTRICAL ROOM BC,2,Block BC,Promatrix DCS,67.9,55,81,26,100.0,20,20,0,1,100.0,35,35,0,1,0.0,0,26,26,1,,0,0,0,0,,0,0,0,0,2026-09-12T20:10:25.613305+00:00
2026-09-13,40875,12549400,EDCKUL21BSWBC200,equipment,BSW,Electrical,,GF,ELECTRICAL ROOM BC,2,Block BC,Promatrix DCS,67.9,55,81,26,100.0,20,20,0,1,100.0,35,35,0,1,0.0,0,26,26,1,,0,0,0,0,,0,0,0,0,2026-09-12T20:10:25.613305+00:00
2026-09-13,40875,12549401,EDCKUL21BSWBC300,equipment,BSW,Electrical,,GF,ELECTRICAL ROOM BC,2,Block BC,Promatrix DCS,67.9,55,81,26,100.0,20,20,0,1,100.0,35,35,0,1,0.0,0,26,26,1,,0,0,0,0,,0,0,0,0,2026-09-12T20:10:25.613305+00:00
2026-09-13,40875,12549402,EDCKUL21BSWBD100,equipment,BSW,Electrical,,L1,ELECTRICAL ROOM BD,2,Block BD,Promatrix DCS,67.9,55,81,26,100.0,20,20,0,1,100.0,35,35,0,1,0.0,0,26,26,1,,0,0,0,0,,0,0,0,0,2026-09-12T20:10:25.613305+00:00
2026-09-13,40875,12549403,EDCKUL21BSWBD200,equipment,BSW,Electrical,,L1,ELECTRICAL ROOM BD,2,Block BD,Promatrix DCS,67.9,55,81,26,100.0,20,20,0,1,100.0,35,35,0,1,0.0,0,26,26,1,,0,0,0,0,,0,0,0,0,2026-09-12T20:10:25.613305+00:00
2026-09-13,40875,12549404,EDCKUL21BSWBD300,equipment,BSW,Electrical,,L1,ELECTRICAL ROOM BD,2,Block BD,Promatrix DCS,67.9,55,81,26,100.0,20,20,0,1,100.0,35,35,0,1,0.0,0,26,26,1,,0,0,0,0,,0,0,0,0,2026-09-12T20:10:25.613305+00:00
2026-09-13,40875,12549405,EDCKUL21BSWBE100,equipment,BSW,Electrical,,L1,ELECTRICAL ROOM BE,2,Block BE,Promatrix DCS,67.9,55,81,26,100.0,20,20,0,1,100.0,35,35,0,1,0.0,0,26,26,1,,0,0,0,0,,0,0,0,0,2026-09-12T20:10:25.613305+00:00
2026-09-13,40875,12549406,EDCKUL21BSWBE200,equipment,BSW,Electrical,,L1,ELECTRICAL ROOM BE,2,Block BE,Promatrix DCS,67.9,55,81,26,100.0,20,20,0,1,100.0,35,35,0,1,0.0,0,26,26,1,,0,0,0,0,,0,0,0,0,2026-09-12T20:10:25.613305+00:00
2026-09-13,40875,12549407,EDCKUL21BSWBE300,equipment,BSW,Electrical,,L1,ELECTRICAL ROOM BE,2,Block BE,Promatrix DCS,67.9,55,81,26,100.0,20,20,0,1,100.0,35,35,0,1,0.0,0,26,26,1,,0,0,0,0,,0,0,0,0,2026-09-12T20:10:25.613305+00:00
2026-09-13,40875,12549408,EDCKUL21BSWBF100,equipment,BSW,Electrical,,L1,ELECTRICAL ROOM BF,2,Block BF,Promatrix DCS,67.9,55,81,26,100.0,20,20,0,1,100.0,35,35,0,1,0.0,0,26,26,1,,0,0,0,0,,0,0,0,0,2026-09-12T20:10:25.613305+00:00
2026-09-13,40875,12549409,EDCKUL21BSWBF200,equipment,BSW,Electrical,,L1,ELECTRICAL ROOM BF,2,Block BF,Promatrix DCS,67.9,55,81,26,100.0,20,20,0,1,100.0,35,35,0,1,0.0,0,26,26,1,,0,0,0,0,,0,0,0,0,2026-09-12T20:10:25.613305+00:00
2026-09-13,40875,12549410,EDCKUL21BSWBF300,equipment,BSW,Electrical,,L1,ELECTRICAL ROOM BF,2,Block BF,Promatrix DCS,67.9,55,81,26,100.0,20,20,0,1,100.0,35,35,0,1,0.0,0,26,26,1,,0,0,0,0,,0,0,0,0,2026-09-12T20:10:25.613305+00:00
2026-09-13,40875,12549411,EDCKUL21BSWBZ100,equipment,BSW,Electrical,,GF&L1,ELECTRICAL ROOM BZ,2,Block BZ,Promatrix DCS,67.9,55,81,26,100.0,20,20,0,1,100.0,35,35,0,1,0.0,0,26,26,1,,0,0,0,0,,0,0,0,0,2026-09-12T20:10:25.613305+00:00
2026-09-13,40875,12549412,EDCKUL21BSWBZ200,equipment,BSW,Electrical,,GF&L1,ELECTRICAL ROOM BZ,2,Block BZ,Promatrix DCS,67.9,55,81,26,100.0,20,20,0,1,100.0,35,35,0,1,0.0,0,26,26,1,,0,0,0,0,,0,0,0,0,2026-09-12T20:10:25.613305+00:00
2026-09-13,40875,12549413,EDCKUL21RPPBA221,equipment,RPP,Electrical,,GF,DATA HALL 1,2,Block BA,Powerwell,24.69,20,81,61,100.0,20,20,0,1,0.0,0,35,35,1,0.0,0,26,26,1,,0,0,0,0,,0,0,0,0,2026-09-12T20:10:25.613305+00:00
2026-09-13,40875,12549414,EDCKUL21RPPBA231,equipment,RPP,Electrical,,GF,DATA HALL 1,2,Block BA,Powerwell,24.69,20,81,61,100.0,20,20,0,1,0.0,0,35,35,1,0.0,0,26,26,1,,0,0,0,0,,0,0,0,0,2026-09-12T20:10:25.613305+00:00
2026-09-13,40875,12549415,EDCKUL21RPPBC221,equipment,RPP,Electrical,,GF,DATA HALL 1,2,Block BC,Powerwell,24.69,20,81,61,100.0,20,20,0,1,0.0,0,35,35,1,0.0,0,26,26,1,,0,0,0,0,,0,0,0,0,2026-09-12T20:10:25.613305+00:00
2026-09-13,40875,12549416,EDCKUL21RPPBC231,equipment,RPP,Electrical,,GF,DATA HALL 1,2,Block BC,Powerwell,24.69,20,81,61,100.0,20,20,0,1,0.0,0,35,35,1,0.0,0,26,26,1,,0,0,0,0,,0,0,0,0,2026-09-12T20:10:25.613305+00:00
2026-09-13,40875,12549418,EDCKUL21MDPBH1H0,equipment,MDP,Electrical,EDCKUL21,L3,PANEL ROOM GF,2,Block BH,Promatrix DCS,24.69,20,81,61,100.0,20,20,0,1,0.0,0,35,35,1,0.0,0,26,26,1,,0,0,0,0,,0,0,0,0,2026-09-12T20:10:25.613305+00:00
2026-09-13,40875,12549419,EDCKUL21MDPBH2H0,equipment,MDP,Electrical,EDCKUL21,L3,PANEL ROOM 1F,2,Block BH,Promatrix DCS,24.69,20,81,61,100.0,20,20,0,1,0.0,0,35,35,1,0.0,0,26,26,1,,0,0,0,0,,0,0,0,0,2026-09-12T20:10:25.613305+00:00
2026-09-13,40875,12549420,EDCKUL21MDPBH3H0,equipment,MDP,Electrical,EDCKUL21,GF,PANEL ROOM 2F,2,Block BH,Promatrix DCS,24.69,20,81,61,100.0,20,20,0,1,0.0,0,35,35,1,0.0,0,26,26,1,,0,0,0,0,,0,0,0,0,2026-09-12T20:10:25.613305+00:00
2026-09-13,40875,12606570,EDCKUL21DPPBHL20,equipment,DPP,Electrical,,,GUARD HOUSE,2,Block BH,Promatrix DCS,67.9,55,81,26,100.0,20,20,0,1,100.0,35,35,0,1,0.0,0,26,26,1,,0,0,0,0,,0,0,0,0,2026-09-12T20:10:25.613305+00:00
2026-09-13,40875,13193583,EDCKUL21DPPBA510,equipment,DPP,Electrical,,GF,ELECTRICAL ROOM BA,2,Block BA,Eaton,67.9,55,81,26,100.0,20,20,0,1,100.0,35,35,0,1,0.0,0,26,26,1,,0,0,0,0,,0,0,0,0,2026-09-12T20:10:25.613305+00:00
2026-09-13,40875,13193584,EDCKUL21DPPBB510,equipment,DPP,Electrical,,GF,ELECTRICAL ROOM BB,2,Block BB,Eaton,59.26,48,81,33,100.0,20,20,0,1,80.0,28,35,7,1,0.0,0,26,26,1,,0,0,0,0,,0,0,0,0,2026-09-12T20:10:25.613305+00:00
2026-09-13,40875,13193585,EDCKUL21DPPBC510,equipment,DPP,Electrical,,GF,ELECTRICAL ROOM BC,2,Block BC,Eaton,34.57,28,81,53,100.0,20,20,0,1,22.86,8,35,27,1,0.0,0,26,26,1,,0,0,0,0,,0,0,0,0,2026-09-12T20:10:25.613305+00:00
2026-09-13,40875,13193586,EDCKUL21DPPBD510,equipment,DPP,Electrical,,L1,ELECTRICAL ROOM BD,2,Block BD,Eaton,34.57,28,81,53,100.0,20,20,0,1,22.86,8,35,27,1,0.0,0,26,26,1,,0,0,0,0,,0,0,0,0,2026-09-12T20:10:25.613305+00:00
2026-09-13,40875,13193587,EDCKUL21DPPBE510,equipment,DPP,Electrical,,L1,ELECTRICAL ROOM BE,2,Block BE,Eaton,34.57,28,81,53,100.0,20,20,0,1,22.86,8,35,27,1,0.0,0,26,26,1,,0,0,0,0,,0,0,0,0,2026-09-12T20:10:25.613305+00:00
2026-09-13,40875,13193588,EDCKUL21DPPBF510,equipment,DPP,Electrical,,L1,ELECTRICAL ROOM BF,2,Block BF,Eaton,34.57,28,81,53,100.0,20,20,0,1,22.86,8,35,27,1,0.0,0,26,26,1,,0,0,0,0,,0,0,0,0,2026-09-12T20:10:25.613305+00:00
2026-09-13,40875,13193589,EDCKUL21DPPBZ510,equipment,DPP,Electrical,,L1,ELECTRICAL ROOM BZ,2,Block BZ,Eaton,34.57,28,81,53,100.0,20,20,0,1,22.86,8,35,27,1,0.0,0,26,26,1,,0,0,0,0,,0,0,0,0,2026-09-12T20:10:25.613305+00:00
2026-09-13,40875,13193590,EDCKUL21PLCB0100,equipment,PLC,Electrical,EDCKUL21,L1,STS ROOM BD,2,Block BD,Vertiv,22.22,18,81,63,90.0,18,20,2,1,0.0,0,35,35,1,0.0,0,26,26,1,,0,0,0,0,,0,0,0,0,2026-09-12T20:10:25.613305+00:00
2026-09-13,40875,13272580,EDCKUL21DPPBHC30,equipment,DPP,Electrical,,L1,EU OFFICE,2,Block BH,Promatrix DCS,24.69,20,81,61,100.0,20,20,0,1,0.0,0,35,35,1,0.0,0,26,26,1,,0,0,0,0,,0,0,0,0,2026-09-12T20:10:25.613305+00:00
2026-09-13,40875,13427735,EDCKUL21FAP00100,equipment,FAP,Mechanical,,,FUEL STATION FT5,2,Block BH,Promatrix DCS,67.9,55,81,26,100.0,20,20,0,1,100.0,35,35,0,1,0.0,0,26,26,1,,0,0,0,0,,0,0,0,0,2026-09-12T20:10:25.613305+00:00
2026-09-13,40875,13427736,EDCKUL21FAP00200,equipment,FAP,Mechanical,,,FUEL STATION FT5,2,Block BH,Promatrix DCS,67.9,55,81,26,100.0,20,20,0,1,100.0,35,35,0,1,0.0,0,26,26,1,,0,0,0,0,,0,0,0,0,2026-09-12T20:10:25.613305+00:00
2026-09-13,40875,13427737,EDCKUL21FAP00300,equipment,FAP,Mechanical,,,FUEL STATION FT5,2,Block BH,Promatrix DCS,67.9,55,81,26,100.0,20,20,0,1,100.0,35,35,0,1,0.0,0,26,26,1,,0,0,0,0,,0,0,0,0,2026-09-12T20:10:25.613305+00:00
2026-09-13,40875,13427738,EDCKUL21FAP00400,equipment,FAP,Mechanical,,,FUEL STATION FT5,2,Block BH,Promatrix DCS,67.9,55,81,26,100.0,20,20,0,1,100.0,35,35,0,1,0.0,0,26,26,1,,0,0,0,0,,0,0,0,0,2026-09-12T20:10:25.613305+00:00
2026-09-13,40875,13427739,EDCKUL21FAP00500,equipment,FAP,Mechanical,,,FUEL STATION FT5,2,Block BH,Promatrix DCS,67.9,55,81,26,100.0,20,20,0,1,100.0,35,35,0,1,0.0,0,26,26,1,,0,0,0,0,,0,0,0,0,2026-09-12T20:10:25.613305+00:00
2026-09-13,40875,13427740,EDCKUL21FAP00600,equipment,FAP,Mechanical,,,FUEL STATION FT5,2,Block BH,Promatrix DCS,67.9,55,81,26,100.0,20,20,0,1,100.0,35,35,0,1,0.0,0,26,26,1,,0,0,0,0,,0,0,0,0,2026-09-12T20:10:25.613305+00:00
2026-09-13,40875,13439759,EDCKUL21DPPBH210,equipment,DPP,Electrical,,,ELECTRICAL ROOM BH,2,Block BH,Eaton,37.04,30,81,51,100.0,20,20,0,1,28.57,10,35,25,1,0.0,0,26,26,1,,0,0,0,0,,0,0,0,0,2026-09-12T20:10:25.613305+00:00
2026-09-13,40875,13522231,EDCKUL21VES09300,equipment,VES,Fire,EDCKUL21,GF,HEADEND ROOM,2,Block BH,Promatrix DCS,24.69,20,81,61,100.0,20,20,0,1,0.0,0,35,35,1,0.0,0,26,26,1,,0,0,0,0,,0,0,0,0,2026-09-12T20:10:25.613305+00:00
2026-09-13,40875,13522232,EDCKUL21VES09400,equipment,VES,Fire,,,LAC ROOM,2,Block BH,Promatrix DCS,24.69,20,81,61,100.0,20,20,0,1,0.0,0,35,35,1,0.0,0,26,26,1,,0,0,0,0,,0,0,0,0,2026-09-12T20:10:25.613305+00:00
2026-09-13,40875,13545669,EDCKUL21FCC00400,equipment,FCC,Mechanical,EDCKUL21,GF,HEADEND ROOM,2,Block BH,Promatrix DCS,24.69,20,81,61,100.0,20,20,0,1,0.0,0,35,35,1,0.0,0,26,26,1,,0,0,0,0,,0,0,0,0,2026-09-12T20:10:25.613305+00:00
2026-09-13,40875,13545670,EDCKUL21FCC00500,equipment,FCC,Mechanical,EDCKUL21,GF,HEADEND ROOM,2,Block BH,Promatrix DCS,24.69,20,81,61,100.0,20,20,0,1,0.0,0,35,35,1,0.0,0,26,26,1,,0,0,0,0,,0,0,0,0,2026-09-12T20:10:25.613305+00:00
2026-09-13,40875,13545671,EDCKUL21FCU00400,equipment,FCU,Mechanical,EDCKUL21,GF,HEADEND ROOM,2,Block BH,Promatrix DCS,24.69,20,81,61,100.0,20,20,0,1,0.0,0,35,35,1,0.0,0,26,26,1,,0,0,0,0,,0,0,0,0,2026-09-12T20:10:25.613305+00:00
2026-09-13,40875,13545672,EDCKUL21FCU00500,equipment,FCU,Mechanical,EDCKUL21,GF,HEADEND ROOM,2,Block BH,Promatrix DCS,24.69,20,81,61,100.0,20,20,0,1,0.0,0,35,35,1,0.0,0,26,26,1,,0,0,0,0,,0,0,0,0,2026-09-12T20:10:25.613305+00:00
2026-09-13,40875,13594070,EDCKUL21BSWBH100,equipment,BSW,Electrical,,,ELECTRICAL ROOM BH,2,Block BH,Promatrix DCS,67.9,55,81,26,100.0,20,20,0,1,100.0,35,35,0,1,0.0,0,26,26,1,,0,0,0,0,,0,0,0,0,2026-09-12T20:10:25.613305+00:00
2026-09-13,40875,13594071,EDCKUL21BSWBH200,equipment,BSW,Electrical,,,ELECTRICAL ROOM BH,2,Block BH,Promatrix DCS,67.9,55,81,26,100.0,20,20,0,1,100.0,35,35,0,1,0.0,0,26,26,1,,0,0,0,0,,0,0,0,0,2026-09-12T20:10:25.613305+00:00
2026-09-13,40875,13594072,EDCKUL21BSWBZ300,equipment,BSW,Electrical,,,ELECTRICAL ROOM BZ,2,Block BZ,Promatrix DCS,67.9,55,81,26,100.0,20,20,0,1,100.0,35,35,0,1,0.0,0,26,26,1,,0,0,0,0,,0,0,0,0,2026-09-12T20:10:25.613305+00:00
2026-09-13,40875,13738122,EDCKUL21EPPBH810,equipment,EPP,Electrical,,,ELECTRICAL ROOM BH,2,Block BH,Promatrix DCS,33.33,27,81,54,100.0,20,20,0,1,20.0,7,35,28,1,0.0,0,26,26,1,,0,0,0,0,,0,0,0,0,2026-09-12T20:10:25.613305+00:00
2026-09-13,40875,13738123,EDCKUL21EPPBH910,equipment,EPP,Electrical,,,ELECTRICAL ROOM AH,2,Block BH,Promatrix DCS,32.1,26,81,55,100.0,20,20,0,1,17.14,6,35,29,1,0.0,0,26,26,1,,0,0,0,0,,0,0,0,0,2026-09-12T20:10:25.613305+00:00
2026-09-13,40875,13738124,EDCKUL21ACS01180,equipment,ACS,Mechanical,,,STORAGE,2,Block BH,Promatrix DCS,0.0,0,81,81,0.0,0,20,20,1,0.0,0,35,35,1,0.0,0,26,26,1,,0,0,0,0,,0,0,0,0,2026-09-12T20:10:25.613305+00:00
2026-09-13,40875,13738125,EDCKUL21ACS01190,equipment,ACS,Mechanical,,,MEETING ROOM 1,2,Block BH,Promatrix DCS,0.0,0,81,81,0.0,0,20,20,1,0.0,0,35,35,1,0.0,0,26,26,1,,0,0,0,0,,0,0,0,0,2026-09-12T20:10:25.613305+00:00
2026-09-13,40875,13738126,EDCKUL21ACS011A0,equipment,ACS,Mechanical,,,MEETING ROOM 2,2,Block BH,Promatrix DCS,0.0,0,81,81,0.0,0,20,20,1,0.0,0,35,35,1,0.0,0,26,26,1,,0,0,0,0,,0,0,0,0,2026-09-12T20:10:25.613305+00:00
2026-09-13,40875,13738127,EDCKUL21ACS011B0,equipment,ACS,Mechanical,,,MEETING ROOM 3,2,Block BH,Promatrix DCS,0.0,0,81,81,0.0,0,20,20,1,0.0,0,35,35,1,0.0,0,26,26,1,,0,0,0,0,,0,0,0,0,2026-09-12T20:10:25.613305+00:00
2026-09-13,40875,13738128,EDCKUL21BMPTCS11,equipment,BMP,Mechanical,EDCKUL21,GF,MECH 11,2,Block BH,Rovisys,0.0,0,81,81,0.0,0,20,20,1,0.0,0,35,35,1,0.0,0,26,26,1,,0,0,0,0,,0,0,0,0,2026-09-12T20:10:25.613305+00:00
2026-09-13,40875,13738129,EDCKUL21BMPTCS21,equipment,BMP,Mechanical,EDCKUL21,GF,MECH 12,2,Block BH,Rovisys,0.0,0,81,81,0.0,0,20,20,1,0.0,0,35,35,1,0.0,0,26,26,1,,0,0,0,0,,0,0,0,0,2026-09-12T20:10:25.613305+00:00
2026-09-13,40875,13738130,EDCKUL21BMPTCS14,equipment,BMP,Mechanical,EDCKUL21,1F,MECH 41,2,Block BH,Rovisys,0.0,0,81,81,0.0,0,20,20,1,0.0,0,35,35,1,0.0,0,26,26,1,,0,0,0,0,,0,0,0,0,2026-09-12T20:10:25.613305+00:00
2026-09-13,40875,13738131,EDCKUL21BMPTCS24,equipment,BMP,Mechanical,EDCKUL21,1F,MECH 42,2,Block BH,Rovisys,0.0,0,81,81,0.0,0,20,20,1,0.0,0,35,35,1,0.0,0,26,26,1,,0,0,0,0,,0,0,0,0,2026-09-12T20:10:25.613305+00:00
2026-09-13,40875,13928344,EDCKUL21OAF04900,equipment,OAF,Mechanical,,,REFUSE ROOM,2,Block BH,Systemair,24.69,20,81,61,100.0,20,20,0,1,0.0,0,35,35,1,0.0,0,26,26,1,,0,0,0,0,,0,0,0,0,2026-09-12T20:10:25.613305+00:00
2026-09-13,40875,8742546,EDCKUL21AISA0300,equipment,AIS,Mechanical,EDCKUL21,RF-T2,ROOF,2,Block BH,Promatrix DCS,24.14,21,87,66,100.0,21,21,0,1,0.0,0,40,40,1,0.0,0,26,26,1,,0,0,0,0,,0,0,0,0,2026-09-12T20:10:25.613305+00:00
2026-09-13,40875,8742547,EDCKUL21AISA0400,equipment,AIS,Mechanical,EDCKUL21,RF-T2,ROOF,2,Block BH,Promatrix DCS,24.14,21,87,66,100.0,21,21,0,1,0.0,0,40,40,1,0.0,0,26,26,1,,0,0,0,0,,0,0,0,0,2026-09-12T20:10:25.613305+00:00
2026-09-13,40875,8742607,EDCKUL21CHLA0900,equipment,CHL,Mechanical,EDCKUL21,RF-T2,ROOF,2,Block AD,Smardt,32.18,28,87,59,100.0,21,21,0,1,17.5,7,40,33,1,0.0,0,26,26,1,,0,0,0,0,,0,0,0,0,2026-09-12T20:10:25.613305+00:00
2026-09-13,40875,8742608,EDCKUL21CHLA1000,equipment,CHL,Mechanical,EDCKUL21,RF-T2,ROOF,2,Block AE,Smardt,32.18,28,87,59,100.0,21,21,0,1,17.5,7,40,33,1,0.0,0,26,26,1,,0,0,0,0,,0,0,0,0,2026-09-12T20:10:25.613305+00:00
2026-09-13,40875,8742609,EDCKUL21CHLA1100,equipment,CHL,Mechanical,EDCKUL21,RF-T2,ROOF,2,Block AA,Smardt,47.13,41,87,46,100.0,21,21,0,1,50.0,20,40,20,1,0.0,0,26,26,1,,0,0,0,0,,0,0,0,0,2026-09-12T20:10:25.613305+00:00
2026-09-13,40875,8742610,EDCKUL21CHLA1200,equipment,CHL,Mechanical,EDCKUL21,RF-T2,ROOF,2,Block AB,Smardt,32.18,28,87,59,100.0,21,21,0,1,17.5,7,40,33,1,0.0,0,26,26,1,,0,0,0,0,,0,0,0,0,2026-09-12T20:10:25.613305+00:00
2026-09-13,40875,8742611,EDCKUL21CHLA1300,equipment,CHL,Mechanical,EDCKUL21,RF-T2,ROOF,2,Block AH,Smardt,32.18,28,87,59,100.0,21,21,0,1,17.5,7,40,33,1,0.0,0,26,26,1,,0,0,0,0,,0,0,0,0,2026-09-12T20:10:25.613305+00:00
2026-09-13,40875,8742612,EDCKUL21CHLA1400,equipment,CHL,Mechanical,EDCKUL21,RF-T2,ROOF,2,Block BH,Smardt,31.03,27,87,60,100.0,21,21,0,1,15.0,6,40,34,1,0.0,0,26,26,1,,0,0,0,0,,0,0,0,0,2026-09-12T20:10:25.613305+00:00
2026-09-13,40875,8742613,EDCKUL21CHLA1500,equipment,CHL,Mechanical,EDCKUL21,RF-T2,ROOF,2,Block AF,Smardt,32.18,28,87,59,100.0,21,21,0,1,17.5,7,40,33,1,0.0,0,26,26,1,,0,0,0,0,,0,0,0,0,2026-09-12T20:10:25.613305+00:00
2026-09-13,40875,8742614,EDCKUL21CHLA1600,equipment,CHL,Mechanical,EDCKUL21,RF-T2,ROOF,2,Block AZ,Smardt,32.18,28,87,59,100.0,21,21,0,1,17.5,7,40,33,1,0.0,0,26,26,1,,0,0,0,0,,0,0,0,0,2026-09-12T20:10:25.613305+00:00
2026-09-13,40875,8742615,EDCKUL21CHPA0900,equipment,CHP,Mechanical,EDCKUL21,RF-T2,ROOF,2,Block AD,Smardt,24.14,21,87,66,100.0,21,21,0,1,0.0,0,40,40,1,0.0,0,26,26,1,,0,0,0,0,,0,0,0,0,2026-09-12T20:10:25.613305+00:00
2026-09-13,40875,8742616,EDCKUL21CHPA1000,equipment,CHP,Mechanical,EDCKUL21,RF-T2,ROOF,2,Block AE,Smardt,24.14,21,87,66,100.0,21,21,0,1,0.0,0,40,40,1,0.0,0,26,26,1,,0,0,0,0,,0,0,0,0,2026-09-12T20:10:25.613305+00:00
2026-09-13,40875,8742617,EDCKUL21CHPA1100,equipment,CHP,Mechanical,EDCKUL21,RF-T2,ROOF,2,Block AA,Smardt,32.18,28,87,59,100.0,21,21,0,1,17.5,7,40,33,1,0.0,0,26,26,1,,0,0,0,0,,0,0,0,0,2026-09-12T20:10:25.613305+00:00
2026-09-13,40875,8742618,EDCKUL21CHPA1200,equipment,CHP,Mechanical,EDCKUL21,RF-T2,ROOF,2,Block AB,Smardt,24.14,21,87,66,100.0,21,21,0,1,0.0,0,40,40,1,0.0,0,26,26,1,,0,0,0,0,,0,0,0,0,2026-09-12T20:10:25.613305+00:00
2026-09-13,40875,8742619,EDCKUL21CHPA1300,equipment,CHP,Mechanical,EDCKUL21,RF-T2,ROOF,2,Block AH,Smardt,24.14,21,87,66,100.0,21,21,0,1,0.0,0,40,40,1,0.0,0,26,26,1,,0,0,0,0,,0,0,0,0,2026-09-12T20:10:25.613305+00:00
2026-09-13,40875,8742620,EDCKUL21CHPA1400,equipment,CHP,Mechanical,EDCKUL21,RF-T2,ROOF,2,Block BH,Smardt,24.14,21,87,66,100.0,21,21,0,1,0.0,0,40,40,1,0.0,0,26,26,1,,0,0,0,0,,0,0,0,0,2026-09-12T20:10:25.613305+00:00
2026-09-13,40875,8742621,EDCKUL21CHPA1500,equipment,CHP,Mechanical,EDCKUL21,RF-T2,ROOF,2,Block AF,Smardt,24.14,21,87,66,100.0,21,21,0,1,0.0,0,40,40,1,0.0,0,26,26,1,,0,0,0,0,,0,0,0,0,2026-09-12T20:10:25.613305+00:00
2026-09-13,40875,8742622,EDCKUL21CHPA1600,equipment,CHP,Mechanical,EDCKUL21,RF-T2,ROOF,2,Block AZ,Smardt,24.14,21,87,66,100.0,21,21,0,1,0.0,0,40,40,1,0.0,0,26,26,1,,0,0,0,0,,0,0,0,0,2026-09-12T20:10:25.613305+00:00
2026-09-13,40875,8742623,EDCKUL21BMPA0800,equipment,BMP,Mechanical,EDCKUL21,RF-T2,ROOF,2,Block BH,Smardt,24.14,21,87,66,100.0,21,21,0,1,0.0,0,40,40,1,0.0,0,26,26,1,,0,0,0,0,,0,0,0,0,2026-09-12T20:10:25.613305+00:00
2026-09-13,40875,8742624,EDCKUL21BMPA0900,equipment,BMP,Mechanical,EDCKUL21,RF-T2,ROOF,2,Block BH,Smardt,24.14,21,87,66,100.0,21,21,0,1,0.0,0,40,40,1,0.0,0,26,26,1,,0,0,0,0,,0,0,0,0,2026-09-12T20:10:25.613305+00:00
2026-09-13,40875,8742625,EDCKUL21BMPA1000,equipment,BMP,Mechanical,EDCKUL21,RF-T2,ROOF,2,Block BH,Smardt,24.14,21,87,66,100.0,21,21,0,1,0.0,0,40,40,1,0.0,0,26,26,1,,0,0,0,0,,0,0,0,0,2026-09-12T20:10:25.613305+00:00
2026-09-13,40875,8742626,EDCKUL21BMPA1100,equipment,BMP,Mechanical,EDCKUL21,RF-T2,ROOF,2,Block BH,Smardt,24.14,21,87,66,100.0,21,21,0,1,0.0,0,40,40,1,0.0,0,26,26,1,,0,0,0,0,,0,0,0,0,2026-09-12T20:10:25.613305+00:00
2026-09-13,40875,8742627,EDCKUL21BMPA1200,equipment,BMP,Mechanical,EDCKUL21,RF-T2,ROOF,2,Block BH,Smardt,24.14,21,87,66,100.0,21,21,0,1,0.0,0,40,40,1,0.0,0,26,26,1,,0,0,0,0,,0,0,0,0,2026-09-12T20:10:25.613305+00:00
2026-09-13,40875,8742628,EDCKUL21BMPA1300,equipment,BMP,Mechanical,EDCKUL21,RF-T2,ROOF,2,Block BH,Smardt,24.14,21,87,66,100.0,21,21,0,1,0.0,0,40,40,1,0.0,0,26,26,1,,0,0,0,0,,0,0,0,0,2026-09-12T20:10:25.613305+00:00
2026-09-13,40875,8742629,EDCKUL21BMPA1400,equipment,BMP,Mechanical,EDCKUL21,RF-T2,ROOF,2,Block BH,Smardt,24.14,21,87,66,100.0,21,21,0,1,0.0,0,40,40,1,0.0,0,26,26,1,,0,0,0,0,,0,0,0,0,2026-09-12T20:10:25.613305+00:00
2026-09-13,40875,8742632,EDCKUL21BMPA1500,equipment,BMP,Mechanical,EDCKUL21,RF-T2,ROOF,2,Block BH,Smardt,31.03,27,87,60,100.0,21,21,0,1,15.0,6,40,34,1,0.0,0,26,26,1,,0,0,0,0,,0,0,0,0,2026-09-12T20:10:25.613305+00:00
2026-09-13,40875,8742633,EDCKUL21BMPA1600,equipment,BMP,Mechanical,EDCKUL21,RF-T2,ROOF,2,Block BH,Smardt,32.18,28,87,59,100.0,21,21,0,1,17.5,7,40,33,1,0.0,0,26,26,1,,0,0,0,0,,0,0,0,0,2026-09-12T20:10:25.613305+00:00
2026-09-13,40875,8742691,EDCKUL21CTSA0300,equipment,CTS,Mechanical,EDCKUL21,RF-T2,ROOF,2,Block BH,Promatrix DCS,8.05,7,87,80,33.33,7,21,14,1,0.0,0,40,40,1,0.0,0,26,26,1,,0,0,0,0,,0,0,0,0,2026-09-12T20:10:25.613305+00:00
2026-09-13,40875,8742692,EDCKUL21CTSA0400,equipment,CTS,Mechanical,EDCKUL21,RF-T2,ROOF,2,Block BH,Promatrix DCS,8.05,7,87,80,33.33,7,21,14,1,0.0,0,40,40,1,0.0,0,26,26,1,,0,0,0,0,,0,0,0,0,2026-09-12T20:10:25.613305+00:00
2026-09-13,40875,8742694,EDCKUL21DPPBA110,equipment,DPP,Electrical,EDCKUL21,GF,MECH 11,2,Block BA,Promatrix DCS,24.69,20,81,61,100.0,20,20,0,1,0.0,0,35,35,1,0.0,0,26,26,1,,0,0,0,0,,0,0,0,0,2026-09-12T20:10:25.613305+00:00
2026-09-13,40875,8742695,EDCKUL21DPPBA210,equipment,DPP,Electrical,,,GENERATOR ROOM BA,2,Block BA,Sime Darby Industrial,78.16,68,87,19,100.0,21,21,0,1,100.0,40,40,0,1,26.92,7,26,19,1,,0,0,0,0,,0,0,0,0,2026-09-12T20:10:25.613305+00:00
2026-09-13,40875,8742696,EDCKUL21DPPBA310,equipment,DPP,Electrical,,,ELECTRICAL ROOM BA,2,Block BA,Eaton,69.77,60,86,26,100.0,20,20,0,1,100.0,40,40,0,1,0.0,0,26,26,1,,0,0,0,0,,0,0,0,0,2026-09-12T20:10:25.613305+00:00
2026-09-13,40875,8742697,EDCKUL21DPPBA410,equipment,DPP,Electrical,,,ELECTRICAL ROOM BA,2,Block BA,Eaton,69.77,60,86,26,100.0,20,20,0,1,100.0,40,40,0,1,0.0,0,26,26,1,,0,0,0,0,,0,0,0,0,2026-09-12T20:10:25.613305+00:00
2026-09-13,40875,8742699,EDCKUL21DPPBB210,equipment,DPP,Electrical,,,GENERATOR ROOM BB,2,Block BB,Sime Darby Industrial,70.11,61,87,26,100.0,21,21,0,1,100.0,40,40,0,1,0.0,0,26,26,1,,0,0,0,0,,0,0,0,0,2026-09-12T20:10:25.613305+00:00
2026-09-13,40875,8742700,EDCKUL21DPPBB310,equipment,DPP,Electrical,,,ELECTRICAL ROOM BB,2,Block BB,Eaton,68.6,59,86,27,100.0,20,20,0,1,97.5,39,40,1,1,0.0,0,26,26,1,,0,0,0,0,,0,0,0,0,2026-09-12T20:10:25.613305+00:00
2026-09-13,40875,8742701,EDCKUL21DPPBB410,equipment,DPP,Electrical,,,ELECTRICAL ROOM BB,2,Block BB,Eaton,68.6,59,86,27,100.0,20,20,0,1,97.5,39,40,1,1,0.0,0,26,26,1,,0,0,0,0,,0,0,0,0,2026-09-12T20:10:25.613305+00:00
2026-09-13,40875,8742702,EDCKUL21DPPBC110,equipment,DPP,Electrical,EDCKUL21,GF,MECH 12,2,Block BC,Promatrix DCS,24.69,20,81,61,100.0,20,20,0,1,0.0,0,35,35,1,0.0,0,26,26,1,,0,0,0,0,,0,0,0,0,2026-09-12T20:10:25.613305+00:00
2026-09-13,40875,8742703,EDCKUL21DPPBC210,equipment,DPP,Electrical,,,GENERATOR ROOM BC,2,Block BC,Sime Darby Industrial,70.11,61,87,26,100.0,21,21,0,1,100.0,40,40,0,1,0.0,0,26,26,1,,0,0,0,0,,0,0,0,0,2026-09-12T20:10:25.613305+00:00
2026-09-13,40875,8742704,EDCKUL21DPPBC310,equipment,DPP,Electrical,,,ELECTRICAL ROOM BC,2,Block BC,Eaton,62.79,54,86,32,100.0,20,20,0,1,85.0,34,40,6,1,0.0,0,26,26,1,,0,0,0,0,,0,0,0,0,2026-09-12T20:10:25.613305+00:00
2026-09-13,40875,8742705,EDCKUL21DPPBC410,equipment,DPP,Electrical,,,ELECTRICAL ROOM BC,2,Block BC,Eaton,55.81,48,86,38,100.0,20,20,0,1,70.0,28,40,12,1,0.0,0,26,26,1,,0,0,0,0,,0,0,0,0,2026-09-12T20:10:25.613305+00:00
2026-09-13,40875,8742706,EDCKUL21DPPBD110,equipment,DPP,Electrical,EDCKUL21,1F,MECH 42,2,Block BD,Promatrix DCS,24.69,20,81,61,100.0,20,20,0,1,0.0,0,35,35,1,0.0,0,26,26,1,,0,0,0,0,,0,0,0,0,2026-09-12T20:10:25.613305+00:00
2026-09-13,40875,8742707,EDCKUL21DPPBD210,equipment,DPP,Electrical,,,GENERATOR ROOM BD,2,Block BD,Sime Darby Industrial,70.11,61,87,26,100.0,21,21,0,1,100.0,40,40,0,1,0.0,0,26,26,1,,0,0,0,0,,0,0,0,0,2026-09-12T20:10:25.613305+00:00
2026-09-13,40875,8742708,EDCKUL21DPPBD310,equipment,DPP,Electrical,,,ELECTRICAL ROOM BD,2,Block BD,Eaton,31.4,27,86,59,100.0,20,20,0,1,17.5,7,40,33,1,0.0,0,26,26,1,,0,0,0,0,,0,0,0,0,2026-09-12T20:10:25.613305+00:00
2026-09-13,40875,8742709,EDCKUL21DPPBD410,equipment,DPP,Electrical,,,ELECTRICAL ROOM BD,2,Block BD,Eaton,31.4,27,86,59,100.0,20,20,0,1,17.5,7,40,33,1,0.0,0,26,26,1,,0,0,0,0,,0,0,0,0,2026-09-12T20:10:25.613305+00:00
2026-09-13,40875,8742711,EDCKUL21DPPBE210,equipment,DPP,Electrical,,,GENERATOR ROOM BE,2,Block BE,Sime Darby Industrial,70.11,61,87,26,100.0,21,21,0,1,100.0,40,40,0,1,0.0,0,26,26,1,,0,0,0,0,,0,0,0,0,2026-09-12T20:10:25.613305+00:00
2026-09-13,40875,8742712,EDCKUL21DPPBE310,equipment,DPP,Electrical,,,ELECTRICAL ROOM BE,2,Block BE,Eaton,31.4,27,86,59,100.0,20,20,0,1,17.5,7,40,33,1,0.0,0,26,26,1,,0,0,0,0,,0,0,0,0,2026-09-12T20:10:25.613305+00:00
2026-09-13,40875,8742713,EDCKUL21DPPBE410,equipment,DPP,Electrical,,,ELECTRICAL ROOM BE,2,Block BE,Eaton,31.4,27,86,59,100.0,20,20,0,1,17.5,7,40,33,1,0.0,0,26,26,1,,0,0,0,0,,0,0,0,0,2026-09-12T20:10:25.613305+00:00
2026-09-13,40875,8742714,EDCKUL21DPPBF110,equipment,DPP,Electrical,EDCKUL21,1F,MECH 41,2,Block BF,Promatrix DCS,24.69,20,81,61,100.0,20,20,0,1,0.0,0,35,35,1,0.0,0,26,26,1,,0,0,0,0,,0,0,0,0,2026-09-12T20:10:25.613305+00:00
2026-09-13,40875,8742715,EDCKUL21DPPBF210,equipment,DPP,Electrical,,,GENERATOR ROOM BF,2,Block BF,Sime Darby Industrial,70.11,61,87,26,100.0,21,21,0,1,100.0,40,40,0,1,0.0,0,26,26,1,,0,0,0,0,,0,0,0,0,2026-09-12T20:10:25.613305+00:00
2026-09-13,40875,8742716,EDCKUL21DPPBF310,equipment,DPP,Electrical,,,ELECTRICAL ROOM BF,2,Block BF,Eaton,31.4,27,86,59,100.0,20,20,0,1,17.5,7,40,33,1,0.0,0,26,26,1,,0,0,0,0,,0,0,0,0,2026-09-12T20:10:25.613305+00:00
2026-09-13,40875,8742717,EDCKUL21DPPBF410,equipment,DPP,Electrical,,,ELECTRICAL ROOM BF,2,Block BF,Eaton,54.65,47,86,39,100.0,20,20,0,1,67.5,27,40,13,1,0.0,0,26,26,1,,0,0,0,0,,0,0,0,0,2026-09-12T20:10:25.613305+00:00
2026-09-13,40875,8742718,EDCKUL21DPPBH110,equipment,DPP,Electrical,,,GENERATOR ROOM BH,2,Block BH,Sime Darby Industrial,70.11,61,87,26,100.0,21,21,0,1,100.0,40,40,0,1,0.0,0,26,26,1,,0,0,0,0,,0,0,0,0,2026-09-12T20:10:25.613305+00:00
2026-09-13,40875,8742719,EDCKUL21DPPBH120,equipment,DPP,Electrical,,,ELECTRICAL ROOM BH,2,Block BH,Promatrix DCS,70.11,61,87,26,100.0,21,21,0,1,100.0,40,40,0,1,0.0,0,26,26,1,,0,0,0,0,,0,0,0,0,2026-09-12T20:10:25.613305+00:00
2026-09-13,40875,8742720,EDCKUL21DPPBH130,equipment,DPP,Electrical,,,ELECTRICAL ROOM AH,2,Block BH,Promatrix DCS,68.97,60,87,27,100.0,21,21,0,1,97.5,39,40,1,1,0.0,0,26,26,1,,0,0,0,0,,0,0,0,0,2026-09-12T20:10:25.613305+00:00
2026-09-13,40875,8742721,EDCKUL21DPPBH220,equipment,DPP,Electrical,,,ELECTRICAL ROOM BH,2,Block BH,Promatrix DCS,24.14,21,87,66,100.0,21,21,0,1,0.0,0,40,40,1,0.0,0,26,26,1,,0,0,0,0,,0,0,0,0,2026-09-12T20:10:25.613305+00:00
2026-09-13,40875,8742722,EDCKUL21DPPBH230,equipment,DPP,Electrical,,,ELECTRICAL ROOM AH,2,Block BH,Promatrix DCS,70.11,61,87,26,100.0,21,21,0,1,100.0,40,40,0,1,0.0,0,26,26,1,,0,0,0,0,,0,0,0,0,2026-09-12T20:10:25.613305+00:00
2026-09-13,40875,8742723,EDCKUL21DPPBH320,equipment,DPP,Electrical,,,ELECTRICAL RISER,2,Block BH,Promatrix DCS,68.97,60,87,27,100.0,21,21,0,1,97.5,39,40,1,1,0.0,0,26,26,1,,0,0,0,0,,0,0,0,0,2026-09-12T20:10:25.613305+00:00
2026-09-13,40875,8742724,EDCKUL21DPPBH330,equipment,DPP,Electrical,,,ELECTRICAL RISER,2,Block BH,Promatrix DCS,70.11,61,87,26,100.0,21,21,0,1,100.0,40,40,0,1,0.0,0,26,26,1,,0,0,0,0,,0,0,0,0,2026-09-12T20:10:25.613305+00:00
2026-09-13,40875,8742725,EDCKUL21DPPBH420,equipment,DPP,Electrical,EDCKUL21,GF,PANEL ROOM GF,2,Block BH,Promatrix DCS,70.11,61,87,26,100.0,21,21,0,1,100.0,40,40,0,1,0.0,0,26,26,1,,0,0,0,0,,0,0,0,0,2026-09-12T20:10:25.613305+00:00
2026-09-13,40875,8742726,EDCKUL21DPPBH430,equipment,DPP,Electrical,,,ELECTRICAL RISER,2,Block BH,Promatrix DCS,32.18,28,87,59,100.0,21,21,0,1,17.5,7,40,33,1,0.0,0,26,26,1,,0,0,0,0,,0,0,0,0,2026-09-12T20:10:25.613305+00:00
2026-09-13,40875,8742727,EDCKUL21DPPBH520,equipment,DPP,Electrical,,,ELECTRICAL ROOM BH,2,Block BH,Promatrix DCS,32.18,28,87,59,100.0,21,21,0,1,17.5,7,40,33,1,0.0,0,26,26,1,,0,0,0,0,,0,0,0,0,2026-09-12T20:10:25.613305+00:00
2026-09-13,40875,8742728,EDCKUL21DPPBH530,equipment,DPP,Electrical,,,ELECTRICAL ROOM AZ,2,Block BH,Promatrix DCS,70.11,61,87,26,100.0,21,21,0,1,100.0,40,40,0,1,0.0,0,26,26,1,,0,0,0,0,,0,0,0,0,2026-09-12T20:10:25.613305+00:00
2026-09-13,40875,8742729,EDCKUL21DPPBH620,equipment,DPP,Electrical,,,EXTERNAL,2,Block BH,Promatrix DCS,70.11,61,87,26,100.0,21,21,0,1,100.0,40,40,0,1,0.0,0,26,26,1,,0,0,0,0,,0,0,0,0,2026-09-12T20:10:25.613305+00:00
2026-09-13,40875,8742730,EDCKUL21DPPBH630,equipment,DPP,Electrical,,,ELECTRICAL ROOM AZ,2,Block BH,Promatrix DCS,32.18,28,87,59,100.0,21,21,0,1,17.5,7,40,33,1,0.0,0,26,26,1,,0,0,0,0,,0,0,0,0,2026-09-12T20:10:25.613305+00:00
2026-09-13,40875,8742731,EDCKUL21DPPBH720,equipment,DPP,Electrical,,,EXTERNAL,2,Block BH,Promatrix DCS,70.11,61,87,26,100.0,21,21,0,1,100.0,40,40,0,1,0.0,0,26,26,1,,0,0,0,0,,0,0,0,0,2026-09-12T20:10:25.613305+00:00
2026-09-13,40875,8742732,EDCKUL21DPPBH730,equipment,DPP,Electrical,,,ELECTRICAL RISER,2,Block BH,Promatrix DCS,70.11,61,87,26,100.0,21,21,0,1,100.0,40,40,0,1,0.0,0,26,26,1,,0,0,0,0,,0,0,0,0,2026-09-12T20:10:25.613305+00:00
2026-09-13,40875,8742733,EDCKUL21DPPBH820,equipment,DPP,Electrical,,,GUARD HOUSE,2,Block BH,Promatrix DCS,67.9,55,81,26,100.0,20,20,0,1,100.0,35,35,0,1,0.0,0,26,26,1,,0,0,0,0,,0,0,0,0,2026-09-12T20:10:25.613305+00:00
2026-09-13,40875,8742734,EDCKUL21DPPBH830,equipment,DPP,Electrical,,,ELECTRICAL RISER,2,Block BH,Promatrix DCS,39.08,34,87,53,100.0,21,21,0,1,32.5,13,40,27,1,0.0,0,26,26,1,,0,0,0,0,,0,0,0,0,2026-09-12T20:10:25.613305+00:00
2026-09-13,40875,8742735,EDCKUL21DPPBH920,equipment,DPP,Electrical,,,ELECTRICAL ROOM BZ,2,Block BH,Promatrix DCS,70.11,61,87,26,100.0,21,21,0,1,100.0,40,40,0,1,0.0,0,26,26,1,,0,0,0,0,,0,0,0,0,2026-09-12T20:10:25.613305+00:00
2026-09-13,40875,8742736,EDCKUL21DPPBH930,equipment,DPP,Electrical,EDCKUL21,RF-T2,SERVICE LOBBY (LOWER ROOF),2,Block BH,Promatrix DCS,32.18,28,87,59,100.0,21,21,0,1,17.5,7,40,33,1,0.0,0,26,26,1,,0,0,0,0,,0,0,0,0,2026-09-12T20:10:25.613305+00:00
2026-09-13,40875,8742737,EDCKUL21DPPBHA20,equipment,DPP,Electrical,,,ELECTRICAL ROOM BZ,2,Block BH,Promatrix DCS,32.18,28,87,59,100.0,21,21,0,1,17.5,7,40,33,1,0.0,0,26,26,1,,0,0,0,0,,0,0,0,0,2026-09-12T20:10:25.613305+00:00
2026-09-13,40875,8742738,EDCKUL21DPPBHA30,equipment,DPP,Electrical,,,ELECTRICAL ROOM AH,2,Block BH,Promatrix DCS,33.33,27,81,54,100.0,20,20,0,1,20.0,7,35,28,1,0.0,0,26,26,1,,0,0,0,0,,0,0,0,0,2026-09-12T20:10:25.613305+00:00
2026-09-13,40875,8742739,EDCKUL21DPPBHB20,equipment,DPP,Electrical,,,ELECTRICAL RISER,2,Block BH,Promatrix DCS,32.18,28,87,59,100.0,21,21,0,1,17.5,7,40,33,1,0.0,0,26,26,1,,0,0,0,0,,0,0,0,0,2026-09-12T20:10:25.613305+00:00
2026-09-13,40875,8742740,EDCKUL21DPPBHB30,equipment,DPP,Electrical,,,ELECTRICAL ROOM AH,2,Block BH,Promatrix DCS,33.33,27,81,54,100.0,20,20,0,1,20.0,7,35,28,1,0.0,0,26,26,1,,0,0,0,0,,0,0,0,0,2026-09-12T20:10:25.613305+00:00
2026-09-13,40875,8742741,EDCKUL21DPPBHC20,equipment,DPP,Electrical,,,ELECTRICAL RISER,2,Block BH,Promatrix DCS,32.18,28,87,59,100.0,21,21,0,1,17.5,7,40,33,1,0.0,0,26,26,1,,0,0,0,0,,0,0,0,0,2026-09-12T20:10:25.613305+00:00
2026-09-13,40875,8742742,EDCKUL21DPPBHD20,equipment,DPP,Electrical,,,ELECTRICAL ROOM BH,2,Block BH,Promatrix DCS,24.14,21,87,66,100.0,21,21,0,1,0.0,0,40,40,1,0.0,0,26,26,1,,0,0,0,0,,0,0,0,0,2026-09-12T20:10:25.613305+00:00
2026-09-13,40875,8742757,EDCKUL21DPPBZ210,equipment,DPP,Electrical,,,GENERATOR ROOM BZ,2,Block BZ,Sime Darby Industrial,70.11,61,87,26,100.0,21,21,0,1,100.0,40,40,0,1,0.0,0,26,26,1,,0,0,0,0,,0,0,0,0,2026-09-12T20:10:25.613305+00:00
2026-09-13,40875,8742758,EDCKUL21DPPBZ310,equipment,DPP,Electrical,,,ELECTRICAL ROOM BZ,2,Block BZ,Eaton,31.4,27,86,59,100.0,20,20,0,1,17.5,7,40,33,1,0.0,0,26,26,1,,0,0,0,0,,0,0,0,0,2026-09-12T20:10:25.613305+00:00
2026-09-13,40875,8742759,EDCKUL21DPPBZ410,equipment,DPP,Electrical,,,ELECTRICAL ROOM BZ,2,Block BZ,Eaton,36.05,31,86,55,100.0,20,20,0,1,27.5,11,40,29,1,0.0,0,26,26,1,,0,0,0,0,,0,0,0,0,2026-09-12T20:10:25.613305+00:00
2026-09-13,40875,8742760,EDCKUL21DSGBA110,equipment,DSG,Electrical,EDCKUL21,GF,TX DECK BA-BB,2,Block BA,Siemens Malaysia,83.47,101,121,20,100.0,21,21,0,1,100.0,74,74,0,2,23.08,6,26,20,1,,0,0,0,0,,0,0,0,0,2026-09-12T20:10:25.613305+00:00
2026-09-13,40875,8742761,EDCKUL21DSGBB110,equipment,DSG,Electrical,EDCKUL21,GF,TX DECK BA-BB,2,Block BB,Siemens Malaysia,83.47,101,121,20,100.0,21,21,0,1,100.0,74,74,0,2,23.08,6,26,20,1,,0,0,0,0,,0,0,0,0,2026-09-12T20:10:25.613305+00:00
2026-09-13,40875,8742762,EDCKUL21DSGBC110,equipment,DSG,Electrical,EDCKUL21,GF,TX DECK BC-BH,2,Block BC,Siemens Malaysia,83.47,101,121,20,100.0,21,21,0,1,100.0,74,74,0,2,23.08,6,26,20,1,,0,0,0,0,,0,0,0,0,2026-09-12T20:10:25.613305+00:00
2026-09-13,40875,8742763,EDCKUL21DSGBD110,equipment,DSG,Electrical,EDCKUL21,1F,TX DECK BD-BZ,2,Block BD,Siemens Malaysia,83.47,101,121,20,100.0,21,21,0,1,100.0,74,74,0,2,23.08,6,26,20,1,,0,0,0,0,,0,0,0,0,2026-09-12T20:10:25.613305+00:00
2026-09-13,40875,8742764,EDCKUL21DSGBE110,equipment,DSG,Electrical,EDCKUL21,1F,TX DECK BE-BF,2,Block BE,Siemens Malaysia,83.47,101,121,20,100.0,21,21,0,1,100.0,74,74,0,2,23.08,6,26,20,1,,0,0,0,0,,0,0,0,0,2026-09-12T20:10:25.613305+00:00
2026-09-13,40875,8742765,EDCKUL21DSGBF110,equipment,DSG,Electrical,EDCKUL21,1F,TX DECK BE-BF,2,Block BF,Siemens Malaysia,83.47,101,121,20,100.0,21,21,0,1,100.0,74,74,0,2,23.08,6,26,20,1,,0,0,0,0,,0,0,0,0,2026-09-12T20:10:25.613305+00:00
2026-09-13,40875,8742766,EDCKUL21DSGBH110,equipment,DSG,Electrical,EDCKUL21,GF,TX DECK BC-BH,2,Block BH,Siemens Malaysia,83.47,101,121,20,100.0,21,21,0,1,100.0,74,74,0,2,23.08,6,26,20,1,,0,0,0,0,,0,0,0,0,2026-09-12T20:10:25.613305+00:00
2026-09-13,40875,8742767,EDCKUL21DSGBZ110,equipment,DSG,Electrical,EDCKUL21,1F,TX DECK BD-BZ,2,Block BZ,Siemens Malaysia,83.47,101,121,20,100.0,21,21,0,1,100.0,74,74,0,2,23.08,6,26,20,1,,0,0,0,0,,0,0,0,0,2026-09-12T20:10:25.613305+00:00
2026-09-13,40875,8742768,EDCKUL21EPPBH110,equipment,EPP,Electrical,EDCKUL21,GF,FCC ROOM,2,Block BH,Promatrix DCS,70.11,61,87,26,100.0,21,21,0,1,100.0,40,40,0,1,0.0,0,26,26,1,,0,0,0,0,,0,0,0,0,2026-09-12T20:10:25.613305+00:00
2026-09-13,40875,8742769,EDCKUL21EPPBH210,equipment,EPP,Electrical,,,PANEL ROOM,2,Block BH,Promatrix DCS,78.51,95,121,26,100.0,21,21,0,1,100.0,74,74,0,2,0.0,0,26,26,1,,0,0,0,0,,0,0,0,0,2026-09-12T20:10:25.613305+00:00
2026-09-13,40875,8742770,EDCKUL21EPPBH310,equipment,EPP,Electrical,,,PANEL ROOM,2,Block BH,Promatrix DCS,78.51,95,121,26,100.0,21,21,0,1,100.0,74,74,0,2,0.0,0,26,26,1,,0,0,0,0,,0,0,0,0,2026-09-12T20:10:25.613305+00:00
2026-09-13,40875,8742771,EDCKUL21EPPBH410,equipment,EPP,Electrical,,,ELECTRICAL ROOM BH,2,Block BH,Promatrix DCS,78.51,95,121,26,100.0,21,21,0,1,100.0,74,74,0,2,0.0,0,26,26,1,,0,0,0,0,,0,0,0,0,2026-09-12T20:10:25.613305+00:00
2026-09-13,40875,8742772,EDCKUL21EPPBH510,equipment,EPP,Electrical,EDCKUL21,RF-T2,SERVICE LOBBY (LOWER ROOF),2,Block BH,Promatrix DCS,39.08,34,87,53,100.0,21,21,0,1,32.5,13,40,27,1,0.0,0,26,26,1,,0,0,0,0,,0,0,0,0,2026-09-12T20:10:25.613305+00:00
2026-09-13,40875,8742773,EDCKUL21EPPBH610,equipment,EPP,Electrical,,,ELECTRICAL ROOM AH,2,Block BH,Promatrix DCS,55.65,64,115,51,100.0,20,20,0,1,63.77,44,69,25,2,0.0,0,26,26,1,,0,0,0,0,,0,0,0,0,2026-09-12T20:10:25.613305+00:00
2026-09-13,40875,8742783,EDCKUL21GDTBA100,equipment,GDT,Mechanical,,,GENERATOR ROOM BA,2,Block BA,Sime Darby Industrial,70.11,61,87,26,100.0,21,21,0,1,100.0,40,40,0,1,0.0,0,26,26,1,,0,0,0,0,,0,0,0,0,2026-09-12T20:10:25.613305+00:00
2026-09-13,40875,8742784,EDCKUL21GDTBB100,equipment,GDT,Mechanical,,,GENERATOR ROOM BB,2,Block BB,Sime Darby Industrial,70.11,61,87,26,100.0,21,21,0,1,100.0,40,40,0,1,0.0,0,26,26,1,,0,0,0,0,,0,0,0,0,2026-09-12T20:10:25.613305+00:00
2026-09-13,40875,8742785,EDCKUL21GDTBC100,equipment,GDT,Mechanical,,,GENERATOR ROOM BC,2,Block BC,Sime Darby Industrial,70.11,61,87,26,100.0,21,21,0,1,100.0,40,40,0,1,0.0,0,26,26,1,,0,0,0,0,,0,0,0,0,2026-09-12T20:10:25.613305+00:00
2026-09-13,40875,8742786,EDCKUL21GDTBD100,equipment,GDT,Mechanical,,,GENERATOR ROOM BD,2,Block BD,Sime Darby Industrial,70.11,61,87,26,100.0,21,21,0,1,100.0,40,40,0,1,0.0,0,26,26,1,,0,0,0,0,,0,0,0,0,2026-09-12T20:10:25.613305+00:00
2026-09-13,40875,8742787,EDCKUL21GDTBE100,equipment,GDT,Mechanical,,,GENERATOR ROOM BE,2,Block BE,Sime Darby Industrial,70.11,61,87,26,100.0,21,21,0,1,100.0,40,40,0,1,0.0,0,26,26,1,,0,0,0,0,,0,0,0,0,2026-09-12T20:10:25.613305+00:00
2026-09-13,40875,8742788,EDCKUL21GDTBF100,equipment,GDT,Mechanical,,,GENERATOR ROOM BF,2,Block BF,Sime Darby Industrial,70.11,61,87,26,100.0,21,21,0,1,100.0,40,40,0,1,0.0,0,26,26,1,,0,0,0,0,,0,0,0,0,2026-09-12T20:10:25.613305+00:00
2026-09-13,40875,8742789,EDCKUL21GDTBH100,equipment,GDT,Mechanical,,,GENERATOR ROOM BH,2,Block BH,Sime Darby Industrial,70.11,61,87,26,100.0,21,21,0,1,100.0,40,40,0,1,0.0,0,26,26,1,,0,0,0,0,,0,0,0,0,2026-09-12T20:10:25.613305+00:00
2026-09-13,40875,8742790,EDCKUL21GDTBZ100,equipment,GDT,Mechanical,,,GENERATOR ROOM BZ,2,Block BZ,Sime Darby Industrial,70.11,61,87,26,100.0,21,21,0,1,100.0,40,40,0,1,0.0,0,26,26,1,,0,0,0,0,,0,0,0,0,2026-09-12T20:10:25.613305+00:00
2026-09-13,40875,8742791,EDCKUL21GENBA100,equipment,GEN,Electrical,,,GENERATOR ROOM BA,2,Block BA,Sime Darby Industrial,70.11,61,87,26,100.0,21,21,0,1,100.0,40,40,0,1,0.0,0,26,26,1,,0,0,0,0,,0,0,0,0,2026-09-12T20:10:25.613305+00:00
2026-09-13,40875,8742792,EDCKUL21GENBB100,equipment,GEN,Electrical,,,GENERATOR ROOM BB,2,Block BB,Sime Darby Industrial,70.11,61,87,26,100.0,21,21,0,1,100.0,40,40,0,1,0.0,0,26,26,1,,0,0,0,0,,0,0,0,0,2026-09-12T20:10:25.613305+00:00
2026-09-13,40875,8742793,EDCKUL21GENBC100,equipment,GEN,Electrical,,,GENERATOR ROOM BC,2,Block BC,Sime Darby Industrial,70.11,61,87,26,100.0,21,21,0,1,100.0,40,40,0,1,0.0,0,26,26,1,,0,0,0,0,,0,0,0,0,2026-09-12T20:10:25.613305+00:00
2026-09-13,40875,8742794,EDCKUL21GENBD100,equipment,GEN,Electrical,,,GENERATOR ROOM BD,2,Block BD,Sime Darby Industrial,70.11,61,87,26,100.0,21,21,0,1,100.0,40,40,0,1,0.0,0,26,26,1,,0,0,0,0,,0,0,0,0,2026-09-12T20:10:25.613305+00:00
2026-09-13,40875,8742795,EDCKUL21GENBE100,equipment,GEN,Electrical,,,GENERATOR ROOM BE,2,Block BE,Sime Darby Industrial,70.11,61,87,26,100.0,21,21,0,1,100.0,40,40,0,1,0.0,0,26,26,1,,0,0,0,0,,0,0,0,0,2026-09-12T20:10:25.613305+00:00
2026-09-13,40875,8742796,EDCKUL21GENBF100,equipment,GEN,Electrical,,,GENERATOR ROOM BF,2,Block BF,Sime Darby Industrial,70.11,61,87,26,100.0,21,21,0,1,100.0,40,40,0,1,0.0,0,26,26,1,,0,0,0,0,,0,0,0,0,2026-09-12T20:10:25.613305+00:00
2026-09-13,40875,8742797,EDCKUL21GENBH100,equipment,GEN,Electrical,,,GENERATOR ROOM BH,2,Block BH,Sime Darby Industrial,70.11,61,87,26,100.0,21,21,0,1,100.0,40,40,0,1,0.0,0,26,26,1,,0,0,0,0,,0,0,0,0,2026-09-12T20:10:25.613305+00:00
2026-09-13,40875,8742798,EDCKUL21GENBZ100,equipment,GEN,Electrical,,,GENERATOR ROOM BZ,2,Block BZ,Sime Darby Industrial,70.11,61,87,26,100.0,21,21,0,1,100.0,40,40,0,1,0.0,0,26,26,1,,0,0,0,0,,0,0,0,0,2026-09-12T20:10:25.613305+00:00
2026-09-13,40875,8742799,EDCKUL21GSBBA110,equipment,GSB,Electrical,,,GENERATOR ROOM BA,2,Block BA,Sime Darby Industrial,70.11,61,87,26,100.0,21,21,0,1,100.0,40,40,0,1,0.0,0,26,26,1,,0,0,0,0,,0,0,0,0,2026-09-12T20:10:25.613305+00:00
2026-09-13,40875,8742800,EDCKUL21GSBBB110,equipment,GSB,Electrical,,,GENERATOR ROOM BB,2,Block BB,Sime Darby Industrial,70.11,61,87,26,100.0,21,21,0,1,100.0,40,40,0,1,0.0,0,26,26,1,,0,0,0,0,,0,0,0,0,2026-09-12T20:10:25.613305+00:00
2026-09-13,40875,8742801,EDCKUL21GSBBC110,equipment,GSB,Electrical,,,GENERATOR ROOM BC,2,Block BC,Sime Darby Industrial,70.11,61,87,26,100.0,21,21,0,1,100.0,40,40,0,1,0.0,0,26,26,1,,0,0,0,0,,0,0,0,0,2026-09-12T20:10:25.613305+00:00
2026-09-13,40875,8742802,EDCKUL21GSBBD110,equipment,GSB,Electrical,,,GENERATOR ROOM BD,2,Block BD,Sime Darby Industrial,70.11,61,87,26,100.0,21,21,0,1,100.0,40,40,0,1,0.0,0,26,26,1,,0,0,0,0,,0,0,0,0,2026-09-12T20:10:25.613305+00:00
2026-09-13,40875,8742803,EDCKUL21GSBBE110,equipment,GSB,Electrical,,,GENERATOR ROOM BE,2,Block BE,Sime Darby Industrial,70.11,61,87,26,100.0,21,21,0,1,100.0,40,40,0,1,0.0,0,26,26,1,,0,0,0,0,,0,0,0,0,2026-09-12T20:10:25.613305+00:00
2026-09-13,40875,8742804,EDCKUL21GSBBF110,equipment,GSB,Electrical,,,GENERATOR ROOM BF,2,Block BF,Sime Darby Industrial,70.11,61,87,26,100.0,21,21,0,1,100.0,40,40,0,1,0.0,0,26,26,1,,0,0,0,0,,0,0,0,0,2026-09-12T20:10:25.613305+00:00
2026-09-13,40875,8742805,EDCKUL21GSBBZ110,equipment,GSB,Electrical,,,GENERATOR ROOM BZ,2,Block BZ,Sime Darby Industrial,70.11,61,87,26,100.0,21,21,0,1,100.0,40,40,0,1,0.0,0,26,26,1,,0,0,0,0,,0,0,0,0,2026-09-12T20:10:25.613305+00:00
2026-09-13,40875,8742806,EDCKUL21GSBBH110,equipment,GSB,Electrical,,,GENERATOR ROOM BH,2,Block BH,Sime Darby Industrial,70.11,61,87,26,100.0,21,21,0,1,100.0,40,40,0,1,0.0,0,26,26,1,,0,0,0,0,,0,0,0,0,2026-09-12T20:10:25.613305+00:00
2026-09-13,40875,8742807,EDCKUL21MBCBA110,equipment,MBC,Electrical,,,ELECTRICAL ROOM BA,2,Block BA,Powerwell,70.11,61,87,26,100.0,21,21,0,1,100.0,40,40,0,1,0.0,0,26,26,1,,0,0,0,0,,0,0,0,0,2026-09-12T20:10:25.613305+00:00
2026-09-13,40875,8742808,EDCKUL21MBCBB110,equipment,MBC,Electrical,,,ELECTRICAL ROOM BB,2,Block BB,Powerwell,35.63,31,87,56,100.0,21,21,0,1,25.0,10,40,30,1,0.0,0,26,26,1,,0,0,0,0,,0,0,0,0,2026-09-12T20:10:25.613305+00:00
2026-09-13,40875,8742809,EDCKUL21MBCBC110,equipment,MBC,Electrical,,,ELECTRICAL ROOM BC,2,Block BC,Powerwell,70.11,61,87,26,100.0,21,21,0,1,100.0,40,40,0,1,0.0,0,26,26,1,,0,0,0,0,,0,0,0,0,2026-09-12T20:10:25.613305+00:00
2026-09-13,40875,8742810,EDCKUL21MBCBH110,equipment,MBC,Electrical,,,ELECTRICAL ROOM BH,2,Block BH,Powerwell,78.51,95,121,26,100.0,21,21,0,1,100.0,74,74,0,2,0.0,0,26,26,1,,0,0,0,0,,0,0,0,0,2026-09-12T20:10:25.613305+00:00
2026-09-13,40875,8742811,EDCKUL21MBCBD110,equipment,MBC,Electrical,,,ELECTRICAL ROOM BD,2,Block BD,Powerwell,35.63,31,87,56,100.0,21,21,0,1,25.0,10,40,30,1,0.0,0,26,26,1,,0,0,0,0,,0,0,0,0,2026-09-12T20:10:25.613305+00:00
2026-09-13,40875,8742812,EDCKUL21MBCBE110,equipment,MBC,Electrical,,,ELECTRICAL ROOM BE,2,Block BE,Powerwell,35.63,31,87,56,100.0,21,21,0,1,25.0,10,40,30,1,0.0,0,26,26,1,,0,0,0,0,,0,0,0,0,2026-09-12T20:10:25.613305+00:00
2026-09-13,40875,8742819,EDCKUL21MDPBH110,equipment,MDP,Electrical,,,ELECTRICAL ROOM BH,2,Block BH,Promatrix DCS,78.51,95,121,26,100.0,21,21,0,1,100.0,74,74,0,2,0.0,0,26,26,1,,0,0,0,0,,0,0,0,0,2026-09-12T20:10:25.613305+00:00
2026-09-13,40875,8742820,EDCKUL21MDPBH210,equipment,MDP,Electrical,,,,2,Block BH,Promatrix DCS,78.51,95,121,26,100.0,21,21,0,1,100.0,74,74,0,2,0.0,0,26,26,1,,0,0,0,0,,0,0,0,0,2026-09-12T20:10:25.613305+00:00
2026-09-13,40875,8742821,EDCKUL21MDPBH310,equipment,MDP,Electrical,,,ELECTRICAL ROOM BZ,2,Block BH,Promatrix DCS,77.69,94,121,27,100.0,21,21,0,1,98.65,73,74,1,2,0.0,0,26,26,1,,0,0,0,0,,0,0,0,0,2026-09-12T20:10:25.613305+00:00
2026-09-13,40875,8742822,EDCKUL21MDPBH410,equipment,MDP,Electrical,,,,2,Block BH,Promatrix DCS,32.18,28,87,59,100.0,21,21,0,1,17.5,7,40,33,1,0.0,0,26,26,1,,0,0,0,0,,0,0,0,0,2026-09-12T20:10:25.613305+00:00
2026-09-13,40875,8742823,EDCKUL21MDPBH510,equipment,MDP,Electrical,,,ELECTRICAL ROOM AH,2,Block BH,Promatrix DCS,77.69,94,121,27,100.0,21,21,0,1,98.65,73,74,1,2,0.0,0,26,26,1,,0,0,0,0,,0,0,0,0,2026-09-12T20:10:25.613305+00:00
2026-09-13,40875,8742824,EDCKUL21MDPBH610,equipment,MDP,Electrical,,,ELECTRICAL ROOM BH,2,Block BH,Promatrix DCS,37.93,33,87,54,100.0,21,21,0,1,30.0,12,40,28,1,0.0,0,26,26,1,,0,0,0,0,,0,0,0,0,2026-09-12T20:10:25.613305+00:00
2026-09-13,40875,8742825,EDCKUL21MDPBH710,equipment,MDP,Electrical,,,ELECTRICAL ROOM BH,2,Block BH,Promatrix DCS,78.51,95,121,26,100.0,21,21,0,1,100.0,74,74,0,2,0.0,0,26,26,1,,0,0,0,0,,0,0,0,0,2026-09-12T20:10:25.613305+00:00
2026-09-13,40875,8742826,EDCKUL21MDPBH810,equipment,MDP,Electrical,,,ELECTRICAL ROOM BH,2,Block BH,Promatrix DCS,70.11,61,87,26,100.0,21,21,0,1,100.0,40,40,0,1,0.0,0,26,26,1,,0,0,0,0,,0,0,0,0,2026-09-12T20:10:25.613305+00:00
2026-09-13,40875,8742827,EDCKUL21MDPBH910,equipment,MDP,Electrical,,,ELECTRICAL ROOM BH,2,Block BH,Promatrix DCS,32.18,28,87,59,100.0,21,21,0,1,17.5,7,40,33,1,0.0,0,26,26,1,,0,0,0,0,,0,0,0,0,2026-09-12T20:10:25.613305+00:00
2026-09-13,40875,8742828,EDCKUL21MDPBHA10,equipment,MDP,Electrical,,,ELECTRICAL ROOM BH,2,Block BH,Promatrix DCS,78.51,95,121,26,100.0,21,21,0,1,100.0,74,74,0,2,0.0,0,26,26,1,,0,0,0,0,,0,0,0,0,2026-09-12T20:10:25.613305+00:00
2026-09-13,40875,8742829,EDCKUL21MDPBHB10,equipment,MDP,Electrical,,,FIRE & COLD WATER PUMP ROOM,2,Block BH,Promatrix DCS,32.18,28,87,59,100.0,21,21,0,1,17.5,7,40,33,1,0.0,0,26,26,1,,0,0,0,0,,0,0,0,0,2026-09-12T20:10:25.613305+00:00
2026-09-13,40875,8742830,EDCKUL21MDPBHC10,equipment,MDP,Electrical,,,ELECTRICAL ROOM BH,2,Block BH,Promatrix DCS,32.18,28,87,59,100.0,21,21,0,1,17.5,7,40,33,1,0.0,0,26,26,1,,0,0,0,0,,0,0,0,0,2026-09-12T20:10:25.613305+00:00
2026-09-13,40875,8742831,EDCKUL21MDPBHD10,equipment,MDP,Electrical,,,ELECTRICAL ROOM BZ,2,Block BH,Promatrix DCS,32.18,28,87,59,100.0,21,21,0,1,17.5,7,40,33,1,0.0,0,26,26,1,,0,0,0,0,,0,0,0,0,2026-09-12T20:10:25.613305+00:00
2026-09-13,40875,8742832,EDCKUL21MDPBHE10,equipment,MDP,Electrical,,,ELECTRICAL ROOM AH,2,Block BH,Promatrix DCS,32.18,28,87,59,100.0,21,21,0,1,17.5,7,40,33,1,0.0,0,26,26,1,,0,0,0,0,,0,0,0,0,2026-09-12T20:10:25.613305+00:00
2026-09-13,40875,8742833,EDCKUL21MDPBHF10,equipment,MDP,Electrical,,,ELECTRICAL ROOM AZ,2,Block BH,Promatrix DCS,32.18,28,87,59,100.0,21,21,0,1,17.5,7,40,33,1,0.0,0,26,26,1,,0,0,0,0,,0,0,0,0,2026-09-12T20:10:25.613305+00:00
2026-09-13,40875,8742834,EDCKUL21MDPBHG10,equipment,MDP,Electrical,,,ELECTRICAL ROOM AZ,2,Block BH,Promatrix DCS,78.51,95,121,26,100.0,21,21,0,1,100.0,74,74,0,2,0.0,0,26,26,1,,0,0,0,0,,0,0,0,0,2026-09-12T20:10:25.613305+00:00
2026-09-13,40875,8742835,EDCKUL21MDPBHH10,equipment,MDP,Electrical,,,ELECTRICAL ROOM BH,2,Block BH,Promatrix DCS,32.18,28,87,59,100.0,21,21,0,1,17.5,7,40,33,1,0.0,0,26,26,1,,0,0,0,0,,0,0,0,0,2026-09-12T20:10:25.613305+00:00
2026-09-13,40875,8742836,EDCKUL21MDPBHJ10,equipment,MDP,Electrical,,,ELECTRICAL ROOM BZ,2,Block BH,Promatrix DCS,32.18,28,87,59,100.0,21,21,0,1,17.5,7,40,33,1,0.0,0,26,26,1,,0,0,0,0,,0,0,0,0,2026-09-12T20:10:25.613305+00:00
2026-09-13,40875,8742837,EDCKUL21MSBBA110,equipment,MSB,Electrical,,,ELECTRICAL ROOM BA,2,Block BA,Powerwell,78.51,95,121,26,100.0,21,21,0,1,100.0,74,74,0,2,0.0,0,26,26,1,,0,0,0,0,,0,0,0,0,2026-09-12T20:10:25.613305+00:00
2026-09-13,40875,8742838,EDCKUL21MSBBB110,equipment,MSB,Electrical,,,ELECTRICAL ROOM BB,2,Block BB,Powerwell,78.51,95,121,26,100.0,21,21,0,1,100.0,74,74,0,2,0.0,0,26,26,1,,0,0,0,0,,0,0,0,0,2026-09-12T20:10:25.613305+00:00
2026-09-13,40875,8742839,EDCKUL21MSBBC110,equipment,MSB,Electrical,,,ELECTRICAL ROOM BC,2,Block BC,Powerwell,78.51,95,121,26,100.0,21,21,0,1,100.0,74,74,0,2,0.0,0,26,26,1,,0,0,0,0,,0,0,0,0,2026-09-12T20:10:25.613305+00:00
2026-09-13,40875,8742840,EDCKUL21MSBBD110,equipment,MSB,Electrical,,,ELECTRICAL ROOM BD,2,Block BD,Powerwell,78.51,95,121,26,100.0,21,21,0,1,100.0,74,74,0,2,0.0,0,26,26,1,,0,0,0,0,,0,0,0,0,2026-09-12T20:10:25.613305+00:00
2026-09-13,40875,8742841,EDCKUL21MSBBE110,equipment,MSB,Electrical,,,ELECTRICAL ROOM BE,2,Block BE,Powerwell,78.51,95,121,26,100.0,21,21,0,1,100.0,74,74,0,2,0.0,0,26,26,1,,0,0,0,0,,0,0,0,0,2026-09-12T20:10:25.613305+00:00
2026-09-13,40875,8742842,EDCKUL21MSBBF110,equipment,MSB,Electrical,,,ELECTRICAL ROOM BF,2,Block BF,Powerwell,78.51,95,121,26,100.0,21,21,0,1,100.0,74,74,0,2,0.0,0,26,26,1,,0,0,0,0,,0,0,0,0,2026-09-12T20:10:25.613305+00:00
2026-09-13,40875,8742843,EDCKUL21MSBBH110,equipment,MSB,Electrical,,,ELECTRICAL ROOM BH,2,Block BH,Powerwell,78.51,95,121,26,100.0,21,21,0,1,100.0,74,74,0,2,0.0,0,26,26,1,,0,0,0,0,,0,0,0,0,2026-09-12T20:10:25.613305+00:00
2026-09-13,40875,8742844,EDCKUL21MSBBH210,equipment,MSB,Electrical,,,ELECTRICAL ROOM BH,2,Block BH,Promatrix DCS,78.51,95,121,26,100.0,21,21,0,1,100.0,74,74,0,2,0.0,0,26,26,1,,0,0,0,0,,0,0,0,0,2026-09-12T20:10:25.613305+00:00
2026-09-13,40875,8742845,EDCKUL21MSBBH310,equipment,MSB,Electrical,,,ELECTRICAL ROOM BH,2,Block BH,Promatrix DCS,70.11,61,87,26,100.0,21,21,0,1,100.0,40,40,0,1,0.0,0,26,26,1,,0,0,0,0,,0,0,0,0,2026-09-12T20:10:25.613305+00:00
2026-09-13,40875,8742846,EDCKUL21MSBBZ110,equipment,MSB,Electrical,,,ELECTRICAL ROOM BH,2,Block BZ,Powerwell,78.51,95,121,26,100.0,21,21,0,1,100.0,74,74,0,2,0.0,0,26,26,1,,0,0,0,0,,0,0,0,0,2026-09-12T20:10:25.613305+00:00
2026-09-13,40875,8742847,EDCKUL21OAF01300,equipment,OAF,Mechanical,,,,2,Block BH,Promatrix DCS,24.14,21,87,66,100.0,21,21,0,1,0.0,0,40,40,1,0.0,0,26,26,1,,0,0,0,0,,0,0,0,0,2026-09-12T20:10:25.613305+00:00
2026-09-13,40875,8742848,EDCKUL21OAF01400,equipment,OAF,Mechanical,,,L1  - CORRIDOR 01,2,Block BH,Promatrix DCS,24.14,21,87,66,100.0,21,21,0,1,0.0,0,40,40,1,0.0,0,26,26,1,,0,0,0,0,,0,0,0,0,2026-09-12T20:10:25.613305+00:00
2026-09-13,40875,8742849,EDCKUL21OAF01700,equipment,OAF,Mechanical,,,,2,Block BH,Promatrix DCS,24.14,21,87,66,100.0,21,21,0,1,0.0,0,40,40,1,0.0,0,26,26,1,,0,0,0,0,,0,0,0,0,2026-09-12T20:10:25.613305+00:00
2026-09-13,40875,8742850,EDCKUL21OAF01800,equipment,OAF,Mechanical,,,,2,Block BH,Promatrix DCS,24.14,21,87,66,100.0,21,21,0,1,0.0,0,40,40,1,0.0,0,26,26,1,,0,0,0,0,,0,0,0,0,2026-09-12T20:10:25.613305+00:00
2026-09-13,40875,8742851,EDCKUL21OAF01900,equipment,OAF,Mechanical,,,,2,Block BH,Promatrix DCS,24.14,21,87,66,100.0,21,21,0,1,0.0,0,40,40,1,0.0,0,26,26,1,,0,0,0,0,,0,0,0,0,2026-09-12T20:10:25.613305+00:00
2026-09-13,40875,8742852,EDCKUL21OAF02000,equipment,OAF,Mechanical,,,,2,Block BH,Promatrix DCS,24.14,21,87,66,100.0,21,21,0,1,0.0,0,40,40,1,0.0,0,26,26,1,,0,0,0,0,,0,0,0,0,2026-09-12T20:10:25.613305+00:00
2026-09-13,40875,8742853,EDCKUL21OAF02100,equipment,OAF,Mechanical,,,,2,Block BH,Promatrix DCS,24.14,21,87,66,100.0,21,21,0,1,0.0,0,40,40,1,0.0,0,26,26,1,,0,0,0,0,,0,0,0,0,2026-09-12T20:10:25.613305+00:00
2026-09-13,40875,8742854,EDCKUL21OAF02200,equipment,OAF,Mechanical,,,,2,Block BH,Promatrix DCS,24.14,21,87,66,100.0,21,21,0,1,0.0,0,40,40,1,0.0,0,26,26,1,,0,0,0,0,,0,0,0,0,2026-09-12T20:10:25.613305+00:00
2026-09-13,40875,8742855,EDCKUL21OAF02300,equipment,OAF,Mechanical,,,,2,Block BH,Promatrix DCS,24.14,21,87,66,100.0,21,21,0,1,0.0,0,40,40,1,0.0,0,26,26,1,,0,0,0,0,,0,0,0,0,2026-09-12T20:10:25.613305+00:00
2026-09-13,40875,8742856,EDCKUL21OAF02400,equipment,OAF,Mechanical,,,,2,Block BH,Promatrix DCS,24.14,21,87,66,100.0,21,21,0,1,0.0,0,40,40,1,0.0,0,26,26,1,,0,0,0,0,,0,0,0,0,2026-09-12T20:10:25.613305+00:00
2026-09-13,40875,8742857,EDCKUL21OAF02500,equipment,OAF,Mechanical,,,,2,Block BH,Promatrix DCS,24.14,21,87,66,100.0,21,21,0,1,0.0,0,40,40,1,0.0,0,26,26,1,,0,0,0,0,,0,0,0,0,2026-09-12T20:10:25.613305+00:00
2026-09-13,40875,8742858,EDCKUL21OAF02600,equipment,OAF,Mechanical,,,,2,Block BH,Promatrix DCS,24.14,21,87,66,100.0,21,21,0,1,0.0,0,40,40,1,0.0,0,26,26,1,,0,0,0,0,,0,0,0,0,2026-09-12T20:10:25.613305+00:00
2026-09-13,40875,8742859,EDCKUL21OAF02700,equipment,OAF,Mechanical,,,,2,Block BH,Promatrix DCS,24.14,21,87,66,100.0,21,21,0,1,0.0,0,40,40,1,0.0,0,26,26,1,,0,0,0,0,,0,0,0,0,2026-09-12T20:10:25.613305+00:00
2026-09-13,40875,8742860,EDCKUL21OAF02800,equipment,OAF,Mechanical,,,,2,Block BH,Promatrix DCS,24.14,21,87,66,100.0,21,21,0,1,0.0,0,40,40,1,0.0,0,26,26,1,,0,0,0,0,,0,0,0,0,2026-09-12T20:10:25.613305+00:00
2026-09-13,40875,8742861,EDCKUL21OAF02900,equipment,OAF,Mechanical,,,,2,Block BH,Promatrix DCS,24.14,21,87,66,100.0,21,21,0,1,0.0,0,40,40,1,0.0,0,26,26,1,,0,0,0,0,,0,0,0,0,2026-09-12T20:10:25.613305+00:00
2026-09-13,40875,8742862,EDCKUL21OAF03000,equipment,OAF,Mechanical,,,,2,Block BH,Promatrix DCS,24.14,21,87,66,100.0,21,21,0,1,0.0,0,40,40,1,0.0,0,26,26,1,,0,0,0,0,,0,0,0,0,2026-09-12T20:10:25.613305+00:00
2026-09-13,40875,8742865,EDCKUL21PAC00500,equipment,PAC,Fire,,,L1 - PRE ACTION ROOM,2,Block BH,Promatrix DCS,24.14,21,87,66,100.0,21,21,0,1,0.0,0,40,40,1,0.0,0,26,26,1,,0,0,0,0,,0,0,0,0,2026-09-12T20:10:25.613305+00:00
2026-09-13,40875,8742866,EDCKUL21PAC00600,equipment,PAC,Fire,,,L1 - PRE ACTION ROOM,2,Block BH,Promatrix DCS,24.14,21,87,66,100.0,21,21,0,1,0.0,0,40,40,1,0.0,0,26,26,1,,0,0,0,0,,0,0,0,0,2026-09-12T20:10:25.613305+00:00
2026-09-13,40875,8742867,EDCKUL21PAC00700,equipment,PAC,Fire,,,GF - PRE ACTION ROOM,2,Block BH,Promatrix DCS,24.14,21,87,66,100.0,21,21,0,1,0.0,0,40,40,1,0.0,0,26,26,1,,0,0,0,0,,0,0,0,0,2026-09-12T20:10:25.613305+00:00
2026-09-13,40875,8742868,EDCKUL21PAC00800,equipment,PAC,Fire,,,GF - PRE ACTION ROOM,2,Block BH,Promatrix DCS,24.14,21,87,66,100.0,21,21,0,1,0.0,0,40,40,1,0.0,0,26,26,1,,0,0,0,0,,0,0,0,0,2026-09-12T20:10:25.613305+00:00
2026-09-13,40875,8742869,EDCKUL21PAS00900,equipment,PAS,Fire,,,L1 - PRE ACTION ROOM,2,Block BH,Promatrix DCS,24.14,21,87,66,100.0,21,21,0,1,0.0,0,40,40,1,0.0,0,26,26,1,,0,0,0,0,,0,0,0,0,2026-09-12T20:10:25.613305+00:00
2026-09-13,40875,8742870,EDCKUL21PAS01000,equipment,PAS,Fire,,,L1 - PRE ACTION ROOM,2,Block BH,Promatrix DCS,24.14,21,87,66,100.0,21,21,0,1,0.0,0,40,40,1,0.0,0,26,26,1,,0,0,0,0,,0,0,0,0,2026-09-12T20:10:25.613305+00:00
2026-09-13,40875,8742871,EDCKUL21PAS01100,equipment,PAS,Fire,,,L1 - PRE ACTION ROOM,2,Block BH,Promatrix DCS,24.14,21,87,66,100.0,21,21,0,1,0.0,0,40,40,1,0.0,0,26,26,1,,0,0,0,0,,0,0,0,0,2026-09-12T20:10:25.613305+00:00
2026-09-13,40875,8742872,EDCKUL21PAS01200,equipment,PAS,Fire,,,L1 - PRE ACTION ROOM,2,Block BH,Promatrix DCS,24.14,21,87,66,100.0,21,21,0,1,0.0,0,40,40,1,0.0,0,26,26,1,,0,0,0,0,,0,0,0,0,2026-09-12T20:10:25.613305+00:00
2026-09-13,40875,8742873,EDCKUL21PAS01300,equipment,PAS,Fire,,,GF - PRE ACTION ROOM,2,Block BH,Promatrix DCS,24.14,21,87,66,100.0,21,21,0,1,0.0,0,40,40,1,0.0,0,26,26,1,,0,0,0,0,,0,0,0,0,2026-09-12T20:10:25.613305+00:00
2026-09-13,40875,8742874,EDCKUL21PAS01400,equipment,PAS,Fire,,,GF - PRE ACTION ROOM,2,Block BH,Promatrix DCS,24.14,21,87,66,100.0,21,21,0,1,0.0,0,40,40,1,0.0,0,26,26,1,,0,0,0,0,,0,0,0,0,2026-09-12T20:10:25.613305+00:00
2026-09-13,40875,8742875,EDCKUL21PAS01500,equipment,PAS,Fire,,,GF - PRE ACTION ROOM,2,Block BH,Promatrix DCS,24.14,21,87,66,100.0,21,21,0,1,0.0,0,40,40,1,0.0,0,26,26,1,,0,0,0,0,,0,0,0,0,2026-09-12T20:10:25.613305+00:00
2026-09-13,40875,8742876,EDCKUL21PAS01600,equipment,PAS,Fire,,,GF - PRE ACTION ROOM,2,Block BH,Promatrix DCS,24.14,21,87,66,100.0,21,21,0,1,0.0,0,40,40,1,0.0,0,26,26,1,,0,0,0,0,,0,0,0,0,2026-09-12T20:10:25.613305+00:00
2026-09-13,40875,8743101,EDCKUL21STSBA110,equipment,STS,Electrical,EDCKUL21,GF,STS ROOM BA,2,Block BA,Vertiv,70.11,61,87,26,100.0,21,21,0,1,100.0,40,40,0,1,0.0,0,26,26,1,,0,0,0,0,,0,0,0,0,2026-09-12T20:10:25.613305+00:00
2026-09-13,40875,8743102,EDCKUL21STSBA210,equipment,STS,Electrical,EDCKUL21,GF,STS ROOM BA,2,Block BA,Vertiv,70.11,61,87,26,100.0,21,21,0,1,100.0,40,40,0,1,0.0,0,26,26,1,,0,0,0,0,,0,0,0,0,2026-09-12T20:10:25.613305+00:00
2026-09-13,40875,8743103,EDCKUL21STSBB110,equipment,STS,Electrical,EDCKUL21,GF,STS ROOM BB,2,Block BB,Vertiv,67.82,59,87,28,100.0,21,21,0,1,95.0,38,40,2,1,0.0,0,26,26,1,,0,0,0,0,,0,0,0,0,2026-09-12T20:10:25.613305+00:00
2026-09-13,40875,8743104,EDCKUL21STSBB210,equipment,STS,Electrical,EDCKUL21,GF,STS ROOM BB,2,Block BB,Vertiv,33.33,29,87,58,100.0,21,21,0,1,20.0,8,40,32,1,0.0,0,26,26,1,,0,0,0,0,,0,0,0,0,2026-09-12T20:10:25.613305+00:00
2026-09-13,40875,8743105,EDCKUL21STSBC110,equipment,STS,Electrical,EDCKUL21,GF,STS ROOM BC,2,Block BC,Vertiv,35.63,31,87,56,100.0,21,21,0,1,25.0,10,40,30,1,0.0,0,26,26,1,,0,0,0,0,,0,0,0,0,2026-09-12T20:10:25.613305+00:00
2026-09-13,40875,8743106,EDCKUL21STSBC210,equipment,STS,Electrical,EDCKUL21,GF,STS ROOM BC,2,Block BC,Vertiv,35.63,31,87,56,100.0,21,21,0,1,25.0,10,40,30,1,0.0,0,26,26,1,,0,0,0,0,,0,0,0,0,2026-09-12T20:10:25.613305+00:00
2026-09-13,40875,8743107,EDCKUL21STSBD110,equipment,STS,Electrical,EDCKUL21,1F,STS ROOM BD,2,Block BD,Vertiv,32.18,28,87,59,100.0,21,21,0,1,17.5,7,40,33,1,0.0,0,26,26,1,,0,0,0,0,,0,0,0,0,2026-09-12T20:10:25.613305+00:00
2026-09-13,40875,8743108,EDCKUL21STSBD210,equipment,STS,Electrical,EDCKUL21,1F,STS ROOM BD,2,Block BD,Vertiv,32.18,28,87,59,100.0,21,21,0,1,17.5,7,40,33,1,0.0,0,26,26,1,,0,0,0,0,,0,0,0,0,2026-09-12T20:10:25.613305+00:00
2026-09-13,40875,8743109,EDCKUL21STSBE110,equipment,STS,Electrical,EDCKUL21,1F,STS ROOM BE,2,Block BE,Vertiv,32.18,28,87,59,100.0,21,21,0,1,17.5,7,40,33,1,0.0,0,26,26,1,,0,0,0,0,,0,0,0,0,2026-09-12T20:10:25.613305+00:00
2026-09-13,40875,8743110,EDCKUL21STSBE210,equipment,STS,Electrical,EDCKUL21,1F,STS ROOM BE,2,Block BE,Vertiv,32.18,28,87,59,100.0,21,21,0,1,17.5,7,40,33,1,0.0,0,26,26,1,,0,0,0,0,,0,0,0,0,2026-09-12T20:10:25.613305+00:00
2026-09-13,40875,8743111,EDCKUL21STSBF110,equipment,STS,Electrical,EDCKUL21,1F,STS ROOM BF,2,Block BF,Vertiv,32.18,28,87,59,100.0,21,21,0,1,17.5,7,40,33,1,0.0,0,26,26,1,,0,0,0,0,,0,0,0,0,2026-09-12T20:10:25.613305+00:00
2026-09-13,40875,8743112,EDCKUL21STSBF210,equipment,STS,Electrical,EDCKUL21,1F,STS ROOM BF,2,Block BF,Vertiv,32.18,28,87,59,100.0,21,21,0,1,17.5,7,40,33,1,0.0,0,26,26,1,,0,0,0,0,,0,0,0,0,2026-09-12T20:10:25.613305+00:00
2026-09-13,40875,8743126,EDCKUL21TRNBA100,equipment,TRN,Electrical,EDCKUL21,GF,TX DECK BA-BB,2,Block BA,Siemens Malaysia,70.11,61,87,26,100.0,21,21,0,1,100.0,40,40,0,1,0.0,0,26,26,1,,0,0,0,0,,0,0,0,0,2026-09-12T20:10:25.613305+00:00
2026-09-13,40875,8743127,EDCKUL21TRNBB100,equipment,TRN,Electrical,EDCKUL21,GF,TX DECK BA-BB,2,Block BB,Siemens Malaysia,70.11,61,87,26,100.0,21,21,0,1,100.0,40,40,0,1,0.0,0,26,26,1,,0,0,0,0,,0,0,0,0,2026-09-12T20:10:25.613305+00:00
2026-09-13,40875,8743128,EDCKUL21TRNBC100,equipment,TRN,Electrical,EDCKUL21,GF,TX DECK BC-BH,2,Block BC,Siemens Malaysia,70.11,61,87,26,100.0,21,21,0,1,100.0,40,40,0,1,0.0,0,26,26,1,,0,0,0,0,,0,0,0,0,2026-09-12T20:10:25.613305+00:00
2026-09-13,40875,8743129,EDCKUL21TRNBD100,equipment,TRN,Electrical,EDCKUL21,1F,TX DECK BD-BZ,2,Block BD,Siemens Malaysia,70.11,61,87,26,100.0,21,21,0,1,100.0,40,40,0,1,0.0,0,26,26,1,,0,0,0,0,,0,0,0,0,2026-09-12T20:10:25.613305+00:00
2026-09-13,40875,8743130,EDCKUL21TRNBE100,equipment,TRN,Electrical,EDCKUL21,1F,TX DECK BE-BF,2,Block BE,Siemens Malaysia,70.11,61,87,26,100.0,21,21,0,1,100.0,40,40,0,1,0.0,0,26,26,1,,0,0,0,0,,0,0,0,0,2026-09-12T20:10:25.613305+00:00
2026-09-13,40875,8743131,EDCKUL21TRNBF100,equipment,TRN,Electrical,EDCKUL21,1F,TX DECK BE-BF,2,Block BF,Siemens Malaysia,70.11,61,87,26,100.0,21,21,0,1,100.0,40,40,0,1,0.0,0,26,26,1,,0,0,0,0,,0,0,0,0,2026-09-12T20:10:25.613305+00:00
2026-09-13,40875,8743132,EDCKUL21TRNBH100,equipment,TRN,Electrical,EDCKUL21,GF,TX DECK BC-BH,2,Block BH,Siemens Malaysia,70.11,61,87,26,100.0,21,21,0,1,100.0,40,40,0,1,0.0,0,26,26,1,,0,0,0,0,,0,0,0,0,2026-09-12T20:10:25.613305+00:00
2026-09-13,40875,8743133,EDCKUL21TRNBZ100,equipment,TRN,Electrical,EDCKUL21,1F,TX DECK BD-BZ,2,Block BZ,Siemens Malaysia,70.11,61,87,26,100.0,21,21,0,1,100.0,40,40,0,1,0.0,0,26,26,1,,0,0,0,0,,0,0,0,0,2026-09-12T20:10:25.613305+00:00
2026-09-13,40875,8743158,EDCKUL21UPBBA110,equipment,UPB,Electrical,,,BATTERY ROOM BA,2,Block BA,Eaton,70.11,61,87,26,100.0,21,21,0,1,100.0,40,40,0,1,0.0,0,26,26,1,,0,0,0,0,,0,0,0,0,2026-09-12T20:10:25.613305+00:00
2026-09-13,40875,8743159,EDCKUL21UPBBA210,equipment,UPB,Electrical,,,BATTERY ROOM BA,2,Block BA,Eaton,70.11,61,87,26,100.0,21,21,0,1,100.0,40,40,0,1,0.0,0,26,26,1,,0,0,0,0,,0,0,0,0,2026-09-12T20:10:25.613305+00:00
2026-09-13,40875,8743160,EDCKUL21UPBBB110,equipment,UPB,Electrical,,,BATTERY ROOM BB,2,Block BB,Eaton,68.97,60,87,27,100.0,21,21,0,1,97.5,39,40,1,1,0.0,0,26,26,1,,0,0,0,0,,0,0,0,0,2026-09-12T20:10:25.613305+00:00
2026-09-13,40875,8743161,EDCKUL21UPBBB210,equipment,UPB,Electrical,,,BATTERY ROOM BB,2,Block BB,Eaton,32.18,28,87,59,100.0,21,21,0,1,17.5,7,40,33,1,0.0,0,26,26,1,,0,0,0,0,,0,0,0,0,2026-09-12T20:10:25.613305+00:00
2026-09-13,40875,8743162,EDCKUL21UPBBC110,equipment,UPB,Electrical,,,BATTERY ROOM BC,2,Block BC,Eaton,24.14,21,87,66,100.0,21,21,0,1,0.0,0,40,40,1,0.0,0,26,26,1,,0,0,0,0,,0,0,0,0,2026-09-12T20:10:25.613305+00:00
2026-09-13,40875,8743163,EDCKUL21UPBBC210,equipment,UPB,Electrical,,,BATTERY ROOM BC,2,Block BC,Eaton,24.14,21,87,66,100.0,21,21,0,1,0.0,0,40,40,1,0.0,0,26,26,1,,0,0,0,0,,0,0,0,0,2026-09-12T20:10:25.613305+00:00
2026-09-13,40875,8743164,EDCKUL21UPBBD110,equipment,UPB,Electrical,,,BATTERY ROOM BD,2,Block BD,Eaton,32.18,28,87,59,100.0,21,21,0,1,17.5,7,40,33,1,0.0,0,26,26,1,,0,0,0,0,,0,0,0,0,2026-09-12T20:10:25.613305+00:00
2026-09-13,40875,8743165,EDCKUL21UPBBD210,equipment,UPB,Electrical,,,BATTERY ROOM BD,2,Block BD,Eaton,32.18,28,87,59,100.0,21,21,0,1,17.5,7,40,33,1,0.0,0,26,26,1,,0,0,0,0,,0,0,0,0,2026-09-12T20:10:25.613305+00:00
2026-09-13,40875,8743166,EDCKUL21UPBBE110,equipment,UPB,Electrical,,,BATTERY ROOM BE,2,Block BE,Eaton,32.18,28,87,59,100.0,21,21,0,1,17.5,7,40,33,1,0.0,0,26,26,1,,0,0,0,0,,0,0,0,0,2026-09-12T20:10:25.613305+00:00
2026-09-13,40875,8743167,EDCKUL21UPBBE210,equipment,UPB,Electrical,,,BATTERY ROOM BE,2,Block BE,Eaton,32.18,28,87,59,100.0,21,21,0,1,17.5,7,40,33,1,0.0,0,26,26,1,,0,0,0,0,,0,0,0,0,2026-09-12T20:10:25.613305+00:00
2026-09-13,40875,8743168,EDCKUL21UPBBF110,equipment,UPB,Electrical,,,BATTERY ROOM BF,2,Block BF,Eaton,32.18,28,87,59,100.0,21,21,0,1,17.5,7,40,33,1,0.0,0,26,26,1,,0,0,0,0,,0,0,0,0,2026-09-12T20:10:25.613305+00:00
2026-09-13,40875,8743169,EDCKUL21UPBBF210,equipment,UPB,Electrical,,,BATTERY ROOM BF,2,Block BF,Eaton,32.18,28,87,59,100.0,21,21,0,1,17.5,7,40,33,1,0.0,0,26,26,1,,0,0,0,0,,0,0,0,0,2026-09-12T20:10:25.613305+00:00
2026-09-13,40875,8743170,EDCKUL21UPBBH110,equipment,UPB,Electrical,,,ELECTRICAL ROOM BH,2,Block BH,Promatrix DCS,24.69,20,81,61,100.0,20,20,0,1,0.0,0,35,35,1,0.0,0,26,26,1,,0,0,0,0,,0,0,0,0,2026-09-12T20:10:25.613305+00:00
2026-09-13,40875,8743171,EDCKUL21UPBBZ110,equipment,UPB,Electrical,,,BATTERY ROOM BZ,2,Block BZ,Eaton,32.18,28,87,59,100.0,21,21,0,1,17.5,7,40,33,1,0.0,0,26,26,1,,0,0,0,0,,0,0,0,0,2026-09-12T20:10:25.613305+00:00
2026-09-13,40875,8743172,EDCKUL21UPBBZ210,equipment,UPB,Electrical,,,BATTERY ROOM BZ,2,Block BZ,Eaton,32.18,28,87,59,100.0,21,21,0,1,17.5,7,40,33,1,0.0,0,26,26,1,,0,0,0,0,,0,0,0,0,2026-09-12T20:10:25.613305+00:00
2026-09-13,40875,8743173,EDCKUL21UPS00100,equipment,UPS,Electrical,,,GUARD HOUSE,2,Block BH,Promatrix DCS,67.9,55,81,26,100.0,20,20,0,1,100.0,35,35,0,1,0.0,0,26,26,1,,0,0,0,0,,0,0,0,0,2026-09-12T20:10:25.613305+00:00
2026-09-13,40875,8743174,EDCKUL21UPS00200,equipment,UPS,Electrical,,,GUARD HOUSE,2,Block BH,Promatrix DCS,67.9,55,81,26,100.0,20,20,0,1,100.0,35,35,0,1,0.0,0,26,26,1,,0,0,0,0,,0,0,0,0,2026-09-12T20:10:25.613305+00:00
2026-09-13,40875,8743175,EDCKUL21UPSBA110,equipment,UPS,Electrical,,,ELECTRICAL ROOM BA,2,Block BA,Eaton,70.11,61,87,26,100.0,21,21,0,1,100.0,40,40,0,1,0.0,0,26,26,1,,0,0,0,0,,0,0,0,0,2026-09-12T20:10:25.613305+00:00
2026-09-13,40875,8743176,EDCKUL21UPSBA210,equipment,UPS,Electrical,,,ELECTRICAL ROOM BA,2,Block BA,Eaton,70.11,61,87,26,100.0,21,21,0,1,100.0,40,40,0,1,0.0,0,26,26,1,,0,0,0,0,,0,0,0,0,2026-09-12T20:10:25.613305+00:00
2026-09-13,40875,8743177,EDCKUL21UPSBB110,equipment,UPS,Electrical,,,ELECTRICAL ROOM BB,2,Block BB,Eaton,70.11,61,87,26,100.0,21,21,0,1,100.0,40,40,0,1,0.0,0,26,26,1,,0,0,0,0,,0,0,0,0,2026-09-12T20:10:25.613305+00:00
2026-09-13,40875,8743178,EDCKUL21UPSBB210,equipment,UPS,Electrical,,,ELECTRICAL ROOM BB,2,Block BB,Eaton,70.11,61,87,26,100.0,21,21,0,1,100.0,40,40,0,1,0.0,0,26,26,1,,0,0,0,0,,0,0,0,0,2026-09-12T20:10:25.613305+00:00
2026-09-13,40875,8743179,EDCKUL21UPSBC110,equipment,UPS,Electrical,,,ELECTRICAL ROOM BC,2,Block BC,Eaton,47.13,41,87,46,100.0,21,21,0,1,50.0,20,40,20,1,0.0,0,26,26,1,,0,0,0,0,,0,0,0,0,2026-09-12T20:10:25.613305+00:00
2026-09-13,40875,8743180,EDCKUL21UPSBC210,equipment,UPS,Electrical,,,ELECTRICAL ROOM BC,2,Block BC,Eaton,62.07,54,87,33,100.0,21,21,0,1,82.5,33,40,7,1,0.0,0,26,26,1,,0,0,0,0,,0,0,0,0,2026-09-12T20:10:25.613305+00:00
2026-09-13,40875,8743181,EDCKUL21UPSBD110,equipment,UPS,Electrical,,,ELECTRICAL ROOM BD,2,Block BD,Eaton,36.78,32,87,55,100.0,21,21,0,1,27.5,11,40,29,1,0.0,0,26,26,1,,0,0,0,0,,0,0,0,0,2026-09-12T20:10:25.613305+00:00
2026-09-13,40875,8743182,EDCKUL21UPSBD210,equipment,UPS,Electrical,,,ELECTRICAL ROOM BD,2,Block BD,Eaton,32.18,28,87,59,100.0,21,21,0,1,17.5,7,40,33,1,0.0,0,26,26,1,,0,0,0,0,,0,0,0,0,2026-09-12T20:10:25.613305+00:00
2026-09-13,40875,8743183,EDCKUL21UPSBE110,equipment,UPS,Electrical,,,ELECTRICAL ROOM BE,2,Block BE,Eaton,32.18,28,87,59,100.0,21,21,0,1,17.5,7,40,33,1,0.0,0,26,26,1,,0,0,0,0,,0,0,0,0,2026-09-12T20:10:25.613305+00:00
2026-09-13,40875,8743184,EDCKUL21UPSBE210,equipment,UPS,Electrical,,,ELECTRICAL ROOM BE,2,Block BE,Eaton,32.18,28,87,59,100.0,21,21,0,1,17.5,7,40,33,1,0.0,0,26,26,1,,0,0,0,0,,0,0,0,0,2026-09-12T20:10:25.613305+00:00
2026-09-13,40875,8743185,EDCKUL21UPSBF110,equipment,UPS,Electrical,,,ELECTRICAL ROOM BF,2,Block BF,Eaton,35.63,31,87,56,100.0,21,21,0,1,25.0,10,40,30,1,0.0,0,26,26,1,,0,0,0,0,,0,0,0,0,2026-09-12T20:10:25.613305+00:00
2026-09-13,40875,8743186,EDCKUL21UPSBF210,equipment,UPS,Electrical,,,ELECTRICAL ROOM BF,2,Block BF,Eaton,33.33,29,87,58,100.0,21,21,0,1,20.0,8,40,32,1,0.0,0,26,26,1,,0,0,0,0,,0,0,0,0,2026-09-12T20:10:25.613305+00:00
2026-09-13,40875,8743187,EDCKUL21UPSBH110,equipment,UPS,Electrical,,,ELECTRICAL ROOM BH,2,Block BH,Eaton,24.14,21,87,66,100.0,21,21,0,1,0.0,0,40,40,1,0.0,0,26,26,1,,0,0,0,0,,0,0,0,0,2026-09-12T20:10:25.613305+00:00
2026-09-13,40875,8743188,EDCKUL21UPSBZ110,equipment,UPS,Electrical,,,ELECTRICAL ROOM BZ,2,Block BZ,Eaton,32.18,28,87,59,100.0,21,21,0,1,17.5,7,40,33,1,0.0,0,26,26,1,,0,0,0,0,,0,0,0,0,2026-09-12T20:10:25.613305+00:00
2026-09-13,40875,8743189,EDCKUL21UPSBZ210,equipment,UPS,Electrical,,,ELECTRICAL ROOM BZ,2,Block BZ,Eaton,32.18,28,87,59,100.0,21,21,0,1,17.5,7,40,33,1,0.0,0,26,26,1,,0,0,0,0,,0,0,0,0,2026-09-12T20:10:25.613305+00:00
2026-09-13,40875,8743245,EDCKUL21VRF00100,equipment,VRF,Mechanical,,,,2,Block BH,Promatrix DCS,70.11,61,87,26,100.0,21,21,0,1,100.0,40,40,0,1,0.0,0,26,26,1,,0,0,0,0,,0,0,0,0,2026-09-12T20:10:25.613305+00:00
2026-09-13,40875,8743246,EDCKUL21ACS00110,equipment,ACS,Mechanical,,,BATTERY ROOM BA,2,Block BH,Promatrix DCS,70.11,61,87,26,100.0,21,21,0,1,100.0,40,40,0,1,0.0,0,26,26,1,,0,0,0,0,,0,0,0,0,2026-09-12T20:10:25.613305+00:00
2026-09-13,40875,8743247,EDCKUL21ACS00120,equipment,ACS,Mechanical,,,BATTERY ROOM BB,2,Block BH,Promatrix DCS,70.11,61,87,26,100.0,21,21,0,1,100.0,40,40,0,1,0.0,0,26,26,1,,0,0,0,0,,0,0,0,0,2026-09-12T20:10:25.613305+00:00
2026-09-13,40875,8743248,EDCKUL21ACS00130,equipment,ACS,Mechanical,,,BATTERY ROOM BC,2,Block BH,Promatrix DCS,70.11,61,87,26,100.0,21,21,0,1,100.0,40,40,0,1,0.0,0,26,26,1,,0,0,0,0,,0,0,0,0,2026-09-12T20:10:25.613305+00:00
2026-09-13,40875,8743249,EDCKUL21ACS00140,equipment,ACS,Mechanical,EDCKUL21,GF,MV ROOM A1,2,Block BH,Promatrix DCS,70.11,61,87,26,100.0,21,21,0,1,100.0,40,40,0,1,0.0,0,26,26,1,,0,0,0,0,,0,0,0,0,2026-09-12T20:10:25.613305+00:00
2026-09-13,40875,8743250,EDCKUL21ACS00150,equipment,ACS,Mechanical,EDCKUL21,GF,MV ROOM B1,2,Block BH,Promatrix DCS,70.11,61,87,26,100.0,21,21,0,1,100.0,40,40,0,1,0.0,0,26,26,1,,0,0,0,0,,0,0,0,0,2026-09-12T20:10:25.613305+00:00
2026-09-13,40875,8743251,EDCKUL21ACS00160,equipment,ACS,Mechanical,,,ITR & SER 01,2,Block BH,Promatrix DCS,70.11,61,87,26,100.0,21,21,0,1,100.0,40,40,0,1,0.0,0,26,26,1,,0,0,0,0,,0,0,0,0,2026-09-12T20:10:25.613305+00:00
2026-09-13,40875,8743252,EDCKUL21ACS00170,equipment,ACS,Mechanical,,,,2,Block BH,Promatrix DCS,70.11,61,87,26,100.0,21,21,0,1,100.0,40,40,0,1,0.0,0,26,26,1,,0,0,0,0,,0,0,0,0,2026-09-12T20:10:25.613305+00:00
2026-09-13,40875,8743253,EDCKUL21ACS00180,equipment,ACS,Mechanical,,,,2,Block BH,Promatrix DCS,70.11,61,87,26,100.0,21,21,0,1,100.0,40,40,0,1,0.0,0,26,26,1,,0,0,0,0,,0,0,0,0,2026-09-12T20:10:25.613305+00:00
2026-09-13,40875,8743254,EDCKUL21ACS00190,equipment,ACS,Mechanical,,,,2,Block BH,Promatrix DCS,70.11,61,87,26,100.0,21,21,0,1,100.0,40,40,0,1,0.0,0,26,26,1,,0,0,0,0,,0,0,0,0,2026-09-12T20:10:25.613305+00:00
2026-09-13,40875,8743255,EDCKUL21ACS001A0,equipment,ACS,Mechanical,,,POE 3,2,Block BH,Promatrix DCS,70.11,61,87,26,100.0,21,21,0,1,100.0,40,40,0,1,0.0,0,26,26,1,,0,0,0,0,,0,0,0,0,2026-09-12T20:10:25.613305+00:00
2026-09-13,40875,8743256,EDCKUL21ACS001B0,equipment,ACS,Mechanical,,,ECX MMR,2,Block BH,Promatrix DCS,70.11,61,87,26,100.0,21,21,0,1,100.0,40,40,0,1,0.0,0,26,26,1,,0,0,0,0,,0,0,0,0,2026-09-12T20:10:25.613305+00:00
2026-09-13,40875,8743257,EDCKUL21VRF00200,equipment,VRF,Mechanical,,,,2,Block BH,Promatrix DCS,70.11,61,87,26,100.0,21,21,0,1,100.0,40,40,0,1,0.0,0,26,26,1,,0,0,0,0,,0,0,0,0,2026-09-12T20:10:25.613305+00:00
2026-09-13,40875,8743258,EDCKUL21ACS00210,equipment,ACS,Mechanical,,,,2,Block BH,Promatrix DCS,70.11,61,87,26,100.0,21,21,0,1,100.0,40,40,0,1,0.0,0,26,26,1,,0,0,0,0,,0,0,0,0,2026-09-12T20:10:25.613305+00:00
2026-09-13,40875,8743259,EDCKUL21ACS00220,equipment,ACS,Mechanical,,,,2,Block BH,Promatrix DCS,70.11,61,87,26,100.0,21,21,0,1,100.0,40,40,0,1,0.0,0,26,26,1,,0,0,0,0,,0,0,0,0,2026-09-12T20:10:25.613305+00:00
2026-09-13,40875,8743260,EDCKUL21ACS00230,equipment,ACS,Mechanical,,,,2,Block BH,Promatrix DCS,70.11,61,87,26,100.0,21,21,0,1,100.0,40,40,0,1,0.0,0,26,26,1,,0,0,0,0,,0,0,0,0,2026-09-12T20:10:25.613305+00:00
2026-09-13,40875,8743261,EDCKUL21ACS00240,equipment,ACS,Mechanical,,,,2,Block BH,Promatrix DCS,70.11,61,87,26,100.0,21,21,0,1,100.0,40,40,0,1,0.0,0,26,26,1,,0,0,0,0,,0,0,0,0,2026-09-12T20:10:25.613305+00:00
2026-09-13,40875,8743262,EDCKUL21ACS00250,equipment,ACS,Mechanical,,,,2,Block BH,Promatrix DCS,70.11,61,87,26,100.0,21,21,0,1,100.0,40,40,0,1,0.0,0,26,26,1,,0,0,0,0,,0,0,0,0,2026-09-12T20:10:25.613305+00:00
2026-09-13,40875,8743263,EDCKUL21ACS00260,equipment,ACS,Mechanical,,,,2,Block BH,Promatrix DCS,70.11,61,87,26,100.0,21,21,0,1,100.0,40,40,0,1,0.0,0,26,26,1,,0,0,0,0,,0,0,0,0,2026-09-12T20:10:25.613305+00:00
2026-09-13,40875,8743264,EDCKUL21ACS00270,equipment,ACS,Mechanical,,,,2,Block BH,Promatrix DCS,70.11,61,87,26,100.0,21,21,0,1,100.0,40,40,0,1,0.0,0,26,26,1,,0,0,0,0,,0,0,0,0,2026-09-12T20:10:25.613305+00:00
2026-09-13,40875,8743265,EDCKUL21ACS00280,equipment,ACS,Mechanical,,,,2,Block BH,Promatrix DCS,70.11,61,87,26,100.0,21,21,0,1,100.0,40,40,0,1,0.0,0,26,26,1,,0,0,0,0,,0,0,0,0,2026-09-12T20:10:25.613305+00:00
2026-09-13,40875,8743266,EDCKUL21ACS00290,equipment,ACS,Mechanical,,,,2,Block BH,Promatrix DCS,70.11,61,87,26,100.0,21,21,0,1,100.0,40,40,0,1,0.0,0,26,26,1,,0,0,0,0,,0,0,0,0,2026-09-12T20:10:25.613305+00:00
2026-09-13,40875,8743267,EDCKUL21ACS002A0,equipment,ACS,Mechanical,,,ECX MMR,2,Block BH,Promatrix DCS,70.11,61,87,26,100.0,21,21,0,1,100.0,40,40,0,1,0.0,0,26,26,1,,0,0,0,0,,0,0,0,0,2026-09-12T20:10:25.613305+00:00
2026-09-13,40875,8743268,EDCKUL21VRF00300,equipment,VRF,Mechanical,,,,2,Block BH,Promatrix DCS,32.18,28,87,59,100.0,21,21,0,1,17.5,7,40,33,1,0.0,0,26,26,1,,0,0,0,0,,0,0,0,0,2026-09-12T20:10:25.613305+00:00
2026-09-13,40875,8743269,EDCKUL21ACS00310,equipment,ACS,Mechanical,,,,2,Block BH,Promatrix DCS,0.0,0,82,82,0.0,0,21,21,1,0.0,0,35,35,1,0.0,0,26,26,1,,0,0,0,0,,0,0,0,0,2026-09-12T20:10:25.613305+00:00
2026-09-13,40875,8743270,EDCKUL21ACS00320,equipment,ACS,Mechanical,,,,2,Block BH,Promatrix DCS,0.0,0,82,82,0.0,0,21,21,1,0.0,0,35,35,1,0.0,0,26,26,1,,0,0,0,0,,0,0,0,0,2026-09-12T20:10:25.613305+00:00
2026-09-13,40875,8743271,EDCKUL21ACS00330,equipment,ACS,Mechanical,,,,2,Block BH,Promatrix DCS,0.0,0,82,82,0.0,0,21,21,1,0.0,0,35,35,1,0.0,0,26,26,1,,0,0,0,0,,0,0,0,0,2026-09-12T20:10:25.613305+00:00
2026-09-13,40875,8743272,EDCKUL21ACS00340,equipment,ACS,Mechanical,,,,2,Block BH,Promatrix DCS,0.0,0,82,82,0.0,0,21,21,1,0.0,0,35,35,1,0.0,0,26,26,1,,0,0,0,0,,0,0,0,0,2026-09-12T20:10:25.613305+00:00
2026-09-13,40875,8743273,EDCKUL21ACS00350,equipment,ACS,Mechanical,,,,2,Block BH,Promatrix DCS,0.0,0,82,82,0.0,0,21,21,1,0.0,0,35,35,1,0.0,0,26,26,1,,0,0,0,0,,0,0,0,0,2026-09-12T20:10:25.613305+00:00
2026-09-13,40875,8743274,EDCKUL21VRF00400,equipment,VRF,Mechanical,,,,2,Block BH,Promatrix DCS,32.18,28,87,59,100.0,21,21,0,1,17.5,7,40,33,1,0.0,0,26,26,1,,0,0,0,0,,0,0,0,0,2026-09-12T20:10:25.613305+00:00
2026-09-13,40875,8743275,EDCKUL21ACS00410,equipment,ACS,Mechanical,,,,2,Block BH,Promatrix DCS,0.0,0,82,82,0.0,0,21,21,1,0.0,0,35,35,1,0.0,0,26,26,1,,0,0,0,0,,0,0,0,0,2026-09-12T20:10:25.613305+00:00
2026-09-13,40875,8743276,EDCKUL21ACS00420,equipment,ACS,Mechanical,,,,2,Block BH,Promatrix DCS,0.0,0,82,82,0.0,0,21,21,1,0.0,0,35,35,1,0.0,0,26,26,1,,0,0,0,0,,0,0,0,0,2026-09-12T20:10:25.613305+00:00
2026-09-13,40875,8743277,EDCKUL21ACS00430,equipment,ACS,Mechanical,,,,2,Block BH,Promatrix DCS,0.0,0,82,82,0.0,0,21,21,1,0.0,0,35,35,1,0.0,0,26,26,1,,0,0,0,0,,0,0,0,0,2026-09-12T20:10:25.613305+00:00
2026-09-13,40875,8743278,EDCKUL21ACS00440,equipment,ACS,Mechanical,,,,2,Block BH,Promatrix DCS,0.0,0,82,82,0.0,0,21,21,1,0.0,0,35,35,1,0.0,0,26,26,1,,0,0,0,0,,0,0,0,0,2026-09-12T20:10:25.613305+00:00
2026-09-13,40875,8743280,EDCKUL21VRF00500,equipment,VRF,Mechanical,,,,2,Block BH,Promatrix DCS,70.11,61,87,26,100.0,21,21,0,1,100.0,40,40,0,1,0.0,0,26,26,1,,0,0,0,0,,0,0,0,0,2026-09-12T20:10:25.613305+00:00
2026-09-13,40875,8743281,EDCKUL21ACS00510,equipment,ACS,Mechanical,,,,2,Block BH,Promatrix DCS,70.11,61,87,26,100.0,21,21,0,1,100.0,40,40,0,1,0.0,0,26,26,1,,0,0,0,0,,0,0,0,0,2026-09-12T20:10:25.613305+00:00
2026-09-13,40875,8743282,EDCKUL21ACS00520,equipment,ACS,Mechanical,,,,2,Block BH,Promatrix DCS,70.11,61,87,26,100.0,21,21,0,1,100.0,40,40,0,1,0.0,0,26,26,1,,0,0,0,0,,0,0,0,0,2026-09-12T20:10:25.613305+00:00
2026-09-13,40875,8743283,EDCKUL21ACS00530,equipment,ACS,Mechanical,,,,2,Block BH,Promatrix DCS,70.11,61,87,26,100.0,21,21,0,1,100.0,40,40,0,1,0.0,0,26,26,1,,0,0,0,0,,0,0,0,0,2026-09-12T20:10:25.613305+00:00
2026-09-13,40875,8743284,EDCKUL21ACS00540,equipment,ACS,Mechanical,,,,2,Block BH,Promatrix DCS,70.11,61,87,26,100.0,21,21,0,1,100.0,40,40,0,1,0.0,0,26,26,1,,0,0,0,0,,0,0,0,0,2026-09-12T20:10:25.613305+00:00
2026-09-13,40875,8743285,EDCKUL21ACS00550,equipment,ACS,Mechanical,,,LAC ROOM,2,Block BH,Promatrix DCS,47.13,41,87,46,100.0,21,21,0,1,50.0,20,40,20,1,0.0,0,26,26,1,,0,0,0,0,,0,0,0,0,2026-09-12T20:10:25.613305+00:00
2026-09-13,40875,8743286,EDCKUL21ACS00560,equipment,ACS,Mechanical,,,,2,Block BH,Promatrix DCS,70.11,61,87,26,100.0,21,21,0,1,100.0,40,40,0,1,0.0,0,26,26,1,,0,0,0,0,,0,0,0,0,2026-09-12T20:10:25.613305+00:00
2026-09-13,40875,8743287,EDCKUL21ACS00570,equipment,ACS,Mechanical,,,,2,Block BH,Promatrix DCS,45.98,40,87,47,100.0,21,21,0,1,47.5,19,40,21,1,0.0,0,26,26,1,,0,0,0,0,,0,0,0,0,2026-09-12T20:10:25.613305+00:00
2026-09-13,40875,8743288,EDCKUL21ACS00580,equipment,ACS,Mechanical,,,,2,Block BH,Promatrix DCS,70.11,61,87,26,100.0,21,21,0,1,100.0,40,40,0,1,0.0,0,26,26,1,,0,0,0,0,,0,0,0,0,2026-09-12T20:10:25.613305+00:00
2026-09-13,40875,8743289,EDCKUL21ACS00590,equipment,ACS,Mechanical,,,,2,Block BH,Promatrix DCS,70.11,61,87,26,100.0,21,21,0,1,100.0,40,40,0,1,0.0,0,26,26,1,,0,0,0,0,,0,0,0,0,2026-09-12T20:10:25.613305+00:00
2026-09-13,40875,8743290,EDCKUL21ACS005A0,equipment,ACS,Mechanical,,,STAGING &  DECONSTRUCTION,2,Block BH,Promatrix DCS,70.11,61,87,26,100.0,21,21,0,1,100.0,40,40,0,1,0.0,0,26,26,1,,0,0,0,0,,0,0,0,0,2026-09-12T20:10:25.613305+00:00
2026-09-13,40875,8743291,EDCKUL21ACS005B0,equipment,ACS,Mechanical,,,MEETING ROOM,2,Block BH,Promatrix DCS,70.11,61,87,26,100.0,21,21,0,1,100.0,40,40,0,1,0.0,0,26,26,1,,0,0,0,0,,0,0,0,0,2026-09-12T20:10:25.613305+00:00
2026-09-13,40875,8743292,EDCKUL21ACS005C0,equipment,ACS,Mechanical,,,ASSET MANAGEMENT,2,Block BH,Promatrix DCS,70.11,61,87,26,100.0,21,21,0,1,100.0,40,40,0,1,0.0,0,26,26,1,,0,0,0,0,,0,0,0,0,2026-09-12T20:10:25.613305+00:00
2026-09-13,40875,8743293,EDCKUL21VRF00600,equipment,VRF,Mechanical,,,,2,Block BH,Promatrix DCS,70.11,61,87,26,100.0,21,21,0,1,100.0,40,40,0,1,0.0,0,26,26,1,,0,0,0,0,,0,0,0,0,2026-09-12T20:10:25.613305+00:00
2026-09-13,40875,8743294,EDCKUL21ACS00610,equipment,ACS,Mechanical,,,,2,Block BH,Promatrix DCS,70.11,61,87,26,100.0,21,21,0,1,100.0,40,40,0,1,0.0,0,26,26,1,,0,0,0,0,,0,0,0,0,2026-09-12T20:10:25.613305+00:00
2026-09-13,40875,8743295,EDCKUL21ACS00620,equipment,ACS,Mechanical,,,,2,Block BH,Promatrix DCS,68.97,60,87,27,95.24,20,21,1,1,100.0,40,40,0,1,0.0,0,26,26,1,,0,0,0,0,,0,0,0,0,2026-09-12T20:10:25.613305+00:00
2026-09-13,40875,8743296,EDCKUL21ACS00630,equipment,ACS,Mechanical,,,,2,Block BH,Promatrix DCS,70.11,61,87,26,100.0,21,21,0,1,100.0,40,40,0,1,0.0,0,26,26,1,,0,0,0,0,,0,0,0,0,2026-09-12T20:10:25.613305+00:00
2026-09-13,40875,8743297,EDCKUL21ACS00640,equipment,ACS,Mechanical,,,,2,Block BH,Promatrix DCS,70.11,61,87,26,100.0,21,21,0,1,100.0,40,40,0,1,0.0,0,26,26,1,,0,0,0,0,,0,0,0,0,2026-09-12T20:10:25.613305+00:00
2026-09-13,40875,8743298,EDCKUL21ACS00650,equipment,ACS,Mechanical,,,,2,Block BH,Promatrix DCS,70.11,61,87,26,100.0,21,21,0,1,100.0,40,40,0,1,0.0,0,26,26,1,,0,0,0,0,,0,0,0,0,2026-09-12T20:10:25.613305+00:00
2026-09-13,40875,8743299,EDCKUL21ACS00660,equipment,ACS,Mechanical,,,,2,Block BH,Promatrix DCS,70.11,61,87,26,100.0,21,21,0,1,100.0,40,40,0,1,0.0,0,26,26,1,,0,0,0,0,,0,0,0,0,2026-09-12T20:10:25.613305+00:00
2026-09-13,40875,8743300,EDCKUL21ACS00670,equipment,ACS,Mechanical,,,,2,Block BH,Promatrix DCS,70.11,61,87,26,100.0,21,21,0,1,100.0,40,40,0,1,0.0,0,26,26,1,,0,0,0,0,,0,0,0,0,2026-09-12T20:10:25.613305+00:00
2026-09-13,40875,8743301,EDCKUL21VRF00700,equipment,VRF,Mechanical,,,,2,Block BH,Promatrix DCS,70.11,61,87,26,100.0,21,21,0,1,100.0,40,40,0,1,0.0,0,26,26,1,,0,0,0,0,,0,0,0,0,2026-09-12T20:10:25.613305+00:00
2026-09-13,40875,8743302,EDCKUL21ACS00710,equipment,ACS,Mechanical,,,,2,Block BH,Promatrix DCS,70.11,61,87,26,100.0,21,21,0,1,100.0,40,40,0,1,0.0,0,26,26,1,,0,0,0,0,,0,0,0,0,2026-09-12T20:10:25.613305+00:00
2026-09-13,40875,8743303,EDCKUL21ACS00720,equipment,ACS,Mechanical,,,,2,Block BH,Promatrix DCS,70.11,61,87,26,100.0,21,21,0,1,100.0,40,40,0,1,0.0,0,26,26,1,,0,0,0,0,,0,0,0,0,2026-09-12T20:10:25.613305+00:00
2026-09-13,40875,8743304,EDCKUL21ACS00730,equipment,ACS,Mechanical,,,,2,Block BH,Promatrix DCS,70.11,61,87,26,100.0,21,21,0,1,100.0,40,40,0,1,0.0,0,26,26,1,,0,0,0,0,,0,0,0,0,2026-09-12T20:10:25.613305+00:00
2026-09-13,40875,8743305,EDCKUL21ACS00740,equipment,ACS,Mechanical,,,,2,Block BH,Promatrix DCS,70.11,61,87,26,100.0,21,21,0,1,100.0,40,40,0,1,0.0,0,26,26,1,,0,0,0,0,,0,0,0,0,2026-09-12T20:10:25.613305+00:00
2026-09-13,40875,8743306,EDCKUL21ACS00750,equipment,ACS,Mechanical,,,,2,Block BH,Promatrix DCS,70.11,61,87,26,100.0,21,21,0,1,100.0,40,40,0,1,0.0,0,26,26,1,,0,0,0,0,,0,0,0,0,2026-09-12T20:10:25.613305+00:00
2026-09-13,40875,8743307,EDCKUL21ACS00760,equipment,ACS,Mechanical,,,,2,Block BH,Promatrix DCS,70.11,61,87,26,100.0,21,21,0,1,100.0,40,40,0,1,0.0,0,26,26,1,,0,0,0,0,,0,0,0,0,2026-09-12T20:10:25.613305+00:00
2026-09-13,40875,8743308,EDCKUL21VRF00800,equipment,VRF,Mechanical,,,,2,Block BH,Promatrix DCS,32.18,28,87,59,100.0,21,21,0,1,17.5,7,40,33,1,0.0,0,26,26,1,,0,0,0,0,,0,0,0,0,2026-09-12T20:10:25.613305+00:00
2026-09-13,40875,8743309,EDCKUL21ACS00810,equipment,ACS,Mechanical,,,,2,Block BH,Promatrix DCS,0.0,0,82,82,0.0,0,21,21,1,0.0,0,35,35,1,0.0,0,26,26,1,,0,0,0,0,,0,0,0,0,2026-09-12T20:10:25.613305+00:00
2026-09-13,40875,8743310,EDCKUL21ACS00820,equipment,ACS,Mechanical,,,,2,Block BH,Promatrix DCS,0.0,0,82,82,0.0,0,21,21,1,0.0,0,35,35,1,0.0,0,26,26,1,,0,0,0,0,,0,0,0,0,2026-09-12T20:10:25.613305+00:00
2026-09-13,40875,8743311,EDCKUL21ACS00830,equipment,ACS,Mechanical,,,,2,Block BH,Promatrix DCS,0.0,0,82,82,0.0,0,21,21,1,0.0,0,35,35,1,0.0,0,26,26,1,,0,0,0,0,,0,0,0,0,2026-09-12T20:10:25.613305+00:00
2026-09-13,40875,8743312,EDCKUL21ACS00840,equipment,ACS,Mechanical,,,,2,Block BH,Promatrix DCS,0.0,0,82,82,0.0,0,21,21,1,0.0,0,35,35,1,0.0,0,26,26,1,,0,0,0,0,,0,0,0,0,2026-09-12T20:10:25.613305+00:00
2026-09-13,40875,8743313,EDCKUL21ACS00850,equipment,ACS,Mechanical,,,,2,Block BH,Promatrix DCS,0.0,0,82,82,0.0,0,21,21,1,0.0,0,35,35,1,0.0,0,26,26,1,,0,0,0,0,,0,0,0,0,2026-09-12T20:10:25.613305+00:00
2026-09-13,40875,8743314,EDCKUL21ACS00680,equipment,ACS,Mechanical,,,,2,Block BH,Promatrix DCS,70.11,61,87,26,100.0,21,21,0,1,100.0,40,40,0,1,0.0,0,26,26,1,,0,0,0,0,,0,0,0,0,2026-09-12T20:10:25.613305+00:00
2026-09-13,40875,8743315,EDCKUL21VRF00900,equipment,VRF,Mechanical,,,,2,Block BH,Promatrix DCS,32.18,28,87,59,100.0,21,21,0,1,17.5,7,40,33,1,0.0,0,26,26,1,,0,0,0,0,,0,0,0,0,2026-09-12T20:10:25.613305+00:00
2026-09-13,40875,8743316,EDCKUL21ACS00910,equipment,ACS,Mechanical,,,,2,Block BH,Promatrix DCS,0.0,0,82,82,0.0,0,21,21,1,0.0,0,35,35,1,0.0,0,26,26,1,,0,0,0,0,,0,0,0,0,2026-09-12T20:10:25.613305+00:00
2026-09-13,40875,8743317,EDCKUL21ACS00920,equipment,ACS,Mechanical,,,,2,Block BH,Promatrix DCS,0.0,0,82,82,0.0,0,21,21,1,0.0,0,35,35,1,0.0,0,26,26,1,,0,0,0,0,,0,0,0,0,2026-09-12T20:10:25.613305+00:00
2026-09-13,40875,8743318,EDCKUL21ACS00930,equipment,ACS,Mechanical,,,,2,Block BH,Promatrix DCS,0.0,0,82,82,0.0,0,21,21,1,0.0,0,35,35,1,0.0,0,26,26,1,,0,0,0,0,,0,0,0,0,2026-09-12T20:10:25.613305+00:00
2026-09-13,40875,8743319,EDCKUL21ACS00940,equipment,ACS,Mechanical,,,,2,Block BH,Promatrix DCS,0.0,0,82,82,0.0,0,21,21,1,0.0,0,35,35,1,0.0,0,26,26,1,,0,0,0,0,,0,0,0,0,2026-09-12T20:10:25.613305+00:00
2026-09-13,40875,8743320,EDCKUL21ACS00950,equipment,ACS,Mechanical,,,,2,Block BH,Promatrix DCS,0.0,0,82,82,0.0,0,21,21,1,0.0,0,35,35,1,0.0,0,26,26,1,,0,0,0,0,,0,0,0,0,2026-09-12T20:10:25.613305+00:00
2026-09-13,40875,8743321,EDCKUL21VRF01000,equipment,VRF,Mechanical,,,,2,Block BH,Promatrix DCS,32.18,28,87,59,100.0,21,21,0,1,17.5,7,40,33,1,0.0,0,26,26,1,,0,0,0,0,,0,0,0,0,2026-09-12T20:10:25.613305+00:00
2026-09-13,40875,8743322,EDCKUL21ACS01010,equipment,ACS,Mechanical,,,,2,Block BH,Promatrix DCS,25.61,21,82,61,100.0,21,21,0,1,0.0,0,35,35,1,0.0,0,26,26,1,,0,0,0,0,,0,0,0,0,2026-09-12T20:10:25.613305+00:00
2026-09-13,40875,8743323,EDCKUL21ACS01020,equipment,ACS,Mechanical,,,,2,Block BH,Promatrix DCS,25.61,21,82,61,100.0,21,21,0,1,0.0,0,35,35,1,0.0,0,26,26,1,,0,0,0,0,,0,0,0,0,2026-09-12T20:10:25.613305+00:00
2026-09-13,40875,8743324,EDCKUL21ACS01030,equipment,ACS,Mechanical,,,,2,Block BH,Promatrix DCS,25.61,21,82,61,100.0,21,21,0,1,0.0,0,35,35,1,0.0,0,26,26,1,,0,0,0,0,,0,0,0,0,2026-09-12T20:10:25.613305+00:00
2026-09-13,40875,8743325,EDCKUL21ACS01040,equipment,ACS,Mechanical,,,,2,Block BH,Promatrix DCS,25.61,21,82,61,100.0,21,21,0,1,0.0,0,35,35,1,0.0,0,26,26,1,,0,0,0,0,,0,0,0,0,2026-09-12T20:10:25.613305+00:00
2026-09-13,40875,8743326,EDCKUL21ACS01050,equipment,ACS,Mechanical,,,,2,Block BH,Promatrix DCS,25.61,21,82,61,100.0,21,21,0,1,0.0,0,35,35,1,0.0,0,26,26,1,,0,0,0,0,,0,0,0,0,2026-09-12T20:10:25.613305+00:00
2026-09-13,40875,8743327,EDCKUL21ACS01060,equipment,ACS,Mechanical,,,,2,Block BH,Promatrix DCS,25.61,21,82,61,100.0,21,21,0,1,0.0,0,35,35,1,0.0,0,26,26,1,,0,0,0,0,,0,0,0,0,2026-09-12T20:10:25.613305+00:00
2026-09-13,40875,8743328,EDCKUL21ACS01070,equipment,ACS,Mechanical,,,,2,Block BH,Promatrix DCS,25.61,21,82,61,100.0,21,21,0,1,0.0,0,35,35,1,0.0,0,26,26,1,,0,0,0,0,,0,0,0,0,2026-09-12T20:10:25.613305+00:00
2026-09-13,40875,8743329,EDCKUL21VRF01100,equipment,VRF,Mechanical,,,,2,Block BH,Promatrix DCS,32.18,28,87,59,100.0,21,21,0,1,17.5,7,40,33,1,0.0,0,26,26,1,,0,0,0,0,,0,0,0,0,2026-09-12T20:10:25.613305+00:00
2026-09-13,40875,8743330,EDCKUL21ACS01110,equipment,ACS,Mechanical,,,,2,Block BH,Promatrix DCS,25.61,21,82,61,100.0,21,21,0,1,0.0,0,35,35,1,0.0,0,26,26,1,,0,0,0,0,,0,0,0,0,2026-09-12T20:10:25.613305+00:00
2026-09-13,40875,8743331,EDCKUL21ACS01120,equipment,ACS,Mechanical,,,,2,Block BH,Promatrix DCS,25.61,21,82,61,100.0,21,21,0,1,0.0,0,35,35,1,0.0,0,26,26,1,,0,0,0,0,,0,0,0,0,2026-09-12T20:10:25.613305+00:00
2026-09-13,40875,8743332,EDCKUL21ACS01130,equipment,ACS,Mechanical,,,,2,Block BH,Promatrix DCS,25.61,21,82,61,100.0,21,21,0,1,0.0,0,35,35,1,0.0,0,26,26,1,,0,0,0,0,,0,0,0,0,2026-09-12T20:10:25.613305+00:00
2026-09-13,40875,8743333,EDCKUL21ACS01140,equipment,ACS,Mechanical,,,,2,Block BH,Promatrix DCS,25.61,21,82,61,100.0,21,21,0,1,0.0,0,35,35,1,0.0,0,26,26,1,,0,0,0,0,,0,0,0,0,2026-09-12T20:10:25.613305+00:00
2026-09-13,40875,8743334,EDCKUL21ACS01150,equipment,ACS,Mechanical,,,,2,Block BH,Promatrix DCS,25.61,21,82,61,100.0,21,21,0,1,0.0,0,35,35,1,0.0,0,26,26,1,,0,0,0,0,,0,0,0,0,2026-09-12T20:10:25.613305+00:00
2026-09-13,40875,8743335,EDCKUL21ACS01160,equipment,ACS,Mechanical,,,,2,Block BH,Promatrix DCS,25.61,21,82,61,100.0,21,21,0,1,0.0,0,35,35,1,0.0,0,26,26,1,,0,0,0,0,,0,0,0,0,2026-09-12T20:10:25.613305+00:00
2026-09-13,40875,8743336,EDCKUL21ACS01170,equipment,ACS,Mechanical,,,,2,Block BH,Promatrix DCS,25.61,21,82,61,100.0,21,21,0,1,0.0,0,35,35,1,0.0,0,26,26,1,,0,0,0,0,,0,0,0,0,2026-09-12T20:10:25.613305+00:00
2026-09-13,40875,8743357,EDCKUL21MBCBF110,equipment,MBC,Electrical,,,ELECTRICAL ROOM BF,2,Block BF,Powerwell,35.63,31,87,56,100.0,21,21,0,1,25.0,10,40,30,1,0.0,0,26,26,1,,0,0,0,0,,0,0,0,0,2026-09-12T20:10:25.613305+00:00
2026-09-13,40875,8743358,EDCKUL21MBCBZ110,equipment,MBC,Electrical,,,ELECTRICAL ROOM BZ,2,Block BZ,Powerwell,35.63,31,87,56,100.0,21,21,0,1,25.0,10,40,30,1,0.0,0,26,26,1,,0,0,0,0,,0,0,0,0,2026-09-12T20:10:25.613305+00:00
2026-09-13,40875,8743359,EDCKUL21BMPBA100,equipment,BMP,ELV,,,ELECTRICAL ROOM BA,2,Block BA,Datasite,78.51,95,121,26,100.0,21,21,0,1,100.0,74,74,0,2,0.0,0,26,26,1,,0,0,0,0,,0,0,0,0,2026-09-12T20:10:25.613305+00:00
2026-09-13,40875,8743360,EDCKUL21BMPBB100,equipment,BMP,ELV,,,ELECTRICAL ROOM BB,2,Block BB,Datasite,78.51,95,121,26,100.0,21,21,0,1,100.0,74,74,0,2,0.0,0,26,26,1,,0,0,0,0,,0,0,0,0,2026-09-12T20:10:25.613305+00:00
2026-09-13,40875,8743361,EDCKUL21BMPBC100,equipment,BMP,ELV,,,ELECTRICAL ROOM BC,2,Block BC,Datasite,78.51,95,121,26,100.0,21,21,0,1,100.0,74,74,0,2,0.0,0,26,26,1,,0,0,0,0,,0,0,0,0,2026-09-12T20:10:25.613305+00:00
2026-09-13,40875,8743362,EDCKUL21BMPBD100,equipment,BMP,ELV,,,ELECTRICAL ROOM BD,2,Block BD,Datasite,78.51,95,121,26,100.0,21,21,0,1,100.0,74,74,0,2,0.0,0,26,26,1,,0,0,0,0,,0,0,0,0,2026-09-12T20:10:25.613305+00:00
2026-09-13,40875,8743363,EDCKUL21BMPBE100,equipment,BMP,ELV,,,ELECTRICAL ROOM BE,2,Block BE,Datasite,78.51,95,121,26,100.0,21,21,0,1,100.0,74,74,0,2,0.0,0,26,26,1,,0,0,0,0,,0,0,0,0,2026-09-12T20:10:25.613305+00:00
2026-09-13,40875,8743364,EDCKUL21BMPBF100,equipment,BMP,ELV,,,ELECTRICAL ROOM BF,2,Block BF,Datasite,78.51,95,121,26,100.0,21,21,0,1,100.0,74,74,0,2,0.0,0,26,26,1,,0,0,0,0,,0,0,0,0,2026-09-12T20:10:25.613305+00:00
2026-09-13,40875,8743365,EDCKUL21BMPBZ100,equipment,BMP,ELV,,,ELECTRICAL ROOM BZ,2,Block BZ,Datasite,78.51,95,121,26,100.0,21,21,0,1,100.0,74,74,0,2,0.0,0,26,26,1,,0,0,0,0,,0,0,0,0,2026-09-12T20:10:25.613305+00:00
2026-09-13,40875,8743366,EDCKUL21BMPBH100,equipment,BMP,ELV,,,ELECTRICAL ROOM BH,2,Block BH,Datasite,78.51,95,121,26,100.0,21,21,0,1,100.0,74,74,0,2,0.0,0,26,26,1,,0,0,0,0,,0,0,0,0,2026-09-12T20:10:25.613305+00:00
2026-09-13,40875,8912307,EDCKUL21MVSA0110,equipment,MVS,Electrical,EDCKUL21,GF,MV ROOM A1,2,MV System,Siemens Malaysia,79.31,69,87,18,100.0,21,21,0,1,100.0,40,40,0,1,30.77,8,26,18,1,,0,0,0,0,,0,0,0,0,2026-09-12T20:10:25.613305+00:00
2026-09-13,40875,8912308,EDCKUL21MVSB0120,equipment,MVS,Electrical,EDCKUL21,GF,MV ROOM B1,2,MV System,Siemens Malaysia,78.16,68,87,19,100.0,21,21,0,1,100.0,40,40,0,1,26.92,7,26,19,1,,0,0,0,0,,0,0,0,0,2026-09-12T20:10:25.613305+00:00
2026-09-13,40875,9138544,EDCKUL21OAF01500,equipment,OAF,Mechanical,,,,2,Block BH,Promatrix DCS,24.14,21,87,66,100.0,21,21,0,1,0.0,0,40,40,1,0.0,0,26,26,1,,0,0,0,0,,0,0,0,0,2026-09-12T20:10:25.613305+00:00
2026-09-13,40875,9138545,EDCKUL21OAF01600,equipment,OAF,Mechanical,,,,2,Block BH,Promatrix DCS,24.14,21,87,66,100.0,21,21,0,1,0.0,0,40,40,1,0.0,0,26,26,1,,0,0,0,0,,0,0,0,0,2026-09-12T20:10:25.613305+00:00
2026-09-13,40875,9298800,EDCKUL21FOP00100,equipment,FOP,Mechanical,,GF,FUEL STATION FT5,2,Block BH,Promatrix DCS,68.97,60,87,27,100.0,21,21,0,1,97.5,39,40,1,1,0.0,0,26,26,1,,0,0,0,0,,0,0,0,0,2026-09-12T20:10:25.613305+00:00
2026-09-13,40875,9299281,EDCKUL21FOF00100,equipment,FOF,Mechanical,,GF,FUEL STATION FT5,2,Block BH,Promatrix DCS,70.11,61,87,26,100.0,21,21,0,1,100.0,40,40,0,1,0.0,0,26,26,1,,0,0,0,0,,0,0,0,0,2026-09-12T20:10:25.613305+00:00
2026-09-13,40875,9299282,EDCKUL21FOF00200,equipment,FOF,Mechanical,,GF,FUEL STATION FT5,2,Block BH,Promatrix DCS,70.11,61,87,26,100.0,21,21,0,1,100.0,40,40,0,1,0.0,0,26,26,1,,0,0,0,0,,0,0,0,0,2026-09-12T20:10:25.613305+00:00
2026-09-13,40875,9299283,EDCKUL21FOP00200,equipment,FOP,Mechanical,,GF,FUEL STATION FT5,2,Block BH,Promatrix DCS,70.11,61,87,26,100.0,21,21,0,1,100.0,40,40,0,1,0.0,0,26,26,1,,0,0,0,0,,0,0,0,0,2026-09-12T20:10:25.613305+00:00
2026-09-13,40875,9299284,EDCKUL21FOT00100,equipment,FOT,Mechanical,EDCKUL21,GF,UG - FT 5,2,Block BH,Promatrix DCS,24.14,21,87,66,100.0,21,21,0,1,0.0,0,40,40,1,0.0,0,26,26,1,,0,0,0,0,,0,0,0,0,2026-09-12T20:10:25.613305+00:00
2026-09-13,40875,9299285,EDCKUL21FOT00200,equipment,FOT,Mechanical,EDCKUL21,GF,UG - FT 5,2,Block BH,Promatrix DCS,32.18,28,87,59,100.0,21,21,0,1,17.5,7,40,33,1,0.0,0,26,26,1,,0,0,0,0,,0,0,0,0,2026-09-12T20:10:25.613305+00:00
2026-09-13,40875,9299286,EDCKUL21FOT00300,equipment,FOT,Mechanical,EDCKUL21,GF,UG - FT 5,2,Block BH,Promatrix DCS,24.14,21,87,66,100.0,21,21,0,1,0.0,0,40,40,1,0.0,0,26,26,1,,0,0,0,0,,0,0,0,0,2026-09-12T20:10:25.613305+00:00
2026-09-13,40875,9299287,EDCKUL21FOT00400,equipment,FOT,Mechanical,EDCKUL21,GF,UG - FT 5,2,Block BH,Promatrix DCS,32.18,28,87,59,100.0,21,21,0,1,17.5,7,40,33,1,0.0,0,26,26,1,,0,0,0,0,,0,0,0,0,2026-09-12T20:10:25.613305+00:00
2026-09-13,40875,9299288,EDCKUL21FOT00500,equipment,FOT,Mechanical,EDCKUL21,GF,UG - FT 5,2,Block BH,Promatrix DCS,24.14,21,87,66,100.0,21,21,0,1,0.0,0,40,40,1,0.0,0,26,26,1,,0,0,0,0,,0,0,0,0,2026-09-12T20:10:25.613305+00:00
2026-09-13,40875,9299289,EDCKUL21FPO00100,equipment,FPO,Mechanical,,GF,FUEL STATION FT5,2,Block BH,Promatrix DCS,70.11,61,87,26,100.0,21,21,0,1,100.0,40,40,0,1,0.0,0,26,26,1,,0,0,0,0,,0,0,0,0,2026-09-12T20:10:25.613305+00:00
2026-09-13,40875,9299290,EDCKUL21FPO00200,equipment,FPO,Mechanical,,GF,FUEL STATION FT5,2,Block BH,Promatrix DCS,70.11,61,87,26,100.0,21,21,0,1,100.0,40,40,0,1,0.0,0,26,26,1,,0,0,0,0,,0,0,0,0,2026-09-12T20:10:25.613305+00:00
2026-09-13,40875,9299291,EDCKUL21BOP00100,equipment,BOP,Fire,,,FIRE & COLD WATER PUMP ROOM,2,Block BH,Promatrix DCS,24.14,21,87,66,100.0,21,21,0,1,0.0,0,40,40,1,0.0,0,26,26,1,,0,0,0,0,,0,0,0,0,2026-09-12T20:10:25.613305+00:00
2026-09-13,40875,9299292,EDCKUL21BOP00200,equipment,BOP,Fire,,,FIRE & COLD WATER PUMP ROOM,2,Block BH,Promatrix DCS,24.14,21,87,66,100.0,21,21,0,1,0.0,0,40,40,1,0.0,0,26,26,1,,0,0,0,0,,0,0,0,0,2026-09-12T20:10:25.613305+00:00
2026-09-13,40875,9299293,EDCKUL21BOP00500,equipment,BOP,Mechanical,,,FIRE & COLD WATER PUMP ROOM,2,Block BH,Promatrix DCS,24.14,21,87,66,100.0,21,21,0,1,0.0,0,40,40,1,0.0,0,26,26,1,,0,0,0,0,,0,0,0,0,2026-09-12T20:10:25.613305+00:00
2026-09-13,40875,9299294,EDCKUL21BOP00600,equipment,BOP,Mechanical,,,FIRE & COLD WATER PUMP ROOM,2,Block BH,Promatrix DCS,24.14,21,87,66,100.0,21,21,0,1,0.0,0,40,40,1,0.0,0,26,26,1,,0,0,0,0,,0,0,0,0,2026-09-12T20:10:25.613305+00:00
2026-09-13,40875,9299295,EDCKUL21BOP00700,equipment,BOP,Mechanical,,,FIRE & COLD WATER PUMP ROOM,2,Block BH,Promatrix DCS,24.14,21,87,66,100.0,21,21,0,1,0.0,0,40,40,1,0.0,0,26,26,1,,0,0,0,0,,0,0,0,0,2026-09-12T20:10:25.613305+00:00
2026-09-13,40875,9299296,EDCKUL21BOP00300,equipment,BOP,Fire,,,FIRE & COLD WATER PUMP ROOM,2,Block BH,Promatrix DCS,24.14,21,87,66,100.0,21,21,0,1,0.0,0,40,40,1,0.0,0,26,26,1,,0,0,0,0,,0,0,0,0,2026-09-12T20:10:25.613305+00:00
2026-09-13,40875,9299297,EDCKUL21FAC00100,equipment,FAC,Fire,,,FIRE & COLD WATER PUMP ROOM,2,Block BH,Promatrix DCS,24.14,21,87,66,100.0,21,21,0,1,0.0,0,40,40,1,0.0,0,26,26,1,,0,0,0,0,,0,0,0,0,2026-09-12T20:10:25.613305+00:00
2026-09-13,40875,9299298,EDCKUL21FAC00200,equipment,FAC,Fire,EDCKUL21,GF,FCC ROOM,2,Block BH,Promatrix DCS,24.14,21,87,66,100.0,21,21,0,1,0.0,0,40,40,1,0.0,0,26,26,1,,0,0,0,0,,0,0,0,0,2026-09-12T20:10:25.613305+00:00
2026-09-13,40875,9299299,EDCKUL21FAC00300,equipment,FAC,Fire,,GF,GUARD HOUSE,2,Block BH,Promatrix DCS,24.14,21,87,66,100.0,21,21,0,1,0.0,0,40,40,1,0.0,0,26,26,1,,0,0,0,0,,0,0,0,0,2026-09-12T20:10:25.613305+00:00
2026-09-13,40875,9890915,EDCKUL21EXPA0300,equipment,EXP,Mechanical,EDCKUL21,RF-T2,ROOF,2,Block BH,Promatrix DCS,24.14,21,87,66,100.0,21,21,0,1,0.0,0,40,40,1,0.0,0,26,26,1,,0,0,0,0,,0,0,0,0,2026-09-12T20:10:25.613305+00:00
2026-09-13,40875,9890916,EDCKUL21EXPA0400,equipment,EXP,Mechanical,EDCKUL21,RF-T2,ROOF,2,Block BH,Promatrix DCS,24.14,21,87,66,100.0,21,21,0,1,0.0,0,40,40,1,0.0,0,26,26,1,,0,0,0,0,,0,0,0,0,2026-09-12T20:10:25.613305+00:00
2026-09-13,40875,9893140,EDCKUL21FRP00100,equipment,FRP,Fire,,,FIRE & COLD WATER PUMP ROOM,2,Block BH,Promatrix DCS,24.14,21,87,66,100.0,21,21,0,1,0.0,0,40,40,1,0.0,0,26,26,1,,0,0,0,0,,0,0,0,0,2026-09-12T20:10:25.613305+00:00
2026-09-13,40875,9893141,EDCKUL21BOP00400,equipment,BOP,Fire,,,FIRE & COLD WATER PUMP ROOM,2,Block BH,Promatrix DCS,24.14,21,87,66,100.0,21,21,0,1,0.0,0,40,40,1,0.0,0,26,26,1,,0,0,0,0,,0,0,0,0,2026-09-12T20:10:25.613305+00:00
2026-09-13,51203,12414410,EDCKUL21ACS03250,equipment,ACS,Mechanical,,GF,BATT RM CA,3,KUL21 VRF System,Promatrix DCS,0.0,0,81,81,0.0,0,20,20,1,0.0,0,35,35,1,0.0,0,26,26,1,,0,0,0,0,,0,0,0,0,2026-09-12T20:10:25.613305+00:00
2026-09-13,51203,12414411,EDCKUL21ACS03350,equipment,ACS,Mechanical,,GF,BATT RM CA,3,KUL21 VRF System,Promatrix DCS,0.0,0,81,81,0.0,0,20,20,1,0.0,0,35,35,1,0.0,0,26,26,1,,0,0,0,0,,0,0,0,0,2026-09-12T20:10:25.613305+00:00
2026-09-13,51203,12414412,EDCKUL21ACS03260,equipment,ACS,Mechanical,,GF,BATT RM CB,3,KUL21 VRF System,Promatrix DCS,0.0,0,81,81,0.0,0,20,20,1,0.0,0,35,35,1,0.0,0,26,26,1,,0,0,0,0,,0,0,0,0,2026-09-12T20:10:25.613305+00:00
2026-09-13,51203,12414413,EDCKUL21ACS03360,equipment,ACS,Mechanical,,GF,BATT RM CB,3,KUL21 VRF System,Promatrix DCS,0.0,0,81,81,0.0,0,20,20,1,0.0,0,35,35,1,0.0,0,26,26,1,,0,0,0,0,,0,0,0,0,2026-09-12T20:10:25.613305+00:00
2026-09-13,51203,12414414,EDCKUL21ACS03270,equipment,ACS,Mechanical,,GF,BATT RM CC,3,KUL21 VRF System,Promatrix DCS,0.0,0,81,81,0.0,0,20,20,1,0.0,0,35,35,1,0.0,0,26,26,1,,0,0,0,0,,0,0,0,0,2026-09-12T20:10:25.613305+00:00
2026-09-13,51203,12414415,EDCKUL21ACS03370,equipment,ACS,Mechanical,,GF,BATT RM CC,3,KUL21 VRF System,Promatrix DCS,0.0,0,81,81,0.0,0,20,20,1,0.0,0,35,35,1,0.0,0,26,26,1,,0,0,0,0,,0,0,0,0,2026-09-12T20:10:25.613305+00:00
2026-09-13,51203,12414416,EDCKUL21ACS03280,equipment,ACS,Mechanical,,GF,BATT RM CD,3,KUL21 VRF System,Promatrix DCS,0.0,0,81,81,0.0,0,20,20,1,0.0,0,35,35,1,0.0,0,26,26,1,,0,0,0,0,,0,0,0,0,2026-09-12T20:10:25.613305+00:00
2026-09-13,51203,12414417,EDCKUL21ACS03380,equipment,ACS,Mechanical,,GF,BATT RM CD,3,KUL21 VRF System,Promatrix DCS,0.0,0,81,81,0.0,0,20,20,1,0.0,0,35,35,1,0.0,0,26,26,1,,0,0,0,0,,0,0,0,0,2026-09-12T20:10:25.613305+00:00
2026-09-13,51203,12414418,EDCKUL21ACS03290,equipment,ACS,Mechanical,,GF,BATT RM CE,3,KUL21 VRF System,Promatrix DCS,0.0,0,81,81,0.0,0,20,20,1,0.0,0,35,35,1,0.0,0,26,26,1,,0,0,0,0,,0,0,0,0,2026-09-12T20:10:25.613305+00:00
2026-09-13,51203,12414419,EDCKUL21ACS03390,equipment,ACS,Mechanical,,GF,BATT RM CE,3,KUL21 VRF System,Promatrix DCS,0.0,0,81,81,0.0,0,20,20,1,0.0,0,35,35,1,0.0,0,26,26,1,,0,0,0,0,,0,0,0,0,2026-09-12T20:10:25.613305+00:00
2026-09-13,51203,12414420,EDCKUL21ACS032A0,equipment,ACS,Mechanical,,GF,BATT RM CF,3,KUL21 VRF System,Promatrix DCS,0.0,0,81,81,0.0,0,20,20,1,0.0,0,35,35,1,0.0,0,26,26,1,,0,0,0,0,,0,0,0,0,2026-09-12T20:10:25.613305+00:00
2026-09-13,51203,12414421,EDCKUL21ACS033A0,equipment,ACS,Mechanical,,GF,BATT RM CF,3,KUL21 VRF System,Promatrix DCS,0.0,0,81,81,0.0,0,20,20,1,0.0,0,35,35,1,0.0,0,26,26,1,,0,0,0,0,,0,0,0,0,2026-09-12T20:10:25.613305+00:00
2026-09-13,51203,12414422,EDCKUL21ACS03240,equipment,ACS,Mechanical,,GF,BATT RM CT,3,KUL21 VRF System,Promatrix DCS,0.0,0,81,81,0.0,0,20,20,1,0.0,0,35,35,1,0.0,0,26,26,1,,0,0,0,0,,0,0,0,0,2026-09-12T20:10:25.613305+00:00
2026-09-13,51203,12414423,EDCKUL21ACS032B0,equipment,ACS,Mechanical,,GF,BATT RM CY,3,KUL21 VRF System,Promatrix DCS,0.0,0,81,81,0.0,0,20,20,1,0.0,0,35,35,1,0.0,0,26,26,1,,0,0,0,0,,0,0,0,0,2026-09-12T20:10:25.613305+00:00
2026-09-13,51203,12414424,EDCKUL21ACS03340,equipment,ACS,Mechanical,,GF,BATT RM CT,3,KUL21 VRF System,Promatrix DCS,0.0,0,81,81,0.0,0,20,20,1,0.0,0,35,35,1,0.0,0,26,26,1,,0,0,0,0,,0,0,0,0,2026-09-12T20:10:25.613305+00:00
2026-09-13,51203,12414425,EDCKUL21ACS033B0,equipment,ACS,Mechanical,,GF,BATT RM CY,3,KUL21 VRF System,Promatrix DCS,0.0,0,81,81,0.0,0,20,20,1,0.0,0,35,35,1,0.0,0,26,26,1,,0,0,0,0,,0,0,0,0,2026-09-12T20:10:25.613305+00:00
2026-09-13,51203,12414426,EDCKUL21ACS03010,equipment,ACS,Mechanical,,GF,ECX CORRIDOR,3,KUL21 VRF System,Promatrix DCS,0.0,0,81,81,0.0,0,20,20,1,0.0,0,35,35,1,0.0,0,26,26,1,,0,0,0,0,,0,0,0,0,2026-09-12T20:10:25.613305+00:00
2026-09-13,51203,12414427,EDCKUL21ACS03020,equipment,ACS,Mechanical,,GF,ECX CORRIDOR,3,KUL21 VRF System,Promatrix DCS,0.0,0,81,81,0.0,0,20,20,1,0.0,0,35,35,1,0.0,0,26,26,1,,0,0,0,0,,0,0,0,0,2026-09-12T20:10:25.613305+00:00
2026-09-13,51203,12414428,EDCKUL21ACS03030,equipment,ACS,Mechanical,,GF,ECX CORRIDOR,3,KUL21 VRF System,Promatrix DCS,0.0,0,81,81,0.0,0,20,20,1,0.0,0,35,35,1,0.0,0,26,26,1,,0,0,0,0,,0,0,0,0,2026-09-12T20:10:25.613305+00:00
2026-09-13,51203,12414429,EDCKUL21ACS03050,equipment,ACS,Mechanical,,GF,ECX CORRIDOR,3,KUL21 VRF System,Promatrix DCS,0.0,0,81,81,0.0,0,20,20,1,0.0,0,35,35,1,0.0,0,26,26,1,,0,0,0,0,,0,0,0,0,2026-09-12T20:10:25.613305+00:00
2026-09-13,51203,12414430,EDCKUL21ACS03060,equipment,ACS,Mechanical,,GF,ECX CORRIDOR,3,KUL21 VRF System,Promatrix DCS,0.0,0,81,81,0.0,0,20,20,1,0.0,0,35,35,1,0.0,0,26,26,1,,0,0,0,0,,0,0,0,0,2026-09-12T20:10:25.613305+00:00
2026-09-13,51203,12414431,EDCKUL21ACS03110,equipment,ACS,Mechanical,,GF,ECX CORRIDOR,3,KUL21 VRF System,Promatrix DCS,0.0,0,81,81,0.0,0,20,20,1,0.0,0,35,35,1,0.0,0,26,26,1,,0,0,0,0,,0,0,0,0,2026-09-12T20:10:25.613305+00:00
2026-09-13,51203,12414432,EDCKUL21ACS03120,equipment,ACS,Mechanical,,GF,ECX CORRIDOR,3,KUL21 VRF System,Promatrix DCS,0.0,0,81,81,0.0,0,20,20,1,0.0,0,35,35,1,0.0,0,26,26,1,,0,0,0,0,,0,0,0,0,2026-09-12T20:10:25.613305+00:00
2026-09-13,51203,12414433,EDCKUL21ACS03150,equipment,ACS,Mechanical,,GF,ECX CORRIDOR,3,KUL21 VRF System,Promatrix DCS,0.0,0,81,81,0.0,0,20,20,1,0.0,0,35,35,1,0.0,0,26,26,1,,0,0,0,0,,0,0,0,0,2026-09-12T20:10:25.613305+00:00
2026-09-13,51203,12414434,EDCKUL21ACS03160,equipment,ACS,Mechanical,,GF,ECX CORRIDOR,3,KUL21 VRF System,Promatrix DCS,0.0,0,81,81,0.0,0,20,20,1,0.0,0,35,35,1,0.0,0,26,26,1,,0,0,0,0,,0,0,0,0,2026-09-12T20:10:25.613305+00:00
2026-09-13,51203,12414435,EDCKUL21ACS030A0,equipment,ACS,Mechanical,,GF,ECX STORAGE,3,KUL21 VRF System,Promatrix DCS,0.0,0,81,81,0.0,0,20,20,1,0.0,0,35,35,1,0.0,0,26,26,1,,0,0,0,0,,0,0,0,0,2026-09-12T20:10:25.613305+00:00
2026-09-13,51203,12414436,EDCKUL21ACS03190,equipment,ACS,Mechanical,,GF,ECX STORAGE,3,KUL21 VRF System,Promatrix DCS,0.0,0,81,81,0.0,0,20,20,1,0.0,0,35,35,1,0.0,0,26,26,1,,0,0,0,0,,0,0,0,0,2026-09-12T20:10:25.613305+00:00
2026-09-13,51203,12414437,EDCKUL21ACS031A0,equipment,ACS,Mechanical,,GF,ECX STORAGE,3,KUL21 VRF System,Promatrix DCS,0.0,0,81,81,0.0,0,20,20,1,0.0,0,35,35,1,0.0,0,26,26,1,,0,0,0,0,,0,0,0,0,2026-09-12T20:10:25.613305+00:00
2026-09-13,51203,12414438,EDCKUL21ACS03040,equipment,ACS,Mechanical,,GF,EU CORRIDOR,3,KUL21 VRF System,Promatrix DCS,0.0,0,81,81,0.0,0,20,20,1,0.0,0,35,35,1,0.0,0,26,26,1,,0,0,0,0,,0,0,0,0,2026-09-12T20:10:25.613305+00:00
2026-09-13,51203,12414439,EDCKUL21ACS03070,equipment,ACS,Mechanical,,GF,EU CORRIDOR,3,KUL21 VRF System,Promatrix DCS,0.0,0,81,81,0.0,0,20,20,1,0.0,0,35,35,1,0.0,0,26,26,1,,0,0,0,0,,0,0,0,0,2026-09-12T20:10:25.613305+00:00
2026-09-13,51203,12414440,EDCKUL21ACS03080,equipment,ACS,Mechanical,,GF,EU CORRIDOR,3,KUL21 VRF System,Promatrix DCS,0.0,0,81,81,0.0,0,20,20,1,0.0,0,35,35,1,0.0,0,26,26,1,,0,0,0,0,,0,0,0,0,2026-09-12T20:10:25.613305+00:00
2026-09-13,51203,12414441,EDCKUL21ACS03130,equipment,ACS,Mechanical,,GF,EU CORRIDOR,3,KUL21 VRF System,Promatrix DCS,0.0,0,81,81,0.0,0,20,20,1,0.0,0,35,35,1,0.0,0,26,26,1,,0,0,0,0,,0,0,0,0,2026-09-12T20:10:25.613305+00:00
2026-09-13,51203,12414442,EDCKUL21ACS03140,equipment,ACS,Mechanical,,GF,EU CORRIDOR,3,KUL21 VRF System,Promatrix DCS,0.0,0,81,81,0.0,0,20,20,1,0.0,0,35,35,1,0.0,0,26,26,1,,0,0,0,0,,0,0,0,0,2026-09-12T20:10:25.613305+00:00
2026-09-13,51203,12414443,EDCKUL21ACS03170,equipment,ACS,Mechanical,,GF,EU CORRIDOR,3,KUL21 VRF System,Promatrix DCS,0.0,0,81,81,0.0,0,20,20,1,0.0,0,35,35,1,0.0,0,26,26,1,,0,0,0,0,,0,0,0,0,2026-09-12T20:10:25.613305+00:00
2026-09-13,51203,12414444,EDCKUL21ACS03180,equipment,ACS,Mechanical,,GF,EU STORAGE,3,KUL21 VRF System,Promatrix DCS,0.0,0,81,81,0.0,0,20,20,1,0.0,0,35,35,1,0.0,0,26,26,1,,0,0,0,0,,0,0,0,0,2026-09-12T20:10:25.613305+00:00
2026-09-13,51203,12414445,EDCKUL21ACS03210,equipment,ACS,Mechanical,,GF,ITR/SER 3,3,KUL21 VRF System,Promatrix DCS,0.0,0,81,81,0.0,0,20,20,1,0.0,0,35,35,1,0.0,0,26,26,1,,0,0,0,0,,0,0,0,0,2026-09-12T20:10:25.613305+00:00
2026-09-13,51203,12414446,EDCKUL21ACS03310,equipment,ACS,Mechanical,,GF,ITR/SER 3,3,KUL21 VRF System,Promatrix DCS,0.0,0,81,81,0.0,0,20,20,1,0.0,0,35,35,1,0.0,0,26,26,1,,0,0,0,0,,0,0,0,0,2026-09-12T20:10:25.613305+00:00
2026-09-13,51203,12414447,EDCKUL21ACS03220,equipment,ACS,Mechanical,,GF,ITR/SER 4,3,KUL21 VRF System,Promatrix DCS,0.0,0,81,81,0.0,0,20,20,1,0.0,0,35,35,1,0.0,0,26,26,1,,0,0,0,0,,0,0,0,0,2026-09-12T20:10:25.613305+00:00
2026-09-13,51203,12414448,EDCKUL21ACS03320,equipment,ACS,Mechanical,,GF,ITR/SER 4,3,KUL21 VRF System,Promatrix DCS,0.0,0,81,81,0.0,0,20,20,1,0.0,0,35,35,1,0.0,0,26,26,1,,0,0,0,0,,0,0,0,0,2026-09-12T20:10:25.613305+00:00
2026-09-13,51203,12414449,EDCKUL21ACS03230,equipment,ACS,Mechanical,,GF,ITR/SER 5,3,KUL21 VRF System,Promatrix DCS,0.0,0,81,81,0.0,0,20,20,1,0.0,0,35,35,1,0.0,0,26,26,1,,0,0,0,0,,0,0,0,0,2026-09-12T20:10:25.613305+00:00
2026-09-13,51203,12414450,EDCKUL21ACS03330,equipment,ACS,Mechanical,,GF,ITR/SER 5,3,KUL21 VRF System,Promatrix DCS,0.0,0,81,81,0.0,0,20,20,1,0.0,0,35,35,1,0.0,0,26,26,1,,0,0,0,0,,0,0,0,0,2026-09-12T20:10:25.613305+00:00
2026-09-13,51203,12414451,EDCKUL21ACS03090,equipment,ACS,Mechanical,,GF,LTC ROOM,3,KUL21 VRF System,Promatrix DCS,0.0,0,81,81,0.0,0,20,20,1,0.0,0,35,35,1,0.0,0,26,26,1,,0,0,0,0,,0,0,0,0,2026-09-12T20:10:25.613305+00:00
2026-09-13,51203,12414452,EDCKUL21ACS032C0,equipment,ACS,Mechanical,,GF,MV RM A2,3,KUL21 VRF System,Promatrix DCS,0.0,0,81,81,0.0,0,20,20,1,0.0,0,35,35,1,0.0,0,26,26,1,,0,0,0,0,,0,0,0,0,2026-09-12T20:10:25.613305+00:00
2026-09-13,51203,12414453,EDCKUL21ACS033C0,equipment,ACS,Mechanical,,GF,MV RM A2,3,KUL21 VRF System,Promatrix DCS,0.0,0,81,81,0.0,0,20,20,1,0.0,0,35,35,1,0.0,0,26,26,1,,0,0,0,0,,0,0,0,0,2026-09-12T20:10:25.613305+00:00
2026-09-13,51203,12414454,EDCKUL21ACS032E0,equipment,ACS,Mechanical,,GF,MV RM A3,3,KUL21 VRF System,Promatrix DCS,0.0,0,81,81,0.0,0,20,20,1,0.0,0,35,35,1,0.0,0,26,26,1,,0,0,0,0,,0,0,0,0,2026-09-12T20:10:25.613305+00:00
2026-09-13,51203,12414455,EDCKUL21ACS033E0,equipment,ACS,Mechanical,,GF,MV RM A3,3,KUL21 VRF System,Promatrix DCS,0.0,0,81,81,0.0,0,20,20,1,0.0,0,35,35,1,0.0,0,26,26,1,,0,0,0,0,,0,0,0,0,2026-09-12T20:10:25.613305+00:00
2026-09-13,51203,12414456,EDCKUL21ACS032D0,equipment,ACS,Mechanical,,GF,MV RM B2,3,KUL21 VRF System,Promatrix DCS,0.0,0,81,81,0.0,0,20,20,1,0.0,0,35,35,1,0.0,0,26,26,1,,0,0,0,0,,0,0,0,0,2026-09-12T20:10:25.613305+00:00
2026-09-13,51203,12414457,EDCKUL21ACS033D0,equipment,ACS,Mechanical,,GF,MV RM B2,3,KUL21 VRF System,Promatrix DCS,0.0,0,81,81,0.0,0,20,20,1,0.0,0,35,35,1,0.0,0,26,26,1,,0,0,0,0,,0,0,0,0,2026-09-12T20:10:25.613305+00:00
2026-09-13,51203,12414458,EDCKUL21ACS032F0,equipment,ACS,Mechanical,,GF,MV RM B3,3,KUL21 VRF System,Promatrix DCS,0.0,0,81,81,0.0,0,20,20,1,0.0,0,35,35,1,0.0,0,26,26,1,,0,0,0,0,,0,0,0,0,2026-09-12T20:10:25.613305+00:00
2026-09-13,51203,12414459,EDCKUL21ACS033F0,equipment,ACS,Mechanical,,GF,MV RM B3,3,KUL21 VRF System,Promatrix DCS,0.0,0,81,81,0.0,0,20,20,1,0.0,0,35,35,1,0.0,0,26,26,1,,0,0,0,0,,0,0,0,0,2026-09-12T20:10:25.613305+00:00
2026-09-13,51203,12414460,EDCKUL21ACS031B0,equipment,ACS,Mechanical,,GF,PANEL ROOM GF,3,KUL21 VRF System,Promatrix DCS,0.0,0,81,81,0.0,0,20,20,1,0.0,0,35,35,1,0.0,0,26,26,1,,0,0,0,0,,0,0,0,0,2026-09-12T20:10:25.613305+00:00
2026-09-13,51203,12414461,EDCKUL21ACS032G0,equipment,ACS,Mechanical,,GF,POE ROOM,3,KUL21 VRF System,Promatrix DCS,0.0,0,81,81,0.0,0,20,20,1,0.0,0,35,35,1,0.0,0,26,26,1,,0,0,0,0,,0,0,0,0,2026-09-12T20:10:25.613305+00:00
2026-09-13,51203,12414462,EDCKUL21ACS033G0,equipment,ACS,Mechanical,,GF,POE ROOM,3,KUL21 VRF System,Promatrix DCS,0.0,0,81,81,0.0,0,20,20,1,0.0,0,35,35,1,0.0,0,26,26,1,,0,0,0,0,,0,0,0,0,2026-09-12T20:10:25.613305+00:00
2026-09-13,51203,12414463,EDCKUL21ACS032H0,equipment,ACS,Mechanical,,GF,POE ROOM 2,3,KUL21 VRF System,Promatrix DCS,0.0,0,81,81,0.0,0,20,20,1,0.0,0,35,35,1,0.0,0,26,26,1,,0,0,0,0,,0,0,0,0,2026-09-12T20:10:25.613305+00:00
2026-09-13,51203,12414464,EDCKUL21ACS033H0,equipment,ACS,Mechanical,,GF,POE ROOM 2,3,KUL21 VRF System,Promatrix DCS,0.0,0,81,81,0.0,0,20,20,1,0.0,0,35,35,1,0.0,0,26,26,1,,0,0,0,0,,0,0,0,0,2026-09-12T20:10:25.613305+00:00
2026-09-13,51203,12414465,EDCKUL21VRF03000,equipment,VRF,Mechanical,,RF,ROOF,3,KUL21 VRF System,Promatrix DCS,0.0,0,81,81,0.0,0,20,20,1,0.0,0,35,35,1,0.0,0,26,26,1,,0,0,0,0,,0,0,0,0,2026-09-12T20:10:25.613305+00:00
2026-09-13,51203,12414466,EDCKUL21VRF03100,equipment,VRF,Mechanical,,RF,ROOF,3,KUL21 VRF System,Promatrix DCS,0.0,0,81,81,0.0,0,20,20,1,0.0,0,35,35,1,0.0,0,26,26,1,,0,0,0,0,,0,0,0,0,2026-09-12T20:10:25.613305+00:00
2026-09-13,51203,12414467,EDCKUL21VRF03200,equipment,VRF,Mechanical,,RF,ROOF,3,KUL21 VRF System,Promatrix DCS,0.0,0,81,81,0.0,0,20,20,1,0.0,0,35,35,1,0.0,0,26,26,1,,0,0,0,0,,0,0,0,0,2026-09-12T20:10:25.613305+00:00
2026-09-13,51203,12414468,EDCKUL21VRF03300,equipment,VRF,Mechanical,,RF,ROOF,3,KUL21 VRF System,Promatrix DCS,0.0,0,81,81,0.0,0,20,20,1,0.0,0,35,35,1,0.0,0,26,26,1,,0,0,0,0,,0,0,0,0,2026-09-12T20:10:25.613305+00:00
2026-09-13,51203,12414473,EDCKUL21AHU00800,equipment,AHU,Mechanical,,RF,ROOF,3,KUL21 AHU System,Promatrix DCS,0.0,0,81,81,0.0,0,20,20,1,0.0,0,35,35,1,0.0,0,26,26,1,,0,0,0,0,,0,0,0,0,2026-09-12T20:10:25.613305+00:00
2026-09-13,51203,12414474,EDCKUL21AHU00900,equipment,AHU,Mechanical,,RF,ROOF,3,KUL21 AHU System,Promatrix DCS,0.0,0,81,81,0.0,0,20,20,1,0.0,0,35,35,1,0.0,0,26,26,1,,0,0,0,0,,0,0,0,0,2026-09-12T20:10:25.613305+00:00
2026-09-13,51203,12414475,EDCKUL21AHU01000,equipment,AHU,Mechanical,,RF,ROOF,3,KUL21 AHU System,Promatrix DCS,0.0,0,81,81,0.0,0,20,20,1,0.0,0,35,35,1,0.0,0,26,26,1,,0,0,0,0,,0,0,0,0,2026-09-12T20:10:25.613305+00:00
2026-09-13,51203,12414476,EDCKUL21AHU01100,equipment,AHU,Mechanical,,RF,ROOF,3,KUL21 AHU System,Promatrix DCS,0.0,0,81,81,0.0,0,20,20,1,0.0,0,35,35,1,0.0,0,26,26,1,,0,0,0,0,,0,0,0,0,2026-09-12T20:10:25.613305+00:00
2026-09-13,51203,12414477,EDCKUL21CDUB0102,equipment,CDU,Mechanical,,GF,MECH 21,3,KUL21 TCS System,Vertiv,0.0,0,81,81,0.0,0,20,20,1,0.0,0,35,35,1,0.0,0,26,26,1,,0,0,0,0,,0,0,0,0,2026-09-12T20:10:25.613305+00:00
2026-09-13,51203,12414478,EDCKUL21CDUB0202,equipment,CDU,Mechanical,,GF,MECH 21,3,KUL21 TCS System,Vertiv,0.0,0,81,81,0.0,0,20,20,1,0.0,0,35,35,1,0.0,0,26,26,1,,0,0,0,0,,0,0,0,0,2026-09-12T20:10:25.613305+00:00
2026-09-13,51203,12414479,EDCKUL21CDUB0302,equipment,CDU,Mechanical,,GF,MECH 21,3,KUL21 TCS System,Vertiv,0.0,0,81,81,0.0,0,20,20,1,0.0,0,35,35,1,0.0,0,26,26,1,,0,0,0,0,,0,0,0,0,2026-09-12T20:10:25.613305+00:00
2026-09-13,51203,12414480,EDCKUL21CDUB0402,equipment,CDU,Mechanical,,GF,MECH 22,3,KUL21 TCS System,Vertiv,0.0,0,81,81,0.0,0,20,20,1,0.0,0,35,35,1,0.0,0,26,26,1,,0,0,0,0,,0,0,0,0,2026-09-12T20:10:25.613305+00:00
2026-09-13,51203,12414481,EDCKUL21CDUB0502,equipment,CDU,Mechanical,,GF,MECH 22,3,KUL21 TCS System,Vertiv,0.0,0,81,81,0.0,0,20,20,1,0.0,0,35,35,1,0.0,0,26,26,1,,0,0,0,0,,0,0,0,0,2026-09-12T20:10:25.613305+00:00
2026-09-13,51203,12414482,EDCKUL21CDUB0602,equipment,CDU,Mechanical,,GF,MECH 22,3,KUL21 TCS System,Vertiv,0.0,0,81,81,0.0,0,20,20,1,0.0,0,35,35,1,0.0,0,26,26,1,,0,0,0,0,,0,0,0,0,2026-09-12T20:10:25.613305+00:00
2026-09-13,51203,12414483,EDCKUL21CDUB0103,equipment,CDU,Mechanical,,GF,MECH 31,3,KUL21 TCS System,Vertiv,0.0,0,81,81,0.0,0,20,20,1,0.0,0,35,35,1,0.0,0,26,26,1,,0,0,0,0,,0,0,0,0,2026-09-12T20:10:25.613305+00:00
2026-09-13,51203,12414484,EDCKUL21CDUB0203,equipment,CDU,Mechanical,,GF,MECH 31,3,KUL21 TCS System,Vertiv,0.0,0,81,81,0.0,0,20,20,1,0.0,0,35,35,1,0.0,0,26,26,1,,0,0,0,0,,0,0,0,0,2026-09-12T20:10:25.613305+00:00
2026-09-13,51203,12414485,EDCKUL21CDUB0303,equipment,CDU,Mechanical,,GF,MECH 31,3,KUL21 TCS System,Vertiv,0.0,0,81,81,0.0,0,20,20,1,0.0,0,35,35,1,0.0,0,26,26,1,,0,0,0,0,,0,0,0,0,2026-09-12T20:10:25.613305+00:00
2026-09-13,51203,12414486,EDCKUL21CDUB0403,equipment,CDU,Mechanical,,GF,MECH 32,3,KUL21 TCS System,Vertiv,0.0,0,81,81,0.0,0,20,20,1,0.0,0,35,35,1,0.0,0,26,26,1,,0,0,0,0,,0,0,0,0,2026-09-12T20:10:25.613305+00:00
2026-09-13,51203,12414487,EDCKUL21CDUB0503,equipment,CDU,Mechanical,,GF,MECH 32,3,KUL21 TCS System,Vertiv,0.0,0,81,81,0.0,0,20,20,1,0.0,0,35,35,1,0.0,0,26,26,1,,0,0,0,0,,0,0,0,0,2026-09-12T20:10:25.613305+00:00
2026-09-13,51203,12414488,EDCKUL21CDUB0603,equipment,CDU,Mechanical,,GF,MECH 32,3,KUL21 TCS System,Vertiv,0.0,0,81,81,0.0,0,20,20,1,0.0,0,35,35,1,0.0,0,26,26,1,,0,0,0,0,,0,0,0,0,2026-09-12T20:10:25.613305+00:00
2026-09-13,51203,12414489,EDCKUL21AISB0102,equipment,AIS,Mechanical,,GF,MECH 21,3,KUL21 TCS System,Promatrix DCS,0.0,0,81,81,0.0,0,20,20,1,0.0,0,35,35,1,0.0,0,26,26,1,,0,0,0,0,,0,0,0,0,2026-09-12T20:10:25.613305+00:00
2026-09-13,51203,12414490,EDCKUL21AISB0202,equipment,AIS,Mechanical,,GF,MECH 22,3,KUL21 TCS System,Promatrix DCS,0.0,0,81,81,0.0,0,20,20,1,0.0,0,35,35,1,0.0,0,26,26,1,,0,0,0,0,,0,0,0,0,2026-09-12T20:10:25.613305+00:00
2026-09-13,51203,12414491,EDCKUL21AISB0103,equipment,AIS,Mechanical,,GF,MECH 31,3,KUL21 TCS System,Promatrix DCS,0.0,0,81,81,0.0,0,20,20,1,0.0,0,35,35,1,0.0,0,26,26,1,,0,0,0,0,,0,0,0,0,2026-09-12T20:10:25.613305+00:00
2026-09-13,51203,12414492,EDCKUL21AISB0203,equipment,AIS,Mechanical,,GF,MECH 32,3,KUL21 TCS System,Promatrix DCS,0.0,0,81,81,0.0,0,20,20,1,0.0,0,35,35,1,0.0,0,26,26,1,,0,0,0,0,,0,0,0,0,2026-09-12T20:10:25.613305+00:00
2026-09-13,51203,12414493,EDCKUL21CTSB0102,equipment,CTS,Mechanical,,GF,MECH 21,3,KUL21 TCS System,Promatrix DCS,0.0,0,81,81,0.0,0,20,20,1,0.0,0,35,35,1,0.0,0,26,26,1,,0,0,0,0,,0,0,0,0,2026-09-12T20:10:25.613305+00:00
2026-09-13,51203,12414494,EDCKUL21CTSB0202,equipment,CTS,Mechanical,,GF,MECH 22,3,KUL21 TCS System,Promatrix DCS,0.0,0,81,81,0.0,0,20,20,1,0.0,0,35,35,1,0.0,0,26,26,1,,0,0,0,0,,0,0,0,0,2026-09-12T20:10:25.613305+00:00
2026-09-13,51203,12414495,EDCKUL21CTSB0103,equipment,CTS,Mechanical,,GF,MECH 31,3,KUL21 TCS System,Promatrix DCS,0.0,0,81,81,0.0,0,20,20,1,0.0,0,35,35,1,0.0,0,26,26,1,,0,0,0,0,,0,0,0,0,2026-09-12T20:10:25.613305+00:00
2026-09-13,51203,12414496,EDCKUL21CTSB0203,equipment,CTS,Mechanical,,GF,MECH 32,3,KUL21 TCS System,Promatrix DCS,0.0,0,81,81,0.0,0,20,20,1,0.0,0,35,35,1,0.0,0,26,26,1,,0,0,0,0,,0,0,0,0,2026-09-12T20:10:25.613305+00:00
2026-09-13,51203,12414497,EDCKUL21EXPB0102,equipment,EXP,Mechanical,,GF,MECH 21,3,KUL21 TCS System,Promatrix DCS,0.0,0,81,81,0.0,0,20,20,1,0.0,0,35,35,1,0.0,0,26,26,1,,0,0,0,0,,0,0,0,0,2026-09-12T20:10:25.613305+00:00
2026-09-13,51203,12414498,EDCKUL21EXPB0202,equipment,EXP,Mechanical,,GF,MECH 22,3,KUL21 TCS System,Promatrix DCS,0.0,0,81,81,0.0,0,20,20,1,0.0,0,35,35,1,0.0,0,26,26,1,,0,0,0,0,,0,0,0,0,2026-09-12T20:10:25.613305+00:00
2026-09-13,51203,12414499,EDCKUL21EXPB0103,equipment,EXP,Mechanical,,GF,MECH 31,3,KUL21 TCS System,Promatrix DCS,0.0,0,81,81,0.0,0,20,20,1,0.0,0,35,35,1,0.0,0,26,26,1,,0,0,0,0,,0,0,0,0,2026-09-12T20:10:25.613305+00:00
2026-09-13,51203,12414500,EDCKUL21EXPB0203,equipment,EXP,Mechanical,,GF,MECH 32,3,KUL21 TCS System,Promatrix DCS,0.0,0,81,81,0.0,0,20,20,1,0.0,0,35,35,1,0.0,0,26,26,1,,0,0,0,0,,0,0,0,0,2026-09-12T20:10:25.613305+00:00
2026-09-13,51203,12414501,EDCKUL21MUPB0102,equipment,MUP,Mechanical,,GF,MECH 21,3,KUL21 TCS System,Promatrix DCS,0.0,0,81,81,0.0,0,20,20,1,0.0,0,35,35,1,0.0,0,26,26,1,,0,0,0,0,,0,0,0,0,2026-09-12T20:10:25.613305+00:00
2026-09-13,51203,12414502,EDCKUL21MUPB0202,equipment,MUP,Mechanical,,GF,MECH 22,3,KUL21 TCS System,Promatrix DCS,0.0,0,81,81,0.0,0,20,20,1,0.0,0,35,35,1,0.0,0,26,26,1,,0,0,0,0,,0,0,0,0,2026-09-12T20:10:25.613305+00:00
2026-09-13,51203,12414503,EDCKUL21MUPB0103,equipment,MUP,Mechanical,,GF,MECH 31,3,KUL21 TCS System,Promatrix DCS,0.0,0,81,81,0.0,0,20,20,1,0.0,0,35,35,1,0.0,0,26,26,1,,0,0,0,0,,0,0,0,0,2026-09-12T20:10:25.613305+00:00
2026-09-13,51203,12414504,EDCKUL21MUPB0203,equipment,MUP,Mechanical,,GF,MECH 32,3,KUL21 TCS System,Promatrix DCS,0.0,0,81,81,0.0,0,20,20,1,0.0,0,35,35,1,0.0,0,26,26,1,,0,0,0,0,,0,0,0,0,2026-09-12T20:10:25.613305+00:00
2026-09-13,51203,12414505,EDCKUL21TESB0102,equipment,TES,Mechanical,,GF,MECH 21,3,KUL21 TCS System,Promatrix DCS,0.0,0,81,81,0.0,0,20,20,1,0.0,0,35,35,1,0.0,0,26,26,1,,0,0,0,0,,0,0,0,0,2026-09-12T20:10:25.613305+00:00
2026-09-13,51203,12414506,EDCKUL21TESB0202,equipment,TES,Mechanical,,GF,MECH 21,3,KUL21 TCS System,Promatrix DCS,0.0,0,81,81,0.0,0,20,20,1,0.0,0,35,35,1,0.0,0,26,26,1,,0,0,0,0,,0,0,0,0,2026-09-12T20:10:25.613305+00:00
2026-09-13,51203,12414507,EDCKUL21TESB0302,equipment,TES,Mechanical,,GF,MECH 21,3,KUL21 TCS System,Promatrix DCS,0.0,0,81,81,0.0,0,20,20,1,0.0,0,35,35,1,0.0,0,26,26,1,,0,0,0,0,,0,0,0,0,2026-09-12T20:10:25.613305+00:00
2026-09-13,51203,12414508,EDCKUL21TESB0402,equipment,TES,Mechanical,,GF,MECH 22,3,KUL21 TCS System,Promatrix DCS,0.0,0,81,81,0.0,0,20,20,1,0.0,0,35,35,1,0.0,0,26,26,1,,0,0,0,0,,0,0,0,0,2026-09-12T20:10:25.613305+00:00
2026-09-13,51203,12414509,EDCKUL21TESB0502,equipment,TES,Mechanical,,GF,MECH 22,3,KUL21 TCS System,Promatrix DCS,0.0,0,81,81,0.0,0,20,20,1,0.0,0,35,35,1,0.0,0,26,26,1,,0,0,0,0,,0,0,0,0,2026-09-12T20:10:25.613305+00:00
2026-09-13,51203,12414510,EDCKUL21TESB0602,equipment,TES,Mechanical,,GF,MECH 22,3,KUL21 TCS System,Promatrix DCS,0.0,0,81,81,0.0,0,20,20,1,0.0,0,35,35,1,0.0,0,26,26,1,,0,0,0,0,,0,0,0,0,2026-09-12T20:10:25.613305+00:00
2026-09-13,51203,12414511,EDCKUL21TESB0103,equipment,TES,Mechanical,,GF,MECH 31,3,KUL21 TCS System,Promatrix DCS,0.0,0,81,81,0.0,0,20,20,1,0.0,0,35,35,1,0.0,0,26,26,1,,0,0,0,0,,0,0,0,0,2026-09-12T20:10:25.613305+00:00
2026-09-13,51203,12414512,EDCKUL21TESB0203,equipment,TES,Mechanical,,GF,MECH 31,3,KUL21 TCS System,Promatrix DCS,0.0,0,81,81,0.0,0,20,20,1,0.0,0,35,35,1,0.0,0,26,26,1,,0,0,0,0,,0,0,0,0,2026-09-12T20:10:25.613305+00:00
2026-09-13,51203,12414513,EDCKUL21TESB0303,equipment,TES,Mechanical,,GF,MECH 31,3,KUL21 TCS System,Promatrix DCS,0.0,0,81,81,0.0,0,20,20,1,0.0,0,35,35,1,0.0,0,26,26,1,,0,0,0,0,,0,0,0,0,2026-09-12T20:10:25.613305+00:00
2026-09-13,51203,12414514,EDCKUL21TESB0403,equipment,TES,Mechanical,,GF,MECH 32,3,KUL21 TCS System,Promatrix DCS,0.0,0,81,81,0.0,0,20,20,1,0.0,0,35,35,1,0.0,0,26,26,1,,0,0,0,0,,0,0,0,0,2026-09-12T20:10:25.613305+00:00
2026-09-13,51203,12414515,EDCKUL21TESB0503,equipment,TES,Mechanical,,GF,MECH 32,3,KUL21 TCS System,Promatrix DCS,0.0,0,81,81,0.0,0,20,20,1,0.0,0,35,35,1,0.0,0,26,26,1,,0,0,0,0,,0,0,0,0,2026-09-12T20:10:25.613305+00:00
2026-09-13,51203,12414516,EDCKUL21TESB0603,equipment,TES,Mechanical,,GF,MECH 32,3,KUL21 TCS System,Promatrix DCS,0.0,0,81,81,0.0,0,20,20,1,0.0,0,35,35,1,0.0,0,26,26,1,,0,0,0,0,,0,0,0,0,2026-09-12T20:10:25.613305+00:00
2026-09-13,51203,12414517,EDCKUL21TESB0100,equipment,TES,Mechanical,,GF,TES TANK YARD B,3,KUL21 FWS System,LF Lansen,23.46,19,81,62,95.0,19,20,1,1,0.0,0,35,35,1,0.0,0,26,26,1,,0,0,0,0,,0,0,0,0,2026-09-12T20:10:25.613305+00:00
2026-09-13,51203,12414518,EDCKUL21TESB0200,equipment,TES,Mechanical,,GF,TES TANK YARD B,3,KUL21 FWS System,LF Lansen,24.69,20,81,61,100.0,20,20,0,1,0.0,0,35,35,1,0.0,0,26,26,1,,0,0,0,0,,0,0,0,0,2026-09-12T20:10:25.613305+00:00
2026-09-13,51203,12414519,EDCKUL21TESB0300,equipment,TES,Mechanical,,GF,TES TANK YARD B,3,KUL21 FWS System,LF Lansen,24.69,20,81,61,100.0,20,20,0,1,0.0,0,35,35,1,0.0,0,26,26,1,,0,0,0,0,,0,0,0,0,2026-09-12T20:10:25.613305+00:00
2026-09-13,51203,12414520,EDCKUL21TESB0400,equipment,TES,Mechanical,,GF,TES TANK YARD B,3,KUL21 FWS System,LF Lansen,24.69,20,81,61,100.0,20,20,0,1,0.0,0,35,35,1,0.0,0,26,26,1,,0,0,0,0,,0,0,0,0,2026-09-12T20:10:25.613305+00:00
2026-09-13,51203,12414521,EDCKUL21TESB0500,equipment,TES,Mechanical,,GF,TES TANK YARD B,3,KUL21 FWS System,LF Lansen,24.69,20,81,61,100.0,20,20,0,1,0.0,0,35,35,1,0.0,0,26,26,1,,0,0,0,0,,0,0,0,0,2026-09-12T20:10:25.613305+00:00
2026-09-13,51203,12414522,EDCKUL21TESB0600,equipment,TES,Mechanical,,GF,TES TANK YARD B,3,KUL21 FWS System,LF Lansen,24.69,20,81,61,100.0,20,20,0,1,0.0,0,35,35,1,0.0,0,26,26,1,,0,0,0,0,,0,0,0,0,2026-09-12T20:10:25.613305+00:00
2026-09-13,51203,12414523,EDCKUL21CHLB0100,equipment,CHL,Mechanical,,RF,ROOF,3,KUL21 FWS System,Smardt,0.0,0,81,81,0.0,0,20,20,1,0.0,0,35,35,1,0.0,0,26,26,1,,0,0,0,0,,0,0,0,0,2026-09-12T20:10:25.613305+00:00
2026-09-13,51203,12414524,EDCKUL21CHLB0200,equipment,CHL,Mechanical,,RF,ROOF,3,KUL21 FWS System,Smardt,0.0,0,81,81,0.0,0,20,20,1,0.0,0,35,35,1,0.0,0,26,26,1,,0,0,0,0,,0,0,0,0,2026-09-12T20:10:25.613305+00:00
2026-09-13,51203,12414525,EDCKUL21CHLB0300,equipment,CHL,Mechanical,,RF,ROOF,3,KUL21 FWS System,Smardt,0.0,0,81,81,0.0,0,20,20,1,0.0,0,35,35,1,0.0,0,26,26,1,,0,0,0,0,,0,0,0,0,2026-09-12T20:10:25.613305+00:00
2026-09-13,51203,12414526,EDCKUL21CHLB0400,equipment,CHL,Mechanical,,RF,ROOF,3,KUL21 FWS System,Smardt,0.0,0,81,81,0.0,0,20,20,1,0.0,0,35,35,1,0.0,0,26,26,1,,0,0,0,0,,0,0,0,0,2026-09-12T20:10:25.613305+00:00
2026-09-13,51203,12414527,EDCKUL21CHLB0500,equipment,CHL,Mechanical,,RF,ROOF,3,KUL21 FWS System,Smardt,0.0,0,81,81,0.0,0,20,20,1,0.0,0,35,35,1,0.0,0,26,26,1,,0,0,0,0,,0,0,0,0,2026-09-12T20:10:25.613305+00:00
2026-09-13,51203,12414528,EDCKUL21CHLB0600,equipment,CHL,Mechanical,,RF,ROOF,3,KUL21 FWS System,Smardt,0.0,0,81,81,0.0,0,20,20,1,0.0,0,35,35,1,0.0,0,26,26,1,,0,0,0,0,,0,0,0,0,2026-09-12T20:10:25.613305+00:00
2026-09-13,51203,12414529,EDCKUL21CHLB0700,equipment,CHL,Mechanical,,RF,ROOF,3,KUL21 FWS System,Smardt,0.0,0,81,81,0.0,0,20,20,1,0.0,0,35,35,1,0.0,0,26,26,1,,0,0,0,0,,0,0,0,0,2026-09-12T20:10:25.613305+00:00
2026-09-13,51203,12414530,EDCKUL21CHLB0800,equipment,CHL,Mechanical,,RF,ROOF,3,KUL21 FWS System,Smardt,0.0,0,81,81,0.0,0,20,20,1,0.0,0,35,35,1,0.0,0,26,26,1,,0,0,0,0,,0,0,0,0,2026-09-12T20:10:25.613305+00:00
2026-09-13,51203,12414531,EDCKUL21CHLB0900,equipment,CHL,Mechanical,,RF,ROOF,3,KUL21 FWS System,Smardt,0.0,0,81,81,0.0,0,20,20,1,0.0,0,35,35,1,0.0,0,26,26,1,,0,0,0,0,,0,0,0,0,2026-09-12T20:10:25.613305+00:00
2026-09-13,51203,12414532,EDCKUL21CHLB1000,equipment,CHL,Mechanical,,RF,ROOF,3,KUL21 FWS System,Smardt,0.0,0,81,81,0.0,0,20,20,1,0.0,0,35,35,1,0.0,0,26,26,1,,0,0,0,0,,0,0,0,0,2026-09-12T20:10:25.613305+00:00
2026-09-13,51203,12414533,EDCKUL21CHLB1100,equipment,CHL,Mechanical,,RF,ROOF,3,KUL21 FWS System,Smardt,0.0,0,81,81,0.0,0,20,20,1,0.0,0,35,35,1,0.0,0,26,26,1,,0,0,0,0,,0,0,0,0,2026-09-12T20:10:25.613305+00:00
2026-09-13,51203,12414534,EDCKUL21CHLB1200,equipment,CHL,Mechanical,,RF,ROOF,3,KUL21 FWS System,Smardt,0.0,0,81,81,0.0,0,20,20,1,0.0,0,35,35,1,0.0,0,26,26,1,,0,0,0,0,,0,0,0,0,2026-09-12T20:10:25.613305+00:00
2026-09-13,51203,12414535,EDCKUL21CHLB1300,equipment,CHL,Mechanical,,RF,ROOF,3,KUL21 FWS System,Smardt,0.0,0,81,81,0.0,0,20,20,1,0.0,0,35,35,1,0.0,0,26,26,1,,0,0,0,0,,0,0,0,0,2026-09-12T20:10:25.613305+00:00
2026-09-13,51203,12414536,EDCKUL21CHLB1400,equipment,CHL,Mechanical,,RF,ROOF,3,KUL21 FWS System,Smardt,0.0,0,81,81,0.0,0,20,20,1,0.0,0,35,35,1,0.0,0,26,26,1,,0,0,0,0,,0,0,0,0,2026-09-12T20:10:25.613305+00:00
2026-09-13,51203,12414537,EDCKUL21CHLB1500,equipment,CHL,Mechanical,,RF,ROOF,3,KUL21 FWS System,Smardt,0.0,0,81,81,0.0,0,20,20,1,0.0,0,35,35,1,0.0,0,26,26,1,,0,0,0,0,,0,0,0,0,2026-09-12T20:10:25.613305+00:00
2026-09-13,51203,12414538,EDCKUL21CHPB0100,equipment,CHP,Mechanical,,RF,ROOF,3,KUL21 FWS System,Smardt,0.0,0,81,81,0.0,0,20,20,1,0.0,0,35,35,1,0.0,0,26,26,1,,0,0,0,0,,0,0,0,0,2026-09-12T20:10:25.613305+00:00
2026-09-13,51203,12414539,EDCKUL21CHPB0200,equipment,CHP,Mechanical,,RF,ROOF,3,KUL21 FWS System,Smardt,0.0,0,81,81,0.0,0,20,20,1,0.0,0,35,35,1,0.0,0,26,26,1,,0,0,0,0,,0,0,0,0,2026-09-12T20:10:25.613305+00:00
2026-09-13,51203,12414540,EDCKUL21CHPB0300,equipment,CHP,Mechanical,,RF,ROOF,3,KUL21 FWS System,Smardt,0.0,0,81,81,0.0,0,20,20,1,0.0,0,35,35,1,0.0,0,26,26,1,,0,0,0,0,,0,0,0,0,2026-09-12T20:10:25.613305+00:00
2026-09-13,51203,12414541,EDCKUL21CHPB0400,equipment,CHP,Mechanical,,RF,ROOF,3,KUL21 FWS System,Smardt,0.0,0,81,81,0.0,0,20,20,1,0.0,0,35,35,1,0.0,0,26,26,1,,0,0,0,0,,0,0,0,0,2026-09-12T20:10:25.613305+00:00
2026-09-13,51203,12414542,EDCKUL21CHPB0500,equipment,CHP,Mechanical,,RF,ROOF,3,KUL21 FWS System,Smardt,0.0,0,81,81,0.0,0,20,20,1,0.0,0,35,35,1,0.0,0,26,26,1,,0,0,0,0,,0,0,0,0,2026-09-12T20:10:25.613305+00:00
2026-09-13,51203,12414543,EDCKUL21CHPB0600,equipment,CHP,Mechanical,,RF,ROOF,3,KUL21 FWS System,Smardt,0.0,0,81,81,0.0,0,20,20,1,0.0,0,35,35,1,0.0,0,26,26,1,,0,0,0,0,,0,0,0,0,2026-09-12T20:10:25.613305+00:00
2026-09-13,51203,12414544,EDCKUL21CHPB0700,equipment,CHP,Mechanical,,RF,ROOF,3,KUL21 FWS System,Smardt,0.0,0,81,81,0.0,0,20,20,1,0.0,0,35,35,1,0.0,0,26,26,1,,0,0,0,0,,0,0,0,0,2026-09-12T20:10:25.613305+00:00
2026-09-13,51203,12414545,EDCKUL21CHPB0800,equipment,CHP,Mechanical,,RF,ROOF,3,KUL21 FWS System,Smardt,0.0,0,81,81,0.0,0,20,20,1,0.0,0,35,35,1,0.0,0,26,26,1,,0,0,0,0,,0,0,0,0,2026-09-12T20:10:25.613305+00:00
2026-09-13,51203,12414546,EDCKUL21CHPB0900,equipment,CHP,Mechanical,,RF,ROOF,3,KUL21 FWS System,Smardt,0.0,0,81,81,0.0,0,20,20,1,0.0,0,35,35,1,0.0,0,26,26,1,,0,0,0,0,,0,0,0,0,2026-09-12T20:10:25.613305+00:00
2026-09-13,51203,12414547,EDCKUL21CHPB1000,equipment,CHP,Mechanical,,RF,ROOF,3,KUL21 FWS System,Smardt,0.0,0,81,81,0.0,0,20,20,1,0.0,0,35,35,1,0.0,0,26,26,1,,0,0,0,0,,0,0,0,0,2026-09-12T20:10:25.613305+00:00
2026-09-13,51203,12414548,EDCKUL21CHPB1100,equipment,CHP,Mechanical,,RF,ROOF,3,KUL21 FWS System,Smardt,0.0,0,81,81,0.0,0,20,20,1,0.0,0,35,35,1,0.0,0,26,26,1,,0,0,0,0,,0,0,0,0,2026-09-12T20:10:25.613305+00:00
2026-09-13,51203,12414549,EDCKUL21CHPB1200,equipment,CHP,Mechanical,,RF,ROOF,3,KUL21 FWS System,Smardt,0.0,0,81,81,0.0,0,20,20,1,0.0,0,35,35,1,0.0,0,26,26,1,,0,0,0,0,,0,0,0,0,2026-09-12T20:10:25.613305+00:00
2026-09-13,51203,12414550,EDCKUL21CHPB1300,equipment,CHP,Mechanical,,RF,ROOF,3,KUL21 FWS System,Smardt,0.0,0,81,81,0.0,0,20,20,1,0.0,0,35,35,1,0.0,0,26,26,1,,0,0,0,0,,0,0,0,0,2026-09-12T20:10:25.613305+00:00
2026-09-13,51203,12414551,EDCKUL21CHPB1400,equipment,CHP,Mechanical,,RF,ROOF,3,KUL21 FWS System,Smardt,0.0,0,81,81,0.0,0,20,20,1,0.0,0,35,35,1,0.0,0,26,26,1,,0,0,0,0,,0,0,0,0,2026-09-12T20:10:25.613305+00:00
2026-09-13,51203,12414552,EDCKUL21CHPB1500,equipment,CHP,Mechanical,,RF,ROOF,3,KUL21 FWS System,Smardt,0.0,0,81,81,0.0,0,20,20,1,0.0,0,35,35,1,0.0,0,26,26,1,,0,0,0,0,,0,0,0,0,2026-09-12T20:10:25.613305+00:00
2026-09-13,51203,12414553,EDCKUL21CTSB0100,equipment,CTS,Mechanical,,RF,ROOF,3,KUL21 FWS System,Promatrix DCS,0.0,0,81,81,0.0,0,20,20,1,0.0,0,35,35,1,0.0,0,26,26,1,,0,0,0,0,,0,0,0,0,2026-09-12T20:10:25.613305+00:00
2026-09-13,51203,12414554,EDCKUL21CTSB0200,equipment,CTS,Mechanical,,RF,ROOF,3,KUL21 FWS System,Promatrix DCS,0.0,0,81,81,0.0,0,20,20,1,0.0,0,35,35,1,0.0,0,26,26,1,,0,0,0,0,,0,0,0,0,2026-09-12T20:10:25.613305+00:00
2026-09-13,51203,12414555,EDCKUL21EXPB0100,equipment,EXP,Mechanical,,RF,ROOF,3,KUL21 FWS System,Promatrix DCS,0.0,0,81,81,0.0,0,20,20,1,0.0,0,35,35,1,0.0,0,26,26,1,,0,0,0,0,,0,0,0,0,2026-09-12T20:10:25.613305+00:00
2026-09-13,51203,12414556,EDCKUL21EXPB0200,equipment,EXP,Mechanical,,RF,ROOF,3,KUL21 FWS System,Promatrix DCS,0.0,0,81,81,0.0,0,20,20,1,0.0,0,35,35,1,0.0,0,26,26,1,,0,0,0,0,,0,0,0,0,2026-09-12T20:10:25.613305+00:00
2026-09-13,51203,12414557,EDCKUL21AISB0100,equipment,AIS,Mechanical,,RF,ROOF,3,KUL21 FWS System,Promatrix DCS,0.0,0,81,81,0.0,0,20,20,1,0.0,0,35,35,1,0.0,0,26,26,1,,0,0,0,0,,0,0,0,0,2026-09-12T20:10:25.613305+00:00
2026-09-13,51203,12414558,EDCKUL21AISB0200,equipment,AIS,Mechanical,,RF,ROOF,3,KUL21 FWS System,Promatrix DCS,0.0,0,81,81,0.0,0,20,20,1,0.0,0,35,35,1,0.0,0,26,26,1,,0,0,0,0,,0,0,0,0,2026-09-12T20:10:25.613305+00:00
2026-09-13,51203,12414559,EDCKUL21CRAB0100,equipment,CRA,Mechanical,,GF,ELE RM CY,3,KUL21 CHW System,Stulz,24.69,20,81,61,100.0,20,20,0,1,0.0,0,35,35,1,0.0,0,26,26,1,,0,0,0,0,,0,0,0,0,2026-09-12T20:10:25.613305+00:00
2026-09-13,51203,12414560,EDCKUL21CRAB0200,equipment,CRA,Mechanical,,GF,ELE RM CY,3,KUL21 CHW System,Stulz,24.69,20,81,61,100.0,20,20,0,1,0.0,0,35,35,1,0.0,0,26,26,1,,0,0,0,0,,0,0,0,0,2026-09-12T20:10:25.613305+00:00
2026-09-13,51203,12414561,EDCKUL21CRAB0300,equipment,CRA,Mechanical,,GF,ELE RM CA,3,KUL21 CHW System,Stulz,24.69,20,81,61,100.0,20,20,0,1,0.0,0,35,35,1,0.0,0,26,26,1,,0,0,0,0,,0,0,0,0,2026-09-12T20:10:25.613305+00:00
2026-09-13,51203,12414562,EDCKUL21CRAB0400,equipment,CRA,Mechanical,,GF,ELE RM CA,3,KUL21 CHW System,Stulz,24.69,20,81,61,100.0,20,20,0,1,0.0,0,35,35,1,0.0,0,26,26,1,,0,0,0,0,,0,0,0,0,2026-09-12T20:10:25.613305+00:00
2026-09-13,51203,12414563,EDCKUL21CRAB0500,equipment,CRA,Mechanical,,GF,ELE RM CB,3,KUL21 CHW System,Stulz,24.69,20,81,61,100.0,20,20,0,1,0.0,0,35,35,1,0.0,0,26,26,1,,0,0,0,0,,0,0,0,0,2026-09-12T20:10:25.613305+00:00
2026-09-13,51203,12414564,EDCKUL21CRAB0600,equipment,CRA,Mechanical,,GF,ELE RM CB,3,KUL21 CHW System,Stulz,24.69,20,81,61,100.0,20,20,0,1,0.0,0,35,35,1,0.0,0,26,26,1,,0,0,0,0,,0,0,0,0,2026-09-12T20:10:25.613305+00:00
2026-09-13,51203,12414565,EDCKUL21CRAB1500,equipment,CRA,Mechanical,,GF,ELE RM CD,3,KUL21 CHW System,Stulz,24.69,20,81,61,100.0,20,20,0,1,0.0,0,35,35,1,0.0,0,26,26,1,,0,0,0,0,,0,0,0,0,2026-09-12T20:10:25.613305+00:00
2026-09-13,51203,12414566,EDCKUL21CRAB1600,equipment,CRA,Mechanical,,GF,ELE RM CD,3,KUL21 CHW System,Stulz,24.69,20,81,61,100.0,20,20,0,1,0.0,0,35,35,1,0.0,0,26,26,1,,0,0,0,0,,0,0,0,0,2026-09-12T20:10:25.613305+00:00
2026-09-13,51203,12414567,EDCKUL21CRAB1100,equipment,CRA,Mechanical,,GF,ELE RM CF,3,KUL21 CHW System,Stulz,24.69,20,81,61,100.0,20,20,0,1,0.0,0,35,35,1,0.0,0,26,26,1,,0,0,0,0,,0,0,0,0,2026-09-12T20:10:25.613305+00:00
2026-09-13,51203,12414568,EDCKUL21CRAB1200,equipment,CRA,Mechanical,,GF,ELE RM CF,3,KUL21 CHW System,Stulz,24.69,20,81,61,100.0,20,20,0,1,0.0,0,35,35,1,0.0,0,26,26,1,,0,0,0,0,,0,0,0,0,2026-09-12T20:10:25.613305+00:00
2026-09-13,51203,12414569,EDCKUL21CRAB0900,equipment,CRA,Mechanical,,GF,ELE RM CT,3,KUL21 CHW System,Stulz,24.69,20,81,61,100.0,20,20,0,1,0.0,0,35,35,1,0.0,0,26,26,1,,0,0,0,0,,0,0,0,0,2026-09-12T20:10:25.613305+00:00
2026-09-13,51203,12414570,EDCKUL21CRAB1000,equipment,CRA,Mechanical,,GF,ELE RM CT,3,KUL21 CHW System,Stulz,24.69,20,81,61,100.0,20,20,0,1,0.0,0,35,35,1,0.0,0,26,26,1,,0,0,0,0,,0,0,0,0,2026-09-12T20:10:25.613305+00:00
2026-09-13,51203,12414571,EDCKUL21CRAB0700,equipment,CRA,Mechanical,,GF,ELE RM CC,3,KUL21 CHW System,Stulz,24.69,20,81,61,100.0,20,20,0,1,0.0,0,35,35,1,0.0,0,26,26,1,,0,0,0,0,,0,0,0,0,2026-09-12T20:10:25.613305+00:00
2026-09-13,51203,12414572,EDCKUL21CRAB0800,equipment,CRA,Mechanical,,GF,ELE RM CC,3,KUL21 CHW System,Stulz,24.69,20,81,61,100.0,20,20,0,1,0.0,0,35,35,1,0.0,0,26,26,1,,0,0,0,0,,0,0,0,0,2026-09-12T20:10:25.613305+00:00
2026-09-13,51203,12414573,EDCKUL21CRAB1300,equipment,CRA,Mechanical,,GF,ELE RM CE,3,KUL21 CHW System,Stulz,20.99,17,81,64,85.0,17,20,3,1,0.0,0,35,35,1,0.0,0,26,26,1,,0,0,0,0,,0,0,0,0,2026-09-12T20:10:25.613305+00:00
2026-09-13,51203,12414574,EDCKUL21CRAB1400,equipment,CRA,Mechanical,,GF,ELE RM CE,3,KUL21 CHW System,Stulz,22.22,18,81,63,90.0,18,20,2,1,0.0,0,35,35,1,0.0,0,26,26,1,,0,0,0,0,,0,0,0,0,2026-09-12T20:10:25.613305+00:00
2026-09-13,51203,12414575,EDCKUL21CRAB0102,equipment,FWU,Mechanical,,GF,MECH 21,3,KUL21 CHW System,Stulz,24.69,20,81,61,100.0,20,20,0,1,0.0,0,35,35,1,0.0,0,26,26,1,,0,0,0,0,,0,0,0,0,2026-09-12T20:10:25.613305+00:00
2026-09-13,51203,12414576,EDCKUL21CRAB0202,equipment,FWU,Mechanical,,GF,MECH 21,3,KUL21 CHW System,Stulz,24.69,20,81,61,100.0,20,20,0,1,0.0,0,35,35,1,0.0,0,26,26,1,,0,0,0,0,,0,0,0,0,2026-09-12T20:10:25.613305+00:00
2026-09-13,51203,12414577,EDCKUL21CRAB0302,equipment,FWU,Mechanical,,GF,MECH 21,3,KUL21 CHW System,Stulz,24.69,20,81,61,100.0,20,20,0,1,0.0,0,35,35,1,0.0,0,26,26,1,,0,0,0,0,,0,0,0,0,2026-09-12T20:10:25.613305+00:00
2026-09-13,51203,12414578,EDCKUL21CRAB0402,equipment,FWU,Mechanical,,GF,MECH 21,3,KUL21 CHW System,Stulz,24.69,20,81,61,100.0,20,20,0,1,0.0,0,35,35,1,0.0,0,26,26,1,,0,0,0,0,,0,0,0,0,2026-09-12T20:10:25.613305+00:00
2026-09-13,51203,12414579,EDCKUL21CRAB0802,equipment,FWU,Mechanical,,GF,MECH 22,3,KUL21 CHW System,STULZ,24.69,20,81,61,100.0,20,20,0,1,0.0,0,35,35,1,0.0,0,26,26,1,,0,0,0,0,,0,0,0,0,2026-09-12T20:10:25.613305+00:00
2026-09-13,51203,12414580,EDCKUL21CRAB0702,equipment,FWU,Mechanical,,GF,MECH 22,3,KUL21 CHW System,Stulz,24.69,20,81,61,100.0,20,20,0,1,0.0,0,35,35,1,0.0,0,26,26,1,,0,0,0,0,,0,0,0,0,2026-09-12T20:10:25.613305+00:00
2026-09-13,51203,12414581,EDCKUL21CRAB0602,equipment,FWU,Mechanical,,GF,MECH 22,3,KUL21 CHW System,Stulz,24.69,20,81,61,100.0,20,20,0,1,0.0,0,35,35,1,0.0,0,26,26,1,,0,0,0,0,,0,0,0,0,2026-09-12T20:10:25.613305+00:00
2026-09-13,51203,12414582,EDCKUL21CRAB0502,equipment,FWU,Mechanical,,GF,MECH 22,3,KUL21 CHW System,Stulz,24.69,20,81,61,100.0,20,20,0,1,0.0,0,35,35,1,0.0,0,26,26,1,,0,0,0,0,,0,0,0,0,2026-09-12T20:10:25.613305+00:00
2026-09-13,51203,12414583,EDCKUL21CRAB0103,equipment,FWU,Mechanical,,GF,MECH 31,3,KUL21 CHW System,Stulz,24.69,20,81,61,100.0,20,20,0,1,0.0,0,35,35,1,0.0,0,26,26,1,,0,0,0,0,,0,0,0,0,2026-09-12T20:10:25.613305+00:00
2026-09-13,51203,12414584,EDCKUL21CRAB0203,equipment,FWU,Mechanical,,GF,MECH 31,3,KUL21 CHW System,Stulz,24.69,20,81,61,100.0,20,20,0,1,0.0,0,35,35,1,0.0,0,26,26,1,,0,0,0,0,,0,0,0,0,2026-09-12T20:10:25.613305+00:00
2026-09-13,51203,12414585,EDCKUL21CRAB0303,equipment,FWU,Mechanical,,GF,MECH 31,3,KUL21 CHW System,Stulz,24.69,20,81,61,100.0,20,20,0,1,0.0,0,35,35,1,0.0,0,26,26,1,,0,0,0,0,,0,0,0,0,2026-09-12T20:10:25.613305+00:00
2026-09-13,51203,12414586,EDCKUL21CRAB0403,equipment,FWU,Mechanical,,GF,MECH 31,3,KUL21 CHW System,Stulz,24.69,20,81,61,100.0,20,20,0,1,0.0,0,35,35,1,0.0,0,26,26,1,,0,0,0,0,,0,0,0,0,2026-09-12T20:10:25.613305+00:00
2026-09-13,51203,12414587,EDCKUL21CRAB0803,equipment,FWU,Mechanical,,GF,MECH 32,3,KUL21 CHW System,Stulz,24.69,20,81,61,100.0,20,20,0,1,0.0,0,35,35,1,0.0,0,26,26,1,,0,0,0,0,,0,0,0,0,2026-09-12T20:10:25.613305+00:00
2026-09-13,51203,12414588,EDCKUL21CRAB0703,equipment,FWU,Mechanical,,GF,MECH 32,3,KUL21 CHW System,Stulz,24.69,20,81,61,100.0,20,20,0,1,0.0,0,35,35,1,0.0,0,26,26,1,,0,0,0,0,,0,0,0,0,2026-09-12T20:10:25.613305+00:00
2026-09-13,51203,12414589,EDCKUL21CRAB0603,equipment,FWU,Mechanical,,GF,MECH 32,3,KUL21 CHW System,Stulz,24.69,20,81,61,100.0,20,20,0,1,0.0,0,35,35,1,0.0,0,26,26,1,,0,0,0,0,,0,0,0,0,2026-09-12T20:10:25.613305+00:00
2026-09-13,51203,12414590,EDCKUL21CRAB0503,equipment,FWU,Mechanical,,GF,MECH 32,3,KUL21 CHW System,Stulz,24.69,20,81,61,100.0,20,20,0,1,0.0,0,35,35,1,0.0,0,26,26,1,,0,0,0,0,,0,0,0,0,2026-09-12T20:10:25.613305+00:00
2026-09-13,51203,12414591,EDCKUL21FOF00300,equipment,FOF,Fuel,,GF,FUEL STATION FT6,3,KUL21 Fuel System,Promatrix DCS,0.0,0,81,81,0.0,0,20,20,1,0.0,0,35,35,1,0.0,0,26,26,1,,0,0,0,0,,0,0,0,0,2026-09-12T20:10:25.613305+00:00
2026-09-13,51203,12414592,EDCKUL21FOF00400,equipment,FOF,Fuel,,GF,FUEL STATION FT6,3,KUL21 Fuel System,Promatrix DCS,0.0,0,81,81,0.0,0,20,20,1,0.0,0,35,35,1,0.0,0,26,26,1,,0,0,0,0,,0,0,0,0,2026-09-12T20:10:25.613305+00:00
2026-09-13,51203,12414593,EDCKUL21FOP00300,equipment,FOP,Fuel,,GF,FUEL STATION FT6,3,KUL21 Fuel System,Promatrix DCS,0.0,0,81,81,0.0,0,20,20,1,0.0,0,35,35,1,0.0,0,26,26,1,,0,0,0,0,,0,0,0,0,2026-09-12T20:10:25.613305+00:00
2026-09-13,51203,12414594,EDCKUL21FOP00400,equipment,FOP,Fuel,,GF,FUEL STATION FT6,3,KUL21 Fuel System,Promatrix DCS,0.0,0,81,81,0.0,0,20,20,1,0.0,0,35,35,1,0.0,0,26,26,1,,0,0,0,0,,0,0,0,0,2026-09-12T20:10:25.613305+00:00
2026-09-13,51203,12414595,EDCKUL21FPO00300,equipment,FPO,Fuel,,GF,FUEL STATION FT6,3,KUL21 Fuel System,Promatrix DCS,0.0,0,81,81,0.0,0,20,20,1,0.0,0,35,35,1,0.0,0,26,26,1,,0,0,0,0,,0,0,0,0,2026-09-12T20:10:25.613305+00:00
2026-09-13,51203,12414596,EDCKUL21FPO00400,equipment,FPO,Fuel,,GF,FUEL STATION FT6,3,KUL21 Fuel System,Promatrix DCS,0.0,0,81,81,0.0,0,20,20,1,0.0,0,35,35,1,0.0,0,26,26,1,,0,0,0,0,,0,0,0,0,2026-09-12T20:10:25.613305+00:00
2026-09-13,51203,12414597,EDCKUL21FOT00600,equipment,FOT,Fuel,,GF,UG-FT6,3,KUL21 Fuel System,Promatrix DCS,24.69,20,81,61,100.0,20,20,0,1,0.0,0,35,35,1,0.0,0,26,26,1,,0,0,0,0,,0,0,0,0,2026-09-12T20:10:25.613305+00:00
2026-09-13,51203,12414598,EDCKUL21FOT00700,equipment,FOT,Fuel,,GF,UG-FT6,3,KUL21 Fuel System,Promatrix DCS,24.69,20,81,61,100.0,20,20,0,1,0.0,0,35,35,1,0.0,0,26,26,1,,0,0,0,0,,0,0,0,0,2026-09-12T20:10:25.613305+00:00
2026-09-13,51203,12414599,EDCKUL21FOT00800,equipment,FOT,Fuel,,GF,UG-FT6,3,KUL21 Fuel System,Promatrix DCS,24.69,20,81,61,100.0,20,20,0,1,0.0,0,35,35,1,0.0,0,26,26,1,,0,0,0,0,,0,0,0,0,2026-09-12T20:10:25.613305+00:00
2026-09-13,51203,12414600,EDCKUL21FOT00900,equipment,FOT,Fuel,,GF,UG-FT6,3,KUL21 Fuel System,Promatrix DCS,24.69,20,81,61,100.0,20,20,0,1,0.0,0,35,35,1,0.0,0,26,26,1,,0,0,0,0,,0,0,0,0,2026-09-12T20:10:25.613305+00:00
2026-09-13,51203,12414601,EDCKUL21FOT01000,equipment,FOT,Fuel,,GF,UG-FT6,3,KUL21 Fuel System,Promatrix DCS,24.69,20,81,61,100.0,20,20,0,1,0.0,0,35,35,1,0.0,0,26,26,1,,0,0,0,0,,0,0,0,0,2026-09-12T20:10:25.613305+00:00
2026-09-13,51203,12414602,EDCKUL21FOT01100,equipment,FOT,Fuel,,GF,UG-FT6,3,KUL21 Fuel System,Promatrix DCS,24.69,20,81,61,100.0,20,20,0,1,0.0,0,35,35,1,0.0,0,26,26,1,,0,0,0,0,,0,0,0,0,2026-09-12T20:10:25.613305+00:00
2026-09-13,51203,12414603,EDCKUL21FOT01200,equipment,FOT,Fuel,,GF,UG-FT6,3,KUL21 Fuel System,Promatrix DCS,24.69,20,81,61,100.0,20,20,0,1,0.0,0,35,35,1,0.0,0,26,26,1,,0,0,0,0,,0,0,0,0,2026-09-12T20:10:25.613305+00:00
2026-09-13,51203,12414604,EDCKUL21FOT01300,equipment,FOT,Fuel,,GF,UG-FT6,3,KUL21 Fuel System,Promatrix DCS,24.69,20,81,61,100.0,20,20,0,1,0.0,0,35,35,1,0.0,0,26,26,1,,0,0,0,0,,0,0,0,0,2026-09-12T20:10:25.613305+00:00
2026-09-13,51203,12414605,EDCKUL21FOT01400,equipment,FOT,Fuel,,GF,UG-FT6,3,KUL21 Fuel System,Promatrix DCS,24.69,20,81,61,100.0,20,20,0,1,0.0,0,35,35,1,0.0,0,26,26,1,,0,0,0,0,,0,0,0,0,2026-09-12T20:10:25.613305+00:00
2026-09-13,51203,12414606,EDCKUL21FOT01500,equipment,FOT,Fuel,,GF,UG-FT6,3,KUL21 Fuel System,Promatrix DCS,24.69,20,81,61,100.0,20,20,0,1,0.0,0,35,35,1,0.0,0,26,26,1,,0,0,0,0,,0,0,0,0,2026-09-12T20:10:25.613305+00:00
2026-09-13,51203,12414607,EDCKUL21GDTCA100,equipment,GDT,Fuel,,GF,GEN ROOM CA,3,KUL21 Fuel System,Sime Darby Industrial,24.69,20,81,61,100.0,20,20,0,1,0.0,0,35,35,1,0.0,0,26,26,1,,0,0,0,0,,0,0,0,0,2026-09-12T20:10:25.613305+00:00
2026-09-13,51203,12414608,EDCKUL21GDTCB100,equipment,GDT,Fuel,,GF,GEN ROOM CB,3,KUL21 Fuel System,Sime Darby Industrial,24.69,20,81,61,100.0,20,20,0,1,0.0,0,35,35,1,0.0,0,26,26,1,,0,0,0,0,,0,0,0,0,2026-09-12T20:10:25.613305+00:00
2026-09-13,51203,12414609,EDCKUL21GDTCC100,equipment,GDT,Fuel,,GF,GEN ROOM CC,3,KUL21 Fuel System,Sime Darby Industrial,24.69,20,81,61,100.0,20,20,0,1,0.0,0,35,35,1,0.0,0,26,26,1,,0,0,0,0,,0,0,0,0,2026-09-12T20:10:25.613305+00:00
2026-09-13,51203,12414610,EDCKUL21GDTCD100,equipment,GDT,Fuel,,GF,GEN ROOM CD,3,KUL21 Fuel System,Sime Darby Industrial,24.69,20,81,61,100.0,20,20,0,1,0.0,0,35,35,1,0.0,0,26,26,1,,0,0,0,0,,0,0,0,0,2026-09-12T20:10:25.613305+00:00
2026-09-13,51203,12414611,EDCKUL21GDTCE100,equipment,GDT,Fuel,,GF,GEN ROOM CE,3,KUL21 Fuel System,Sime Darby Industrial,23.46,19,81,62,95.0,19,20,1,1,0.0,0,35,35,1,0.0,0,26,26,1,,0,0,0,0,,0,0,0,0,2026-09-12T20:10:25.613305+00:00
2026-09-13,51203,12414612,EDCKUL21GDTCF100,equipment,GDT,Fuel,,GF,GEN ROOM CF,3,KUL21 Fuel System,Sime Darby Industrial,24.69,20,81,61,100.0,20,20,0,1,0.0,0,35,35,1,0.0,0,26,26,1,,0,0,0,0,,0,0,0,0,2026-09-12T20:10:25.613305+00:00
2026-09-13,51203,12414613,EDCKUL21GDTCT100,equipment,GDT,Fuel,,GF,GEN ROOM CT,3,KUL21 Fuel System,Sime Darby Industrial,24.69,20,81,61,100.0,20,20,0,1,0.0,0,35,35,1,0.0,0,26,26,1,,0,0,0,0,,0,0,0,0,2026-09-12T20:10:25.613305+00:00
2026-09-13,51203,12414614,EDCKUL21GDTCY100,equipment,GDT,Fuel,,GF,GEN ROOM CY,3,KUL21 Fuel System,Sime Darby Industrial,24.69,20,81,61,100.0,20,20,0,1,0.0,0,35,35,1,0.0,0,26,26,1,,0,0,0,0,,0,0,0,0,2026-09-12T20:10:25.613305+00:00
2026-09-13,51203,12414615,EDCKUL21GENCA100,equipment,GEN,Electrical,,GF,GEN ROOM CA,3,KUL21 Generator System,Sime Darby Industrial,24.69,20,81,61,100.0,20,20,0,1,0.0,0,35,35,1,0.0,0,26,26,1,,0,0,0,0,,0,0,0,0,2026-09-12T20:10:25.613305+00:00
2026-09-13,51203,12414616,EDCKUL21GENCB100,equipment,GEN,Electrical,,GF,GEN ROOM CB,3,KUL21 Generator System,Sime Darby Industrial,24.69,20,81,61,100.0,20,20,0,1,0.0,0,35,35,1,0.0,0,26,26,1,,0,0,0,0,,0,0,0,0,2026-09-12T20:10:25.613305+00:00
2026-09-13,51203,12414617,EDCKUL21GENCC100,equipment,GEN,Electrical,,GF,GEN ROOM CC,3,KUL21 Generator System,Sime Darby Industrial,24.69,20,81,61,100.0,20,20,0,1,0.0,0,35,35,1,0.0,0,26,26,1,,0,0,0,0,,0,0,0,0,2026-09-12T20:10:25.613305+00:00
2026-09-13,51203,12414618,EDCKUL21GENCD100,equipment,GEN,Electrical,,GF,GEN ROOM CD,3,KUL21 Generator System,Sime Darby Industrial,24.69,20,81,61,100.0,20,20,0,1,0.0,0,35,35,1,0.0,0,26,26,1,,0,0,0,0,,0,0,0,0,2026-09-12T20:10:25.613305+00:00
2026-09-13,51203,12414619,EDCKUL21GENCE100,equipment,GEN,Electrical,,GF,GEN ROOM CE,3,KUL21 Generator System,Sime Darby Industrial,24.69,20,81,61,100.0,20,20,0,1,0.0,0,35,35,1,0.0,0,26,26,1,,0,0,0,0,,0,0,0,0,2026-09-12T20:10:25.613305+00:00
2026-09-13,51203,12414620,EDCKUL21GENCF100,equipment,GEN,Electrical,,GF,GEN ROOM CF,3,KUL21 Generator System,Sime Darby Industrial,24.69,20,81,61,100.0,20,20,0,1,0.0,0,35,35,1,0.0,0,26,26,1,,0,0,0,0,,0,0,0,0,2026-09-12T20:10:25.613305+00:00
2026-09-13,51203,12414621,EDCKUL21GENCT100,equipment,GEN,Electrical,,GF,GEN ROOM CT,3,KUL21 Generator System,Sime Darby Industrial,24.69,20,81,61,100.0,20,20,0,1,0.0,0,35,35,1,0.0,0,26,26,1,,0,0,0,0,,0,0,0,0,2026-09-12T20:10:25.613305+00:00
2026-09-13,51203,12414622,EDCKUL21GENCY100,equipment,GEN,Electrical,,GF,GEN ROOM CY,3,KUL21 Generator System,Sime Darby Industrial,24.69,20,81,61,100.0,20,20,0,1,0.0,0,35,35,1,0.0,0,26,26,1,,0,0,0,0,,0,0,0,0,2026-09-12T20:10:25.613305+00:00
2026-09-13,51203,12414623,EDCKUL21GSBCA100,equipment,GSB,Electrical,,GF,GEN ROOM CA,3,KUL21 Generator System,Sime Darby Industrial,24.69,20,81,61,95.0,19,20,1,1,2.86,1,35,34,1,0.0,0,26,26,1,,0,0,0,0,,0,0,0,0,2026-09-12T20:10:25.613305+00:00
2026-09-13,51203,12414624,EDCKUL21GSBCB100,equipment,GSB,Electrical,,GF,GEN ROOM CB,3,KUL21 Generator System,Sime Darby Industrial,23.46,19,81,62,95.0,19,20,1,1,0.0,0,35,35,1,0.0,0,26,26,1,,0,0,0,0,,0,0,0,0,2026-09-12T20:10:25.613305+00:00
2026-09-13,51203,12414625,EDCKUL21GSBCC100,equipment,GSB,Electrical,,GF,GEN ROOM CC,3,KUL21 Generator System,Sime Darby Industrial,23.46,19,81,62,95.0,19,20,1,1,0.0,0,35,35,1,0.0,0,26,26,1,,0,0,0,0,,0,0,0,0,2026-09-12T20:10:25.613305+00:00
2026-09-13,51203,12414626,EDCKUL21GSBCD100,equipment,GSB,Electrical,,GF,GEN ROOM CD,3,KUL21 Generator System,Sime Darby Industrial,23.46,19,81,62,95.0,19,20,1,1,0.0,0,35,35,1,0.0,0,26,26,1,,0,0,0,0,,0,0,0,0,2026-09-12T20:10:25.613305+00:00
2026-09-13,51203,12414627,EDCKUL21GSBCE100,equipment,GSB,Electrical,,GF,GEN ROOM CE,3,KUL21 Generator System,Sime Darby Industrial,23.46,19,81,62,95.0,19,20,1,1,0.0,0,35,35,1,0.0,0,26,26,1,,0,0,0,0,,0,0,0,0,2026-09-12T20:10:25.613305+00:00
2026-09-13,51203,12414628,EDCKUL21GSBCF100,equipment,GSB,Electrical,,GF,GEN ROOM CF,3,KUL21 Generator System,Sime Darby Industrial,23.46,19,81,62,95.0,19,20,1,1,0.0,0,35,35,1,0.0,0,26,26,1,,0,0,0,0,,0,0,0,0,2026-09-12T20:10:25.613305+00:00
2026-09-13,51203,12414629,EDCKUL21GSBCT100,equipment,GSB,Electrical,,GF,GEN ROOM CT,3,KUL21 Generator System,Sime Darby Industrial,23.46,19,81,62,95.0,19,20,1,1,0.0,0,35,35,1,0.0,0,26,26,1,,0,0,0,0,,0,0,0,0,2026-09-12T20:10:25.613305+00:00
2026-09-13,51203,12414630,EDCKUL21GSBCY100,equipment,GSB,Electrical,,GF,GEN ROOM CY,3,KUL21 Generator System,Sime Darby Industrial,24.69,20,81,61,100.0,20,20,0,1,0.0,0,35,35,1,0.0,0,26,26,1,,0,0,0,0,,0,0,0,0,2026-09-12T20:10:25.613305+00:00
2026-09-13,51203,12414631,EDCKUL21LBG00200,equipment,LBG,Electrical,,RF,ROOF,3,KUL21 LV System,JTP Power,24.69,20,81,61,100.0,20,20,0,1,0.0,0,35,35,1,0.0,0,26,26,1,,0,0,0,0,,0,0,0,0,2026-09-12T20:10:25.613305+00:00
2026-09-13,51203,12414632,EDCKUL21MVSA0210,equipment,MVS,Electrical,,GF,MV RM A3,3,KUL21 MV System,Siemens Malaysia,34.57,28,81,53,100.0,20,20,0,1,22.86,8,35,27,1,0.0,0,26,26,1,,0,0,0,0,,0,0,0,0,2026-09-12T20:10:25.613305+00:00
2026-09-13,51203,12414633,EDCKUL21MVSB0220,equipment,MVS,Electrical,,GF,MV RM B3,3,KUL21 MV System,Siemens Malaysia,67.9,55,81,26,100.0,20,20,0,1,100.0,35,35,0,1,0.0,0,26,26,1,,0,0,0,0,,0,0,0,0,2026-09-12T20:10:25.613305+00:00
2026-09-13,51203,12414634,EDCKUL21DSGCB110,equipment,DSG,Electrical,,GF,TX BAY CB-CC,3,KUL21 MV System,Siemens Malaysia,33.33,27,81,54,100.0,20,20,0,1,20.0,7,35,28,1,0.0,0,26,26,1,,0,0,0,0,,0,0,0,0,2026-09-12T20:10:25.613305+00:00
2026-09-13,51203,12414635,EDCKUL21DSGCC110,equipment,DSG,Electrical,,GF,TX BAY CB-CC,3,KUL21 MV System,Siemens Malaysia,33.33,27,81,54,100.0,20,20,0,1,20.0,7,35,28,1,0.0,0,26,26,1,,0,0,0,0,,0,0,0,0,2026-09-12T20:10:25.613305+00:00
2026-09-13,51203,12414636,EDCKUL21DSGCD110,equipment,DSG,Electrical,,GF,TX BAY CD-CE,3,KUL21 MV System,Siemens Malaysia,33.33,27,81,54,100.0,20,20,0,1,20.0,7,35,28,1,0.0,0,26,26,1,,0,0,0,0,,0,0,0,0,2026-09-12T20:10:25.613305+00:00
2026-09-13,51203,12414637,EDCKUL21DSGCE110,equipment,DSG,Electrical,,GF,TX BAY CD-CE,3,KUL21 MV System,Siemens Malaysia,33.33,27,81,54,100.0,20,20,0,1,20.0,7,35,28,1,0.0,0,26,26,1,,0,0,0,0,,0,0,0,0,2026-09-12T20:10:25.613305+00:00
2026-09-13,51203,12414638,EDCKUL21DSGCF110,equipment,DSG,Electrical,,GF,TX BAY CF-CT,3,KUL21 MV System,Siemens Malaysia,32.1,26,81,55,100.0,20,20,0,1,17.14,6,35,29,1,0.0,0,26,26,1,,0,0,0,0,,0,0,0,0,2026-09-12T20:10:25.613305+00:00
2026-09-13,51203,12414639,EDCKUL21DSGCT110,equipment,DSG,Electrical,,GF,TX BAY CF-CT,3,KUL21 MV System,Siemens Malaysia,33.33,27,81,54,100.0,20,20,0,1,20.0,7,35,28,1,0.0,0,26,26,1,,0,0,0,0,,0,0,0,0,2026-09-12T20:10:25.613305+00:00
2026-09-13,51203,12414640,EDCKUL21DSGCA110,equipment,DSG,Electrical,,GF,TX BAY CY-CA,3,KUL21 MV System,Siemens Malaysia,33.33,27,81,54,100.0,20,20,0,1,20.0,7,35,28,1,0.0,0,26,26,1,,0,0,0,0,,0,0,0,0,2026-09-12T20:10:25.613305+00:00
2026-09-13,51203,12414641,EDCKUL21DSGCY110,equipment,DSG,Electrical,,GF,TX BAY CY-CA,3,KUL21 MV System,Siemens Malaysia,33.33,27,81,54,100.0,20,20,0,1,20.0,7,35,28,1,0.0,0,26,26,1,,0,0,0,0,,0,0,0,0,2026-09-12T20:10:25.613305+00:00
2026-09-13,51203,12414642,EDCKUL21TRNCB100,equipment,TRN,Electrical,,GF,TX BAY CB-CC,3,KUL21 MV System,Siemens Malaysia,33.33,27,81,54,100.0,20,20,0,1,20.0,7,35,28,1,0.0,0,26,26,1,,0,0,0,0,,0,0,0,0,2026-09-12T20:10:25.613305+00:00
2026-09-13,51203,12414643,EDCKUL21TRNCC100,equipment,TRN,Electrical,,GF,TX BAY CB-CC,3,KUL21 MV System,Siemens Malaysia,33.33,27,81,54,100.0,20,20,0,1,20.0,7,35,28,1,0.0,0,26,26,1,,0,0,0,0,,0,0,0,0,2026-09-12T20:10:25.613305+00:00
2026-09-13,51203,12414644,EDCKUL21TRNCD100,equipment,TRN,Electrical,,GF,TX BAY CD-CE,3,KUL21 MV System,Siemens Malaysia,33.33,27,81,54,100.0,20,20,0,1,20.0,7,35,28,1,0.0,0,26,26,1,,0,0,0,0,,0,0,0,0,2026-09-12T20:10:25.613305+00:00
2026-09-13,51203,12414645,EDCKUL21TRNCE100,equipment,TRN,Electrical,,GF,TX BAY CD-CE,3,KUL21 MV System,Siemens Malaysia,33.33,27,81,54,100.0,20,20,0,1,20.0,7,35,28,1,0.0,0,26,26,1,,0,0,0,0,,0,0,0,0,2026-09-12T20:10:25.613305+00:00
2026-09-13,51203,12414646,EDCKUL21TRNCF100,equipment,TRN,Electrical,,GF,TX BAY CF-CT,3,KUL21 MV System,Siemens Malaysia,33.33,27,81,54,100.0,20,20,0,1,20.0,7,35,28,1,0.0,0,26,26,1,,0,0,0,0,,0,0,0,0,2026-09-12T20:10:25.613305+00:00
2026-09-13,51203,12414647,EDCKUL21TRNCT100,equipment,TRN,Electrical,,GF,TX BAY CF-CT,3,KUL21 MV System,Siemens Malaysia,33.33,27,81,54,100.0,20,20,0,1,20.0,7,35,28,1,0.0,0,26,26,1,,0,0,0,0,,0,0,0,0,2026-09-12T20:10:25.613305+00:00
2026-09-13,51203,12414648,EDCKUL21TRNCA100,equipment,TRN,Electrical,,GF,TX BAY CY-CA,3,KUL21 MV System,Siemens Malaysia,41.98,34,81,47,100.0,20,20,0,1,20.0,7,35,28,1,26.92,7,26,19,1,,0,0,0,0,,0,0,0,0,2026-09-12T20:10:25.613305+00:00
2026-09-13,51203,12414649,EDCKUL21TRNCY100,equipment,TRN,Electrical,,GF,TX BAY CY-CA,3,KUL21 MV System,Siemens Malaysia,41.98,34,81,47,100.0,20,20,0,1,20.0,7,35,28,1,26.92,7,26,19,1,,0,0,0,0,,0,0,0,0,2026-09-12T20:10:25.613305+00:00
2026-09-13,51203,12414650,EDCKUL21MSBCA110,equipment,MSB,Electrical,,GF,ELE RM CA,3,KUL21 LV System,Powerwell,24.69,20,81,61,100.0,20,20,0,1,0.0,0,35,35,1,0.0,0,26,26,1,,0,0,0,0,,0,0,0,0,2026-09-12T20:10:25.613305+00:00
2026-09-13,51203,12414651,EDCKUL21MSBCB110,equipment,MSB,Electrical,,GF,ELE RM CB,3,KUL21 LV System,Powerwell,24.69,20,81,61,100.0,20,20,0,1,0.0,0,35,35,1,0.0,0,26,26,1,,0,0,0,0,,0,0,0,0,2026-09-12T20:10:25.613305+00:00
2026-09-13,51203,12414652,EDCKUL21MSBCB210,equipment,MSB,Electrical,,GF,ELE RM CB,3,KUL21 LV System,Promatrix DCS,24.69,20,81,61,100.0,20,20,0,1,0.0,0,35,35,1,0.0,0,26,26,1,,0,0,0,0,,0,0,0,0,2026-09-12T20:10:25.613305+00:00
2026-09-13,51203,12414653,EDCKUL21MSBCC110,equipment,MSB,Electrical,,GF,ELE RM CC,3,KUL21 LV System,Powerwell,33.33,27,81,54,100.0,20,20,0,1,20.0,7,35,28,1,0.0,0,26,26,1,,0,0,0,0,,0,0,0,0,2026-09-12T20:10:25.613305+00:00
2026-09-13,51203,12414654,EDCKUL21MSBCD110,equipment,MSB,Electrical,,GF,ELE RM CD,3,KUL21 LV System,Powerwell,24.69,20,81,61,100.0,20,20,0,1,0.0,0,35,35,1,0.0,0,26,26,1,,0,0,0,0,,0,0,0,0,2026-09-12T20:10:25.613305+00:00
2026-09-13,51203,12414655,EDCKUL21MSBCE110,equipment,MSB,Electrical,,GF,ELE RM CE,3,KUL21 LV System,Powerwell,24.69,20,81,61,100.0,20,20,0,1,0.0,0,35,35,1,0.0,0,26,26,1,,0,0,0,0,,0,0,0,0,2026-09-12T20:10:25.613305+00:00
2026-09-13,51203,12414656,EDCKUL21MSBCE210,equipment,MSB,Electrical,,GF,ELE RM CE,3,KUL21 LV System,Powerwell,24.69,20,81,61,100.0,20,20,0,1,0.0,0,35,35,1,0.0,0,26,26,1,,0,0,0,0,,0,0,0,0,2026-09-12T20:10:25.613305+00:00
2026-09-13,51203,12414657,EDCKUL21MSBCF110,equipment,MSB,Electrical,,GF,ELE RM CF,3,KUL21 LV System,Powerwell,24.69,20,81,61,100.0,20,20,0,1,0.0,0,35,35,1,0.0,0,26,26,1,,0,0,0,0,,0,0,0,0,2026-09-12T20:10:25.613305+00:00
2026-09-13,51203,12414658,EDCKUL21MSBCT110,equipment,MSB,Electrical,,GF,ELE RM CT,3,KUL21 LV System,Powerwell,24.69,20,81,61,100.0,20,20,0,1,0.0,0,35,35,1,0.0,0,26,26,1,,0,0,0,0,,0,0,0,0,2026-09-12T20:10:25.613305+00:00
2026-09-13,51203,12414659,EDCKUL21MSBCY110,equipment,MSB,Electrical,,GF,ELE RM CY,3,KUL21 LV System,Powerwell,24.69,20,81,61,100.0,20,20,0,1,0.0,0,35,35,1,0.0,0,26,26,1,,0,0,0,0,,0,0,0,0,2026-09-12T20:10:25.613305+00:00
2026-09-13,51203,12414660,EDCKUL21MBCCA110,equipment,MBC,Electrical,,GF,ELE RM CA,3,KUL21 LV System,Powerwell,24.69,20,81,61,100.0,20,20,0,1,0.0,0,35,35,1,0.0,0,26,26,1,,0,0,0,0,,0,0,0,0,2026-09-12T20:10:25.613305+00:00
2026-09-13,51203,12414661,EDCKUL21MBCCB110,equipment,MBC,Electrical,,GF,ELE RM CB,3,KUL21 LV System,Powerwell,24.69,20,81,61,100.0,20,20,0,1,0.0,0,35,35,1,0.0,0,26,26,1,,0,0,0,0,,0,0,0,0,2026-09-12T20:10:25.613305+00:00
2026-09-13,51203,12414662,EDCKUL21MBCCC110,equipment,MBC,Electrical,,GF,ELE RM CC,3,KUL21 LV System,Powerwell,24.69,20,81,61,100.0,20,20,0,1,0.0,0,35,35,1,0.0,0,26,26,1,,0,0,0,0,,0,0,0,0,2026-09-12T20:10:25.613305+00:00
2026-09-13,51203,12414663,EDCKUL21MBCCD110,equipment,MBC,Electrical,,GF,ELE RM CD,3,KUL21 LV System,Powerwell,24.69,20,81,61,100.0,20,20,0,1,0.0,0,35,35,1,0.0,0,26,26,1,,0,0,0,0,,0,0,0,0,2026-09-12T20:10:25.613305+00:00
2026-09-13,51203,12414664,EDCKUL21MBCCE110,equipment,MBC,Electrical,,GF,ELE RM CE,3,KUL21 LV System,Powerwell,24.69,20,81,61,100.0,20,20,0,1,0.0,0,35,35,1,0.0,0,26,26,1,,0,0,0,0,,0,0,0,0,2026-09-12T20:10:25.613305+00:00
2026-09-13,51203,12414665,EDCKUL21MBCCF110,equipment,MBC,Electrical,,GF,ELE RM CF,3,KUL21 LV System,Powerwell,24.69,20,81,61,100.0,20,20,0,1,0.0,0,35,35,1,0.0,0,26,26,1,,0,0,0,0,,0,0,0,0,2026-09-12T20:10:25.613305+00:00
2026-09-13,51203,12414666,EDCKUL21MBCCT110,equipment,MBC,Electrical,,GF,ELE RM CT,3,KUL21 LV System,Powerwell,24.69,20,81,61,100.0,20,20,0,1,0.0,0,35,35,1,0.0,0,26,26,1,,0,0,0,0,,0,0,0,0,2026-09-12T20:10:25.613305+00:00
2026-09-13,51203,12414667,EDCKUL21MBCCY110,equipment,MBC,Electrical,,GF,ELE RM CY,3,KUL21 LV System,Powerwell,24.69,20,81,61,100.0,20,20,0,1,0.0,0,35,35,1,0.0,0,26,26,1,,0,0,0,0,,0,0,0,0,2026-09-12T20:10:25.613305+00:00
2026-09-13,51203,12414668,EDCKUL21MDPCA110,equipment,MDP,Electrical,,GF,ELE RM CA,3,KUL21 LV System,Powerwell,24.69,20,81,61,100.0,20,20,0,1,0.0,0,35,35,1,0.0,0,26,26,1,,0,0,0,0,,0,0,0,0,2026-09-12T20:10:25.613305+00:00
2026-09-13,51203,12414669,EDCKUL21MDPCB110,equipment,MDP,Electrical,,GF,ELE RM CB,3,KUL21 LV System,Powerwell,24.69,20,81,61,100.0,20,20,0,1,0.0,0,35,35,1,0.0,0,26,26,1,,0,0,0,0,,0,0,0,0,2026-09-12T20:10:25.613305+00:00
2026-09-13,51203,12414670,EDCKUL21MDPCC110,equipment,MDP,Electrical,,GF,ELE RM CC,3,KUL21 LV System,Powerwell,24.69,20,81,61,100.0,20,20,0,1,0.0,0,35,35,1,0.0,0,26,26,1,,0,0,0,0,,0,0,0,0,2026-09-12T20:10:25.613305+00:00
2026-09-13,51203,12414671,EDCKUL21MDPCD110,equipment,MDP,Electrical,,GF,ELE RM CD,3,KUL21 LV System,Powerwell,24.69,20,81,61,100.0,20,20,0,1,0.0,0,35,35,1,0.0,0,26,26,1,,0,0,0,0,,0,0,0,0,2026-09-12T20:10:25.613305+00:00
2026-09-13,51203,12414672,EDCKUL21MDPCE110,equipment,MDP,Electrical,,GF,ELE RM CE,3,KUL21 LV System,Powerwell,24.69,20,81,61,100.0,20,20,0,1,0.0,0,35,35,1,0.0,0,26,26,1,,0,0,0,0,,0,0,0,0,2026-09-12T20:10:25.613305+00:00
2026-09-13,51203,12414673,EDCKUL21MDPCF110,equipment,MDP,Electrical,,GF,ELE RM CF,3,KUL21 LV System,Powerwell,24.69,20,81,61,100.0,20,20,0,1,0.0,0,35,35,1,0.0,0,26,26,1,,0,0,0,0,,0,0,0,0,2026-09-12T20:10:25.613305+00:00
2026-09-13,51203,12414674,EDCKUL21MDPCA210,equipment,MDP,Electrical,,GF,FUEL STATION FT6,3,KUL21 LV System,Promatrix DCS,0.0,0,81,81,0.0,0,20,20,1,0.0,0,35,35,1,0.0,0,26,26,1,,0,0,0,0,,0,0,0,0,2026-09-12T20:10:25.613305+00:00
2026-09-13,51203,12414675,EDCKUL21MDPCT310,equipment,MDP,Electrical,,GF,FUEL STATION FT6,3,KUL21 LV System,Promatrix DCS,0.0,0,81,81,0.0,0,20,20,1,0.0,0,35,35,1,0.0,0,26,26,1,,0,0,0,0,,0,0,0,0,2026-09-12T20:10:25.613305+00:00
2026-09-13,51203,12414676,EDCKUL21MDPCC210,equipment,MDP,Electrical,,GF,PANEL ROOM GF,3,KUL21 LV System,Promatrix DCS,24.69,20,81,61,100.0,20,20,0,1,0.0,0,35,35,1,0.0,0,26,26,1,,0,0,0,0,,0,0,0,0,2026-09-12T20:10:25.613305+00:00
2026-09-13,51203,12414677,EDCKUL21MDPCD210,equipment,MDP,Electrical,,GF,PANEL ROOM GF,3,KUL21 LV System,Promatrix DCS,24.69,20,81,61,100.0,20,20,0,1,0.0,0,35,35,1,0.0,0,26,26,1,,0,0,0,0,,0,0,0,0,2026-09-12T20:10:25.613305+00:00
2026-09-13,51203,12414678,EDCKUL21MDPCT110,equipment,MDP,Electrical,,GF,PANEL ROOM GF,3,KUL21 LV System,Promatrix DCS,24.69,20,81,61,100.0,20,20,0,1,0.0,0,35,35,1,0.0,0,26,26,1,,0,0,0,0,,0,0,0,0,2026-09-12T20:10:25.613305+00:00
2026-09-13,51203,12414679,EDCKUL21MDPCT210,equipment,MDP,Electrical,,GF,PANEL ROOM GF,3,KUL21 LV System,Promatrix DCS,24.69,20,81,61,100.0,20,20,0,1,0.0,0,35,35,1,0.0,0,26,26,1,,0,0,0,0,,0,0,0,0,2026-09-12T20:10:25.613305+00:00
2026-09-13,51203,12414680,EDCKUL21MDPCT410,equipment,MDP,Electrical,,GF,PANEL ROOM GF,3,KUL21 LV System,Promatrix DCS,24.69,20,81,61,100.0,20,20,0,1,0.0,0,35,35,1,0.0,0,26,26,1,,0,0,0,0,,0,0,0,0,2026-09-12T20:10:25.613305+00:00
2026-09-13,51203,12414681,EDCKUL21DPPCA110,equipment,DPP,Electrical,,GF,GEN ROOM CA,3,KUL21 LV System,Sime Darby Industrial,24.69,20,81,61,100.0,20,20,0,1,0.0,0,35,35,1,0.0,0,26,26,1,,0,0,0,0,,0,0,0,0,2026-09-12T20:10:25.613305+00:00
2026-09-13,51203,12414682,EDCKUL21DPPCB110,equipment,DPP,Electrical,,GF,GEN ROOM CB,3,KUL21 LV System,Sime Darby Industrial,24.69,20,81,61,100.0,20,20,0,1,0.0,0,35,35,1,0.0,0,26,26,1,,0,0,0,0,,0,0,0,0,2026-09-12T20:10:25.613305+00:00
2026-09-13,51203,12414683,EDCKUL21DPPCC110,equipment,DPP,Electrical,,GF,GEN ROOM CC,3,KUL21 LV System,Sime Darby Industrial,24.69,20,81,61,100.0,20,20,0,1,0.0,0,35,35,1,0.0,0,26,26,1,,0,0,0,0,,0,0,0,0,2026-09-12T20:10:25.613305+00:00
2026-09-13,51203,12414684,EDCKUL21DPPCD110,equipment,DPP,Electrical,,GF,GEN ROOM CD,3,KUL21 LV System,Sime Darby Industrial,24.69,20,81,61,100.0,20,20,0,1,0.0,0,35,35,1,0.0,0,26,26,1,,0,0,0,0,,0,0,0,0,2026-09-12T20:10:25.613305+00:00
2026-09-13,51203,12414685,EDCKUL21DPPCE110,equipment,DPP,Electrical,,GF,GEN ROOM CE,3,KUL21 LV System,Sime Darby Industrial,24.69,20,81,61,100.0,20,20,0,1,0.0,0,35,35,1,0.0,0,26,26,1,,0,0,0,0,,0,0,0,0,2026-09-12T20:10:25.613305+00:00
2026-09-13,51203,12414686,EDCKUL21DPPCF110,equipment,DPP,Electrical,,GF,GEN ROOM CF,3,KUL21 LV System,Sime Darby Industrial,24.69,20,81,61,100.0,20,20,0,1,0.0,0,35,35,1,0.0,0,26,26,1,,0,0,0,0,,0,0,0,0,2026-09-12T20:10:25.613305+00:00
2026-09-13,51203,12414687,EDCKUL21DPPCT110,equipment,DPP,Electrical,,GF,GEN ROOM CT,3,KUL21 LV System,Sime Darby Industrial,24.69,20,81,61,100.0,20,20,0,1,0.0,0,35,35,1,0.0,0,26,26,1,,0,0,0,0,,0,0,0,0,2026-09-12T20:10:25.613305+00:00
2026-09-13,51203,12414688,EDCKUL21DPPCY110,equipment,DPP,Electrical,,GF,GEN ROOM CY,3,KUL21 LV System,Sime Darby Industrial,24.69,20,81,61,100.0,20,20,0,1,0.0,0,35,35,1,0.0,0,26,26,1,,0,0,0,0,,0,0,0,0,2026-09-12T20:10:25.613305+00:00
2026-09-13,51203,12414689,EDCKUL21ELPCB120,equipment,ELP,Electrical,,GF,PANEL ROOM GF,3,KUL21 LV System,Promatrix DCS,24.69,20,81,61,100.0,20,20,0,1,0.0,0,35,35,1,0.0,0,26,26,1,,0,0,0,0,,0,0,0,0,2026-09-12T20:10:25.613305+00:00
2026-09-13,51203,12414690,EDCKUL21ELPCC110,equipment,ELP,Electrical,,GF,PANEL ROOM GF,3,KUL21 LV System,Promatrix DCS,24.69,20,81,61,100.0,20,20,0,1,0.0,0,35,35,1,0.0,0,26,26,1,,0,0,0,0,,0,0,0,0,2026-09-12T20:10:25.613305+00:00
2026-09-13,51203,12414691,EDCKUL21ELPCD110,equipment,ELP,Electrical,,GF,PANEL ROOM GF,3,KUL21 LV System,Promatrix DCS,24.69,20,81,61,100.0,20,20,0,1,0.0,0,35,35,1,0.0,0,26,26,1,,0,0,0,0,,0,0,0,0,2026-09-12T20:10:25.613305+00:00
2026-09-13,51203,12414692,EDCKUL21ELPCE120,equipment,ELP,Electrical,,GF,PANEL ROOM GF,3,KUL21 LV System,Promatrix DCS,24.69,20,81,61,100.0,20,20,0,1,0.0,0,35,35,1,0.0,0,26,26,1,,0,0,0,0,,0,0,0,0,2026-09-12T20:10:25.613305+00:00
2026-09-13,51203,12414693,EDCKUL21EPPCA110,equipment,EPP,Electrical,,GF,PANEL ROOM GF,3,KUL21 LV System,Promatrix DCS,24.69,20,81,61,100.0,20,20,0,1,0.0,0,35,35,1,0.0,0,26,26,1,,0,0,0,0,,0,0,0,0,2026-09-12T20:10:25.613305+00:00
2026-09-13,51203,12414694,EDCKUL21EPPCB120,equipment,EPP,Electrical,,GF,PANEL ROOM GF,3,KUL21 LV System,Promatrix DCS,24.69,20,81,61,100.0,20,20,0,1,0.0,0,35,35,1,0.0,0,26,26,1,,0,0,0,0,,0,0,0,0,2026-09-12T20:10:25.613305+00:00
2026-09-13,51203,12414695,EDCKUL21EPPCE120,equipment,EPP,Electrical,,GF,PANEL ROOM GF,3,KUL21 LV System,Promatrix DCS,8.64,7,81,74,35.0,7,20,13,1,0.0,0,35,35,1,0.0,0,26,26,1,,0,0,0,0,,0,0,0,0,2026-09-12T20:10:25.613305+00:00
2026-09-13,51203,12414696,EDCKUL21EPPCF110,equipment,EPP,Electrical,,GF,PANEL ROOM GF,3,KUL21 LV System,Promatrix DCS,24.69,20,81,61,100.0,20,20,0,1,0.0,0,35,35,1,0.0,0,26,26,1,,0,0,0,0,,0,0,0,0,2026-09-12T20:10:25.613305+00:00
2026-09-13,51203,12414697,EDCKUL21RPPCA112,equipment,RPP,Electrical,,GF,DATA HALL 2,3,KUL21 LV System,Powerwell,0.0,0,81,81,0.0,0,20,20,1,0.0,0,35,35,1,0.0,0,26,26,1,,0,0,0,0,,0,0,0,0,2026-09-12T20:10:25.613305+00:00
2026-09-13,51203,12414698,EDCKUL21RPPCB112,equipment,RPP,Electrical,,GF,DATA HALL 2,3,KUL21 LV System,Powerwell,0.0,0,81,81,0.0,0,20,20,1,0.0,0,35,35,1,0.0,0,26,26,1,,0,0,0,0,,0,0,0,0,2026-09-12T20:10:25.613305+00:00
2026-09-13,51203,12414699,EDCKUL21RPPCC112,equipment,RPP,Electrical,,GF,DATA HALL 2,3,KUL21 LV System,Powerwell,0.0,0,81,81,0.0,0,20,20,1,0.0,0,35,35,1,0.0,0,26,26,1,,0,0,0,0,,0,0,0,0,2026-09-12T20:10:25.613305+00:00
2026-09-13,51203,12414700,EDCKUL21RPPCC212,equipment,RPP,Electrical,,GF,DATA HALL 2,3,KUL21 LV System,Powerwell,0.0,0,81,81,0.0,0,20,20,1,0.0,0,35,35,1,0.0,0,26,26,1,,0,0,0,0,,0,0,0,0,2026-09-12T20:10:25.613305+00:00
2026-09-13,51203,12414701,EDCKUL21RPPCD112,equipment,RPP,Electrical,,GF,DATA HALL 2,3,KUL21 LV System,Powerwell,0.0,0,81,81,0.0,0,20,20,1,0.0,0,35,35,1,0.0,0,26,26,1,,0,0,0,0,,0,0,0,0,2026-09-12T20:10:25.613305+00:00
2026-09-13,51203,12414702,EDCKUL21RPPCD212,equipment,RPP,Electrical,,GF,DATA HALL 2,3,KUL21 LV System,Powerwell,0.0,0,81,81,0.0,0,20,20,1,0.0,0,35,35,1,0.0,0,26,26,1,,0,0,0,0,,0,0,0,0,2026-09-12T20:10:25.613305+00:00
2026-09-13,51203,12414703,EDCKUL21RPPCE112,equipment,RPP,Electrical,,GF,DATA HALL 2,3,KUL21 LV System,Powerwell,0.0,0,81,81,0.0,0,20,20,1,0.0,0,35,35,1,0.0,0,26,26,1,,0,0,0,0,,0,0,0,0,2026-09-12T20:10:25.613305+00:00
2026-09-13,51203,12414704,EDCKUL21RPPCF112,equipment,RPP,Electrical,,GF,DATA HALL 2,3,KUL21 LV System,Powerwell,0.0,0,81,81,0.0,0,20,20,1,0.0,0,35,35,1,0.0,0,26,26,1,,0,0,0,0,,0,0,0,0,2026-09-12T20:10:25.613305+00:00
2026-09-13,51203,12414705,EDCKUL21RPPCA113,equipment,RPP,Electrical,,GF,DATA HALL 3,3,KUL21 LV System,Powerwell,0.0,0,81,81,0.0,0,20,20,1,0.0,0,35,35,1,0.0,0,26,26,1,,0,0,0,0,,0,0,0,0,2026-09-12T20:10:25.613305+00:00
2026-09-13,51203,12414706,EDCKUL21RPPCB113,equipment,RPP,Electrical,,GF,DATA HALL 3,3,KUL21 LV System,Powerwell,0.0,0,81,81,0.0,0,20,20,1,0.0,0,35,35,1,0.0,0,26,26,1,,0,0,0,0,,0,0,0,0,2026-09-12T20:10:25.613305+00:00
2026-09-13,51203,12414707,EDCKUL21RPPCC113,equipment,RPP,Electrical,,GF,DATA HALL 3,3,KUL21 LV System,Powerwell,0.0,0,81,81,0.0,0,20,20,1,0.0,0,35,35,1,0.0,0,26,26,1,,0,0,0,0,,0,0,0,0,2026-09-12T20:10:25.613305+00:00
2026-09-13,51203,12414708,EDCKUL21RPPCD113,equipment,RPP,Electrical,,GF,DATA HALL 3,3,KUL21 LV System,Powerwell,0.0,0,81,81,0.0,0,20,20,1,0.0,0,35,35,1,0.0,0,26,26,1,,0,0,0,0,,0,0,0,0,2026-09-12T20:10:25.613305+00:00
2026-09-13,51203,12414709,EDCKUL21RPPCE113,equipment,RPP,Electrical,,GF,DATA HALL 3,3,KUL21 LV System,Powerwell,0.0,0,81,81,0.0,0,20,20,1,0.0,0,35,35,1,0.0,0,26,26,1,,0,0,0,0,,0,0,0,0,2026-09-12T20:10:25.613305+00:00
2026-09-13,51203,12414710,EDCKUL21RPPCE213,equipment,RPP,Electrical,,GF,DATA HALL 3,3,KUL21 LV System,Powerwell,0.0,0,81,81,0.0,0,20,20,1,0.0,0,35,35,1,0.0,0,26,26,1,,0,0,0,0,,0,0,0,0,2026-09-12T20:10:25.613305+00:00
2026-09-13,51203,12414711,EDCKUL21RPPCF113,equipment,RPP,Electrical,,GF,DATA HALL 3,3,KUL21 LV System,Powerwell,0.0,0,81,81,0.0,0,20,20,1,0.0,0,35,35,1,0.0,0,26,26,1,,0,0,0,0,,0,0,0,0,2026-09-12T20:10:25.613305+00:00
2026-09-13,51203,12414712,EDCKUL21RPPCF213,equipment,RPP,Electrical,,GF,DATA HALL 3,3,KUL21 LV System,Powerwell,0.0,0,81,81,0.0,0,20,20,1,0.0,0,35,35,1,0.0,0,26,26,1,,0,0,0,0,,0,0,0,0,2026-09-12T20:10:25.613305+00:00
2026-09-13,51203,12414713,EDCKUL21UDPCA110,equipment,UDP,Electrical,,GF,ELE RM CA,3,KUL21 LV System,Powerwell,24.69,20,81,61,100.0,20,20,0,1,0.0,0,35,35,1,0.0,0,26,26,1,,0,0,0,0,,0,0,0,0,2026-09-12T20:10:25.613305+00:00
2026-09-13,51203,12414714,EDCKUL21UDPCB110,equipment,UDP,Electrical,,GF,ELE RM CB,3,KUL21 LV System,Powerwell,24.69,20,81,61,100.0,20,20,0,1,0.0,0,35,35,1,0.0,0,26,26,1,,0,0,0,0,,0,0,0,0,2026-09-12T20:10:25.613305+00:00
2026-09-13,51203,12414715,EDCKUL21UDPCC110,equipment,UDP,Electrical,,GF,ELE RM CC,3,KUL21 LV System,Powerwell,24.69,20,81,61,100.0,20,20,0,1,0.0,0,35,35,1,0.0,0,26,26,1,,0,0,0,0,,0,0,0,0,2026-09-12T20:10:25.613305+00:00
2026-09-13,51203,12414716,EDCKUL21UDPCD110,equipment,UDP,Electrical,,GF,ELE RM CD,3,KUL21 LV System,Powerwell,24.69,20,81,61,100.0,20,20,0,1,0.0,0,35,35,1,0.0,0,26,26,1,,0,0,0,0,,0,0,0,0,2026-09-12T20:10:25.613305+00:00
2026-09-13,51203,12414717,EDCKUL21UDPCE110,equipment,UDP,Electrical,,GF,ELE RM CE,3,KUL21 LV System,Powerwell,24.69,20,81,61,100.0,20,20,0,1,0.0,0,35,35,1,0.0,0,26,26,1,,0,0,0,0,,0,0,0,0,2026-09-12T20:10:25.613305+00:00
2026-09-13,51203,12414718,EDCKUL21UDPCF110,equipment,UDP,Electrical,,GF,ELE RM CF,3,KUL21 LV System,Powerwell,24.69,20,81,61,100.0,20,20,0,1,0.0,0,35,35,1,0.0,0,26,26,1,,0,0,0,0,,0,0,0,0,2026-09-12T20:10:25.613305+00:00
2026-09-13,51203,12414719,EDCKUL21UMPCT110,equipment,UMP,Electrical,,GF,ELE RM CT,3,KUL21 LV System,Powerwell,24.69,20,81,61,100.0,20,20,0,1,0.0,0,35,35,1,0.0,0,26,26,1,,0,0,0,0,,0,0,0,0,2026-09-12T20:10:25.613305+00:00
2026-09-13,51203,12414720,EDCKUL21UPBCA110,equipment,UPB,Electrical,,GF,BATT RM CA,3,KUL21 UPS System,Eaton,24.69,20,81,61,100.0,20,20,0,1,0.0,0,35,35,1,0.0,0,26,26,1,,0,0,0,0,,0,0,0,0,2026-09-12T20:10:25.613305+00:00
2026-09-13,51203,12414721,EDCKUL21UPBCB110,equipment,UPB,Electrical,,GF,BATT RM CB,3,KUL21 UPS System,Eaton,24.69,20,81,61,100.0,20,20,0,1,0.0,0,35,35,1,0.0,0,26,26,1,,0,0,0,0,,0,0,0,0,2026-09-12T20:10:25.613305+00:00
2026-09-13,51203,12414722,EDCKUL21UPBCC110,equipment,UPB,Electrical,,GF,BATT RM CC,3,KUL21 UPS System,Eaton,24.69,20,81,61,100.0,20,20,0,1,0.0,0,35,35,1,0.0,0,26,26,1,,0,0,0,0,,0,0,0,0,2026-09-12T20:10:25.613305+00:00
2026-09-13,51203,12414723,EDCKUL21UPBCD110,equipment,UPB,Electrical,,GF,BATT RM CD,3,KUL21 UPS System,Eaton,24.69,20,81,61,100.0,20,20,0,1,0.0,0,35,35,1,0.0,0,26,26,1,,0,0,0,0,,0,0,0,0,2026-09-12T20:10:25.613305+00:00
2026-09-13,51203,12414724,EDCKUL21UPBCE110,equipment,UPB,Electrical,,GF,BATT RM CE,3,KUL21 UPS System,Eaton,24.69,20,81,61,100.0,20,20,0,1,0.0,0,35,35,1,0.0,0,26,26,1,,0,0,0,0,,0,0,0,0,2026-09-12T20:10:25.613305+00:00
2026-09-13,51203,12414725,EDCKUL21UPBCF110,equipment,UPB,Electrical,,GF,BATT RM CF,3,KUL21 UPS System,Eaton,24.69,20,81,61,100.0,20,20,0,1,0.0,0,35,35,1,0.0,0,26,26,1,,0,0,0,0,,0,0,0,0,2026-09-12T20:10:25.613305+00:00
2026-09-13,51203,12414726,EDCKUL21UPBCT110,equipment,UPB,Electrical,,GF,BATT RM CT,3,KUL21 UPS System,Eaton,24.69,20,81,61,100.0,20,20,0,1,0.0,0,35,35,1,0.0,0,26,26,1,,0,0,0,0,,0,0,0,0,2026-09-12T20:10:25.613305+00:00
2026-09-13,51203,12414727,EDCKUL21UPBCY110,equipment,UPB,Electrical,,GF,BATT RM CY,3,KUL21 UPS System,Eaton,24.69,20,81,61,100.0,20,20,0,1,0.0,0,35,35,1,0.0,0,26,26,1,,0,0,0,0,,0,0,0,0,2026-09-12T20:10:25.613305+00:00
2026-09-13,51203,12414728,EDCKUL21UPPCB110,equipment,UPP,Electrical,,GF,ELE RM CB,3,KUL21 LV System,Promatrix DCS,24.69,20,81,61,100.0,20,20,0,1,0.0,0,35,35,1,0.0,0,26,26,1,,0,0,0,0,,0,0,0,0,2026-09-12T20:10:25.613305+00:00
2026-09-13,51203,12414729,EDCKUL21UPPCC110,equipment,UPP,Electrical,,GF,ELE RM CC,3,KUL21 LV System,Promatrix DCS,24.69,20,81,61,100.0,20,20,0,1,0.0,0,35,35,1,0.0,0,26,26,1,,0,0,0,0,,0,0,0,0,2026-09-12T20:10:25.613305+00:00
2026-09-13,51203,12414730,EDCKUL21UPPCD110,equipment,UPP,Electrical,,GF,ELE RM CD,3,KUL21 LV System,Promatrix DCS,24.69,20,81,61,100.0,20,20,0,1,0.0,0,35,35,1,0.0,0,26,26,1,,0,0,0,0,,0,0,0,0,2026-09-12T20:10:25.613305+00:00
2026-09-13,51203,12414731,EDCKUL21UPPCE110,equipment,UPP,Electrical,,GF,ELE RM CE,3,KUL21 LV System,Promatrix DCS,24.69,20,81,61,100.0,20,20,0,1,0.0,0,35,35,1,0.0,0,26,26,1,,0,0,0,0,,0,0,0,0,2026-09-12T20:10:25.613305+00:00
2026-09-13,51203,12414732,EDCKUL21UPPCF110,equipment,UPP,Electrical,,GF,ELE RM CF,3,KUL21 LV System,Promatrix DCS,24.69,20,81,61,100.0,20,20,0,1,0.0,0,35,35,1,0.0,0,26,26,1,,0,0,0,0,,0,0,0,0,2026-09-12T20:10:25.613305+00:00
2026-09-13,51203,12414733,EDCKUL21UPPCA110,equipment,UPP,Electrical,,GF,ELE RM CY,3,KUL21 LV System,Promatrix DCS,24.69,20,81,61,100.0,20,20,0,1,0.0,0,35,35,1,0.0,0,26,26,1,,0,0,0,0,,0,0,0,0,2026-09-12T20:10:25.613305+00:00
2026-09-13,51203,12414734,EDCKUL21UPPCT110,equipment,UPP,Electrical,,GF,PANEL ROOM GF,3,KUL21 LV System,Promatrix DCS,24.69,20,81,61,100.0,20,20,0,1,0.0,0,35,35,1,0.0,0,26,26,1,,0,0,0,0,,0,0,0,0,2026-09-12T20:10:25.613305+00:00
2026-09-13,51203,12414735,EDCKUL21UPSCA110,equipment,UPS,Electrical,,GF,ELE RM CA,3,KUL21 UPS System,Eaton,24.69,20,81,61,100.0,20,20,0,1,0.0,0,35,35,1,0.0,0,26,26,1,,0,0,0,0,,0,0,0,0,2026-09-12T20:10:25.613305+00:00
2026-09-13,51203,12414736,EDCKUL21UPSCB110,equipment,UPS,Electrical,,GF,ELE RM CB,3,KUL21 UPS System,Eaton,24.69,20,81,61,100.0,20,20,0,1,0.0,0,35,35,1,0.0,0,26,26,1,,0,0,0,0,,0,0,0,0,2026-09-12T20:10:25.613305+00:00
2026-09-13,51203,12414737,EDCKUL21UPSCC110,equipment,UPS,Electrical,,GF,ELE RM CC,3,KUL21 UPS System,Eaton,24.69,20,81,61,100.0,20,20,0,1,0.0,0,35,35,1,0.0,0,26,26,1,,0,0,0,0,,0,0,0,0,2026-09-12T20:10:25.613305+00:00
2026-09-13,51203,12414738,EDCKUL21UPSCD110,equipment,UPS,Electrical,,GF,ELE RM CD,3,KUL21 UPS System,Eaton,24.69,20,81,61,100.0,20,20,0,1,0.0,0,35,35,1,0.0,0,26,26,1,,0,0,0,0,,0,0,0,0,2026-09-12T20:10:25.613305+00:00
2026-09-13,51203,12414739,EDCKUL21UPSCE110,equipment,UPS,Electrical,,GF,ELE RM CE,3,KUL21 UPS System,Eaton,24.69,20,81,61,100.0,20,20,0,1,0.0,0,35,35,1,0.0,0,26,26,1,,0,0,0,0,,0,0,0,0,2026-09-12T20:10:25.613305+00:00
2026-09-13,51203,12414740,EDCKUL21UPSCF110,equipment,UPS,Electrical,,GF,ELE RM CF,3,KUL21 UPS System,Eaton,24.69,20,81,61,100.0,20,20,0,1,0.0,0,35,35,1,0.0,0,26,26,1,,0,0,0,0,,0,0,0,0,2026-09-12T20:10:25.613305+00:00
2026-09-13,51203,12414741,EDCKUL21UPSCT110,equipment,UPS,Electrical,,GF,ELE RM CT,3,KUL21 UPS System,Eaton,24.69,20,81,61,100.0,20,20,0,1,0.0,0,35,35,1,0.0,0,26,26,1,,0,0,0,0,,0,0,0,0,2026-09-12T20:10:25.613305+00:00
2026-09-13,51203,12414742,EDCKUL21UPSCY110,equipment,UPS,Electrical,,GF,ELE RM CY,3,KUL21 UPS System,Eaton,24.69,20,81,61,100.0,20,20,0,1,0.0,0,35,35,1,0.0,0,26,26,1,,0,0,0,0,,0,0,0,0,2026-09-12T20:10:25.613305+00:00
2026-09-13,51203,12414743,EDCKUL21ATSCT110,equipment,ATS,Electrical,,GF,ELE RM CT,3,KUL21 LV System,Powerwell,24.69,20,81,61,100.0,20,20,0,1,0.0,0,35,35,1,0.0,0,26,26,1,,0,0,0,0,,0,0,0,0,2026-09-12T20:10:25.613305+00:00
2026-09-13,51203,12414744,EDCKUL21ATSCT210,equipment,ATS,Electrical,,GF,ELE RM CT,3,KUL21 LV System,Powerwell,24.69,20,81,61,100.0,20,20,0,1,0.0,0,35,35,1,0.0,0,26,26,1,,0,0,0,0,,0,0,0,0,2026-09-12T20:10:25.613305+00:00
2026-09-13,51203,12414745,EDCKUL21ATSCT310,equipment,ATS,Electrical,,GF,ELE RM CT,3,KUL21 LV System,Powerwell,24.69,20,81,61,100.0,20,20,0,1,0.0,0,35,35,1,0.0,0,26,26,1,,0,0,0,0,,0,0,0,0,2026-09-12T20:10:25.613305+00:00
2026-09-13,51203,12414746,EDCKUL21ATSCT410,equipment,ATS,Electrical,,GF,ELE RM CT,3,KUL21 LV System,Powerwell,24.69,20,81,61,100.0,20,20,0,1,0.0,0,35,35,1,0.0,0,26,26,1,,0,0,0,0,,0,0,0,0,2026-09-12T20:10:25.613305+00:00
2026-09-13,51203,12414747,EDCKUL21ATSCT510,equipment,ATS,Electrical,,GF,ELE RM CT,3,KUL21 LV System,Powerwell,24.69,20,81,61,100.0,20,20,0,1,0.0,0,35,35,1,0.0,0,26,26,1,,0,0,0,0,,0,0,0,0,2026-09-12T20:10:25.613305+00:00
2026-09-13,51203,12414763,EDCKUL21VES00102,equipment,VES,Fire,,GF,DATA HALL 2,3,KUL21 Fire Prevention System,Promatrix DCS,0.0,0,81,81,0.0,0,20,20,1,0.0,0,35,35,1,0.0,0,26,26,1,,0,0,0,0,,0,0,0,0,2026-09-12T20:10:25.613305+00:00
2026-09-13,51203,12414764,EDCKUL21VES00202,equipment,VES,Fire,,GF,DATA HALL 2,3,KUL21 Fire Prevention System,Promatrix DCS,0.0,0,81,81,0.0,0,20,20,1,0.0,0,35,35,1,0.0,0,26,26,1,,0,0,0,0,,0,0,0,0,2026-09-12T20:10:25.613305+00:00
2026-09-13,51203,12414765,EDCKUL21VES00302,equipment,VES,Fire,,GF,DATA HALL 2,3,KUL21 Fire Prevention System,Promatrix DCS,0.0,0,81,81,0.0,0,20,20,1,0.0,0,35,35,1,0.0,0,26,26,1,,0,0,0,0,,0,0,0,0,2026-09-12T20:10:25.613305+00:00
2026-09-13,51203,12414766,EDCKUL21VES00402,equipment,VES,Fire,,GF,DATA HALL 2,3,KUL21 Fire Prevention System,Promatrix DCS,0.0,0,81,81,0.0,0,20,20,1,0.0,0,35,35,1,0.0,0,26,26,1,,0,0,0,0,,0,0,0,0,2026-09-12T20:10:25.613305+00:00
2026-09-13,51203,12414767,EDCKUL21VES00502,equipment,VES,Fire,,GF,DATA HALL 2,3,KUL21 Fire Prevention System,Promatrix DCS,0.0,0,81,81,0.0,0,20,20,1,0.0,0,35,35,1,0.0,0,26,26,1,,0,0,0,0,,0,0,0,0,2026-09-12T20:10:25.613305+00:00
2026-09-13,51203,12414768,EDCKUL21VES00602,equipment,VES,Fire,,GF,DATA HALL 2,3,KUL21 Fire Prevention System,Promatrix DCS,0.0,0,81,81,0.0,0,20,20,1,0.0,0,35,35,1,0.0,0,26,26,1,,0,0,0,0,,0,0,0,0,2026-09-12T20:10:25.613305+00:00
2026-09-13,51203,12414769,EDCKUL21VES00702,equipment,VES,Fire,,GF,DATA HALL 2,3,KUL21 Fire Prevention System,Promatrix DCS,0.0,0,81,81,0.0,0,20,20,1,0.0,0,35,35,1,0.0,0,26,26,1,,0,0,0,0,,0,0,0,0,2026-09-12T20:10:25.613305+00:00
2026-09-13,51203,12414770,EDCKUL21VES00802,equipment,VES,Fire,,GF,DATA HALL 2,3,KUL21 Fire Prevention System,Promatrix DCS,0.0,0,81,81,0.0,0,20,20,1,0.0,0,35,35,1,0.0,0,26,26,1,,0,0,0,0,,0,0,0,0,2026-09-12T20:10:25.613305+00:00
2026-09-13,51203,12414771,EDCKUL21VES00902,equipment,VES,Fire,,GF,DATA HALL 2,3,KUL21 Fire Prevention System,Promatrix DCS,0.0,0,81,81,0.0,0,20,20,1,0.0,0,35,35,1,0.0,0,26,26,1,,0,0,0,0,,0,0,0,0,2026-09-12T20:10:25.613305+00:00
2026-09-13,51203,12414772,EDCKUL21VES01002,equipment,VES,Fire,,GF,DATA HALL 2,3,KUL21 Fire Prevention System,Promatrix DCS,0.0,0,81,81,0.0,0,20,20,1,0.0,0,35,35,1,0.0,0,26,26,1,,0,0,0,0,,0,0,0,0,2026-09-12T20:10:25.613305+00:00
2026-09-13,51203,12414773,EDCKUL21VES01102,equipment,VES,Fire,,GF,DATA HALL 2,3,KUL21 Fire Prevention System,Promatrix DCS,0.0,0,81,81,0.0,0,20,20,1,0.0,0,35,35,1,0.0,0,26,26,1,,0,0,0,0,,0,0,0,0,2026-09-12T20:10:25.613305+00:00
2026-09-13,51203,12414774,EDCKUL21VES01202,equipment,VES,Fire,,GF,DATA HALL 2,3,KUL21 Fire Prevention System,Promatrix DCS,0.0,0,81,81,0.0,0,20,20,1,0.0,0,35,35,1,0.0,0,26,26,1,,0,0,0,0,,0,0,0,0,2026-09-12T20:10:25.613305+00:00
2026-09-13,51203,12414775,EDCKUL21VES00103,equipment,VES,Fire,,GF,DATA HALL 3,3,KUL21 Fire Prevention System,Promatrix DCS,0.0,0,81,81,0.0,0,20,20,1,0.0,0,35,35,1,0.0,0,26,26,1,,0,0,0,0,,0,0,0,0,2026-09-12T20:10:25.613305+00:00
2026-09-13,51203,12414776,EDCKUL21VES00203,equipment,VES,Fire,,GF,DATA HALL 3,3,KUL21 Fire Prevention System,Promatrix DCS,0.0,0,81,81,0.0,0,20,20,1,0.0,0,35,35,1,0.0,0,26,26,1,,0,0,0,0,,0,0,0,0,2026-09-12T20:10:25.613305+00:00
2026-09-13,51203,12414777,EDCKUL21VES00303,equipment,VES,Fire,,GF,DATA HALL 3,3,KUL21 Fire Prevention System,Promatrix DCS,0.0,0,81,81,0.0,0,20,20,1,0.0,0,35,35,1,0.0,0,26,26,1,,0,0,0,0,,0,0,0,0,2026-09-12T20:10:25.613305+00:00
2026-09-13,51203,12414778,EDCKUL21VES00403,equipment,VES,Fire,,GF,DATA HALL 3,3,KUL21 Fire Prevention System,Promatrix DCS,0.0,0,81,81,0.0,0,20,20,1,0.0,0,35,35,1,0.0,0,26,26,1,,0,0,0,0,,0,0,0,0,2026-09-12T20:10:25.613305+00:00
2026-09-13,51203,12414779,EDCKUL21VES00503,equipment,VES,Fire,,GF,DATA HALL 3,3,KUL21 Fire Prevention System,Promatrix DCS,0.0,0,81,81,0.0,0,20,20,1,0.0,0,35,35,1,0.0,0,26,26,1,,0,0,0,0,,0,0,0,0,2026-09-12T20:10:25.613305+00:00
2026-09-13,51203,12414780,EDCKUL21VES00603,equipment,VES,Fire,,GF,DATA HALL 3,3,KUL21 Fire Prevention System,Promatrix DCS,0.0,0,81,81,0.0,0,20,20,1,0.0,0,35,35,1,0.0,0,26,26,1,,0,0,0,0,,0,0,0,0,2026-09-12T20:10:25.613305+00:00
2026-09-13,51203,12414781,EDCKUL21VES00703,equipment,VES,Fire,,GF,DATA HALL 3,3,KUL21 Fire Prevention System,Promatrix DCS,0.0,0,81,81,0.0,0,20,20,1,0.0,0,35,35,1,0.0,0,26,26,1,,0,0,0,0,,0,0,0,0,2026-09-12T20:10:25.613305+00:00
2026-09-13,51203,12414782,EDCKUL21VES00803,equipment,VES,Fire,,GF,DATA HALL 3,3,KUL21 Fire Prevention System,Promatrix DCS,0.0,0,81,81,0.0,0,20,20,1,0.0,0,35,35,1,0.0,0,26,26,1,,0,0,0,0,,0,0,0,0,2026-09-12T20:10:25.613305+00:00
2026-09-13,51203,12414783,EDCKUL21VES00903,equipment,VES,Fire,,GF,DATA HALL 3,3,KUL21 Fire Prevention System,Promatrix DCS,0.0,0,81,81,0.0,0,20,20,1,0.0,0,35,35,1,0.0,0,26,26,1,,0,0,0,0,,0,0,0,0,2026-09-12T20:10:25.613305+00:00
2026-09-13,51203,12414784,EDCKUL21VES01003,equipment,VES,Fire,,GF,DATA HALL 3,3,KUL21 Fire Prevention System,Promatrix DCS,0.0,0,81,81,0.0,0,20,20,1,0.0,0,35,35,1,0.0,0,26,26,1,,0,0,0,0,,0,0,0,0,2026-09-12T20:10:25.613305+00:00
2026-09-13,51203,12414785,EDCKUL21VES01103,equipment,VES,Fire,,GF,DATA HALL 3,3,KUL21 Fire Prevention System,Promatrix DCS,0.0,0,81,81,0.0,0,20,20,1,0.0,0,35,35,1,0.0,0,26,26,1,,0,0,0,0,,0,0,0,0,2026-09-12T20:10:25.613305+00:00
2026-09-13,51203,12414786,EDCKUL21VES01203,equipment,VES,Fire,,GF,DATA HALL 3,3,KUL21 Fire Prevention System,Promatrix DCS,0.0,0,81,81,0.0,0,20,20,1,0.0,0,35,35,1,0.0,0,26,26,1,,0,0,0,0,,0,0,0,0,2026-09-12T20:10:25.613305+00:00
2026-09-13,51203,12414787,EDCKUL21VES04300,equipment,VES,Fire,,GF,ELE RM CA,3,KUL21 Fire Prevention System,Promatrix DCS,24.69,20,81,61,100.0,20,20,0,1,0.0,0,35,35,1,0.0,0,26,26,1,,0,0,0,0,,0,0,0,0,2026-09-12T20:10:25.613305+00:00
2026-09-13,51203,12414788,EDCKUL21VES04400,equipment,VES,Fire,,GF,ELE RM CB,3,KUL21 Fire Prevention System,Promatrix DCS,24.69,20,81,61,100.0,20,20,0,1,0.0,0,35,35,1,0.0,0,26,26,1,,0,0,0,0,,0,0,0,0,2026-09-12T20:10:25.613305+00:00
2026-09-13,51203,12414789,EDCKUL21VES04500,equipment,VES,Fire,,GF,ELE RM CC,3,KUL21 Fire Prevention System,Promatrix DCS,24.69,20,81,61,100.0,20,20,0,1,0.0,0,35,35,1,0.0,0,26,26,1,,0,0,0,0,,0,0,0,0,2026-09-12T20:10:25.613305+00:00
2026-09-13,51203,12414790,EDCKUL21VES05000,equipment,VES,Fire,,GF,ELE RM CD,3,KUL21 Fire Prevention System,Promatrix DCS,24.69,20,81,61,100.0,20,20,0,1,0.0,0,35,35,1,0.0,0,26,26,1,,0,0,0,0,,0,0,0,0,2026-09-12T20:10:25.613305+00:00
2026-09-13,51203,12414791,EDCKUL21VES04900,equipment,VES,Fire,,GF,ELE RM CE,3,KUL21 Fire Prevention System,Promatrix DCS,24.69,20,81,61,100.0,20,20,0,1,0.0,0,35,35,1,0.0,0,26,26,1,,0,0,0,0,,0,0,0,0,2026-09-12T20:10:25.613305+00:00
2026-09-13,51203,12414792,EDCKUL21VES04800,equipment,VES,Fire,,GF,ELE RM CF,3,KUL21 Fire Prevention System,Promatrix DCS,24.69,20,81,61,100.0,20,20,0,1,0.0,0,35,35,1,0.0,0,26,26,1,,0,0,0,0,,0,0,0,0,2026-09-12T20:10:25.613305+00:00
2026-09-13,51203,12414793,EDCKUL21VES04700,equipment,VES,Fire,,GF,ELE RM CT,3,KUL21 Fire Prevention System,Promatrix DCS,24.69,20,81,61,100.0,20,20,0,1,0.0,0,35,35,1,0.0,0,26,26,1,,0,0,0,0,,0,0,0,0,2026-09-12T20:10:25.613305+00:00
2026-09-13,51203,12414794,EDCKUL21VES04200,equipment,VES,Fire,,GF,ELE RM CY,3,KUL21 Fire Prevention System,Promatrix DCS,24.69,20,81,61,100.0,20,20,0,1,0.0,0,35,35,1,0.0,0,26,26,1,,0,0,0,0,,0,0,0,0,2026-09-12T20:10:25.613305+00:00
2026-09-13,51203,12414795,EDCKUL21VES04000,equipment,VES,Fire,,GF,MV RM A2,3,KUL21 Fire Prevention System,Promatrix DCS,24.69,20,81,61,100.0,20,20,0,1,0.0,0,35,35,1,0.0,0,26,26,1,,0,0,0,0,,0,0,0,0,2026-09-12T20:10:25.613305+00:00
2026-09-13,51203,12414796,EDCKUL21VES05200,equipment,VES,Fire,,GF,MV RM A3,3,KUL21 Fire Prevention System,Promatrix DCS,24.69,20,81,61,100.0,20,20,0,1,0.0,0,35,35,1,0.0,0,26,26,1,,0,0,0,0,,0,0,0,0,2026-09-12T20:10:25.613305+00:00
2026-09-13,51203,12414797,EDCKUL21VES04100,equipment,VES,Fire,,GF,MV RM B2,3,KUL21 Fire Prevention System,Promatrix DCS,24.69,20,81,61,100.0,20,20,0,1,0.0,0,35,35,1,0.0,0,26,26,1,,0,0,0,0,,0,0,0,0,2026-09-12T20:10:25.613305+00:00
2026-09-13,51203,12414798,EDCKUL21VES05100,equipment,VES,Fire,,GF,MV RM B3,3,KUL21 Fire Prevention System,Promatrix DCS,24.69,20,81,61,100.0,20,20,0,1,0.0,0,35,35,1,0.0,0,26,26,1,,0,0,0,0,,0,0,0,0,2026-09-12T20:10:25.613305+00:00
2026-09-13,51203,12414799,EDCKUL21VES04600,equipment,VES,Fire,,GF,POE ROOM 2,3,KUL21 Fire Prevention System,Promatrix DCS,0.0,0,81,81,0.0,0,20,20,1,0.0,0,35,35,1,0.0,0,26,26,1,,0,0,0,0,,0,0,0,0,2026-09-12T20:10:25.613305+00:00
2026-09-13,51203,12549573,EDCKUL21FAP02100,equipment,FAP,Fuel,,GF,FUEL STATION FT6,3,KUL21 Fuel System,Promatrix DCS,0.0,0,81,81,0.0,0,20,20,1,0.0,0,35,35,1,0.0,0,26,26,1,,0,0,0,0,,0,0,0,0,2026-09-12T20:10:25.613305+00:00
2026-09-13,51203,12549574,EDCKUL21FAP02200,equipment,FAP,Fuel,,GF,FUEL STATION FT6,3,KUL21 Fuel System,Promatrix DCS,0.0,0,81,81,0.0,0,20,20,1,0.0,0,35,35,1,0.0,0,26,26,1,,0,0,0,0,,0,0,0,0,2026-09-12T20:10:25.613305+00:00
2026-09-13,51203,12549575,EDCKUL21FAP02300,equipment,FAP,Fuel,,GF,FUEL STATION FT6,3,KUL21 Fuel System,Promatrix DCS,0.0,0,81,81,0.0,0,20,20,1,0.0,0,35,35,1,0.0,0,26,26,1,,0,0,0,0,,0,0,0,0,2026-09-12T20:10:25.613305+00:00
2026-09-13,51203,12549576,EDCKUL21FAP02400,equipment,FAP,Fuel,,GF,FUEL STATION FT6,3,KUL21 Fuel System,Promatrix DCS,0.0,0,81,81,0.0,0,20,20,1,0.0,0,35,35,1,0.0,0,26,26,1,,0,0,0,0,,0,0,0,0,2026-09-12T20:10:25.613305+00:00
2026-09-13,51203,12549577,EDCKUL21FAP02500,equipment,FAP,Fuel,,GF,FUEL STATION FT6,3,KUL21 Fuel System,Promatrix DCS,0.0,0,81,81,0.0,0,20,20,1,0.0,0,35,35,1,0.0,0,26,26,1,,0,0,0,0,,0,0,0,0,2026-09-12T20:10:25.613305+00:00
2026-09-13,51203,12549578,EDCKUL21FAP02600,equipment,FAP,Fuel,,GF,FUEL STATION FT6,3,KUL21 Fuel System,Promatrix DCS,0.0,0,81,81,0.0,0,20,20,1,0.0,0,35,35,1,0.0,0,26,26,1,,0,0,0,0,,0,0,0,0,2026-09-12T20:10:25.613305+00:00
2026-09-13,51203,12549579,EDCKUL21FAP02700,equipment,FAP,Fuel,,GF,FUEL STATION FT6,3,KUL21 Fuel System,Promatrix DCS,0.0,0,81,81,0.0,0,20,20,1,0.0,0,35,35,1,0.0,0,26,26,1,,0,0,0,0,,0,0,0,0,2026-09-12T20:10:25.613305+00:00
2026-09-13,51203,12549580,EDCKUL21FAP02800,equipment,FAP,Fuel,,GF,FUEL STATION FT6,3,KUL21 Fuel System,Promatrix DCS,0.0,0,81,81,0.0,0,20,20,1,0.0,0,35,35,1,0.0,0,26,26,1,,0,0,0,0,,0,0,0,0,2026-09-12T20:10:25.613305+00:00
2026-09-13,51203,12549581,EDCKUL21FAP02900,equipment,FAP,Fuel,,GF,FUEL STATION FT6,3,KUL21 Fuel System,Promatrix DCS,0.0,0,81,81,0.0,0,20,20,1,0.0,0,35,35,1,0.0,0,26,26,1,,0,0,0,0,,0,0,0,0,2026-09-12T20:10:25.613305+00:00
2026-09-13,51203,12549582,EDCKUL21FAP03000,equipment,FAP,Fuel,,GF,FUEL STATION FT6,3,KUL21 Fuel System,Promatrix DCS,0.0,0,81,81,0.0,0,20,20,1,0.0,0,35,35,1,0.0,0,26,26,1,,0,0,0,0,,0,0,0,0,2026-09-12T20:10:25.613305+00:00
2026-09-13,51203,12549583,EDCKUL21FAP03100,equipment,FAP,Fuel,,GF,FUEL STATION FT6,3,KUL21 Fuel System,Promatrix DCS,0.0,0,81,81,0.0,0,20,20,1,0.0,0,35,35,1,0.0,0,26,26,1,,0,0,0,0,,0,0,0,0,2026-09-12T20:10:25.613305+00:00
2026-09-13,51203,12549584,EDCKUL21EXF04000,equipment,EXF,Mechanical,,GF,BATT RM CY,3,KUL21 ACMV System,Promatrix DCS,0.0,0,81,81,0.0,0,20,20,1,0.0,0,35,35,1,0.0,0,26,26,1,,0,0,0,0,,0,0,0,0,2026-09-12T20:10:25.613305+00:00
2026-09-13,51203,12549585,EDCKUL21EXF04100,equipment,EXF,Mechanical,,GF,BATT RM CA,3,KUL21 ACMV System,Promatrix DCS,0.0,0,81,81,0.0,0,20,20,1,0.0,0,35,35,1,0.0,0,26,26,1,,0,0,0,0,,0,0,0,0,2026-09-12T20:10:25.613305+00:00
2026-09-13,51203,12549586,EDCKUL21EXF04200,equipment,EXF,Mechanical,,GF,BATT RM CB,3,KUL21 ACMV System,Promatrix DCS,0.0,0,81,81,0.0,0,20,20,1,0.0,0,35,35,1,0.0,0,26,26,1,,0,0,0,0,,0,0,0,0,2026-09-12T20:10:25.613305+00:00
2026-09-13,51203,12549587,EDCKUL21EXF04300,equipment,EXF,Mechanical,,GF,BATT RM CC,3,KUL21 ACMV System,Promatrix DCS,0.0,0,81,81,0.0,0,20,20,1,0.0,0,35,35,1,0.0,0,26,26,1,,0,0,0,0,,0,0,0,0,2026-09-12T20:10:25.613305+00:00
2026-09-13,51203,12549588,EDCKUL21EXF04400,equipment,EXF,Mechanical,,GF,BATT RM CT,3,KUL21 ACMV System,Promatrix DCS,0.0,0,81,81,0.0,0,20,20,1,0.0,0,35,35,1,0.0,0,26,26,1,,0,0,0,0,,0,0,0,0,2026-09-12T20:10:25.613305+00:00
2026-09-13,51203,12549589,EDCKUL21EXF04500,equipment,EXF,Mechanical,,GF,BATT RM CF,3,KUL21 ACMV System,Promatrix DCS,0.0,0,81,81,0.0,0,20,20,1,0.0,0,35,35,1,0.0,0,26,26,1,,0,0,0,0,,0,0,0,0,2026-09-12T20:10:25.613305+00:00
2026-09-13,51203,12549590,EDCKUL21EXF04600,equipment,EXF,Mechanical,,GF,BATT RM CE,3,KUL21 ACMV System,Promatrix DCS,0.0,0,81,81,0.0,0,20,20,1,0.0,0,35,35,1,0.0,0,26,26,1,,0,0,0,0,,0,0,0,0,2026-09-12T20:10:25.613305+00:00
2026-09-13,51203,12549591,EDCKUL21EXF04700,equipment,EXF,Mechanical,,GF,BATT RM CD,3,KUL21 ACMV System,Promatrix DCS,0.0,0,81,81,0.0,0,20,20,1,0.0,0,35,35,1,0.0,0,26,26,1,,0,0,0,0,,0,0,0,0,2026-09-12T20:10:25.613305+00:00
2026-09-13,51203,12549592,EDCKUL21BSW00200,equipment,BSW,Electrical,,GF,ELECTRICAL ROOM/CORRIDOR,3,KUL21 LV System,Promatrix DCS,0.0,0,81,81,0.0,0,20,20,1,0.0,0,35,35,1,0.0,0,26,26,1,,0,0,0,0,,0,0,0,0,2026-09-12T20:10:25.613305+00:00
2026-09-13,51203,12549593,EDCKUL21BSWCA100,equipment,BSW,Electrical,,GF,ELE RM CA,3,KUL21 LV System,Promatrix DCS,0.0,0,81,81,0.0,0,20,20,1,0.0,0,35,35,1,0.0,0,26,26,1,,0,0,0,0,,0,0,0,0,2026-09-12T20:10:25.613305+00:00
2026-09-13,51203,12549594,EDCKUL21BSWCA112,equipment,BSW,Electrical,,GF,DATA HALL 2,3,KUL21 LV System,Vertiv,0.0,0,81,81,0.0,0,20,20,1,0.0,0,35,35,1,0.0,0,26,26,1,,0,0,0,0,,0,0,0,0,2026-09-12T20:10:25.613305+00:00
2026-09-13,51203,12549595,EDCKUL21BSWCA113,equipment,BSW,Electrical,,GF,DATA HALL 3,3,KUL21 LV System,Vertiv,0.0,0,81,81,0.0,0,20,20,1,0.0,0,35,35,1,0.0,0,26,26,1,,0,0,0,0,,0,0,0,0,2026-09-12T20:10:25.613305+00:00
2026-09-13,51203,12549596,EDCKUL21BSWCA200,equipment,BSW,Electrical,,GF,ELE RM CA,3,KUL21 LV System,Promatrix DCS,0.0,0,81,81,0.0,0,20,20,1,0.0,0,35,35,1,0.0,0,26,26,1,,0,0,0,0,,0,0,0,0,2026-09-12T20:10:25.613305+00:00
2026-09-13,51203,12549597,EDCKUL21BSWCA212,equipment,BSW,Electrical,,GF,DATA HALL 2,3,KUL21 LV System,Vertiv,0.0,0,81,81,0.0,0,20,20,1,0.0,0,35,35,1,0.0,0,26,26,1,,0,0,0,0,,0,0,0,0,2026-09-12T20:10:25.613305+00:00
2026-09-13,51203,12549598,EDCKUL21BSWCA213,equipment,BSW,Electrical,,GF,DATA HALL 3,3,KUL21 LV System,Vertiv,0.0,0,81,81,0.0,0,20,20,1,0.0,0,35,35,1,0.0,0,26,26,1,,0,0,0,0,,0,0,0,0,2026-09-12T20:10:25.613305+00:00
2026-09-13,51203,12549599,EDCKUL21BSWCA300,equipment,BSW,Electrical,,GF,ELE RM CA,3,KUL21 LV System,Promatrix DCS,0.0,0,81,81,0.0,0,20,20,1,0.0,0,35,35,1,0.0,0,26,26,1,,0,0,0,0,,0,0,0,0,2026-09-12T20:10:25.613305+00:00
2026-09-13,51203,12549600,EDCKUL21BSWCA312,equipment,BSW,Electrical,,GF,DATA HALL 2,3,KUL21 LV System,Vertiv,0.0,0,81,81,0.0,0,20,20,1,0.0,0,35,35,1,0.0,0,26,26,1,,0,0,0,0,,0,0,0,0,2026-09-12T20:10:25.613305+00:00
2026-09-13,51203,12549601,EDCKUL21BSWCA313,equipment,BSW,Electrical,,GF,DATA HALL 3,3,KUL21 LV System,Vertiv,0.0,0,81,81,0.0,0,20,20,1,0.0,0,35,35,1,0.0,0,26,26,1,,0,0,0,0,,0,0,0,0,2026-09-12T20:10:25.613305+00:00
2026-09-13,51203,12549602,EDCKUL21BSWCA400,equipment,BSW,Electrical,,GF,ELE RM CA,3,KUL21 LV System,Promatrix DCS,0.0,0,81,81,0.0,0,20,20,1,0.0,0,35,35,1,0.0,0,26,26,1,,0,0,0,0,,0,0,0,0,2026-09-12T20:10:25.613305+00:00
2026-09-13,51203,12549603,EDCKUL21BSWCA500,equipment,BSW,Electrical,,GF,ELE RM CA,3,KUL21 LV System,Promatrix DCS,0.0,0,81,81,0.0,0,20,20,1,0.0,0,35,35,1,0.0,0,26,26,1,,0,0,0,0,,0,0,0,0,2026-09-12T20:10:25.613305+00:00
2026-09-13,51203,12549604,EDCKUL21BSWCA600,equipment,BSW,Electrical,,GF,ELE RM CA,3,KUL21 LV System,Promatrix DCS,0.0,0,81,81,0.0,0,20,20,1,0.0,0,35,35,1,0.0,0,26,26,1,,0,0,0,0,,0,0,0,0,2026-09-12T20:10:25.613305+00:00
2026-09-13,51203,12549605,EDCKUL21BSWCB100,equipment,BSW,Electrical,,GF,ELE RM CB,3,KUL21 LV System,Promatrix DCS,0.0,0,81,81,0.0,0,20,20,1,0.0,0,35,35,1,0.0,0,26,26,1,,0,0,0,0,,0,0,0,0,2026-09-12T20:10:25.613305+00:00
2026-09-13,51203,12549606,EDCKUL21BSWCB112,equipment,BSW,Electrical,,GF,DATA HALL 2,3,KUL21 LV System,Vertiv,0.0,0,81,81,0.0,0,20,20,1,0.0,0,35,35,1,0.0,0,26,26,1,,0,0,0,0,,0,0,0,0,2026-09-12T20:10:25.613305+00:00
2026-09-13,51203,12549607,EDCKUL21BSWCB113,equipment,BSW,Electrical,,GF,DATA HALL 3,3,KUL21 LV System,Vertiv,0.0,0,81,81,0.0,0,20,20,1,0.0,0,35,35,1,0.0,0,26,26,1,,0,0,0,0,,0,0,0,0,2026-09-12T20:10:25.613305+00:00
2026-09-13,51203,12549608,EDCKUL21BSWCB200,equipment,BSW,Electrical,,GF,ELE RM CB,3,KUL21 LV System,Promatrix DCS,0.0,0,81,81,0.0,0,20,20,1,0.0,0,35,35,1,0.0,0,26,26,1,,0,0,0,0,,0,0,0,0,2026-09-12T20:10:25.613305+00:00
2026-09-13,51203,12549609,EDCKUL21BSWCB212,equipment,BSW,Electrical,,GF,DATA HALL 2,3,KUL21 LV System,Vertiv,0.0,0,81,81,0.0,0,20,20,1,0.0,0,35,35,1,0.0,0,26,26,1,,0,0,0,0,,0,0,0,0,2026-09-12T20:10:25.613305+00:00
2026-09-13,51203,12549610,EDCKUL21BSWCB213,equipment,BSW,Electrical,,GF,DATA HALL 3,3,KUL21 LV System,Vertiv,0.0,0,81,81,0.0,0,20,20,1,0.0,0,35,35,1,0.0,0,26,26,1,,0,0,0,0,,0,0,0,0,2026-09-12T20:10:25.613305+00:00
2026-09-13,51203,12549611,EDCKUL21BSWCB300,equipment,BSW,Electrical,,GF,ELE RM CB,3,KUL21 LV System,Promatrix DCS,0.0,0,81,81,0.0,0,20,20,1,0.0,0,35,35,1,0.0,0,26,26,1,,0,0,0,0,,0,0,0,0,2026-09-12T20:10:25.613305+00:00
2026-09-13,51203,12549612,EDCKUL21BSWCB312,equipment,BSW,Electrical,,GF,DATA HALL 2,3,KUL21 LV System,Vertiv,0.0,0,81,81,0.0,0,20,20,1,0.0,0,35,35,1,0.0,0,26,26,1,,0,0,0,0,,0,0,0,0,2026-09-12T20:10:25.613305+00:00
2026-09-13,51203,12549613,EDCKUL21BSWCB313,equipment,BSW,Electrical,,GF,DATA HALL 3,3,KUL21 LV System,Vertiv,0.0,0,81,81,0.0,0,20,20,1,0.0,0,35,35,1,0.0,0,26,26,1,,0,0,0,0,,0,0,0,0,2026-09-12T20:10:25.613305+00:00
2026-09-13,51203,12549614,EDCKUL21BSWCB400,equipment,BSW,Electrical,,GF,ELE RM CB,3,KUL21 LV System,Promatrix DCS,0.0,0,81,81,0.0,0,20,20,1,0.0,0,35,35,1,0.0,0,26,26,1,,0,0,0,0,,0,0,0,0,2026-09-12T20:10:25.613305+00:00
2026-09-13,51203,12549615,EDCKUL21BSWCB500,equipment,BSW,Electrical,,GF,ELE RM CB,3,KUL21 LV System,Promatrix DCS,0.0,0,81,81,0.0,0,20,20,1,0.0,0,35,35,1,0.0,0,26,26,1,,0,0,0,0,,0,0,0,0,2026-09-12T20:10:25.613305+00:00
2026-09-13,51203,12549616,EDCKUL21BSWCB600,equipment,BSW,Electrical,,GF,ELE RM CB,3,KUL21 LV System,Promatrix DCS,0.0,0,81,81,0.0,0,20,20,1,0.0,0,35,35,1,0.0,0,26,26,1,,0,0,0,0,,0,0,0,0,2026-09-12T20:10:25.613305+00:00
2026-09-13,51203,12549617,EDCKUL21BSWCC100,equipment,BSW,Electrical,,GF,ELE RM CC,3,KUL21 LV System,Promatrix DCS,0.0,0,81,81,0.0,0,20,20,1,0.0,0,35,35,1,0.0,0,26,26,1,,0,0,0,0,,0,0,0,0,2026-09-12T20:10:25.613305+00:00
2026-09-13,51203,12549618,EDCKUL21BSWCC112,equipment,BSW,Electrical,,GF,DATA HALL 2,3,KUL21 LV System,Vertiv,0.0,0,81,81,0.0,0,20,20,1,0.0,0,35,35,1,0.0,0,26,26,1,,0,0,0,0,,0,0,0,0,2026-09-12T20:10:25.613305+00:00
2026-09-13,51203,12549619,EDCKUL21BSWCC113,equipment,BSW,Electrical,,GF,DATA HALL 3,3,KUL21 LV System,Vertiv,0.0,0,81,81,0.0,0,20,20,1,0.0,0,35,35,1,0.0,0,26,26,1,,0,0,0,0,,0,0,0,0,2026-09-12T20:10:25.613305+00:00
2026-09-13,51203,12549620,EDCKUL21BSWCC200,equipment,BSW,Electrical,,GF,ELE RM CC,3,KUL21 LV System,Promatrix DCS,0.0,0,81,81,0.0,0,20,20,1,0.0,0,35,35,1,0.0,0,26,26,1,,0,0,0,0,,0,0,0,0,2026-09-12T20:10:25.613305+00:00
2026-09-13,51203,12549621,EDCKUL21BSWCC212,equipment,BSW,Electrical,,GF,DATA HALL 2,3,KUL21 LV System,Vertiv,0.0,0,81,81,0.0,0,20,20,1,0.0,0,35,35,1,0.0,0,26,26,1,,0,0,0,0,,0,0,0,0,2026-09-12T20:10:25.613305+00:00
2026-09-13,51203,12549622,EDCKUL21BSWCC213,equipment,BSW,Electrical,,GF,DATA HALL 3,3,KUL21 LV System,Vertiv,0.0,0,81,81,0.0,0,20,20,1,0.0,0,35,35,1,0.0,0,26,26,1,,0,0,0,0,,0,0,0,0,2026-09-12T20:10:25.613305+00:00
2026-09-13,51203,12549623,EDCKUL21BSWCC300,equipment,BSW,Electrical,,GF,ELE RM CC,3,KUL21 LV System,Promatrix DCS,0.0,0,81,81,0.0,0,20,20,1,0.0,0,35,35,1,0.0,0,26,26,1,,0,0,0,0,,0,0,0,0,2026-09-12T20:10:25.613305+00:00
2026-09-13,51203,12549624,EDCKUL21BSWCC312,equipment,BSW,Electrical,,GF,DATA HALL 2,3,KUL21 LV System,Vertiv,0.0,0,81,81,0.0,0,20,20,1,0.0,0,35,35,1,0.0,0,26,26,1,,0,0,0,0,,0,0,0,0,2026-09-12T20:10:25.613305+00:00
2026-09-13,51203,12549625,EDCKUL21BSWCC313,equipment,BSW,Electrical,,GF,DATA HALL 3,3,KUL21 LV System,Vertiv,0.0,0,81,81,0.0,0,20,20,1,0.0,0,35,35,1,0.0,0,26,26,1,,0,0,0,0,,0,0,0,0,2026-09-12T20:10:25.613305+00:00
2026-09-13,51203,12549626,EDCKUL21BSWCC400,equipment,BSW,Electrical,,GF,ELE RM CC,3,KUL21 LV System,Promatrix DCS,0.0,0,81,81,0.0,0,20,20,1,0.0,0,35,35,1,0.0,0,26,26,1,,0,0,0,0,,0,0,0,0,2026-09-12T20:10:25.613305+00:00
2026-09-13,51203,12549627,EDCKUL21BSWCC500,equipment,BSW,Electrical,,GF,ELE RM CC,3,KUL21 LV System,Promatrix DCS,0.0,0,81,81,0.0,0,20,20,1,0.0,0,35,35,1,0.0,0,26,26,1,,0,0,0,0,,0,0,0,0,2026-09-12T20:10:25.613305+00:00
2026-09-13,51203,12549628,EDCKUL21BSWCC600,equipment,BSW,Electrical,,GF,ELE RM CC,3,KUL21 LV System,Promatrix DCS,0.0,0,81,81,0.0,0,20,20,1,0.0,0,35,35,1,0.0,0,26,26,1,,0,0,0,0,,0,0,0,0,2026-09-12T20:10:25.613305+00:00
2026-09-13,51203,12549629,EDCKUL21BSWCD100,equipment,BSW,Electrical,,GF,ELE RM CD,3,KUL21 LV System,Promatrix DCS,0.0,0,81,81,0.0,0,20,20,1,0.0,0,35,35,1,0.0,0,26,26,1,,0,0,0,0,,0,0,0,0,2026-09-12T20:10:25.613305+00:00
2026-09-13,51203,12549630,EDCKUL21BSWCD112,equipment,BSW,Electrical,,GF,DATA HALL 2,3,KUL21 LV System,Vertiv,0.0,0,81,81,0.0,0,20,20,1,0.0,0,35,35,1,0.0,0,26,26,1,,0,0,0,0,,0,0,0,0,2026-09-12T20:10:25.613305+00:00
2026-09-13,51203,12549631,EDCKUL21BSWCD113,equipment,BSW,Electrical,,GF,DATA HALL 3,3,KUL21 LV System,Vertiv,0.0,0,81,81,0.0,0,20,20,1,0.0,0,35,35,1,0.0,0,26,26,1,,0,0,0,0,,0,0,0,0,2026-09-12T20:10:25.613305+00:00
2026-09-13,51203,12549632,EDCKUL21BSWCD200,equipment,BSW,Electrical,,GF,ELE RM CD,3,KUL21 LV System,Promatrix DCS,0.0,0,81,81,0.0,0,20,20,1,0.0,0,35,35,1,0.0,0,26,26,1,,0,0,0,0,,0,0,0,0,2026-09-12T20:10:25.613305+00:00
2026-09-13,51203,12549633,EDCKUL21BSWCD212,equipment,BSW,Electrical,,GF,DATA HALL 2,3,KUL21 LV System,Vertiv,0.0,0,81,81,0.0,0,20,20,1,0.0,0,35,35,1,0.0,0,26,26,1,,0,0,0,0,,0,0,0,0,2026-09-12T20:10:25.613305+00:00
2026-09-13,51203,12549634,EDCKUL21BSWCD213,equipment,BSW,Electrical,,GF,DATA HALL 3,3,KUL21 LV System,Vertiv,0.0,0,81,81,0.0,0,20,20,1,0.0,0,35,35,1,0.0,0,26,26,1,,0,0,0,0,,0,0,0,0,2026-09-12T20:10:25.613305+00:00
2026-09-13,51203,12549635,EDCKUL21BSWCD300,equipment,BSW,Electrical,,GF,ELE RM CD,3,KUL21 LV System,Promatrix DCS,0.0,0,81,81,0.0,0,20,20,1,0.0,0,35,35,1,0.0,0,26,26,1,,0,0,0,0,,0,0,0,0,2026-09-12T20:10:25.613305+00:00
2026-09-13,51203,12549636,EDCKUL21BSWCD312,equipment,BSW,Electrical,,GF,DATA HALL 2,3,KUL21 LV System,Vertiv,0.0,0,81,81,0.0,0,20,20,1,0.0,0,35,35,1,0.0,0,26,26,1,,0,0,0,0,,0,0,0,0,2026-09-12T20:10:25.613305+00:00
2026-09-13,51203,12549637,EDCKUL21BSWCD313,equipment,BSW,Electrical,,GF,DATA HALL 3,3,KUL21 LV System,Vertiv,0.0,0,81,81,0.0,0,20,20,1,0.0,0,35,35,1,0.0,0,26,26,1,,0,0,0,0,,0,0,0,0,2026-09-12T20:10:25.613305+00:00
2026-09-13,51203,12549638,EDCKUL21BSWCD400,equipment,BSW,Electrical,,GF,ELE RM CD,3,KUL21 LV System,Promatrix DCS,0.0,0,81,81,0.0,0,20,20,1,0.0,0,35,35,1,0.0,0,26,26,1,,0,0,0,0,,0,0,0,0,2026-09-12T20:10:25.613305+00:00
2026-09-13,51203,12549639,EDCKUL21BSWCD500,equipment,BSW,Electrical,,GF,ELE RM CD,3,KUL21 LV System,Promatrix DCS,0.0,0,81,81,0.0,0,20,20,1,0.0,0,35,35,1,0.0,0,26,26,1,,0,0,0,0,,0,0,0,0,2026-09-12T20:10:25.613305+00:00
2026-09-13,51203,12549640,EDCKUL21BSWCD600,equipment,BSW,Electrical,,GF,ELE RM CD,3,KUL21 LV System,Promatrix DCS,0.0,0,81,81,0.0,0,20,20,1,0.0,0,35,35,1,0.0,0,26,26,1,,0,0,0,0,,0,0,0,0,2026-09-12T20:10:25.613305+00:00
2026-09-13,51203,12549641,EDCKUL21BSWCE100,equipment,BSW,Electrical,,GF,ELE RM CE,3,KUL21 LV System,Promatrix DCS,0.0,0,81,81,0.0,0,20,20,1,0.0,0,35,35,1,0.0,0,26,26,1,,0,0,0,0,,0,0,0,0,2026-09-12T20:10:25.613305+00:00
2026-09-13,51203,12549642,EDCKUL21BSWCE112,equipment,BSW,Electrical,,GF,DATA HALL 2,3,KUL21 LV System,Vertiv,0.0,0,81,81,0.0,0,20,20,1,0.0,0,35,35,1,0.0,0,26,26,1,,0,0,0,0,,0,0,0,0,2026-09-12T20:10:25.613305+00:00
2026-09-13,51203,12549643,EDCKUL21BSWCE113,equipment,BSW,Electrical,,GF,DATA HALL 3,3,KUL21 LV System,Vertiv,0.0,0,81,81,0.0,0,20,20,1,0.0,0,35,35,1,0.0,0,26,26,1,,0,0,0,0,,0,0,0,0,2026-09-12T20:10:25.613305+00:00
2026-09-13,51203,12549644,EDCKUL21BSWCE200,equipment,BSW,Electrical,,GF,ELE RM CE,3,KUL21 LV System,Promatrix DCS,0.0,0,81,81,0.0,0,20,20,1,0.0,0,35,35,1,0.0,0,26,26,1,,0,0,0,0,,0,0,0,0,2026-09-12T20:10:25.613305+00:00
2026-09-13,51203,12549645,EDCKUL21BSWCE212,equipment,BSW,Electrical,,GF,DATA HALL 2,3,KUL21 LV System,Vertiv,0.0,0,81,81,0.0,0,20,20,1,0.0,0,35,35,1,0.0,0,26,26,1,,0,0,0,0,,0,0,0,0,2026-09-12T20:10:25.613305+00:00
2026-09-13,51203,12549646,EDCKUL21BSWCE213,equipment,BSW,Electrical,,GF,DATA HALL 3,3,KUL21 LV System,Vertiv,0.0,0,81,81,0.0,0,20,20,1,0.0,0,35,35,1,0.0,0,26,26,1,,0,0,0,0,,0,0,0,0,2026-09-12T20:10:25.613305+00:00
2026-09-13,51203,12549647,EDCKUL21BSWCE300,equipment,BSW,Electrical,,GF,ELE RM CE,3,KUL21 LV System,Promatrix DCS,0.0,0,81,81,0.0,0,20,20,1,0.0,0,35,35,1,0.0,0,26,26,1,,0,0,0,0,,0,0,0,0,2026-09-12T20:10:25.613305+00:00
2026-09-13,51203,12549648,EDCKUL21BSWCE312,equipment,BSW,Electrical,,GF,DATA HALL 2,3,KUL21 LV System,Vertiv,0.0,0,81,81,0.0,0,20,20,1,0.0,0,35,35,1,0.0,0,26,26,1,,0,0,0,0,,0,0,0,0,2026-09-12T20:10:25.613305+00:00
2026-09-13,51203,12549649,EDCKUL21BSWCE400,equipment,BSW,Electrical,,GF,ELE RM CE,3,KUL21 LV System,Promatrix DCS,0.0,0,81,81,0.0,0,20,20,1,0.0,0,35,35,1,0.0,0,26,26,1,,0,0,0,0,,0,0,0,0,2026-09-12T20:10:25.613305+00:00
2026-09-13,51203,12549650,EDCKUL21BSWCE412,equipment,BSW,Electrical,,GF,DATA HALL 2,3,KUL21 LV System,Vertiv,0.0,0,81,81,0.0,0,20,20,1,0.0,0,35,35,1,0.0,0,26,26,1,,0,0,0,0,,0,0,0,0,2026-09-12T20:10:25.613305+00:00
2026-09-13,51203,12549651,EDCKUL21BSWCE500,equipment,BSW,Electrical,,GF,ELE RM CE,3,KUL21 LV System,Promatrix DCS,0.0,0,81,81,0.0,0,20,20,1,0.0,0,35,35,1,0.0,0,26,26,1,,0,0,0,0,,0,0,0,0,2026-09-12T20:10:25.613305+00:00
2026-09-13,51203,12549652,EDCKUL21BSWCE600,equipment,BSW,Electrical,,GF,ELE RM CE,3,KUL21 LV System,Promatrix DCS,0.0,0,81,81,0.0,0,20,20,1,0.0,0,35,35,1,0.0,0,26,26,1,,0,0,0,0,,0,0,0,0,2026-09-12T20:10:25.613305+00:00
2026-09-13,51203,12549653,EDCKUL21BSWCF100,equipment,BSW,Electrical,,GF,ELE RM CF,3,KUL21 LV System,Promatrix DCS,0.0,0,81,81,0.0,0,20,20,1,0.0,0,35,35,1,0.0,0,26,26,1,,0,0,0,0,,0,0,0,0,2026-09-12T20:10:25.613305+00:00
2026-09-13,51203,12549654,EDCKUL21BSWCF112,equipment,BSW,Electrical,,GF,DATA HALL 2,3,KUL21 LV System,Vertiv,0.0,0,81,81,0.0,0,20,20,1,0.0,0,35,35,1,0.0,0,26,26,1,,0,0,0,0,,0,0,0,0,2026-09-12T20:10:25.613305+00:00
2026-09-13,51203,12549655,EDCKUL21BSWCF113,equipment,BSW,Electrical,,GF,DATA HALL 3,3,KUL21 LV System,Vertiv,0.0,0,81,81,0.0,0,20,20,1,0.0,0,35,35,1,0.0,0,26,26,1,,0,0,0,0,,0,0,0,0,2026-09-12T20:10:25.613305+00:00
2026-09-13,51203,12549656,EDCKUL21BSWCF200,equipment,BSW,Electrical,,GF,ELE RM CF,3,KUL21 LV System,Promatrix DCS,0.0,0,81,81,0.0,0,20,20,1,0.0,0,35,35,1,0.0,0,26,26,1,,0,0,0,0,,0,0,0,0,2026-09-12T20:10:25.613305+00:00
2026-09-13,51203,12549657,EDCKUL21BSWCF212,equipment,BSW,Electrical,,GF,DATA HALL 2,3,KUL21 LV System,Vertiv,0.0,0,81,81,0.0,0,20,20,1,0.0,0,35,35,1,0.0,0,26,26,1,,0,0,0,0,,0,0,0,0,2026-09-12T20:10:25.613305+00:00
2026-09-13,51203,12549658,EDCKUL21BSWCF213,equipment,BSW,Electrical,,GF,DATA HALL 3,3,KUL21 LV System,Vertiv,0.0,0,81,81,0.0,0,20,20,1,0.0,0,35,35,1,0.0,0,26,26,1,,0,0,0,0,,0,0,0,0,2026-09-12T20:10:25.613305+00:00
2026-09-13,51203,12549659,EDCKUL21BSWCF300,equipment,BSW,Electrical,,GF,ELE RM CF,3,KUL21 LV System,Promatrix DCS,0.0,0,81,81,0.0,0,20,20,1,0.0,0,35,35,1,0.0,0,26,26,1,,0,0,0,0,,0,0,0,0,2026-09-12T20:10:25.613305+00:00
2026-09-13,51203,12549660,EDCKUL21BSWCF313,equipment,BSW,Electrical,,GF,DATA HALL 3,3,KUL21 LV System,Vertiv,0.0,0,81,81,0.0,0,20,20,1,0.0,0,35,35,1,0.0,0,26,26,1,,0,0,0,0,,0,0,0,0,2026-09-12T20:10:25.613305+00:00
2026-09-13,51203,12549661,EDCKUL21BSWCF400,equipment,BSW,Electrical,,GF,ELE RM CF,3,KUL21 LV System,Promatrix DCS,0.0,0,81,81,0.0,0,20,20,1,0.0,0,35,35,1,0.0,0,26,26,1,,0,0,0,0,,0,0,0,0,2026-09-12T20:10:25.613305+00:00
2026-09-13,51203,12549662,EDCKUL21BSWCF413,equipment,BSW,Electrical,,GF,DATA HALL 3,3,KUL21 LV System,Vertiv,0.0,0,81,81,0.0,0,20,20,1,0.0,0,35,35,1,0.0,0,26,26,1,,0,0,0,0,,0,0,0,0,2026-09-12T20:10:25.613305+00:00
2026-09-13,51203,12549663,EDCKUL21BSWCF500,equipment,BSW,Electrical,,GF,ELE RM CF,3,KUL21 LV System,Promatrix DCS,0.0,0,81,81,0.0,0,20,20,1,0.0,0,35,35,1,0.0,0,26,26,1,,0,0,0,0,,0,0,0,0,2026-09-12T20:10:25.613305+00:00
2026-09-13,51203,12549664,EDCKUL21BSWCF600,equipment,BSW,Electrical,,GF,ELE RM CF,3,KUL21 LV System,Promatrix DCS,0.0,0,81,81,0.0,0,20,20,1,0.0,0,35,35,1,0.0,0,26,26,1,,0,0,0,0,,0,0,0,0,2026-09-12T20:10:25.613305+00:00
2026-09-13,51203,12549665,EDCKUL21BSWCT100,equipment,BSW,Electrical,,GF,ELE RM CT,3,KUL21 LV System,Promatrix DCS,0.0,0,81,81,0.0,0,20,20,1,0.0,0,35,35,1,0.0,0,26,26,1,,0,0,0,0,,0,0,0,0,2026-09-12T20:10:25.613305+00:00
2026-09-13,51203,12549666,EDCKUL21BSWCT200,equipment,BSW,Electrical,,GF,ELE RM CT,3,KUL21 LV System,Promatrix DCS,0.0,0,81,81,0.0,0,20,20,1,0.0,0,35,35,1,0.0,0,26,26,1,,0,0,0,0,,0,0,0,0,2026-09-12T20:10:25.613305+00:00
2026-09-13,51203,12549667,EDCKUL21BSWCT300,equipment,BSW,Electrical,,GF,ELE RM CT,3,KUL21 LV System,Promatrix DCS,0.0,0,81,81,0.0,0,20,20,1,0.0,0,35,35,1,0.0,0,26,26,1,,0,0,0,0,,0,0,0,0,2026-09-12T20:10:25.613305+00:00
2026-09-13,51203,12549668,EDCKUL21BSWCT400,equipment,BSW,Electrical,,GF,ELE RM CT,3,KUL21 LV System,Promatrix DCS,0.0,0,81,81,0.0,0,20,20,1,0.0,0,35,35,1,0.0,0,26,26,1,,0,0,0,0,,0,0,0,0,2026-09-12T20:10:25.613305+00:00
2026-09-13,51203,12549669,EDCKUL21BSWCT500,equipment,BSW,Electrical,,GF,ELE RM CT,3,KUL21 LV System,Promatrix DCS,0.0,0,81,81,0.0,0,20,20,1,0.0,0,35,35,1,0.0,0,26,26,1,,0,0,0,0,,0,0,0,0,2026-09-12T20:10:25.613305+00:00
2026-09-13,51203,12549670,EDCKUL21BSWCY100,equipment,BSW,Electrical,,GF,ELE RM CY,3,KUL21 LV System,Promatrix DCS,0.0,0,81,81,0.0,0,20,20,1,0.0,0,35,35,1,0.0,0,26,26,1,,0,0,0,0,,0,0,0,0,2026-09-12T20:10:25.613305+00:00
2026-09-13,51203,12549671,EDCKUL21BSWCY200,equipment,BSW,Electrical,,GF,ELE RM CY,3,KUL21 LV System,Promatrix DCS,0.0,0,81,81,0.0,0,20,20,1,0.0,0,35,35,1,0.0,0,26,26,1,,0,0,0,0,,0,0,0,0,2026-09-12T20:10:25.613305+00:00
2026-09-13,51203,12549672,EDCKUL21BSWCY300,equipment,BSW,Electrical,,GF,ELE RM CY,3,KUL21 LV System,Promatrix DCS,0.0,0,81,81,0.0,0,20,20,1,0.0,0,35,35,1,0.0,0,26,26,1,,0,0,0,0,,0,0,0,0,2026-09-12T20:10:25.613305+00:00
2026-09-13,51203,12549673,EDCKUL21BSWCY400,equipment,BSW,Electrical,,GF,ELE RM CY,3,KUL21 LV System,Promatrix DCS,0.0,0,81,81,0.0,0,20,20,1,0.0,0,35,35,1,0.0,0,26,26,1,,0,0,0,0,,0,0,0,0,2026-09-12T20:10:25.613305+00:00
2026-09-13,51203,12549674,EDCKUL21BSWCY500,equipment,BSW,Electrical,,GF,ELE RM CY,3,KUL21 LV System,Promatrix DCS,0.0,0,81,81,0.0,0,20,20,1,0.0,0,35,35,1,0.0,0,26,26,1,,0,0,0,0,,0,0,0,0,2026-09-12T20:10:25.613305+00:00
2026-09-13,51203,12549675,EDCKUL21BSWCY600,equipment,BSW,Electrical,,GF,ELECTRICAL ROOM/CORRIDOR,3,KUL21 LV System,Promatrix DCS,0.0,0,81,81,0.0,0,20,20,1,0.0,0,35,35,1,0.0,0,26,26,1,,0,0,0,0,,0,0,0,0,2026-09-12T20:10:25.613305+00:00
2026-09-13,51203,12549676,EDCKUL21BSWCY700,equipment,BSW,Electrical,,GF,ELECTRICAL ROOM/CORRIDOR,3,KUL21 LV System,Promatrix DCS,0.0,0,81,81,0.0,0,20,20,1,0.0,0,35,35,1,0.0,0,26,26,1,,0,0,0,0,,0,0,0,0,2026-09-12T20:10:25.613305+00:00
2026-09-13,51203,13390244,EDCKUL21DPPCA210,equipment,DPP,Electrical,,GF,BATTERY ROOM CA,3,KUL21 UPS System,Eaton,24.69,20,81,61,100.0,20,20,0,1,0.0,0,35,35,1,0.0,0,26,26,1,,0,0,0,0,,0,0,0,0,2026-09-12T20:10:25.613305+00:00
2026-09-13,51203,13390245,EDCKUL21DPPCB210,equipment,DPP,Electrical,,GF,BATTERY ROOM CB,3,KUL21 UPS System,Eaton,24.69,20,81,61,100.0,20,20,0,1,0.0,0,35,35,1,0.0,0,26,26,1,,0,0,0,0,,0,0,0,0,2026-09-12T20:10:25.613305+00:00
2026-09-13,51203,13390246,EDCKUL21DPPCC210,equipment,DPP,Electrical,,GF,BATTERY ROOM CC,3,KUL21 UPS System,Eaton,24.69,20,81,61,100.0,20,20,0,1,0.0,0,35,35,1,0.0,0,26,26,1,,0,0,0,0,,0,0,0,0,2026-09-12T20:10:25.613305+00:00
2026-09-13,51203,13390247,EDCKUL21DPPCD210,equipment,DPP,Electrical,,GF,BATT RM CD,3,KUL21 UPS System,Eaton,24.69,20,81,61,100.0,20,20,0,1,0.0,0,35,35,1,0.0,0,26,26,1,,0,0,0,0,,0,0,0,0,2026-09-12T20:10:25.613305+00:00
2026-09-13,51203,13390248,EDCKUL21DPPCE210,equipment,DPP,Electrical,,GF,BATT RM CE,3,KUL21 UPS System,Eaton,24.69,20,81,61,100.0,20,20,0,1,0.0,0,35,35,1,0.0,0,26,26,1,,0,0,0,0,,0,0,0,0,2026-09-12T20:10:25.613305+00:00
2026-09-13,51203,13390249,EDCKUL21DPPCF210,equipment,DPP,Electrical,,GF,BATT RM CF,3,KUL21 UPS System,Eaton,24.69,20,81,61,100.0,20,20,0,1,0.0,0,35,35,1,0.0,0,26,26,1,,0,0,0,0,,0,0,0,0,2026-09-12T20:10:25.613305+00:00
2026-09-13,51203,13390250,EDCKUL21DPPCT210,equipment,DPP,Electrical,,GF,BATT RM CT,3,KUL21 UPS System,Eaton,24.69,20,81,61,100.0,20,20,0,1,0.0,0,35,35,1,0.0,0,26,26,1,,0,0,0,0,,0,0,0,0,2026-09-12T20:10:25.613305+00:00
2026-09-13,51203,13390251,EDCKUL21DPPCY210,equipment,DPP,Electrical,,GF,BATT RM CY,3,KUL21 UPS System,Eaton,24.69,20,81,61,100.0,20,20,0,1,0.0,0,35,35,1,0.0,0,26,26,1,,0,0,0,0,,0,0,0,0,2026-09-12T20:10:25.613305+00:00
2026-09-13,51203,13390252,EDCKUL21FAP03200,equipment,FAP,Fuel,,GF,FUEL STATION FT6,3,KUL21 Fuel System,Promatrix DCS,0.0,0,81,81,0.0,0,20,20,1,0.0,0,35,35,1,0.0,0,26,26,1,,0,0,0,0,,0,0,0,0,2026-09-12T20:10:25.613305+00:00
2026-09-13,51203,13390253,EDCKUL21GDS00500,equipment,GDS,Mechanical,,GF,ELE RM CT,3,KUL21 ACMV System,Promatrix DCS,0.0,0,81,81,0.0,0,20,20,1,0.0,0,35,35,1,0.0,0,26,26,1,,0,0,0,0,,0,0,0,0,2026-09-12T20:10:25.613305+00:00
2026-09-13,51203,13593088,EDCKUL21DHU00102,equipment,DHU,Mechanical,,,AHU ROOM,3,KUL21 ACMV System,Promatrix DCS,0.0,0,81,81,0.0,0,20,20,1,0.0,0,35,35,1,0.0,0,26,26,1,,0,0,0,0,,0,0,0,0,2026-09-12T20:10:25.613305+00:00
2026-09-13,51203,13593089,EDCKUL21DHU00202,equipment,DHU,Mechanical,,,AHU ROOM,3,KUL21 ACMV System,Promatrix DCS,0.0,0,81,81,0.0,0,20,20,1,0.0,0,35,35,1,0.0,0,26,26,1,,0,0,0,0,,0,0,0,0,2026-09-12T20:10:25.613305+00:00
2026-09-13,51203,13593090,EDCKUL21DHU00103,equipment,DHU,Mechanical,,,AHU ROOM,3,KUL21 ACMV System,Promatrix DCS,0.0,0,81,81,0.0,0,20,20,1,0.0,0,35,35,1,0.0,0,26,26,1,,0,0,0,0,,0,0,0,0,2026-09-12T20:10:25.613305+00:00
2026-09-13,51203,13593091,EDCKUL21DHU00203,equipment,DHU,Mechanical,,,AHU ROOM,3,KUL21 ACMV System,Promatrix DCS,0.0,0,81,81,0.0,0,20,20,1,0.0,0,35,35,1,0.0,0,26,26,1,,0,0,0,0,,0,0,0,0,2026-09-12T20:10:25.613305+00:00
2026-09-13,51203,13593092,EDCKUL21BMPB0100,equipment,BMP,ELV,,,ROOF,3,KUL21 ACMV System,Rovisys,0.0,0,81,81,0.0,0,20,20,1,0.0,0,35,35,1,0.0,0,26,26,1,,0,0,0,0,,0,0,0,0,2026-09-12T20:10:25.613305+00:00
2026-09-13,51203,13593093,EDCKUL21BMPB0200,equipment,BMP,ELV,,,ROOF,3,KUL21 ACMV System,Rovisys,0.0,0,81,81,0.0,0,20,20,1,0.0,0,35,35,1,0.0,0,26,26,1,,0,0,0,0,,0,0,0,0,2026-09-12T20:10:25.613305+00:00
2026-09-13,51203,13593094,EDCKUL21BMPB0300,equipment,BMP,ELV,,,ROOF,3,KUL21 ACMV System,Rovisys,0.0,0,81,81,0.0,0,20,20,1,0.0,0,35,35,1,0.0,0,26,26,1,,0,0,0,0,,0,0,0,0,2026-09-12T20:10:25.613305+00:00
2026-09-13,51203,13593095,EDCKUL21BMPB0400,equipment,BMP,ELV,,,ROOF,3,KUL21 ACMV System,Rovisys,0.0,0,81,81,0.0,0,20,20,1,0.0,0,35,35,1,0.0,0,26,26,1,,0,0,0,0,,0,0,0,0,2026-09-12T20:10:25.613305+00:00
2026-09-13,51203,13593096,EDCKUL21BMPB0500,equipment,BMP,ELV,,,ROOF,3,KUL21 ACMV System,Rovisys,0.0,0,81,81,0.0,0,20,20,1,0.0,0,35,35,1,0.0,0,26,26,1,,0,0,0,0,,0,0,0,0,2026-09-12T20:10:25.613305+00:00
2026-09-13,51203,13593097,EDCKUL21BMPB0600,equipment,BMP,ELV,,,ROOF,3,KUL21 ACMV System,Rovisys,0.0,0,81,81,0.0,0,20,20,1,0.0,0,35,35,1,0.0,0,26,26,1,,0,0,0,0,,0,0,0,0,2026-09-12T20:10:25.613305+00:00
2026-09-13,51203,13593098,EDCKUL21BMPB0700,equipment,BMP,ELV,,,ROOF,3,KUL21 ACMV System,Rovisys,0.0,0,81,81,0.0,0,20,20,1,0.0,0,35,35,1,0.0,0,26,26,1,,0,0,0,0,,0,0,0,0,2026-09-12T20:10:25.613305+00:00
2026-09-13,51203,13593099,EDCKUL21BMPB0800,equipment,BMP,ELV,,,ROOF,3,KUL21 ACMV System,Rovisys,0.0,0,81,81,0.0,0,20,20,1,0.0,0,35,35,1,0.0,0,26,26,1,,0,0,0,0,,0,0,0,0,2026-09-12T20:10:25.613305+00:00
2026-09-13,51203,13593100,EDCKUL21BMPB0900,equipment,BMP,ELV,,,ROOF,3,KUL21 ACMV System,Rovisys,0.0,0,81,81,0.0,0,20,20,1,0.0,0,35,35,1,0.0,0,26,26,1,,0,0,0,0,,0,0,0,0,2026-09-12T20:10:25.613305+00:00
2026-09-13,51203,13593101,EDCKUL21BMPB1000,equipment,BMP,ELV,,,ROOF,3,KUL21 ACMV System,Rovisys,0.0,0,81,81,0.0,0,20,20,1,0.0,0,35,35,1,0.0,0,26,26,1,,0,0,0,0,,0,0,0,0,2026-09-12T20:10:25.613305+00:00
2026-09-13,51203,13593102,EDCKUL21BMPB1100,equipment,BMP,ELV,,,ROOF,3,KUL21 ACMV System,Rovisys,0.0,0,81,81,0.0,0,20,20,1,0.0,0,35,35,1,0.0,0,26,26,1,,0,0,0,0,,0,0,0,0,2026-09-12T20:10:25.613305+00:00
2026-09-13,51203,13593103,EDCKUL21BMPB1200,equipment,BMP,ELV,,,ROOF,3,KUL21 ACMV System,Rovisys,0.0,0,81,81,0.0,0,20,20,1,0.0,0,35,35,1,0.0,0,26,26,1,,0,0,0,0,,0,0,0,0,2026-09-12T20:10:25.613305+00:00
2026-09-13,51203,13593104,EDCKUL21BMPB1300,equipment,BMP,ELV,,,ROOF,3,KUL21 ACMV System,Rovisys,0.0,0,81,81,0.0,0,20,20,1,0.0,0,35,35,1,0.0,0,26,26,1,,0,0,0,0,,0,0,0,0,2026-09-12T20:10:25.613305+00:00
2026-09-13,51203,13593105,EDCKUL21BMPB1400,equipment,BMP,ELV,,,ROOF,3,KUL21 ACMV System,Rovisys,0.0,0,81,81,0.0,0,20,20,1,0.0,0,35,35,1,0.0,0,26,26,1,,0,0,0,0,,0,0,0,0,2026-09-12T20:10:25.613305+00:00
2026-09-13,51203,13593106,EDCKUL21BMPB1500,equipment,BMP,ELV,,,ROOF,3,KUL21 ACMV System,Rovisys,0.0,0,81,81,0.0,0,20,20,1,0.0,0,35,35,1,0.0,0,26,26,1,,0,0,0,0,,0,0,0,0,2026-09-12T20:10:25.613305+00:00
2026-09-13,51203,13593107,EDCKUL21BMPMPMB1,equipment,BMP,ELV,,,ROOF,3,KUL21 ACMV System,Rovisys,0.0,0,81,81,0.0,0,20,20,1,0.0,0,35,35,1,0.0,0,26,26,1,,0,0,0,0,,0,0,0,0,2026-09-12T20:10:25.613305+00:00
2026-09-13,51203,13593108,EDCKUL21BMPMPMB2,equipment,BMP,ELV,,,ROOF,3,KUL21 ACMV System,Rovisys,0.0,0,81,81,0.0,0,20,20,1,0.0,0,35,35,1,0.0,0,26,26,1,,0,0,0,0,,0,0,0,0,2026-09-12T20:10:25.613305+00:00
2026-09-13,51203,13593109,EDCKUL21BMPMPMB3,equipment,BMP,ELV,,,L1 STEEL GANTRY,3,KUL21 ACMV System,Rovisys,0.0,0,81,81,0.0,0,20,20,1,0.0,0,35,35,1,0.0,0,26,26,1,,0,0,0,0,,0,0,0,0,2026-09-12T20:10:25.613305+00:00
2026-09-13,51203,13593110,EDCKUL21BMPMPMB4,equipment,BMP,ELV,,,L1 STEEL GANTRY,3,KUL21 ACMV System,Rovisys,0.0,0,81,81,0.0,0,20,20,1,0.0,0,35,35,1,0.0,0,26,26,1,,0,0,0,0,,0,0,0,0,2026-09-12T20:10:25.613305+00:00
2026-09-13,51203,13593111,EDCKUL21VES09200,equipment,VES,Fire,,,POE ROOM,3,KUL21 Fire Prevention System,Promatrix DCS,0.0,0,81,81,0.0,0,20,20,1,0.0,0,35,35,1,0.0,0,26,26,1,,0,0,0,0,,0,0,0,0,2026-09-12T20:10:25.613305+00:00
2026-09-13,51203,13737882,EDCKUL21BMPCY100,equipment,BMP,ELV,,,ELE RM CY,3,KUL21 BMS System,Datasite,0.0,0,81,81,0.0,0,20,20,1,0.0,0,35,35,1,0.0,0,26,26,1,,0,0,0,0,,0,0,0,0,2026-09-12T20:10:25.613305+00:00
2026-09-13,51203,13737883,EDCKUL21BMPCA100,equipment,BMP,ELV,,,ELE RM CA,3,KUL21 BMS System,Datasite,0.0,0,81,81,0.0,0,20,20,1,0.0,0,35,35,1,0.0,0,26,26,1,,0,0,0,0,,0,0,0,0,2026-09-12T20:10:25.613305+00:00
2026-09-13,51203,13737884,EDCKUL21BMPCB100,equipment,BMP,ELV,,,ELE RM CB,3,KUL21 BMS System,Datasite,0.0,0,81,81,0.0,0,20,20,1,0.0,0,35,35,1,0.0,0,26,26,1,,0,0,0,0,,0,0,0,0,2026-09-12T20:10:25.613305+00:00
2026-09-13,51203,13737885,EDCKUL21BMPCC100,equipment,BMP,ELV,,,ELE RM CC,3,KUL21 BMS System,Datasite,0.0,0,81,81,0.0,0,20,20,1,0.0,0,35,35,1,0.0,0,26,26,1,,0,0,0,0,,0,0,0,0,2026-09-12T20:10:25.613305+00:00
2026-09-13,51203,13737886,EDCKUL21BMPCD100,equipment,BMP,ELV,,,ELE RM CD,3,KUL21 BMS System,Datasite,0.0,0,81,81,0.0,0,20,20,1,0.0,0,35,35,1,0.0,0,26,26,1,,0,0,0,0,,0,0,0,0,2026-09-12T20:10:25.613305+00:00
2026-09-13,51203,13737887,EDCKUL21BMPCE100,equipment,BMP,ELV,,,ELE RM CE,3,KUL21 BMS System,Datasite,0.0,0,81,81,0.0,0,20,20,1,0.0,0,35,35,1,0.0,0,26,26,1,,0,0,0,0,,0,0,0,0,2026-09-12T20:10:25.613305+00:00
2026-09-13,51203,13737888,EDCKUL21BMPCF100,equipment,BMP,ELV,,,ELE RM CF,3,KUL21 BMS System,Datasite,0.0,0,81,81,0.0,0,20,20,1,0.0,0,35,35,1,0.0,0,26,26,1,,0,0,0,0,,0,0,0,0,2026-09-12T20:10:25.613305+00:00
2026-09-13,51203,13737889,EDCKUL21BMPCT100,equipment,BMP,ELV,,,ELE RM CT,3,KUL21 BMS System,Datasite,0.0,0,81,81,0.0,0,20,20,1,0.0,0,35,35,1,0.0,0,26,26,1,,0,0,0,0,,0,0,0,0,2026-09-12T20:10:25.613305+00:00
2026-09-13,51203,13737890,EDCKUL21BMP00102,equipment,BMP,ELV,,,DATA HALL 2,3,KUL21 BMS System,Datasite,0.0,0,81,81,0.0,0,20,20,1,0.0,0,35,35,1,0.0,0,26,26,1,,0,0,0,0,,0,0,0,0,2026-09-12T20:10:25.613305+00:00
2026-09-13,51203,13737891,EDCKUL21BMP00103,equipment,BMP,ELV,,,DATA HALL 3,3,KUL21 BMS System,Datasite,0.0,0,81,81,0.0,0,20,20,1,0.0,0,35,35,1,0.0,0,26,26,1,,0,0,0,0,,0,0,0,0,2026-09-12T20:10:25.613305+00:00
2026-09-13,51203,13737892,EDCKUL21BMPTCS12,equipment,BMP,ELV,,,MECH 21,3,KUL21 BMS System,Rovisys,0.0,0,81,81,0.0,0,20,20,1,0.0,0,35,35,1,0.0,0,26,26,1,,0,0,0,0,,0,0,0,0,2026-09-12T20:10:25.613305+00:00
2026-09-13,51203,13737893,EDCKUL21BMPTCS22,equipment,BMP,ELV,,,MECH 22,3,KUL21 BMS System,Rovisys,0.0,0,81,81,0.0,0,20,20,1,0.0,0,35,35,1,0.0,0,26,26,1,,0,0,0,0,,0,0,0,0,2026-09-12T20:10:25.613305+00:00
2026-09-13,51203,13737894,EDCKUL21BMPTCS13,equipment,BMP,ELV,,,MECH 31,3,KUL21 BMS System,Rovisys,0.0,0,81,81,0.0,0,20,20,1,0.0,0,35,35,1,0.0,0,26,26,1,,0,0,0,0,,0,0,0,0,2026-09-12T20:10:25.613305+00:00
2026-09-13,51203,13737895,EDCKUL21BMPTCS23,equipment,BMP,ELV,,,MECH 32,3,KUL21 BMS System,Rovisys,0.0,0,81,81,0.0,0,20,20,1,0.0,0,35,35,1,0.0,0,26,26,1,,0,0,0,0,,0,0,0,0,2026-09-12T20:10:25.613305+00:00
2026-09-13,51203,13851798,EDCKUL21PAC00900,equipment,PAC,Fire,,,GF - PRE ACTION ROOM,3,KUL21 Fire Protection System,Promatrix DCS,0.0,0,81,81,0.0,0,20,20,1,0.0,0,35,35,1,0.0,0,26,26,1,,0,0,0,0,,0,0,0,0,2026-09-12T20:10:25.613305+00:00
2026-09-13,51203,13851799,EDCKUL21PAC01000,equipment,PAC,Fire,,,GF - PRE ACTION ROOM,3,KUL21 Fire Protection System,Promatrix DCS,0.0,0,81,81,0.0,0,20,20,1,0.0,0,35,35,1,0.0,0,26,26,1,,0,0,0,0,,0,0,0,0,2026-09-12T20:10:25.613305+00:00
2026-09-13,51203,13851800,EDCKUL21PAS01700,equipment,PAS,Fire,,,GF - PRE ACTION ROOM,3,KUL21 Fire Protection System,Promatrix DCS,0.0,0,81,81,0.0,0,20,20,1,0.0,0,35,35,1,0.0,0,26,26,1,,0,0,0,0,,0,0,0,0,2026-09-12T20:10:25.613305+00:00
2026-09-13,51203,13851801,EDCKUL21PAS01800,equipment,PAS,Fire,,,GF - PRE ACTION ROOM,3,KUL21 Fire Protection System,Promatrix DCS,0.0,0,81,81,0.0,0,20,20,1,0.0,0,35,35,1,0.0,0,26,26,1,,0,0,0,0,,0,0,0,0,2026-09-12T20:10:25.613305+00:00
2026-09-13,51203,13851802,EDCKUL21PAS01900,equipment,PAS,Fire,,,GF - PRE ACTION ROOM,3,KUL21 Fire Protection System,Promatrix DCS,0.0,0,81,81,0.0,0,20,20,1,0.0,0,35,35,1,0.0,0,26,26,1,,0,0,0,0,,0,0,0,0,2026-09-12T20:10:25.613305+00:00
2026-09-13,51203,13851803,EDCKUL21PAS02000,equipment,PAS,Fire,,,GF - PRE ACTION ROOM,3,KUL21 Fire Protection System,Promatrix DCS,0.0,0,81,81,0.0,0,20,20,1,0.0,0,35,35,1,0.0,0,26,26,1,,0,0,0,0,,0,0,0,0,2026-09-12T20:10:25.613305+00:00
2026-09-13,51203,13851804,EDCKUL21PAS02100,equipment,PAS,Fire,,,GF - PRE ACTION ROOM,3,KUL21 Fire Protection System,Promatrix DCS,0.0,0,81,81,0.0,0,20,20,1,0.0,0,35,35,1,0.0,0,26,26,1,,0,0,0,0,,0,0,0,0,2026-09-12T20:10:25.613305+00:00
2026-09-13,51203,13851805,EDCKUL21PAS02200,equipment,PAS,Fire,,,GF - PRE ACTION ROOM,3,KUL21 Fire Protection System,Promatrix DCS,0.0,0,81,81,0.0,0,20,20,1,0.0,0,35,35,1,0.0,0,26,26,1,,0,0,0,0,,0,0,0,0,2026-09-12T20:10:25.613305+00:00
2026-09-13,51204,12414800,EDCKUL21ACS04150,equipment,ACS,Mechanical,,L2,BATT RM EA,5,KUL21 VRF System,Promatrix DCS,0.0,0,81,81,0.0,0,20,20,1,0.0,0,35,35,1,0.0,0,26,26,1,,0,0,0,0,,0,0,0,0,2026-09-12T20:10:25.613305+00:00
2026-09-13,51204,12414801,EDCKUL21ACS04050,equipment,ACS,Mechanical,,L2,BATT RM EA,5,KUL21 VRF System,Promatrix DCS,0.0,0,81,81,0.0,0,20,20,1,0.0,0,35,35,1,0.0,0,26,26,1,,0,0,0,0,,0,0,0,0,2026-09-12T20:10:25.613305+00:00
2026-09-13,51204,12414802,EDCKUL21ACS04160,equipment,ACS,Mechanical,,L2,BATT RM EB,5,KUL21 VRF System,Promatrix DCS,0.0,0,81,81,0.0,0,20,20,1,0.0,0,35,35,1,0.0,0,26,26,1,,0,0,0,0,,0,0,0,0,2026-09-12T20:10:25.613305+00:00
2026-09-13,51204,12414803,EDCKUL21ACS04060,equipment,ACS,Mechanical,,L2,BATT RM EB,5,KUL21 VRF System,Promatrix DCS,0.0,0,81,81,0.0,0,20,20,1,0.0,0,35,35,1,0.0,0,26,26,1,,0,0,0,0,,0,0,0,0,2026-09-12T20:10:25.613305+00:00
2026-09-13,51204,12414804,EDCKUL21ACS04170,equipment,ACS,Mechanical,,L2,BATT RM EC,5,KUL21 VRF System,Promatrix DCS,0.0,0,81,81,0.0,0,20,20,1,0.0,0,35,35,1,0.0,0,26,26,1,,0,0,0,0,,0,0,0,0,2026-09-12T20:10:25.613305+00:00
2026-09-13,51204,12414805,EDCKUL21ACS04070,equipment,ACS,Mechanical,,L2,BATT RM EC,5,KUL21 VRF System,Promatrix DCS,0.0,0,81,81,0.0,0,20,20,1,0.0,0,35,35,1,0.0,0,26,26,1,,0,0,0,0,,0,0,0,0,2026-09-12T20:10:25.613305+00:00
2026-09-13,51204,12414806,EDCKUL21ACS04180,equipment,ACS,Mechanical,,L2,BATT RM ED,5,KUL21 VRF System,Promatrix DCS,0.0,0,81,81,0.0,0,20,20,1,0.0,0,35,35,1,0.0,0,26,26,1,,0,0,0,0,,0,0,0,0,2026-09-12T20:10:25.613305+00:00
2026-09-13,51204,12414807,EDCKUL21ACS04080,equipment,ACS,Mechanical,,L2,BATT RM ED,5,KUL21 VRF System,Promatrix DCS,0.0,0,81,81,0.0,0,20,20,1,0.0,0,35,35,1,0.0,0,26,26,1,,0,0,0,0,,0,0,0,0,2026-09-12T20:10:25.613305+00:00
2026-09-13,51204,12414808,EDCKUL21ACS04190,equipment,ACS,Mechanical,,L2,BATT RM EE,5,KUL21 VRF System,Promatrix DCS,0.0,0,81,81,0.0,0,20,20,1,0.0,0,35,35,1,0.0,0,26,26,1,,0,0,0,0,,0,0,0,0,2026-09-12T20:10:25.613305+00:00
2026-09-13,51204,12414809,EDCKUL21ACS04090,equipment,ACS,Mechanical,,L2,BATT RM EE,5,KUL21 VRF System,Promatrix DCS,0.0,0,81,81,0.0,0,20,20,1,0.0,0,35,35,1,0.0,0,26,26,1,,0,0,0,0,,0,0,0,0,2026-09-12T20:10:25.613305+00:00
2026-09-13,51204,12414810,EDCKUL21ACS041A0,equipment,ACS,Mechanical,,L2,BATT RM EF,5,KUL21 VRF System,Promatrix DCS,0.0,0,81,81,0.0,0,20,20,1,0.0,0,35,35,1,0.0,0,26,26,1,,0,0,0,0,,0,0,0,0,2026-09-12T20:10:25.613305+00:00
2026-09-13,51204,12414811,EDCKUL21ACS040A0,equipment,ACS,Mechanical,,L2,BATT RM EF,5,KUL21 VRF System,Promatrix DCS,0.0,0,81,81,0.0,0,20,20,1,0.0,0,35,35,1,0.0,0,26,26,1,,0,0,0,0,,0,0,0,0,2026-09-12T20:10:25.613305+00:00
2026-09-13,51204,12414812,EDCKUL21ACS04140,equipment,ACS,Mechanical,,L2,BATT RM ET1,5,KUL21 VRF System,Promatrix DCS,0.0,0,81,81,0.0,0,20,20,1,0.0,0,35,35,1,0.0,0,26,26,1,,0,0,0,0,,0,0,0,0,2026-09-12T20:10:25.613305+00:00
2026-09-13,51204,12414813,EDCKUL21ACS04040,equipment,ACS,Mechanical,,L2,BATT RM ET1,5,KUL21 VRF System,Promatrix DCS,0.0,0,81,81,0.0,0,20,20,1,0.0,0,35,35,1,0.0,0,26,26,1,,0,0,0,0,,0,0,0,0,2026-09-12T20:10:25.613305+00:00
2026-09-13,51204,12414814,EDCKUL21ACS041B0,equipment,ACS,Mechanical,,L2,BATT RM ET2,5,KUL21 VRF System,Promatrix DCS,0.0,0,81,81,0.0,0,20,20,1,0.0,0,35,35,1,0.0,0,26,26,1,,0,0,0,0,,0,0,0,0,2026-09-12T20:10:25.613305+00:00
2026-09-13,51204,12414815,EDCKUL21ACS040B0,equipment,ACS,Mechanical,,L2,BATT RM ET2,5,KUL21 VRF System,Promatrix DCS,0.0,0,81,81,0.0,0,20,20,1,0.0,0,35,35,1,0.0,0,26,26,1,,0,0,0,0,,0,0,0,0,2026-09-12T20:10:25.613305+00:00
2026-09-13,51204,12414816,EDCKUL21ACS03850,equipment,ACS,Mechanical,,L2,ECX CORRIDOR,5,KUL21 VRF System,Promatrix DCS,0.0,0,81,81,0.0,0,20,20,1,0.0,0,35,35,1,0.0,0,26,26,1,,0,0,0,0,,0,0,0,0,2026-09-12T20:10:25.613305+00:00
2026-09-13,51204,12414817,EDCKUL21ACS03860,equipment,ACS,Mechanical,,L2,ECX CORRIDOR,5,KUL21 VRF System,Promatrix DCS,0.0,0,81,81,0.0,0,20,20,1,0.0,0,35,35,1,0.0,0,26,26,1,,0,0,0,0,,0,0,0,0,2026-09-12T20:10:25.613305+00:00
2026-09-13,51204,12414818,EDCKUL21ACS03830,equipment,ACS,Mechanical,,L2,ECX CORRIDOR,5,KUL21 VRF System,Promatrix DCS,0.0,0,81,81,0.0,0,20,20,1,0.0,0,35,35,1,0.0,0,26,26,1,,0,0,0,0,,0,0,0,0,2026-09-12T20:10:25.613305+00:00
2026-09-13,51204,12414819,EDCKUL21ACS03820,equipment,ACS,Mechanical,,L2,ECX CORRIDOR,5,KUL21 VRF System,Promatrix DCS,0.0,0,81,81,0.0,0,20,20,1,0.0,0,35,35,1,0.0,0,26,26,1,,0,0,0,0,,0,0,0,0,2026-09-12T20:10:25.613305+00:00
2026-09-13,51204,12414820,EDCKUL21ACS03910,equipment,ACS,Mechanical,,L2,ECX CORRIDOR,5,KUL21 VRF System,Promatrix DCS,0.0,0,81,81,0.0,0,20,20,1,0.0,0,35,35,1,0.0,0,26,26,1,,0,0,0,0,,0,0,0,0,2026-09-12T20:10:25.613305+00:00
2026-09-13,51204,12414821,EDCKUL21ACS03920,equipment,ACS,Mechanical,,L2,ECX CORRIDOR,5,KUL21 VRF System,Promatrix DCS,0.0,0,81,81,0.0,0,20,20,1,0.0,0,35,35,1,0.0,0,26,26,1,,0,0,0,0,,0,0,0,0,2026-09-12T20:10:25.613305+00:00
2026-09-13,51204,12414822,EDCKUL21ACS03950,equipment,ACS,Mechanical,,L2,ECX CORRIDOR,5,KUL21 VRF System,Promatrix DCS,0.0,0,81,81,0.0,0,20,20,1,0.0,0,35,35,1,0.0,0,26,26,1,,0,0,0,0,,0,0,0,0,2026-09-12T20:10:25.613305+00:00
2026-09-13,51204,12414823,EDCKUL21ACS03960,equipment,ACS,Mechanical,,L2,ECX CORRIDOR,5,KUL21 VRF System,Promatrix DCS,0.0,0,81,81,0.0,0,20,20,1,0.0,0,35,35,1,0.0,0,26,26,1,,0,0,0,0,,0,0,0,0,2026-09-12T20:10:25.613305+00:00
2026-09-13,51204,12414824,EDCKUL21ACS03810,equipment,ACS,Mechanical,,L2,ECX CORRIDOR,5,KUL21 VRF System,Promatrix DCS,0.0,0,81,81,0.0,0,20,20,1,0.0,0,35,35,1,0.0,0,26,26,1,,0,0,0,0,,0,0,0,0,2026-09-12T20:10:25.613305+00:00
2026-09-13,51204,12414825,EDCKUL21ACS03990,equipment,ACS,Mechanical,,L2,ECX STORAGE,5,KUL21 VRF System,Promatrix DCS,0.0,0,81,81,0.0,0,20,20,1,0.0,0,35,35,1,0.0,0,26,26,1,,0,0,0,0,,0,0,0,0,2026-09-12T20:10:25.613305+00:00
2026-09-13,51204,12414826,EDCKUL21ACS039A0,equipment,ACS,Mechanical,,L2,ECX STORAGE,5,KUL21 VRF System,Promatrix DCS,0.0,0,81,81,0.0,0,20,20,1,0.0,0,35,35,1,0.0,0,26,26,1,,0,0,0,0,,0,0,0,0,2026-09-12T20:10:25.613305+00:00
2026-09-13,51204,12414827,EDCKUL21ACS03880,equipment,ACS,Mechanical,,L2,EU CORRIDOR,5,KUL21 VRF System,Promatrix DCS,0.0,0,81,81,0.0,0,20,20,1,0.0,0,35,35,1,0.0,0,26,26,1,,0,0,0,0,,0,0,0,0,2026-09-12T20:10:25.613305+00:00
2026-09-13,51204,12414828,EDCKUL21ACS03870,equipment,ACS,Mechanical,,L2,EU CORRIDOR,5,KUL21 VRF System,Promatrix DCS,0.0,0,81,81,0.0,0,20,20,1,0.0,0,35,35,1,0.0,0,26,26,1,,0,0,0,0,,0,0,0,0,2026-09-12T20:10:25.613305+00:00
2026-09-13,51204,12414829,EDCKUL21ACS03970,equipment,ACS,Mechanical,,L2,EU CORRIDOR,5,KUL21 VRF System,Promatrix DCS,0.0,0,81,81,0.0,0,20,20,1,0.0,0,35,35,1,0.0,0,26,26,1,,0,0,0,0,,0,0,0,0,2026-09-12T20:10:25.613305+00:00
2026-09-13,51204,12414830,EDCKUL21ACS03940,equipment,ACS,Mechanical,,L2,EU CORRIDOR,5,KUL21 VRF System,Promatrix DCS,0.0,0,81,81,0.0,0,20,20,1,0.0,0,35,35,1,0.0,0,26,26,1,,0,0,0,0,,0,0,0,0,2026-09-12T20:10:25.613305+00:00
2026-09-13,51204,12414831,EDCKUL21ACS03840,equipment,ACS,Mechanical,,L2,EU CORRIDOR,5,KUL21 VRF System,Promatrix DCS,0.0,0,81,81,0.0,0,20,20,1,0.0,0,35,35,1,0.0,0,26,26,1,,0,0,0,0,,0,0,0,0,2026-09-12T20:10:25.613305+00:00
2026-09-13,51204,12414832,EDCKUL21ACS03930,equipment,ACS,Mechanical,,L2,EU CORRIDOR,5,KUL21 VRF System,Promatrix DCS,0.0,0,81,81,0.0,0,20,20,1,0.0,0,35,35,1,0.0,0,26,26,1,,0,0,0,0,,0,0,0,0,2026-09-12T20:10:25.613305+00:00
2026-09-13,51204,12414833,EDCKUL21ACS04110,equipment,ACS,Mechanical,,L2,ITR/SER 3,5,KUL21 VRF System,Promatrix DCS,0.0,0,81,81,0.0,0,20,20,1,0.0,0,35,35,1,0.0,0,26,26,1,,0,0,0,0,,0,0,0,0,2026-09-12T20:10:25.613305+00:00
2026-09-13,51204,12414834,EDCKUL21ACS04010,equipment,ACS,Mechanical,,L2,ITR/SER 3,5,KUL21 VRF System,Promatrix DCS,0.0,0,81,81,0.0,0,20,20,1,0.0,0,35,35,1,0.0,0,26,26,1,,0,0,0,0,,0,0,0,0,2026-09-12T20:10:25.613305+00:00
2026-09-13,51204,12414835,EDCKUL21ACS04120,equipment,ACS,Mechanical,,L2,ITR/SER 4,5,KUL21 VRF System,Promatrix DCS,0.0,0,81,81,0.0,0,20,20,1,0.0,0,35,35,1,0.0,0,26,26,1,,0,0,0,0,,0,0,0,0,2026-09-12T20:10:25.613305+00:00
2026-09-13,51204,12414836,EDCKUL21ACS04020,equipment,ACS,Mechanical,,L2,ITR/SER 4,5,KUL21 VRF System,Promatrix DCS,0.0,0,81,81,0.0,0,20,20,1,0.0,0,35,35,1,0.0,0,26,26,1,,0,0,0,0,,0,0,0,0,2026-09-12T20:10:25.613305+00:00
2026-09-13,51204,12414837,EDCKUL21ACS04130,equipment,ACS,Mechanical,,L2,ITR/SER 5,5,KUL21 VRF System,Promatrix DCS,0.0,0,81,81,0.0,0,20,20,1,0.0,0,35,35,1,0.0,0,26,26,1,,0,0,0,0,,0,0,0,0,2026-09-12T20:10:25.613305+00:00
2026-09-13,51204,12414838,EDCKUL21ACS04030,equipment,ACS,Mechanical,,L2,ITR/SER 5,5,KUL21 VRF System,Promatrix DCS,0.0,0,81,81,0.0,0,20,20,1,0.0,0,35,35,1,0.0,0,26,26,1,,0,0,0,0,,0,0,0,0,2026-09-12T20:10:25.613305+00:00
2026-09-13,51204,12414839,EDCKUL21ACS03890,equipment,ACS,Mechanical,,L2,LTC ROOM,5,KUL21 VRF System,Promatrix DCS,0.0,0,81,81,0.0,0,20,20,1,0.0,0,35,35,1,0.0,0,26,26,1,,0,0,0,0,,0,0,0,0,2026-09-12T20:10:25.613305+00:00
2026-09-13,51204,12414840,EDCKUL21ACS03980,equipment,ACS,Mechanical,,L2,LTC ROOM,5,KUL21 VRF System,Promatrix DCS,0.0,0,81,81,0.0,0,20,20,1,0.0,0,35,35,1,0.0,0,26,26,1,,0,0,0,0,,0,0,0,0,2026-09-12T20:10:25.613305+00:00
2026-09-13,51204,12414841,EDCKUL21ACS038A0,equipment,ACS,Mechanical,,L2,PANEL RM L2,5,KUL21 VRF System,Promatrix DCS,0.0,0,81,81,0.0,0,20,20,1,0.0,0,35,35,1,0.0,0,26,26,1,,0,0,0,0,,0,0,0,0,2026-09-12T20:10:25.613305+00:00
2026-09-13,51204,12414842,EDCKUL21VRF03800,equipment,VRF,Mechanical,,RF,ROOF,5,KUL21 VRF System,Promatrix DCS,0.0,0,81,81,0.0,0,20,20,1,0.0,0,35,35,1,0.0,0,26,26,1,,0,0,0,0,,0,0,0,0,2026-09-12T20:10:25.613305+00:00
2026-09-13,51204,12414843,EDCKUL21VRF03900,equipment,VRF,Mechanical,,RF,ROOF,5,KUL21 VRF System,Promatrix DCS,0.0,0,81,81,0.0,0,20,20,1,0.0,0,35,35,1,0.0,0,26,26,1,,0,0,0,0,,0,0,0,0,2026-09-12T20:10:25.613305+00:00
2026-09-13,51204,12414844,EDCKUL21VRF04000,equipment,VRF,Mechanical,,RF,ROOF,5,KUL21 VRF System,Promatrix DCS,0.0,0,81,81,0.0,0,20,20,1,0.0,0,35,35,1,0.0,0,26,26,1,,0,0,0,0,,0,0,0,0,2026-09-12T20:10:25.613305+00:00
2026-09-13,51204,12414845,EDCKUL21VRF04100,equipment,VRF,Mechanical,,RF,ROOF,5,KUL21 VRF System,Promatrix DCS,0.0,0,81,81,0.0,0,20,20,1,0.0,0,35,35,1,0.0,0,26,26,1,,0,0,0,0,,0,0,0,0,2026-09-12T20:10:25.613305+00:00
2026-09-13,51204,12414850,EDCKUL21CDUC0108,equipment,CDU,Mechanical,,L2,MECH 81,5,KUL21 TCS System,Vertiv,0.0,0,81,81,0.0,0,20,20,1,0.0,0,35,35,1,0.0,0,26,26,1,,0,0,0,0,,0,0,0,0,2026-09-12T20:10:25.613305+00:00
2026-09-13,51204,12414851,EDCKUL21CDUC0208,equipment,CDU,Mechanical,,L2,MECH 81,5,KUL21 TCS System,Vertiv,0.0,0,81,81,0.0,0,20,20,1,0.0,0,35,35,1,0.0,0,26,26,1,,0,0,0,0,,0,0,0,0,2026-09-12T20:10:25.613305+00:00
2026-09-13,51204,12414852,EDCKUL21CDUC0308,equipment,CDU,Mechanical,,L2,MECH 81,5,KUL21 TCS System,Vertiv,0.0,0,81,81,0.0,0,20,20,1,0.0,0,35,35,1,0.0,0,26,26,1,,0,0,0,0,,0,0,0,0,2026-09-12T20:10:25.613305+00:00
2026-09-13,51204,12414853,EDCKUL21CDUC0408,equipment,CDU,Mechanical,,L2,MECH 82,5,KUL21 TCS System,Vertiv,0.0,0,81,81,0.0,0,20,20,1,0.0,0,35,35,1,0.0,0,26,26,1,,0,0,0,0,,0,0,0,0,2026-09-12T20:10:25.613305+00:00
2026-09-13,51204,12414854,EDCKUL21CDUC0508,equipment,CDU,Mechanical,,L2,MECH 82,5,KUL21 TCS System,Vertiv,0.0,0,81,81,0.0,0,20,20,1,0.0,0,35,35,1,0.0,0,26,26,1,,0,0,0,0,,0,0,0,0,2026-09-12T20:10:25.613305+00:00
2026-09-13,51204,12414855,EDCKUL21CDUC0608,equipment,CDU,Mechanical,,L2,MECH 82,5,KUL21 TCS System,Vertiv,0.0,0,81,81,0.0,0,20,20,1,0.0,0,35,35,1,0.0,0,26,26,1,,0,0,0,0,,0,0,0,0,2026-09-12T20:10:25.613305+00:00
2026-09-13,51204,12414856,EDCKUL21CDUC0109,equipment,CDU,Mechanical,,L2,MECH 91,5,KUL21 TCS System,Vertiv,0.0,0,81,81,0.0,0,20,20,1,0.0,0,35,35,1,0.0,0,26,26,1,,0,0,0,0,,0,0,0,0,2026-09-12T20:10:25.613305+00:00
2026-09-13,51204,12414857,EDCKUL21CDUC0209,equipment,CDU,Mechanical,,L2,MECH 91,5,KUL21 TCS System,Vertiv,0.0,0,81,81,0.0,0,20,20,1,0.0,0,35,35,1,0.0,0,26,26,1,,0,0,0,0,,0,0,0,0,2026-09-12T20:10:25.613305+00:00
2026-09-13,51204,12414858,EDCKUL21CDUC0309,equipment,CDU,Mechanical,,L2,MECH 91,5,KUL21 TCS System,Vertiv,0.0,0,81,81,0.0,0,20,20,1,0.0,0,35,35,1,0.0,0,26,26,1,,0,0,0,0,,0,0,0,0,2026-09-12T20:10:25.613305+00:00
2026-09-13,51204,12414859,EDCKUL21CDUC0409,equipment,CDU,Mechanical,,L2,MECH 92,5,KUL21 TCS System,Vertiv,0.0,0,81,81,0.0,0,20,20,1,0.0,0,35,35,1,0.0,0,26,26,1,,0,0,0,0,,0,0,0,0,2026-09-12T20:10:25.613305+00:00
2026-09-13,51204,12414860,EDCKUL21CDUC0509,equipment,CDU,Mechanical,,L2,MECH 92,5,KUL21 TCS System,Vertiv,0.0,0,81,81,0.0,0,20,20,1,0.0,0,35,35,1,0.0,0,26,26,1,,0,0,0,0,,0,0,0,0,2026-09-12T20:10:25.613305+00:00
2026-09-13,51204,12414861,EDCKUL21CDUC0609,equipment,CDU,Mechanical,,L2,MECH 92,5,KUL21 TCS System,Vertiv,0.0,0,81,81,0.0,0,20,20,1,0.0,0,35,35,1,0.0,0,26,26,1,,0,0,0,0,,0,0,0,0,2026-09-12T20:10:25.613305+00:00
2026-09-13,51204,12414862,EDCKUL21AISC0108,equipment,AIS,Mechanical,,L2,MECH 81,5,KUL21 TCS System,Promatrix DCS,0.0,0,81,81,0.0,0,20,20,1,0.0,0,35,35,1,0.0,0,26,26,1,,0,0,0,0,,0,0,0,0,2026-09-12T20:10:25.613305+00:00
2026-09-13,51204,12414863,EDCKUL21AISC0208,equipment,AIS,Mechanical,,L2,MECH 82,5,KUL21 TCS System,Promatrix DCS,0.0,0,81,81,0.0,0,20,20,1,0.0,0,35,35,1,0.0,0,26,26,1,,0,0,0,0,,0,0,0,0,2026-09-12T20:10:25.613305+00:00
2026-09-13,51204,12414864,EDCKUL21AISC0109,equipment,AIS,Mechanical,,L2,MECH 91,5,KUL21 TCS System,Promatrix DCS,0.0,0,81,81,0.0,0,20,20,1,0.0,0,35,35,1,0.0,0,26,26,1,,0,0,0,0,,0,0,0,0,2026-09-12T20:10:25.613305+00:00
2026-09-13,51204,12414865,EDCKUL21AISC0209,equipment,AIS,Mechanical,,L2,MECH 92,5,KUL21 TCS System,Promatrix DCS,0.0,0,81,81,0.0,0,20,20,1,0.0,0,35,35,1,0.0,0,26,26,1,,0,0,0,0,,0,0,0,0,2026-09-12T20:10:25.613305+00:00
2026-09-13,51204,12414866,EDCKUL21CTSC0108,equipment,CTS,Mechanical,,L2,MECH 81,5,KUL21 TCS System,Promatrix DCS,0.0,0,81,81,0.0,0,20,20,1,0.0,0,35,35,1,0.0,0,26,26,1,,0,0,0,0,,0,0,0,0,2026-09-12T20:10:25.613305+00:00
2026-09-13,51204,12414867,EDCKUL21CTSC0208,equipment,CTS,Mechanical,,L2,MECH 82,5,KUL21 TCS System,Promatrix DCS,0.0,0,81,81,0.0,0,20,20,1,0.0,0,35,35,1,0.0,0,26,26,1,,0,0,0,0,,0,0,0,0,2026-09-12T20:10:25.613305+00:00
2026-09-13,51204,12414868,EDCKUL21CTSC0109,equipment,CTS,Mechanical,,L2,MECH 91,5,KUL21 TCS System,Promatrix DCS,0.0,0,81,81,0.0,0,20,20,1,0.0,0,35,35,1,0.0,0,26,26,1,,0,0,0,0,,0,0,0,0,2026-09-12T20:10:25.613305+00:00
2026-09-13,51204,12414869,EDCKUL21CTSC0209,equipment,CTS,Mechanical,,L2,MECH 92,5,KUL21 TCS System,Promatrix DCS,0.0,0,81,81,0.0,0,20,20,1,0.0,0,35,35,1,0.0,0,26,26,1,,0,0,0,0,,0,0,0,0,2026-09-12T20:10:25.613305+00:00
2026-09-13,51204,12414870,EDCKUL21EXPC0108,equipment,EXP,Mechanical,,L2,MECH 81,5,KUL21 TCS System,Promatrix DCS,0.0,0,81,81,0.0,0,20,20,1,0.0,0,35,35,1,0.0,0,26,26,1,,0,0,0,0,,0,0,0,0,2026-09-12T20:10:25.613305+00:00
2026-09-13,51204,12414871,EDCKUL21EXPC0208,equipment,EXP,Mechanical,,L2,MECH 82,5,KUL21 TCS System,Promatrix DCS,0.0,0,81,81,0.0,0,20,20,1,0.0,0,35,35,1,0.0,0,26,26,1,,0,0,0,0,,0,0,0,0,2026-09-12T20:10:25.613305+00:00
2026-09-13,51204,12414872,EDCKUL21EXPC0109,equipment,EXP,Mechanical,,L2,MECH 91,5,KUL21 TCS System,Promatrix DCS,0.0,0,81,81,0.0,0,20,20,1,0.0,0,35,35,1,0.0,0,26,26,1,,0,0,0,0,,0,0,0,0,2026-09-12T20:10:25.613305+00:00
2026-09-13,51204,12414873,EDCKUL21EXPC0209,equipment,EXP,Mechanical,,L2,MECH 92,5,KUL21 TCS System,Promatrix DCS,0.0,0,81,81,0.0,0,20,20,1,0.0,0,35,35,1,0.0,0,26,26,1,,0,0,0,0,,0,0,0,0,2026-09-12T20:10:25.613305+00:00
2026-09-13,51204,12414874,EDCKUL21MUPC0108,equipment,MUP,Mechanical,,L2,MECH 81,5,KUL21 TCS System,Promatrix DCS,0.0,0,81,81,0.0,0,20,20,1,0.0,0,35,35,1,0.0,0,26,26,1,,0,0,0,0,,0,0,0,0,2026-09-12T20:10:25.613305+00:00
2026-09-13,51204,12414875,EDCKUL21MUPC0208,equipment,MUP,Mechanical,,L2,MECH 82,5,KUL21 TCS System,Promatrix DCS,0.0,0,81,81,0.0,0,20,20,1,0.0,0,35,35,1,0.0,0,26,26,1,,0,0,0,0,,0,0,0,0,2026-09-12T20:10:25.613305+00:00
2026-09-13,51204,12414876,EDCKUL21MUPC0109,equipment,MUP,Mechanical,,L2,MECH 91,5,KUL21 TCS System,Promatrix DCS,0.0,0,81,81,0.0,0,20,20,1,0.0,0,35,35,1,0.0,0,26,26,1,,0,0,0,0,,0,0,0,0,2026-09-12T20:10:25.613305+00:00
2026-09-13,51204,12414877,EDCKUL21MUPC0209,equipment,MUP,Mechanical,,L2,MECH 92,5,KUL21 TCS System,Promatrix DCS,0.0,0,81,81,0.0,0,20,20,1,0.0,0,35,35,1,0.0,0,26,26,1,,0,0,0,0,,0,0,0,0,2026-09-12T20:10:25.613305+00:00
2026-09-13,51204,12414878,EDCKUL21TESC0108,equipment,TES,Mechanical,,L2,MECH 81,5,KUL21 TCS System,Promatrix DCS,0.0,0,81,81,0.0,0,20,20,1,0.0,0,35,35,1,0.0,0,26,26,1,,0,0,0,0,,0,0,0,0,2026-09-12T20:10:25.613305+00:00
2026-09-13,51204,12414879,EDCKUL21TESC0208,equipment,TES,Mechanical,,L2,MECH 81,5,KUL21 TCS System,Promatrix DCS,0.0,0,81,81,0.0,0,20,20,1,0.0,0,35,35,1,0.0,0,26,26,1,,0,0,0,0,,0,0,0,0,2026-09-12T20:10:25.613305+00:00
2026-09-13,51204,12414880,EDCKUL21TESC0308,equipment,TES,Mechanical,,L2,MECH 81,5,KUL21 TCS System,Promatrix DCS,0.0,0,81,81,0.0,0,20,20,1,0.0,0,35,35,1,0.0,0,26,26,1,,0,0,0,0,,0,0,0,0,2026-09-12T20:10:25.613305+00:00
2026-09-13,51204,12414881,EDCKUL21TESC0408,equipment,TES,Mechanical,,L2,MECH 82,5,KUL21 TCS System,Promatrix DCS,0.0,0,81,81,0.0,0,20,20,1,0.0,0,35,35,1,0.0,0,26,26,1,,0,0,0,0,,0,0,0,0,2026-09-12T20:10:25.613305+00:00
2026-09-13,51204,12414882,EDCKUL21TESC0508,equipment,TES,Mechanical,,L2,MECH 82,5,KUL21 TCS System,Promatrix DCS,0.0,0,81,81,0.0,0,20,20,1,0.0,0,35,35,1,0.0,0,26,26,1,,0,0,0,0,,0,0,0,0,2026-09-12T20:10:25.613305+00:00
2026-09-13,51204,12414883,EDCKUL21TESC0608,equipment,TES,Mechanical,,L2,MECH 82,5,KUL21 TCS System,Promatrix DCS,0.0,0,81,81,0.0,0,20,20,1,0.0,0,35,35,1,0.0,0,26,26,1,,0,0,0,0,,0,0,0,0,2026-09-12T20:10:25.613305+00:00
2026-09-13,51204,12414884,EDCKUL21TESC0109,equipment,TES,Mechanical,,L2,MECH 91,5,KUL21 TCS System,Promatrix DCS,0.0,0,81,81,0.0,0,20,20,1,0.0,0,35,35,1,0.0,0,26,26,1,,0,0,0,0,,0,0,0,0,2026-09-12T20:10:25.613305+00:00
2026-09-13,51204,12414885,EDCKUL21TESC0209,equipment,TES,Mechanical,,L2,MECH 91,5,KUL21 TCS System,Promatrix DCS,0.0,0,81,81,0.0,0,20,20,1,0.0,0,35,35,1,0.0,0,26,26,1,,0,0,0,0,,0,0,0,0,2026-09-12T20:10:25.613305+00:00
2026-09-13,51204,12414886,EDCKUL21TESC0309,equipment,TES,Mechanical,,L2,MECH 91,5,KUL21 TCS System,Promatrix DCS,0.0,0,81,81,0.0,0,20,20,1,0.0,0,35,35,1,0.0,0,26,26,1,,0,0,0,0,,0,0,0,0,2026-09-12T20:10:25.613305+00:00
2026-09-13,51204,12414887,EDCKUL21TESC0409,equipment,TES,Mechanical,,L2,MECH 92,5,KUL21 TCS System,Promatrix DCS,0.0,0,81,81,0.0,0,20,20,1,0.0,0,35,35,1,0.0,0,26,26,1,,0,0,0,0,,0,0,0,0,2026-09-12T20:10:25.613305+00:00
2026-09-13,51204,12414888,EDCKUL21TESC0509,equipment,TES,Mechanical,,L2,MECH 92,5,KUL21 TCS System,Promatrix DCS,0.0,0,81,81,0.0,0,20,20,1,0.0,0,35,35,1,0.0,0,26,26,1,,0,0,0,0,,0,0,0,0,2026-09-12T20:10:25.613305+00:00
2026-09-13,51204,12414889,EDCKUL21TESC0609,equipment,TES,Mechanical,,L2,MECH 92,5,KUL21 TCS System,Promatrix DCS,0.0,0,81,81,0.0,0,20,20,1,0.0,0,35,35,1,0.0,0,26,26,1,,0,0,0,0,,0,0,0,0,2026-09-12T20:10:25.613305+00:00
2026-09-13,51204,12414890,EDCKUL21TESC0100,equipment,TES,Mechanical,,GF,TES TANK YARD C,5,KUL21 FWS System,LF Lansen,24.69,20,81,61,100.0,20,20,0,1,0.0,0,35,35,1,0.0,0,26,26,1,,0,0,0,0,,0,0,0,0,2026-09-12T20:10:25.613305+00:00
2026-09-13,51204,12414891,EDCKUL21TESC0200,equipment,TES,Mechanical,,GF,TES TANK YARD C,5,KUL21 FWS System,LF Lansen,24.69,20,81,61,100.0,20,20,0,1,0.0,0,35,35,1,0.0,0,26,26,1,,0,0,0,0,,0,0,0,0,2026-09-12T20:10:25.613305+00:00
2026-09-13,51204,12414892,EDCKUL21TESC0300,equipment,TES,Mechanical,,GF,TES TANK YARD C,5,KUL21 FWS System,LF Lansen,24.69,20,81,61,100.0,20,20,0,1,0.0,0,35,35,1,0.0,0,26,26,1,,0,0,0,0,,0,0,0,0,2026-09-12T20:10:25.613305+00:00
2026-09-13,51204,12414893,EDCKUL21TESC0400,equipment,TES,Mechanical,,GF,TES TANK YARD C,5,KUL21 FWS System,LF Lansen,24.69,20,81,61,100.0,20,20,0,1,0.0,0,35,35,1,0.0,0,26,26,1,,0,0,0,0,,0,0,0,0,2026-09-12T20:10:25.613305+00:00
2026-09-13,51204,12414894,EDCKUL21TESC0500,equipment,TES,Mechanical,,GF,TES TANK YARD C,5,KUL21 FWS System,LF Lansen,24.69,20,81,61,100.0,20,20,0,1,0.0,0,35,35,1,0.0,0,26,26,1,,0,0,0,0,,0,0,0,0,2026-09-12T20:10:25.613305+00:00
2026-09-13,51204,12414895,EDCKUL21TESC0600,equipment,TES,Mechanical,,GF,TES TANK YARD C,5,KUL21 FWS System,LF Lansen,24.69,20,81,61,100.0,20,20,0,1,0.0,0,35,35,1,0.0,0,26,26,1,,0,0,0,0,,0,0,0,0,2026-09-12T20:10:25.613305+00:00
2026-09-13,51204,12414896,EDCKUL21CHLC0100,equipment,CHL,Mechanical,,RF,ROOF,5,KUL21 FWS System,Smardt,0.0,0,81,81,0.0,0,20,20,1,0.0,0,35,35,1,0.0,0,26,26,1,,0,0,0,0,,0,0,0,0,2026-09-12T20:10:25.613305+00:00
2026-09-13,51204,12414897,EDCKUL21CHLC0200,equipment,CHL,Mechanical,,RF,ROOF,5,KUL21 FWS System,Smardt,0.0,0,81,81,0.0,0,20,20,1,0.0,0,35,35,1,0.0,0,26,26,1,,0,0,0,0,,0,0,0,0,2026-09-12T20:10:25.613305+00:00
2026-09-13,51204,12414898,EDCKUL21CHLC0300,equipment,CHL,Mechanical,,RF,ROOF,5,KUL21 FWS System,Smardt,0.0,0,81,81,0.0,0,20,20,1,0.0,0,35,35,1,0.0,0,26,26,1,,0,0,0,0,,0,0,0,0,2026-09-12T20:10:25.613305+00:00
2026-09-13,51204,12414899,EDCKUL21CHLC0400,equipment,CHL,Mechanical,,RF,ROOF,5,KUL21 FWS System,Smardt,0.0,0,81,81,0.0,0,20,20,1,0.0,0,35,35,1,0.0,0,26,26,1,,0,0,0,0,,0,0,0,0,2026-09-12T20:10:25.613305+00:00
2026-09-13,51204,12414900,EDCKUL21CHLC0500,equipment,CHL,Mechanical,,RF,ROOF,5,KUL21 FWS System,Smardt,0.0,0,81,81,0.0,0,20,20,1,0.0,0,35,35,1,0.0,0,26,26,1,,0,0,0,0,,0,0,0,0,2026-09-12T20:10:25.613305+00:00
2026-09-13,51204,12414901,EDCKUL21CHLC0600,equipment,CHL,Mechanical,,RF,ROOF,5,KUL21 FWS System,Smardt,0.0,0,81,81,0.0,0,20,20,1,0.0,0,35,35,1,0.0,0,26,26,1,,0,0,0,0,,0,0,0,0,2026-09-12T20:10:25.613305+00:00
2026-09-13,51204,12414902,EDCKUL21CHLC0700,equipment,CHL,Mechanical,,RF,ROOF,5,KUL21 FWS System,Smardt,0.0,0,81,81,0.0,0,20,20,1,0.0,0,35,35,1,0.0,0,26,26,1,,0,0,0,0,,0,0,0,0,2026-09-12T20:10:25.613305+00:00
2026-09-13,51204,12414903,EDCKUL21CHLC0800,equipment,CHL,Mechanical,,RF,ROOF,5,KUL21 FWS System,Smardt,0.0,0,81,81,0.0,0,20,20,1,0.0,0,35,35,1,0.0,0,26,26,1,,0,0,0,0,,0,0,0,0,2026-09-12T20:10:25.613305+00:00
2026-09-13,51204,12414904,EDCKUL21CHLC0900,equipment,CHL,Mechanical,,RF,ROOF,5,KUL21 FWS System,Smardt,0.0,0,81,81,0.0,0,20,20,1,0.0,0,35,35,1,0.0,0,26,26,1,,0,0,0,0,,0,0,0,0,2026-09-12T20:10:25.613305+00:00
2026-09-13,51204,12414905,EDCKUL21CHLC1000,equipment,CHL,Mechanical,,RF,ROOF,5,KUL21 FWS System,Smardt,0.0,0,81,81,0.0,0,20,20,1,0.0,0,35,35,1,0.0,0,26,26,1,,0,0,0,0,,0,0,0,0,2026-09-12T20:10:25.613305+00:00
2026-09-13,51204,12414906,EDCKUL21CHLC1100,equipment,CHL,Mechanical,,RF,ROOF,5,KUL21 FWS System,Smardt,0.0,0,81,81,0.0,0,20,20,1,0.0,0,35,35,1,0.0,0,26,26,1,,0,0,0,0,,0,0,0,0,2026-09-12T20:10:25.613305+00:00
2026-09-13,51204,12414907,EDCKUL21CHLC1200,equipment,CHL,Mechanical,,RF,ROOF,5,KUL21 FWS System,Smardt,0.0,0,81,81,0.0,0,20,20,1,0.0,0,35,35,1,0.0,0,26,26,1,,0,0,0,0,,0,0,0,0,2026-09-12T20:10:25.613305+00:00
2026-09-13,51204,12414908,EDCKUL21CHLC1300,equipment,CHL,Mechanical,,RF,ROOF,5,KUL21 FWS System,Smardt,0.0,0,81,81,0.0,0,20,20,1,0.0,0,35,35,1,0.0,0,26,26,1,,0,0,0,0,,0,0,0,0,2026-09-12T20:10:25.613305+00:00
2026-09-13,51204,12414909,EDCKUL21CHLC1400,equipment,CHL,Mechanical,,RF,ROOF,5,KUL21 FWS System,Smardt,0.0,0,81,81,0.0,0,20,20,1,0.0,0,35,35,1,0.0,0,26,26,1,,0,0,0,0,,0,0,0,0,2026-09-12T20:10:25.613305+00:00
2026-09-13,51204,12414910,EDCKUL21CHLC1500,equipment,CHL,Mechanical,,RF,ROOF,5,KUL21 FWS System,Smardt,0.0,0,81,81,0.0,0,20,20,1,0.0,0,35,35,1,0.0,0,26,26,1,,0,0,0,0,,0,0,0,0,2026-09-12T20:10:25.613305+00:00
2026-09-13,51204,12414911,EDCKUL21CHPC0100,equipment,CHP,Mechanical,,RF,ROOF,5,KUL21 FWS System,Smardt,0.0,0,81,81,0.0,0,20,20,1,0.0,0,35,35,1,0.0,0,26,26,1,,0,0,0,0,,0,0,0,0,2026-09-12T20:10:25.613305+00:00
2026-09-13,51204,12414912,EDCKUL21CHPC0200,equipment,CHP,Mechanical,,RF,ROOF,5,KUL21 FWS System,Smardt,0.0,0,81,81,0.0,0,20,20,1,0.0,0,35,35,1,0.0,0,26,26,1,,0,0,0,0,,0,0,0,0,2026-09-12T20:10:25.613305+00:00
2026-09-13,51204,12414913,EDCKUL21CHPC0300,equipment,CHP,Mechanical,,RF,ROOF,5,KUL21 FWS System,Smardt,0.0,0,81,81,0.0,0,20,20,1,0.0,0,35,35,1,0.0,0,26,26,1,,0,0,0,0,,0,0,0,0,2026-09-12T20:10:25.613305+00:00
2026-09-13,51204,12414914,EDCKUL21CHPC0400,equipment,CHP,Mechanical,,RF,ROOF,5,KUL21 FWS System,Smardt,0.0,0,81,81,0.0,0,20,20,1,0.0,0,35,35,1,0.0,0,26,26,1,,0,0,0,0,,0,0,0,0,2026-09-12T20:10:25.613305+00:00
2026-09-13,51204,12414915,EDCKUL21CHPC0500,equipment,CHP,Mechanical,,RF,ROOF,5,KUL21 FWS System,Smardt,0.0,0,81,81,0.0,0,20,20,1,0.0,0,35,35,1,0.0,0,26,26,1,,0,0,0,0,,0,0,0,0,2026-09-12T20:10:25.613305+00:00
2026-09-13,51204,12414916,EDCKUL21CHPC0600,equipment,CHP,Mechanical,,RF,ROOF,5,KUL21 FWS System,Smardt,0.0,0,81,81,0.0,0,20,20,1,0.0,0,35,35,1,0.0,0,26,26,1,,0,0,0,0,,0,0,0,0,2026-09-12T20:10:25.613305+00:00
2026-09-13,51204,12414917,EDCKUL21CHPC0700,equipment,CHP,Mechanical,,RF,ROOF,5,KUL21 FWS System,Smardt,0.0,0,81,81,0.0,0,20,20,1,0.0,0,35,35,1,0.0,0,26,26,1,,0,0,0,0,,0,0,0,0,2026-09-12T20:10:25.613305+00:00
2026-09-13,51204,12414918,EDCKUL21CHPC0800,equipment,CHP,Mechanical,,RF,ROOF,5,KUL21 FWS System,Smardt,0.0,0,81,81,0.0,0,20,20,1,0.0,0,35,35,1,0.0,0,26,26,1,,0,0,0,0,,0,0,0,0,2026-09-12T20:10:25.613305+00:00
2026-09-13,51204,12414919,EDCKUL21CHPC0900,equipment,CHP,Mechanical,,RF,ROOF,5,KUL21 FWS System,Smardt,0.0,0,81,81,0.0,0,20,20,1,0.0,0,35,35,1,0.0,0,26,26,1,,0,0,0,0,,0,0,0,0,2026-09-12T20:10:25.613305+00:00
2026-09-13,51204,12414920,EDCKUL21CHPC1000,equipment,CHP,Mechanical,,RF,ROOF,5,KUL21 FWS System,Smardt,0.0,0,81,81,0.0,0,20,20,1,0.0,0,35,35,1,0.0,0,26,26,1,,0,0,0,0,,0,0,0,0,2026-09-12T20:10:25.613305+00:00
2026-09-13,51204,12414921,EDCKUL21CHPC1100,equipment,CHP,Mechanical,,RF,ROOF,5,KUL21 FWS System,Smardt,0.0,0,81,81,0.0,0,20,20,1,0.0,0,35,35,1,0.0,0,26,26,1,,0,0,0,0,,0,0,0,0,2026-09-12T20:10:25.613305+00:00
2026-09-13,51204,12414922,EDCKUL21CHPC1200,equipment,CHP,Mechanical,,RF,ROOF,5,KUL21 FWS System,Smardt,0.0,0,81,81,0.0,0,20,20,1,0.0,0,35,35,1,0.0,0,26,26,1,,0,0,0,0,,0,0,0,0,2026-09-12T20:10:25.613305+00:00
2026-09-13,51204,12414923,EDCKUL21CHPC1300,equipment,CHP,Mechanical,,RF,ROOF,5,KUL21 FWS System,Smardt,0.0,0,81,81,0.0,0,20,20,1,0.0,0,35,35,1,0.0,0,26,26,1,,0,0,0,0,,0,0,0,0,2026-09-12T20:10:25.613305+00:00
2026-09-13,51204,12414924,EDCKUL21CHPC1400,equipment,CHP,Mechanical,,RF,ROOF,5,KUL21 FWS System,Smardt,0.0,0,81,81,0.0,0,20,20,1,0.0,0,35,35,1,0.0,0,26,26,1,,0,0,0,0,,0,0,0,0,2026-09-12T20:10:25.613305+00:00
2026-09-13,51204,12414925,EDCKUL21CHPC1500,equipment,CHP,Mechanical,,RF,ROOF,5,KUL21 FWS System,Smardt,0.0,0,81,81,0.0,0,20,20,1,0.0,0,35,35,1,0.0,0,26,26,1,,0,0,0,0,,0,0,0,0,2026-09-12T20:10:25.613305+00:00
2026-09-13,51204,12414926,EDCKUL21CTSC0100,equipment,CTS,Mechanical,,RF,ROOF,5,KUL21 FWS System,Promatrix DCS,0.0,0,81,81,0.0,0,20,20,1,0.0,0,35,35,1,0.0,0,26,26,1,,0,0,0,0,,0,0,0,0,2026-09-12T20:10:25.613305+00:00
2026-09-13,51204,12414927,EDCKUL21CTSC0200,equipment,CTS,Mechanical,,RF,ROOF,5,KUL21 FWS System,Promatrix DCS,0.0,0,81,81,0.0,0,20,20,1,0.0,0,35,35,1,0.0,0,26,26,1,,0,0,0,0,,0,0,0,0,2026-09-12T20:10:25.613305+00:00
2026-09-13,51204,12414928,EDCKUL21EXPC0100,equipment,EXP,Mechanical,,RF,ROOF,5,KUL21 FWS System,Promatrix DCS,0.0,0,81,81,0.0,0,20,20,1,0.0,0,35,35,1,0.0,0,26,26,1,,0,0,0,0,,0,0,0,0,2026-09-12T20:10:25.613305+00:00
2026-09-13,51204,12414929,EDCKUL21EXPC0200,equipment,EXP,Mechanical,,RF,ROOF,5,KUL21 FWS System,Promatrix DCS,0.0,0,81,81,0.0,0,20,20,1,0.0,0,35,35,1,0.0,0,26,26,1,,0,0,0,0,,0,0,0,0,2026-09-12T20:10:25.613305+00:00
2026-09-13,51204,12414930,EDCKUL21AISC0100,equipment,AIS,Mechanical,,RF,ROOF,5,KUL21 FWS System,Promatrix DCS,0.0,0,81,81,0.0,0,20,20,1,0.0,0,35,35,1,0.0,0,26,26,1,,0,0,0,0,,0,0,0,0,2026-09-12T20:10:25.613305+00:00
2026-09-13,51204,12414931,EDCKUL21AISC0200,equipment,AIS,Mechanical,,RF,ROOF,5,KUL21 FWS System,Promatrix DCS,0.0,0,81,81,0.0,0,20,20,1,0.0,0,35,35,1,0.0,0,26,26,1,,0,0,0,0,,0,0,0,0,2026-09-12T20:10:25.613305+00:00
2026-09-13,51204,12414932,EDCKUL21CRAC0100,equipment,CRA,Mechanical,,L2,ELE RM ET1,5,KUL21 CHW System,Stulz,24.69,20,81,61,100.0,20,20,0,1,0.0,0,35,35,1,0.0,0,26,26,1,,0,0,0,0,,0,0,0,0,2026-09-12T20:10:25.613305+00:00
2026-09-13,51204,12414933,EDCKUL21CRAC0200,equipment,CRA,Mechanical,,L2,ELE RM ET1,5,KUL21 CHW System,Stulz,24.69,20,81,61,100.0,20,20,0,1,0.0,0,35,35,1,0.0,0,26,26,1,,0,0,0,0,,0,0,0,0,2026-09-12T20:10:25.613305+00:00
2026-09-13,51204,12414934,EDCKUL21CRAC0300,equipment,CRA,Mechanical,,L2,ELE RM EA,5,KUL21 CHW System,Stulz,24.69,20,81,61,100.0,20,20,0,1,0.0,0,35,35,1,0.0,0,26,26,1,,0,0,0,0,,0,0,0,0,2026-09-12T20:10:25.613305+00:00
2026-09-13,51204,12414935,EDCKUL21CRAC0400,equipment,CRA,Mechanical,,L2,ELE RM EA,5,KUL21 CHW System,Stulz,24.69,20,81,61,100.0,20,20,0,1,0.0,0,35,35,1,0.0,0,26,26,1,,0,0,0,0,,0,0,0,0,2026-09-12T20:10:25.613305+00:00
2026-09-13,51204,12414936,EDCKUL21CRAC0500,equipment,CRA,Mechanical,,L2,ELE RM EB,5,KUL21 CHW System,Stulz,24.69,20,81,61,100.0,20,20,0,1,0.0,0,35,35,1,0.0,0,26,26,1,,0,0,0,0,,0,0,0,0,2026-09-12T20:10:25.613305+00:00
2026-09-13,51204,12414937,EDCKUL21CRAC0600,equipment,CRA,Mechanical,,L2,ELE RM EB,5,KUL21 CHW System,Stulz,24.69,20,81,61,100.0,20,20,0,1,0.0,0,35,35,1,0.0,0,26,26,1,,0,0,0,0,,0,0,0,0,2026-09-12T20:10:25.613305+00:00
2026-09-13,51204,12414938,EDCKUL21CRAC1500,equipment,CRA,Mechanical,,L2,ELE RM ED,5,KUL21 CHW System,Stulz,24.69,20,81,61,100.0,20,20,0,1,0.0,0,35,35,1,0.0,0,26,26,1,,0,0,0,0,,0,0,0,0,2026-09-12T20:10:25.613305+00:00
2026-09-13,51204,12414939,EDCKUL21CRAC1600,equipment,CRA,Mechanical,,L2,ELE RM ED,5,KUL21 CHW System,Stulz,24.69,20,81,61,100.0,20,20,0,1,0.0,0,35,35,1,0.0,0,26,26,1,,0,0,0,0,,0,0,0,0,2026-09-12T20:10:25.613305+00:00
2026-09-13,51204,12414940,EDCKUL21CRAC1100,equipment,CRA,Mechanical,,L2,ELE RM EF,5,KUL21 CHW System,Stulz,24.69,20,81,61,100.0,20,20,0,1,0.0,0,35,35,1,0.0,0,26,26,1,,0,0,0,0,,0,0,0,0,2026-09-12T20:10:25.613305+00:00
2026-09-13,51204,12414941,EDCKUL21CRAC1200,equipment,CRA,Mechanical,,L2,ELE RM EF,5,KUL21 CHW System,Stulz,24.69,20,81,61,100.0,20,20,0,1,0.0,0,35,35,1,0.0,0,26,26,1,,0,0,0,0,,0,0,0,0,2026-09-12T20:10:25.613305+00:00
2026-09-13,51204,12414942,EDCKUL21CRAC0900,equipment,CRA,Mechanical,,L2,ELE RM ET2,5,KUL21 CHW System,Stulz,24.69,20,81,61,100.0,20,20,0,1,0.0,0,35,35,1,0.0,0,26,26,1,,0,0,0,0,,0,0,0,0,2026-09-12T20:10:25.613305+00:00
2026-09-13,51204,12414943,EDCKUL21CRAC1000,equipment,CRA,Mechanical,,L2,ELE RM ET2,5,KUL21 CHW System,Stulz,24.69,20,81,61,100.0,20,20,0,1,0.0,0,35,35,1,0.0,0,26,26,1,,0,0,0,0,,0,0,0,0,2026-09-12T20:10:25.613305+00:00
2026-09-13,51204,12414944,EDCKUL21CRAC1300,equipment,CRA,Mechanical,,L2,ELE RM EE,5,KUL21 CHW System,Stulz,24.69,20,81,61,100.0,20,20,0,1,0.0,0,35,35,1,0.0,0,26,26,1,,0,0,0,0,,0,0,0,0,2026-09-12T20:10:25.613305+00:00
2026-09-13,51204,12414945,EDCKUL21CRAC1400,equipment,CRA,Mechanical,,L2,ELE RM EE,5,KUL21 CHW System,Stulz,24.69,20,81,61,100.0,20,20,0,1,0.0,0,35,35,1,0.0,0,26,26,1,,0,0,0,0,,0,0,0,0,2026-09-12T20:10:25.613305+00:00
2026-09-13,51204,12414946,EDCKUL21CRAC0700,equipment,CRA,Mechanical,,L2,ELE RM EC,5,KUL21 CHW System,Stulz,24.69,20,81,61,100.0,20,20,0,1,0.0,0,35,35,1,0.0,0,26,26,1,,0,0,0,0,,0,0,0,0,2026-09-12T20:10:25.613305+00:00
2026-09-13,51204,12414947,EDCKUL21CRAC0800,equipment,CRA,Mechanical,,L2,ELE RM EC,5,KUL21 CHW System,Stulz,24.69,20,81,61,100.0,20,20,0,1,0.0,0,35,35,1,0.0,0,26,26,1,,0,0,0,0,,0,0,0,0,2026-09-12T20:10:25.613305+00:00
2026-09-13,51204,12414948,EDCKUL21CRAC0108,equipment,CRA,Mechanical,,L2,MECH 81,5,KUL21 CHW System,Stulz,24.69,20,81,61,100.0,20,20,0,1,0.0,0,35,35,1,0.0,0,26,26,1,,0,0,0,0,,0,0,0,0,2026-09-12T20:10:25.613305+00:00
2026-09-13,51204,12414949,EDCKUL21CRAC0208,equipment,CRA,Mechanical,,L2,MECH 81,5,KUL21 CHW System,Stulz,24.69,20,81,61,100.0,20,20,0,1,0.0,0,35,35,1,0.0,0,26,26,1,,0,0,0,0,,0,0,0,0,2026-09-12T20:10:25.613305+00:00
2026-09-13,51204,12414950,EDCKUL21CRAC0308,equipment,CRA,Mechanical,,L2,MECH 81,5,KUL21 CHW System,Stulz,24.69,20,81,61,100.0,20,20,0,1,0.0,0,35,35,1,0.0,0,26,26,1,,0,0,0,0,,0,0,0,0,2026-09-12T20:10:25.613305+00:00
2026-09-13,51204,12414951,EDCKUL21CRAC0408,equipment,CRA,Mechanical,,L2,MECH 81,5,KUL21 CHW System,Stulz,24.69,20,81,61,100.0,20,20,0,1,0.0,0,35,35,1,0.0,0,26,26,1,,0,0,0,0,,0,0,0,0,2026-09-12T20:10:25.613305+00:00
2026-09-13,51204,12414952,EDCKUL21CRAC0808,equipment,CRA,Mechanical,,L2,MECH 82,5,KUL21 CHW System,Stulz,24.69,20,81,61,100.0,20,20,0,1,0.0,0,35,35,1,0.0,0,26,26,1,,0,0,0,0,,0,0,0,0,2026-09-12T20:10:25.613305+00:00
2026-09-13,51204,12414953,EDCKUL21CRAC0708,equipment,CRA,Mechanical,,L2,MECH 82,5,KUL21 CHW System,Stulz,24.69,20,81,61,100.0,20,20,0,1,0.0,0,35,35,1,0.0,0,26,26,1,,0,0,0,0,,0,0,0,0,2026-09-12T20:10:25.613305+00:00
2026-09-13,51204,12414954,EDCKUL21CRAC0608,equipment,CRA,Mechanical,,L2,MECH 82,5,KUL21 CHW System,Stulz,24.69,20,81,61,100.0,20,20,0,1,0.0,0,35,35,1,0.0,0,26,26,1,,0,0,0,0,,0,0,0,0,2026-09-12T20:10:25.613305+00:00
2026-09-13,51204,12414955,EDCKUL21CRAC0508,equipment,CRA,Mechanical,,L2,MECH 82,5,KUL21 CHW System,Stulz,24.69,20,81,61,100.0,20,20,0,1,0.0,0,35,35,1,0.0,0,26,26,1,,0,0,0,0,,0,0,0,0,2026-09-12T20:10:25.613305+00:00
2026-09-13,51204,12414956,EDCKUL21CRAC0109,equipment,CRA,Mechanical,,L2,MECH 91,5,KUL21 CHW System,Stulz,24.69,20,81,61,100.0,20,20,0,1,0.0,0,35,35,1,0.0,0,26,26,1,,0,0,0,0,,0,0,0,0,2026-09-12T20:10:25.613305+00:00
2026-09-13,51204,12414957,EDCKUL21CRAC0209,equipment,CRA,Mechanical,,L2,MECH 91,5,KUL21 CHW System,Stulz,24.69,20,81,61,100.0,20,20,0,1,0.0,0,35,35,1,0.0,0,26,26,1,,0,0,0,0,,0,0,0,0,2026-09-12T20:10:25.613305+00:00
2026-09-13,51204,12414958,EDCKUL21CRAC0309,equipment,CRA,Mechanical,,L2,MECH 91,5,KUL21 CHW System,Stulz,24.69,20,81,61,100.0,20,20,0,1,0.0,0,35,35,1,0.0,0,26,26,1,,0,0,0,0,,0,0,0,0,2026-09-12T20:10:25.613305+00:00
2026-09-13,51204,12414959,EDCKUL21CRAC0409,equipment,CRA,Mechanical,,L2,MECH 91,5,KUL21 CHW System,Stulz,24.69,20,81,61,100.0,20,20,0,1,0.0,0,35,35,1,0.0,0,26,26,1,,0,0,0,0,,0,0,0,0,2026-09-12T20:10:25.613305+00:00
2026-09-13,51204,12414960,EDCKUL21CRAC0809,equipment,CRA,Mechanical,,L2,MECH 92,5,KUL21 CHW System,Stulz,24.69,20,81,61,100.0,20,20,0,1,0.0,0,35,35,1,0.0,0,26,26,1,,0,0,0,0,,0,0,0,0,2026-09-12T20:10:25.613305+00:00
2026-09-13,51204,12414961,EDCKUL21CRAC0709,equipment,CRA,Mechanical,,L2,MECH 92,5,KUL21 CHW System,Stulz,24.69,20,81,61,100.0,20,20,0,1,0.0,0,35,35,1,0.0,0,26,26,1,,0,0,0,0,,0,0,0,0,2026-09-12T20:10:25.613305+00:00
2026-09-13,51204,12414962,EDCKUL21CRAC0609,equipment,CRA,Mechanical,,L2,MECH 92,5,KUL21 CHW System,Stulz,24.69,20,81,61,100.0,20,20,0,1,0.0,0,35,35,1,0.0,0,26,26,1,,0,0,0,0,,0,0,0,0,2026-09-12T20:10:25.613305+00:00
2026-09-13,51204,12414963,EDCKUL21CRAC0509,equipment,CRA,Mechanical,,L2,MECH 92,5,KUL21 CHW System,Stulz,24.69,20,81,61,100.0,20,20,0,1,0.0,0,35,35,1,0.0,0,26,26,1,,0,0,0,0,,0,0,0,0,2026-09-12T20:10:25.613305+00:00
2026-09-13,51204,12414964,EDCKUL21GDTEA100,equipment,GDT,Fuel,,L2,GEN ROOM EA,5,KUL21 Fuel System,Sime Darby Industrial,24.69,20,81,61,100.0,20,20,0,1,0.0,0,35,35,1,0.0,0,26,26,1,,0,0,0,0,,0,0,0,0,2026-09-12T20:10:25.613305+00:00
2026-09-13,51204,12414965,EDCKUL21GDTEB100,equipment,GDT,Fuel,,L2,GEN ROOM EB,5,KUL21 Fuel System,Sime Darby Industrial,24.69,20,81,61,100.0,20,20,0,1,0.0,0,35,35,1,0.0,0,26,26,1,,0,0,0,0,,0,0,0,0,2026-09-12T20:10:25.613305+00:00
2026-09-13,51204,12414966,EDCKUL21GDTEC100,equipment,GDT,Fuel,,L2,GEN ROOM EC,5,KUL21 Fuel System,Sime Darby Industrial,24.69,20,81,61,100.0,20,20,0,1,0.0,0,35,35,1,0.0,0,26,26,1,,0,0,0,0,,0,0,0,0,2026-09-12T20:10:25.613305+00:00
2026-09-13,51204,12414967,EDCKUL21GDTED100,equipment,GDT,Fuel,,L2,GEN ROOM ED,5,KUL21 Fuel System,Sime Darby Industrial,24.69,20,81,61,100.0,20,20,0,1,0.0,0,35,35,1,0.0,0,26,26,1,,0,0,0,0,,0,0,0,0,2026-09-12T20:10:25.613305+00:00
2026-09-13,51204,12414968,EDCKUL21GDTEE100,equipment,GDT,Fuel,,L2,GEN ROOM EE,5,KUL21 Fuel System,Sime Darby Industrial,24.69,20,81,61,100.0,20,20,0,1,0.0,0,35,35,1,0.0,0,26,26,1,,0,0,0,0,,0,0,0,0,2026-09-12T20:10:25.613305+00:00
2026-09-13,51204,12414969,EDCKUL21GDTEF100,equipment,GDT,Fuel,,L2,GEN ROOM EF,5,KUL21 Fuel System,Sime Darby Industrial,24.69,20,81,61,100.0,20,20,0,1,0.0,0,35,35,1,0.0,0,26,26,1,,0,0,0,0,,0,0,0,0,2026-09-12T20:10:25.613305+00:00
2026-09-13,51204,12414970,EDCKUL21GDTET100,equipment,GDT,Fuel,,L2,GEN ROOM ET1,5,KUL21 Fuel System,Sime Darby Industrial,24.69,20,81,61,100.0,20,20,0,1,0.0,0,35,35,1,0.0,0,26,26,1,,0,0,0,0,,0,0,0,0,2026-09-12T20:10:25.613305+00:00
2026-09-13,51204,12414971,EDCKUL21GDTET200,equipment,GDT,Fuel,,L2,GEN ROOM ET2,5,KUL21 Fuel System,Sime Darby Industrial,24.69,20,81,61,100.0,20,20,0,1,0.0,0,35,35,1,0.0,0,26,26,1,,0,0,0,0,,0,0,0,0,2026-09-12T20:10:25.613305+00:00
2026-09-13,51204,12414972,EDCKUL21GENEA100,equipment,GEN,Electrical,,L2,GEN ROOM EA,5,KUL21 Generator System,Sime Darby Industrial,24.69,20,81,61,100.0,20,20,0,1,0.0,0,35,35,1,0.0,0,26,26,1,,0,0,0,0,,0,0,0,0,2026-09-12T20:10:25.613305+00:00
2026-09-13,51204,12414973,EDCKUL21GENEB100,equipment,GEN,Electrical,,L2,GEN ROOM EB,5,KUL21 Generator System,Sime Darby Industrial,24.69,20,81,61,100.0,20,20,0,1,0.0,0,35,35,1,0.0,0,26,26,1,,0,0,0,0,,0,0,0,0,2026-09-12T20:10:25.613305+00:00
2026-09-13,51204,12414974,EDCKUL21GENEC100,equipment,GEN,Electrical,,L2,GEN ROOM EC,5,KUL21 Generator System,Sime Darby Industrial,24.69,20,81,61,100.0,20,20,0,1,0.0,0,35,35,1,0.0,0,26,26,1,,0,0,0,0,,0,0,0,0,2026-09-12T20:10:25.613305+00:00
2026-09-13,51204,12414975,EDCKUL21GENED100,equipment,GEN,Electrical,,L2,GEN ROOM ED,5,KUL21 Generator System,Sime Darby Industrial,24.69,20,81,61,100.0,20,20,0,1,0.0,0,35,35,1,0.0,0,26,26,1,,0,0,0,0,,0,0,0,0,2026-09-12T20:10:25.613305+00:00
2026-09-13,51204,12414976,EDCKUL21GENEE100,equipment,GEN,Electrical,,L2,GEN ROOM EE,5,KUL21 Generator System,Sime Darby Industrial,24.69,20,81,61,100.0,20,20,0,1,0.0,0,35,35,1,0.0,0,26,26,1,,0,0,0,0,,0,0,0,0,2026-09-12T20:10:25.613305+00:00
2026-09-13,51204,12414977,EDCKUL21GENEF100,equipment,GEN,Electrical,,L2,GEN ROOM EF,5,KUL21 Generator System,Sime Darby Industrial,24.69,20,81,61,100.0,20,20,0,1,0.0,0,35,35,1,0.0,0,26,26,1,,0,0,0,0,,0,0,0,0,2026-09-12T20:10:25.613305+00:00
2026-09-13,51204,12414978,EDCKUL21GENET100,equipment,GEN,Electrical,,L2,GEN ROOM ET1,5,KUL21 Generator System,Sime Darby Industrial,24.69,20,81,61,100.0,20,20,0,1,0.0,0,35,35,1,0.0,0,26,26,1,,0,0,0,0,,0,0,0,0,2026-09-12T20:10:25.613305+00:00
2026-09-13,51204,12414979,EDCKUL21GENET200,equipment,GEN,Electrical,,L2,GEN ROOM ET2,5,KUL21 Generator System,Sime Darby Industrial,24.69,20,81,61,100.0,20,20,0,1,0.0,0,35,35,1,0.0,0,26,26,1,,0,0,0,0,,0,0,0,0,2026-09-12T20:10:25.613305+00:00
2026-09-13,51204,12414980,EDCKUL21GSBEA100,equipment,GSB,Electrical,,L2,GEN ROOM EA,5,KUL21 Generator System,Sime Darby Industrial,23.46,19,81,62,95.0,19,20,1,1,0.0,0,35,35,1,0.0,0,26,26,1,,0,0,0,0,,0,0,0,0,2026-09-12T20:10:25.613305+00:00
2026-09-13,51204,12414981,EDCKUL21GSBEB100,equipment,GSB,Electrical,,L2,GEN ROOM EB,5,KUL21 Generator System,Sime Darby Industrial,23.46,19,81,62,95.0,19,20,1,1,0.0,0,35,35,1,0.0,0,26,26,1,,0,0,0,0,,0,0,0,0,2026-09-12T20:10:25.613305+00:00
2026-09-13,51204,12414982,EDCKUL21GSBEC100,equipment,GSB,Electrical,,L2,GEN ROOM EC,5,KUL21 Generator System,Sime Darby Industrial,23.46,19,81,62,95.0,19,20,1,1,0.0,0,35,35,1,0.0,0,26,26,1,,0,0,0,0,,0,0,0,0,2026-09-12T20:10:25.613305+00:00
2026-09-13,51204,12414983,EDCKUL21GSBED100,equipment,GSB,Electrical,,L2,GEN ROOM ED,5,KUL21 Generator System,Sime Darby Industrial,23.46,19,81,62,95.0,19,20,1,1,0.0,0,35,35,1,0.0,0,26,26,1,,0,0,0,0,,0,0,0,0,2026-09-12T20:10:25.613305+00:00
2026-09-13,51204,12414984,EDCKUL21GSBEE100,equipment,GSB,Electrical,,L2,GEN ROOM EE,5,KUL21 Generator System,Sime Darby Industrial,23.46,19,81,62,95.0,19,20,1,1,0.0,0,35,35,1,0.0,0,26,26,1,,0,0,0,0,,0,0,0,0,2026-09-12T20:10:25.613305+00:00
2026-09-13,51204,12414985,EDCKUL21GSBEF100,equipment,GSB,Electrical,,L2,GEN ROOM EF,5,KUL21 Generator System,Sime Darby Industrial,23.46,19,81,62,95.0,19,20,1,1,0.0,0,35,35,1,0.0,0,26,26,1,,0,0,0,0,,0,0,0,0,2026-09-12T20:10:25.613305+00:00
2026-09-13,51204,12414986,EDCKUL21GSBET100,equipment,GSB,Electrical,,L2,GEN ROOM ET1,5,KUL21 Generator System,Sime Darby Industrial,23.46,19,81,62,95.0,19,20,1,1,0.0,0,35,35,1,0.0,0,26,26,1,,0,0,0,0,,0,0,0,0,2026-09-12T20:10:25.613305+00:00
2026-09-13,51204,12414987,EDCKUL21GSBET200,equipment,GSB,Electrical,,L2,GEN ROOM ET2,5,KUL21 Generator System,Sime Darby Industrial,23.46,19,81,62,95.0,19,20,1,1,0.0,0,35,35,1,0.0,0,26,26,1,,0,0,0,0,,0,0,0,0,2026-09-12T20:10:25.613305+00:00
2026-09-13,51204,12414988,EDCKUL21DSGEB110,equipment,DSG,Electrical,,L2,TX BAY EB-EC,5,KUL21 MV System,Siemens Malaysia,33.33,27,81,54,100.0,20,20,0,1,20.0,7,35,28,1,0.0,0,26,26,1,,0,0,0,0,,0,0,0,0,2026-09-12T20:10:25.613305+00:00
2026-09-13,51204,12414989,EDCKUL21DSGEC110,equipment,DSG,Electrical,,L2,TX BAY EB-EC,5,KUL21 MV System,Siemens Malaysia,33.33,27,81,54,100.0,20,20,0,1,20.0,7,35,28,1,0.0,0,26,26,1,,0,0,0,0,,0,0,0,0,2026-09-12T20:10:25.613305+00:00
2026-09-13,51204,12414990,EDCKUL21DSGED110,equipment,DSG,Electrical,,L2,TX BAY ED-EE,5,KUL21 MV System,Siemens Malaysia,33.33,27,81,54,100.0,20,20,0,1,20.0,7,35,28,1,0.0,0,26,26,1,,0,0,0,0,,0,0,0,0,2026-09-12T20:10:25.613305+00:00
2026-09-13,51204,12414991,EDCKUL21DSGEE110,equipment,DSG,Electrical,,L2,TX BAY ED-EE,5,KUL21 MV System,Siemens Malaysia,33.33,27,81,54,100.0,20,20,0,1,20.0,7,35,28,1,0.0,0,26,26,1,,0,0,0,0,,0,0,0,0,2026-09-12T20:10:25.613305+00:00
2026-09-13,51204,12414992,EDCKUL21DSGEF110,equipment,DSG,Electrical,,L2,TX BAY EF-ET2,5,KUL21 MV System,Siemens Malaysia,33.33,27,81,54,100.0,20,20,0,1,20.0,7,35,28,1,0.0,0,26,26,1,,0,0,0,0,,0,0,0,0,2026-09-12T20:10:25.613305+00:00
2026-09-13,51204,12414993,EDCKUL21DSGET120,equipment,DSG,Electrical,,L2,TX BAY EF-ET2,5,KUL21 MV System,Siemens Malaysia,33.33,27,81,54,100.0,20,20,0,1,20.0,7,35,28,1,0.0,0,26,26,1,,0,0,0,0,,0,0,0,0,2026-09-12T20:10:25.613305+00:00
2026-09-13,51204,12414994,EDCKUL21DSGEA110,equipment,DSG,Electrical,,L2,TX BAY ET1-EA,5,KUL21 MV System,Siemens Malaysia,33.33,27,81,54,100.0,20,20,0,1,20.0,7,35,28,1,0.0,0,26,26,1,,0,0,0,0,,0,0,0,0,2026-09-12T20:10:25.613305+00:00
2026-09-13,51204,12414995,EDCKUL21DSGET110,equipment,DSG,Electrical,,L2,TX BAY ET1-EA,5,KUL21 MV System,Siemens Malaysia,33.33,27,81,54,100.0,20,20,0,1,20.0,7,35,28,1,0.0,0,26,26,1,,0,0,0,0,,0,0,0,0,2026-09-12T20:10:25.613305+00:00
2026-09-13,51204,12414996,EDCKUL21TRNEB100,equipment,TRN,Electrical,,L2,TX BAY EB-EC,5,KUL21 MV System,Siemens Malaysia,33.33,27,81,54,100.0,20,20,0,1,20.0,7,35,28,1,0.0,0,26,26,1,,0,0,0,0,,0,0,0,0,2026-09-12T20:10:25.613305+00:00
2026-09-13,51204,12414997,EDCKUL21TRNEC100,equipment,TRN,Electrical,,L2,TX BAY EB-EC,5,KUL21 MV System,Siemens Malaysia,33.33,27,81,54,100.0,20,20,0,1,20.0,7,35,28,1,0.0,0,26,26,1,,0,0,0,0,,0,0,0,0,2026-09-12T20:10:25.613305+00:00
2026-09-13,51204,12414998,EDCKUL21TRNED100,equipment,TRN,Electrical,,L2,TX BAY ED-EE,5,KUL21 MV System,Siemens Malaysia,33.33,27,81,54,100.0,20,20,0,1,20.0,7,35,28,1,0.0,0,26,26,1,,0,0,0,0,,0,0,0,0,2026-09-12T20:10:25.613305+00:00
2026-09-13,51204,12414999,EDCKUL21TRNEE100,equipment,TRN,Electrical,,L2,TX BAY ED-EE,5,KUL21 MV System,Siemens Malaysia,33.33,27,81,54,100.0,20,20,0,1,20.0,7,35,28,1,0.0,0,26,26,1,,0,0,0,0,,0,0,0,0,2026-09-12T20:10:25.613305+00:00
2026-09-13,51204,12415000,EDCKUL21TRNEF100,equipment,TRN,Electrical,,L2,TX BAY EF-ET2,5,KUL21 MV System,Siemens Malaysia,33.33,27,81,54,100.0,20,20,0,1,20.0,7,35,28,1,0.0,0,26,26,1,,0,0,0,0,,0,0,0,0,2026-09-12T20:10:25.613305+00:00
2026-09-13,51204,12415001,EDCKUL21TRNET200,equipment,TRN,Electrical,,L2,TX BAY EF-ET2,5,KUL21 MV System,Siemens Malaysia,33.33,27,81,54,100.0,20,20,0,1,20.0,7,35,28,1,0.0,0,26,26,1,,0,0,0,0,,0,0,0,0,2026-09-12T20:10:25.613305+00:00
2026-09-13,51204,12415002,EDCKUL21TRNEA100,equipment,TRN,Electrical,,L2,TX BAY ET1-EA,5,KUL21 MV System,Siemens Malaysia,33.33,27,81,54,100.0,20,20,0,1,20.0,7,35,28,1,0.0,0,26,26,1,,0,0,0,0,,0,0,0,0,2026-09-12T20:10:25.613305+00:00
2026-09-13,51204,12415003,EDCKUL21TRNET100,equipment,TRN,Electrical,,L2,TX BAY ET1-EA,5,KUL21 MV System,Siemens Malaysia,33.33,27,81,54,100.0,20,20,0,1,20.0,7,35,28,1,0.0,0,26,26,1,,0,0,0,0,,0,0,0,0,2026-09-12T20:10:25.613305+00:00
2026-09-13,51204,12415004,EDCKUL21MSBEA110,equipment,MSB,Electrical,,L2,ELE RM EA,5,KUL21 LV System,Powerwell,0.0,0,81,81,0.0,0,20,20,1,0.0,0,35,35,1,0.0,0,26,26,1,,0,0,0,0,,0,0,0,0,2026-09-12T20:10:25.613305+00:00
2026-09-13,51204,12415005,EDCKUL21MSBEB110,equipment,MSB,Electrical,,L2,ELE RM EB,5,KUL21 LV System,Powerwell,24.69,20,81,61,100.0,20,20,0,1,0.0,0,35,35,1,0.0,0,26,26,1,,0,0,0,0,,0,0,0,0,2026-09-12T20:10:25.613305+00:00
2026-09-13,51204,12415006,EDCKUL21MSBEB210,equipment,MSB,Electrical,,L2,ELE RM EB,5,KUL21 LV System,Powerwell,24.69,20,81,61,100.0,20,20,0,1,0.0,0,35,35,1,0.0,0,26,26,1,,0,0,0,0,,0,0,0,0,2026-09-12T20:10:25.613305+00:00
2026-09-13,51204,12415007,EDCKUL21MSBEC110,equipment,MSB,Electrical,,L2,ELE RM EC,5,KUL21 LV System,Powerwell,24.69,20,81,61,100.0,20,20,0,1,0.0,0,35,35,1,0.0,0,26,26,1,,0,0,0,0,,0,0,0,0,2026-09-12T20:10:25.613305+00:00
2026-09-13,51204,12415008,EDCKUL21MSBED110,equipment,MSB,Electrical,,L2,ELE RM ED,5,KUL21 LV System,Powerwell,24.69,20,81,61,100.0,20,20,0,1,0.0,0,35,35,1,0.0,0,26,26,1,,0,0,0,0,,0,0,0,0,2026-09-12T20:10:25.613305+00:00
2026-09-13,51204,12415009,EDCKUL21MSBEE110,equipment,MSB,Electrical,,L2,ELE RM EE,5,KUL21 LV System,Powerwell,0.0,0,81,81,0.0,0,20,20,1,0.0,0,35,35,1,0.0,0,26,26,1,,0,0,0,0,,0,0,0,0,2026-09-12T20:10:25.613305+00:00
2026-09-13,51204,12415010,EDCKUL21MSBEE210,equipment,MSB,Electrical,,L2,ELE RM EE,5,KUL21 LV System,Powerwell,24.69,20,81,61,100.0,20,20,0,1,0.0,0,35,35,1,0.0,0,26,26,1,,0,0,0,0,,0,0,0,0,2026-09-12T20:10:25.613305+00:00
2026-09-13,51204,12415011,EDCKUL21MSBEF110,equipment,MSB,Electrical,,L2,ELE RM EF,5,KUL21 LV System,Powerwell,24.69,20,81,61,100.0,20,20,0,1,0.0,0,35,35,1,0.0,0,26,26,1,,0,0,0,0,,0,0,0,0,2026-09-12T20:10:25.613305+00:00
2026-09-13,51204,12415012,EDCKUL21MSBET110,equipment,MSB,Electrical,,L2,ELE RM ET1,5,KUL21 LV System,Powerwell,24.69,20,81,61,100.0,20,20,0,1,0.0,0,35,35,1,0.0,0,26,26,1,,0,0,0,0,,0,0,0,0,2026-09-12T20:10:25.613305+00:00
2026-09-13,51204,12415013,EDCKUL21MSBET120,equipment,MSB,Electrical,,L2,ELE RM ET2,5,KUL21 LV System,Powerwell,24.69,20,81,61,100.0,20,20,0,1,0.0,0,35,35,1,0.0,0,26,26,1,,0,0,0,0,,0,0,0,0,2026-09-12T20:10:25.613305+00:00
2026-09-13,51204,12415014,EDCKUL21MBCEA110,equipment,MBC,Electrical,,L2,ELE RM EA,5,KUL21 LV System,Powerwell,0.0,0,81,81,0.0,0,20,20,1,0.0,0,35,35,1,0.0,0,26,26,1,,0,0,0,0,,0,0,0,0,2026-09-12T20:10:25.613305+00:00
2026-09-13,51204,12415015,EDCKUL21MBCEB110,equipment,MBC,Electrical,,L2,ELE RM EB,5,KUL21 LV System,Powerwell,24.69,20,81,61,100.0,20,20,0,1,0.0,0,35,35,1,0.0,0,26,26,1,,0,0,0,0,,0,0,0,0,2026-09-12T20:10:25.613305+00:00
2026-09-13,51204,12415016,EDCKUL21MBCEC110,equipment,MBC,Electrical,,L2,ELE RM EC,5,KUL21 LV System,Powerwell,24.69,20,81,61,100.0,20,20,0,1,0.0,0,35,35,1,0.0,0,26,26,1,,0,0,0,0,,0,0,0,0,2026-09-12T20:10:25.613305+00:00
2026-09-13,51204,12415017,EDCKUL21MBCED110,equipment,MBC,Electrical,,L2,ELE RM ED,5,KUL21 LV System,Powerwell,24.69,20,81,61,100.0,20,20,0,1,0.0,0,35,35,1,0.0,0,26,26,1,,0,0,0,0,,0,0,0,0,2026-09-12T20:10:25.613305+00:00
2026-09-13,51204,12415018,EDCKUL21MBCEE110,equipment,MBC,Electrical,,L2,ELE RM EE,5,KUL21 LV System,Powerwell,0.0,0,81,81,0.0,0,20,20,1,0.0,0,35,35,1,0.0,0,26,26,1,,0,0,0,0,,0,0,0,0,2026-09-12T20:10:25.613305+00:00
2026-09-13,51204,12415019,EDCKUL21MBCEF110,equipment,MBC,Electrical,,L2,ELE RM EF,5,KUL21 LV System,Powerwell,24.69,20,81,61,100.0,20,20,0,1,0.0,0,35,35,1,0.0,0,26,26,1,,0,0,0,0,,0,0,0,0,2026-09-12T20:10:25.613305+00:00
2026-09-13,51204,12415020,EDCKUL21MBCET110,equipment,MBC,Electrical,,L2,ELE RM ET1,5,KUL21 LV System,Powerwell,24.69,20,81,61,100.0,20,20,0,1,0.0,0,35,35,1,0.0,0,26,26,1,,0,0,0,0,,0,0,0,0,2026-09-12T20:10:25.613305+00:00
2026-09-13,51204,12415021,EDCKUL21MBCET120,equipment,MBC,Electrical,,L2,ELE RM ET2,5,KUL21 LV System,Powerwell,24.69,20,81,61,100.0,20,20,0,1,0.0,0,35,35,1,0.0,0,26,26,1,,0,0,0,0,,0,0,0,0,2026-09-12T20:10:25.613305+00:00
2026-09-13,51204,12415022,EDCKUL21MDPEA110,equipment,MDP,Electrical,,L2,ELE RM EA,5,KUL21 LV System,Powerwell,0.0,0,81,81,0.0,0,20,20,1,0.0,0,35,35,1,0.0,0,26,26,1,,0,0,0,0,,0,0,0,0,2026-09-12T20:10:25.613305+00:00
2026-09-13,51204,12415023,EDCKUL21MDPEB110,equipment,MDP,Electrical,,L2,ELE RM EB,5,KUL21 LV System,Powerwell,24.69,20,81,61,100.0,20,20,0,1,0.0,0,35,35,1,0.0,0,26,26,1,,0,0,0,0,,0,0,0,0,2026-09-12T20:10:25.613305+00:00
2026-09-13,51204,12415024,EDCKUL21MDPEC110,equipment,MDP,Electrical,,L2,ELE RM EC,5,KUL21 LV System,Powerwell,24.69,20,81,61,100.0,20,20,0,1,0.0,0,35,35,1,0.0,0,26,26,1,,0,0,0,0,,0,0,0,0,2026-09-12T20:10:25.613305+00:00
2026-09-13,51204,12415025,EDCKUL21MDPED110,equipment,MDP,Electrical,,L2,ELE RM ED,5,KUL21 LV System,Powerwell,24.69,20,81,61,100.0,20,20,0,1,0.0,0,35,35,1,0.0,0,26,26,1,,0,0,0,0,,0,0,0,0,2026-09-12T20:10:25.613305+00:00
2026-09-13,51204,12415026,EDCKUL21MDPEE110,equipment,MDP,Electrical,,L2,ELE RM EE,5,KUL21 LV System,Powerwell,0.0,0,81,81,0.0,0,20,20,1,0.0,0,35,35,1,0.0,0,26,26,1,,0,0,0,0,,0,0,0,0,2026-09-12T20:10:25.613305+00:00
2026-09-13,51204,12415027,EDCKUL21MDPEF110,equipment,MDP,Electrical,,L2,ELE RM EF,5,KUL21 LV System,Powerwell,24.69,20,81,61,100.0,20,20,0,1,0.0,0,35,35,1,0.0,0,26,26,1,,0,0,0,0,,0,0,0,0,2026-09-12T20:10:25.613305+00:00
2026-09-13,51204,12415028,EDCKUL21MDPET110,equipment,MDP,Electrical,,L2,PANEL RM L2,5,KUL21 LV System,Promatrix DCS,24.69,20,81,61,100.0,20,20,0,1,0.0,0,35,35,1,0.0,0,26,26,1,,0,0,0,0,,0,0,0,0,2026-09-12T20:10:25.613305+00:00
2026-09-13,51204,12415029,EDCKUL21MDPET120,equipment,MDP,Electrical,,L2,PANEL RM L2,5,KUL21 LV System,Promatrix DCS,24.69,20,81,61,100.0,20,20,0,1,0.0,0,35,35,1,0.0,0,26,26,1,,0,0,0,0,,0,0,0,0,2026-09-12T20:10:25.613305+00:00
2026-09-13,51204,12415030,EDCKUL21DPPEA110,equipment,DPP,Electrical,,L2,GEN ROOM EA,5,KUL21 LV System,Sime Darby Industrial,24.69,20,81,61,100.0,20,20,0,1,0.0,0,35,35,1,0.0,0,26,26,1,,0,0,0,0,,0,0,0,0,2026-09-12T20:10:25.613305+00:00
2026-09-13,51204,12415031,EDCKUL21DPPEB110,equipment,DPP,Electrical,,L2,GEN ROOM EB,5,KUL21 LV System,Sime Darby Industrial,24.69,20,81,61,100.0,20,20,0,1,0.0,0,35,35,1,0.0,0,26,26,1,,0,0,0,0,,0,0,0,0,2026-09-12T20:10:25.613305+00:00
2026-09-13,51204,12415032,EDCKUL21DPPEC110,equipment,DPP,Electrical,,L2,GEN ROOM EC,5,KUL21 LV System,Sime Darby Industrial,24.69,20,81,61,100.0,20,20,0,1,0.0,0,35,35,1,0.0,0,26,26,1,,0,0,0,0,,0,0,0,0,2026-09-12T20:10:25.613305+00:00
2026-09-13,51204,12415033,EDCKUL21DPPED110,equipment,DPP,Electrical,,L2,GEN ROOM ED,5,KUL21 LV System,Sime Darby Industrial,24.69,20,81,61,100.0,20,20,0,1,0.0,0,35,35,1,0.0,0,26,26,1,,0,0,0,0,,0,0,0,0,2026-09-12T20:10:25.613305+00:00
2026-09-13,51204,12415034,EDCKUL21DPPEE110,equipment,DPP,Electrical,,L2,GEN ROOM EE,5,KUL21 LV System,Sime Darby Industrial,24.69,20,81,61,100.0,20,20,0,1,0.0,0,35,35,1,0.0,0,26,26,1,,0,0,0,0,,0,0,0,0,2026-09-12T20:10:25.613305+00:00
2026-09-13,51204,12415035,EDCKUL21DPPEF110,equipment,DPP,Electrical,,L2,GEN ROOM EF,5,KUL21 LV System,Sime Darby Industrial,24.69,20,81,61,100.0,20,20,0,1,0.0,0,35,35,1,0.0,0,26,26,1,,0,0,0,0,,0,0,0,0,2026-09-12T20:10:25.613305+00:00
2026-09-13,51204,12415036,EDCKUL21DPPET110,equipment,DPP,Electrical,,L2,GEN ROOM ET1,5,KUL21 LV System,Sime Darby Industrial,24.69,20,81,61,100.0,20,20,0,1,0.0,0,35,35,1,0.0,0,26,26,1,,0,0,0,0,,0,0,0,0,2026-09-12T20:10:25.613305+00:00
2026-09-13,51204,12415037,EDCKUL21DPPET120,equipment,DPP,Electrical,,L2,GEN ROOM ET2,5,KUL21 LV System,Sime Darby Industrial,24.69,20,81,61,100.0,20,20,0,1,0.0,0,35,35,1,0.0,0,26,26,1,,0,0,0,0,,0,0,0,0,2026-09-12T20:10:25.613305+00:00
2026-09-13,51204,12415038,EDCKUL21ELPEB120,equipment,ELP,Electrical,,L2,PANEL RM L2,5,KUL21 LV System,Promatrix DCS,24.69,20,81,61,100.0,20,20,0,1,0.0,0,35,35,1,0.0,0,26,26,1,,0,0,0,0,,0,0,0,0,2026-09-12T20:10:25.613305+00:00
2026-09-13,51204,12415039,EDCKUL21ELPEC110,equipment,ELP,Electrical,,L2,PANEL RM L2,5,KUL21 LV System,Promatrix DCS,24.69,20,81,61,100.0,20,20,0,1,0.0,0,35,35,1,0.0,0,26,26,1,,0,0,0,0,,0,0,0,0,2026-09-12T20:10:25.613305+00:00
2026-09-13,51204,12415040,EDCKUL21ELPEE120,equipment,ELP,Electrical,,L2,PANEL RM L2,5,KUL21 LV System,Promatrix DCS,24.69,20,81,61,100.0,20,20,0,1,0.0,0,35,35,1,0.0,0,26,26,1,,0,0,0,0,,0,0,0,0,2026-09-12T20:10:25.613305+00:00
2026-09-13,51204,12415041,EDCKUL21ELPED110,equipment,ELP,Electrical,,L2,PANEL RM L2,5,KUL21 LV System,Promatrix DCS,24.69,20,81,61,100.0,20,20,0,1,0.0,0,35,35,1,0.0,0,26,26,1,,0,0,0,0,,0,0,0,0,2026-09-12T20:10:25.613305+00:00
2026-09-13,51204,12415042,EDCKUL21EPPEB120,equipment,EPP,Electrical,,L2,PANEL RM L2,5,KUL21 LV System,Promatrix DCS,24.69,20,81,61,100.0,20,20,0,1,0.0,0,35,35,1,0.0,0,26,26,1,,0,0,0,0,,0,0,0,0,2026-09-12T20:10:25.613305+00:00
2026-09-13,51204,12415043,EDCKUL21EPPEA110,equipment,EPP,Electrical,,L2,PANEL RM L2,5,KUL21 LV System,Promatrix DCS,24.69,20,81,61,100.0,20,20,0,1,0.0,0,35,35,1,0.0,0,26,26,1,,0,0,0,0,,0,0,0,0,2026-09-12T20:10:25.613305+00:00
2026-09-13,51204,12415044,EDCKUL21EPPEE120,equipment,EPP,Electrical,,L2,PANEL RM L2,5,KUL21 LV System,Promatrix DCS,24.69,20,81,61,100.0,20,20,0,1,0.0,0,35,35,1,0.0,0,26,26,1,,0,0,0,0,,0,0,0,0,2026-09-12T20:10:25.613305+00:00
2026-09-13,51204,12415045,EDCKUL21EPPEF110,equipment,EPP,Electrical,,L2,PANEL RM L2,5,KUL21 LV System,Promatrix DCS,24.69,20,81,61,100.0,20,20,0,1,0.0,0,35,35,1,0.0,0,26,26,1,,0,0,0,0,,0,0,0,0,2026-09-12T20:10:25.613305+00:00
2026-09-13,51204,12415046,EDCKUL21RPPEA118,equipment,RPP,Electrical,,L2,DATAHALL 8,5,KUL21 LV System,Powerwell,0.0,0,81,81,0.0,0,20,20,1,0.0,0,35,35,1,0.0,0,26,26,1,,0,0,0,0,,0,0,0,0,2026-09-12T20:10:25.613305+00:00
2026-09-13,51204,12415047,EDCKUL21RPPEB118,equipment,RPP,Electrical,,L2,DATAHALL 8,5,KUL21 LV System,Powerwell,0.0,0,81,81,0.0,0,20,20,1,0.0,0,35,35,1,0.0,0,26,26,1,,0,0,0,0,,0,0,0,0,2026-09-12T20:10:25.613305+00:00
2026-09-13,51204,12415048,EDCKUL21RPPEC118,equipment,RPP,Electrical,,L2,DATAHALL 8,5,KUL21 LV System,Powerwell,0.0,0,81,81,0.0,0,20,20,1,0.0,0,35,35,1,0.0,0,26,26,1,,0,0,0,0,,0,0,0,0,2026-09-12T20:10:25.613305+00:00
2026-09-13,51204,12415049,EDCKUL21RPPED118,equipment,RPP,Electrical,,L2,DATAHALL 8,5,KUL21 LV System,Powerwell,0.0,0,81,81,0.0,0,20,20,1,0.0,0,35,35,1,0.0,0,26,26,1,,0,0,0,0,,0,0,0,0,2026-09-12T20:10:25.613305+00:00
2026-09-13,51204,12415050,EDCKUL21RPPEC218,equipment,RPP,Electrical,,L2,DATAHALL 8,5,KUL21 LV System,Powerwell,0.0,0,81,81,0.0,0,20,20,1,0.0,0,35,35,1,0.0,0,26,26,1,,0,0,0,0,,0,0,0,0,2026-09-12T20:10:25.613305+00:00
2026-09-13,51204,12415051,EDCKUL21RPPED218,equipment,RPP,Electrical,,L2,DATAHALL 8,5,KUL21 LV System,Powerwell,0.0,0,81,81,0.0,0,20,20,1,0.0,0,35,35,1,0.0,0,26,26,1,,0,0,0,0,,0,0,0,0,2026-09-12T20:10:25.613305+00:00
2026-09-13,51204,12415052,EDCKUL21RPPEE118,equipment,RPP,Electrical,,L2,DATAHALL 8,5,KUL21 LV System,Powerwell,0.0,0,81,81,0.0,0,20,20,1,0.0,0,35,35,1,0.0,0,26,26,1,,0,0,0,0,,0,0,0,0,2026-09-12T20:10:25.613305+00:00
2026-09-13,51204,12415053,EDCKUL21RPPEF118,equipment,RPP,Electrical,,L2,DATAHALL 8,5,KUL21 LV System,Powerwell,0.0,0,81,81,0.0,0,20,20,1,0.0,0,35,35,1,0.0,0,26,26,1,,0,0,0,0,,0,0,0,0,2026-09-12T20:10:25.613305+00:00
2026-09-13,51204,12415054,EDCKUL21RPPEA119,equipment,RPP,Electrical,,L2,DATAHALL 9,5,KUL21 LV System,Powerwell,0.0,0,81,81,0.0,0,20,20,1,0.0,0,35,35,1,0.0,0,26,26,1,,0,0,0,0,,0,0,0,0,2026-09-12T20:10:25.613305+00:00
2026-09-13,51204,12415055,EDCKUL21RPPEC119,equipment,RPP,Electrical,,L2,DATAHALL 9,5,KUL21 LV System,Powerwell,0.0,0,81,81,0.0,0,20,20,1,0.0,0,35,35,1,0.0,0,26,26,1,,0,0,0,0,,0,0,0,0,2026-09-12T20:10:25.613305+00:00
2026-09-13,51204,12415056,EDCKUL21RPPEB119,equipment,RPP,Electrical,,L2,DATAHALL 9,5,KUL21 LV System,Powerwell,0.0,0,81,81,0.0,0,20,20,1,0.0,0,35,35,1,0.0,0,26,26,1,,0,0,0,0,,0,0,0,0,2026-09-12T20:10:25.613305+00:00
2026-09-13,51204,12415057,EDCKUL21RPPED119,equipment,RPP,Electrical,,L2,DATAHALL 9,5,KUL21 LV System,Powerwell,0.0,0,81,81,0.0,0,20,20,1,0.0,0,35,35,1,0.0,0,26,26,1,,0,0,0,0,,0,0,0,0,2026-09-12T20:10:25.613305+00:00
2026-09-13,51204,12415058,EDCKUL21RPPEE119,equipment,RPP,Electrical,,L2,DATAHALL 9,5,KUL21 LV System,Powerwell,0.0,0,81,81,0.0,0,20,20,1,0.0,0,35,35,1,0.0,0,26,26,1,,0,0,0,0,,0,0,0,0,2026-09-12T20:10:25.613305+00:00
2026-09-13,51204,12415059,EDCKUL21RPPEF119,equipment,RPP,Electrical,,L2,DATAHALL 9,5,KUL21 LV System,Powerwell,0.0,0,81,81,0.0,0,20,20,1,0.0,0,35,35,1,0.0,0,26,26,1,,0,0,0,0,,0,0,0,0,2026-09-12T20:10:25.613305+00:00
2026-09-13,51204,12415060,EDCKUL21RPPEE219,equipment,RPP,Electrical,,L2,DATAHALL 9,5,KUL21 LV System,Powerwell,0.0,0,81,81,0.0,0,20,20,1,0.0,0,35,35,1,0.0,0,26,26,1,,0,0,0,0,,0,0,0,0,2026-09-12T20:10:25.613305+00:00
2026-09-13,51204,12415061,EDCKUL21RPPEF219,equipment,RPP,Electrical,,L2,DATAHALL 9,5,KUL21 LV System,Powerwell,0.0,0,81,81,0.0,0,20,20,1,0.0,0,35,35,1,0.0,0,26,26,1,,0,0,0,0,,0,0,0,0,2026-09-12T20:10:25.613305+00:00
2026-09-13,51204,12415062,EDCKUL21UDPEA110,equipment,UDP,Electrical,,L2,ELE RM EA,5,KUL21 LV System,Powerwell,0.0,0,81,81,0.0,0,20,20,1,0.0,0,35,35,1,0.0,0,26,26,1,,0,0,0,0,,0,0,0,0,2026-09-12T20:10:25.613305+00:00
2026-09-13,51204,12415063,EDCKUL21UDPEB110,equipment,UDP,Electrical,,L2,ELE RM EB,5,KUL21 LV System,Powerwell,24.69,20,81,61,100.0,20,20,0,1,0.0,0,35,35,1,0.0,0,26,26,1,,0,0,0,0,,0,0,0,0,2026-09-12T20:10:25.613305+00:00
2026-09-13,51204,12415064,EDCKUL21UDPEC110,equipment,UDP,Electrical,,L2,ELE RM EC,5,KUL21 LV System,Powerwell,24.69,20,81,61,100.0,20,20,0,1,0.0,0,35,35,1,0.0,0,26,26,1,,0,0,0,0,,0,0,0,0,2026-09-12T20:10:25.613305+00:00
2026-09-13,51204,12415065,EDCKUL21UDPED110,equipment,UDP,Electrical,,L2,ELE RM ED,5,KUL21 LV System,Powerwell,24.69,20,81,61,100.0,20,20,0,1,0.0,0,35,35,1,0.0,0,26,26,1,,0,0,0,0,,0,0,0,0,2026-09-12T20:10:25.613305+00:00
2026-09-13,51204,12415066,EDCKUL21UDPEE110,equipment,UDP,Electrical,,L2,ELE RM EE,5,KUL21 LV System,Powerwell,0.0,0,81,81,0.0,0,20,20,1,0.0,0,35,35,1,0.0,0,26,26,1,,0,0,0,0,,0,0,0,0,2026-09-12T20:10:25.613305+00:00
2026-09-13,51204,12415067,EDCKUL21UDPEF110,equipment,UDP,Electrical,,L2,ELE RM EF,5,KUL21 LV System,Powerwell,24.69,20,81,61,100.0,20,20,0,1,0.0,0,35,35,1,0.0,0,26,26,1,,0,0,0,0,,0,0,0,0,2026-09-12T20:10:25.613305+00:00
2026-09-13,51204,12415068,EDCKUL21UMPET110,equipment,UMP,Electrical,,L2,ELE RM ET1,5,KUL21 LV System,Powerwell,24.69,20,81,61,100.0,20,20,0,1,0.0,0,35,35,1,0.0,0,26,26,1,,0,0,0,0,,0,0,0,0,2026-09-12T20:10:25.613305+00:00
2026-09-13,51204,12415069,EDCKUL21UMPET120,equipment,UMP,Electrical,,L2,ELE RM ET2,5,KUL21 LV System,Powerwell,24.69,20,81,61,100.0,20,20,0,1,0.0,0,35,35,1,0.0,0,26,26,1,,0,0,0,0,,0,0,0,0,2026-09-12T20:10:25.613305+00:00
2026-09-13,51204,12415070,EDCKUL21UPBEA110,equipment,UPB,Electrical,,L2,BATT RM EA,5,KUL21 UPS System,Eaton,8.64,7,81,74,35.0,7,20,13,1,0.0,0,35,35,1,0.0,0,26,26,1,,0,0,0,0,,0,0,0,0,2026-09-12T20:10:25.613305+00:00
2026-09-13,51204,12415071,EDCKUL21UPBEB110,equipment,UPB,Electrical,,L2,BATT RM EB,5,KUL21 UPS System,Eaton,0.0,0,81,81,0.0,0,20,20,1,0.0,0,35,35,1,0.0,0,26,26,1,,0,0,0,0,,0,0,0,0,2026-09-12T20:10:25.613305+00:00
2026-09-13,51204,12415072,EDCKUL21UPBEC110,equipment,UPB,Electrical,,L2,BATT RM EC,5,KUL21 UPS System,Eaton,0.0,0,81,81,0.0,0,20,20,1,0.0,0,35,35,1,0.0,0,26,26,1,,0,0,0,0,,0,0,0,0,2026-09-12T20:10:25.613305+00:00
2026-09-13,51204,12415073,EDCKUL21UPBED110,equipment,UPB,Electrical,,L2,BATT RM ED,5,KUL21 UPS System,Eaton,0.0,0,81,81,0.0,0,20,20,1,0.0,0,35,35,1,0.0,0,26,26,1,,0,0,0,0,,0,0,0,0,2026-09-12T20:10:25.613305+00:00
2026-09-13,51204,12415074,EDCKUL21UPBEE110,equipment,UPB,Electrical,,L2,BATT RM EE,5,KUL21 UPS System,Eaton,0.0,0,81,81,0.0,0,20,20,1,0.0,0,35,35,1,0.0,0,26,26,1,,0,0,0,0,,0,0,0,0,2026-09-12T20:10:25.613305+00:00
2026-09-13,51204,12415075,EDCKUL21UPBEF110,equipment,UPB,Electrical,,L2,BATT RM EF,5,KUL21 UPS System,Eaton,0.0,0,81,81,0.0,0,20,20,1,0.0,0,35,35,1,0.0,0,26,26,1,,0,0,0,0,,0,0,0,0,2026-09-12T20:10:25.613305+00:00
2026-09-13,51204,12415076,EDCKUL21UPBET110,equipment,UPB,Electrical,,L2,BATT RM ET1,5,KUL21 UPS System,Eaton,0.0,0,81,81,0.0,0,20,20,1,0.0,0,35,35,1,0.0,0,26,26,1,,0,0,0,0,,0,0,0,0,2026-09-12T20:10:25.613305+00:00
2026-09-13,51204,12415077,EDCKUL21UPBET120,equipment,UPB,Electrical,,L2,BATT RM ET2,5,KUL21 UPS System,Eaton,0.0,0,81,81,0.0,0,20,20,1,0.0,0,35,35,1,0.0,0,26,26,1,,0,0,0,0,,0,0,0,0,2026-09-12T20:10:25.613305+00:00
2026-09-13,51204,12415078,EDCKUL21UPPET110,equipment,UPP,Electrical,,L2,PANEL RM L2,5,KUL21 LV System,Promatrix DCS,24.69,20,81,61,100.0,20,20,0,1,0.0,0,35,35,1,0.0,0,26,26,1,,0,0,0,0,,0,0,0,0,2026-09-12T20:10:25.613305+00:00
2026-09-13,51204,12415079,EDCKUL21UPPET120,equipment,UPP,Electrical,,L2,PANEL RM L2,5,KUL21 LV System,Promatrix DCS,24.69,20,81,61,100.0,20,20,0,1,0.0,0,35,35,1,0.0,0,26,26,1,,0,0,0,0,,0,0,0,0,2026-09-12T20:10:25.613305+00:00
2026-09-13,51204,12415080,EDCKUL21UPPET210,equipment,UPP,Electrical,,L2,ROOF,5,KUL21 LV System,Promatrix DCS,0.0,0,81,81,0.0,0,20,20,1,0.0,0,35,35,1,0.0,0,26,26,1,,0,0,0,0,,0,0,0,0,2026-09-12T20:10:25.613305+00:00
2026-09-13,51204,12415082,EDCKUL21UPSEA110,equipment,UPS,Electrical,,L2,ELE RM EA,5,KUL21 UPS System,Eaton,14.81,12,81,69,30.0,6,20,14,1,17.14,6,35,29,1,0.0,0,26,26,1,,0,0,0,0,,0,0,0,0,2026-09-12T20:10:25.613305+00:00
2026-09-13,51204,12415083,EDCKUL21UPSEB110,equipment,UPS,Electrical,,L2,ELE RM EB,5,KUL21 UPS System,Eaton,7.41,6,81,75,30.0,6,20,14,1,0.0,0,35,35,1,0.0,0,26,26,1,,0,0,0,0,,0,0,0,0,2026-09-12T20:10:25.613305+00:00
2026-09-13,51204,12415084,EDCKUL21UPSEC110,equipment,UPS,Electrical,,L2,ELE RM EC,5,KUL21 UPS System,Eaton,7.41,6,81,75,30.0,6,20,14,1,0.0,0,35,35,1,0.0,0,26,26,1,,0,0,0,0,,0,0,0,0,2026-09-12T20:10:25.613305+00:00
2026-09-13,51204,12415085,EDCKUL21UPSED110,equipment,UPS,Electrical,,L2,ELE RM ED,5,KUL21 UPS System,Eaton,7.41,6,81,75,30.0,6,20,14,1,0.0,0,35,35,1,0.0,0,26,26,1,,0,0,0,0,,0,0,0,0,2026-09-12T20:10:25.613305+00:00
2026-09-13,51204,12415086,EDCKUL21UPSEE110,equipment,UPS,Electrical,,L2,ELE RM EE,5,KUL21 UPS System,Eaton,7.41,6,81,75,30.0,6,20,14,1,0.0,0,35,35,1,0.0,0,26,26,1,,0,0,0,0,,0,0,0,0,2026-09-12T20:10:25.613305+00:00
2026-09-13,51204,12415087,EDCKUL21UPSEF110,equipment,UPS,Electrical,,L2,ELE RM EF,5,KUL21 UPS System,Eaton,7.41,6,81,75,30.0,6,20,14,1,0.0,0,35,35,1,0.0,0,26,26,1,,0,0,0,0,,0,0,0,0,2026-09-12T20:10:25.613305+00:00
2026-09-13,51204,12415088,EDCKUL21UPSET110,equipment,UPS,Electrical,,L2,ELE RM ET1,5,KUL21 UPS System,Eaton,7.41,6,81,75,30.0,6,20,14,1,0.0,0,35,35,1,0.0,0,26,26,1,,0,0,0,0,,0,0,0,0,2026-09-12T20:10:25.613305+00:00
2026-09-13,51204,12415089,EDCKUL21UPSET120,equipment,UPS,Electrical,,L2,ELE RM ET2,5,KUL21 UPS System,Eaton,7.41,6,81,75,30.0,6,20,14,1,0.0,0,35,35,1,0.0,0,26,26,1,,0,0,0,0,,0,0,0,0,2026-09-12T20:10:25.613305+00:00
2026-09-13,51204,12415090,EDCKUL21ATSET110,equipment,ATS,Electrical,,L2,ELE RM ET1,5,KUL21 LV System,Powerwell,24.69,20,81,61,100.0,20,20,0,1,0.0,0,35,35,1,0.0,0,26,26,1,,0,0,0,0,,0,0,0,0,2026-09-12T20:10:25.613305+00:00
2026-09-13,51204,12415091,EDCKUL21ATSET210,equipment,ATS,Electrical,,L2,ELE RM ET1,5,KUL21 LV System,Powerwell,24.69,20,81,61,100.0,20,20,0,1,0.0,0,35,35,1,0.0,0,26,26,1,,0,0,0,0,,0,0,0,0,2026-09-12T20:10:25.613305+00:00
2026-09-13,51204,12415092,EDCKUL21ATSET310,equipment,ATS,Electrical,,L2,ELE RM ET1,5,KUL21 LV System,Powerwell,24.69,20,81,61,100.0,20,20,0,1,0.0,0,35,35,1,0.0,0,26,26,1,,0,0,0,0,,0,0,0,0,2026-09-12T20:10:25.613305+00:00
2026-09-13,51204,12415093,EDCKUL21ATSET410,equipment,ATS,Electrical,,L2,ELE RM ET1,5,KUL21 LV System,Powerwell,24.69,20,81,61,100.0,20,20,0,1,0.0,0,35,35,1,0.0,0,26,26,1,,0,0,0,0,,0,0,0,0,2026-09-12T20:10:25.613305+00:00
2026-09-13,51204,12415094,EDCKUL21ATSET510,equipment,ATS,Electrical,,L2,ELE RM ET1,5,KUL21 LV System,Powerwell,24.69,20,81,61,100.0,20,20,0,1,0.0,0,35,35,1,0.0,0,26,26,1,,0,0,0,0,,0,0,0,0,2026-09-12T20:10:25.613305+00:00
2026-09-13,51204,12415095,EDCKUL21ATSET120,equipment,ATS,Electrical,,L2,ELE RM ET2,5,KUL21 LV System,Powerwell,24.69,20,81,61,100.0,20,20,0,1,0.0,0,35,35,1,0.0,0,26,26,1,,0,0,0,0,,0,0,0,0,2026-09-12T20:10:25.613305+00:00
2026-09-13,51204,12415096,EDCKUL21ATSET220,equipment,ATS,Electrical,,L2,ELE RM ET2,5,KUL21 LV System,Powerwell,24.69,20,81,61,100.0,20,20,0,1,0.0,0,35,35,1,0.0,0,26,26,1,,0,0,0,0,,0,0,0,0,2026-09-12T20:10:25.613305+00:00
2026-09-13,51204,12415097,EDCKUL21ATSET320,equipment,ATS,Electrical,,L2,ELE RM ET2,5,KUL21 LV System,Powerwell,24.69,20,81,61,100.0,20,20,0,1,0.0,0,35,35,1,0.0,0,26,26,1,,0,0,0,0,,0,0,0,0,2026-09-12T20:10:25.613305+00:00
2026-09-13,51204,12415098,EDCKUL21ATSET420,equipment,ATS,Electrical,,L2,ELE RM ET2,5,KUL21 LV System,Powerwell,24.69,20,81,61,100.0,20,20,0,1,0.0,0,35,35,1,0.0,0,26,26,1,,0,0,0,0,,0,0,0,0,2026-09-12T20:10:25.613305+00:00
2026-09-13,51204,12415099,EDCKUL21ATSET520,equipment,ATS,Electrical,,L2,ELE RM ET2,5,KUL21 LV System,Powerwell,24.69,20,81,61,100.0,20,20,0,1,0.0,0,35,35,1,0.0,0,26,26,1,,0,0,0,0,,0,0,0,0,2026-09-12T20:10:25.613305+00:00
2026-09-13,51204,12415130,EDCKUL21VES00108,equipment,VES,Fire,,L2,DATAHALL 8,5,KUL21 Fire Prevention System,Promatrix DCS,0.0,0,81,81,0.0,0,20,20,1,0.0,0,35,35,1,0.0,0,26,26,1,,0,0,0,0,,0,0,0,0,2026-09-12T20:10:25.613305+00:00
2026-09-13,51204,12415131,EDCKUL21VES00208,equipment,VES,Fire,,L2,DATAHALL 8,5,KUL21 Fire Prevention System,Promatrix DCS,0.0,0,81,81,0.0,0,20,20,1,0.0,0,35,35,1,0.0,0,26,26,1,,0,0,0,0,,0,0,0,0,2026-09-12T20:10:25.613305+00:00
2026-09-13,51204,12415132,EDCKUL21VES00308,equipment,VES,Fire,,L2,DATAHALL 8,5,KUL21 Fire Prevention System,Promatrix DCS,0.0,0,81,81,0.0,0,20,20,1,0.0,0,35,35,1,0.0,0,26,26,1,,0,0,0,0,,0,0,0,0,2026-09-12T20:10:25.613305+00:00
2026-09-13,51204,12415133,EDCKUL21VES00408,equipment,VES,Fire,,L2,DATAHALL 8,5,KUL21 Fire Prevention System,Promatrix DCS,0.0,0,81,81,0.0,0,20,20,1,0.0,0,35,35,1,0.0,0,26,26,1,,0,0,0,0,,0,0,0,0,2026-09-12T20:10:25.613305+00:00
2026-09-13,51204,12415134,EDCKUL21VES00508,equipment,VES,Fire,,L2,DATAHALL 8,5,KUL21 Fire Prevention System,Promatrix DCS,0.0,0,81,81,0.0,0,20,20,1,0.0,0,35,35,1,0.0,0,26,26,1,,0,0,0,0,,0,0,0,0,2026-09-12T20:10:25.613305+00:00
2026-09-13,51204,12415135,EDCKUL21VES00608,equipment,VES,Fire,,L2,DATAHALL 8,5,KUL21 Fire Prevention System,Promatrix DCS,0.0,0,81,81,0.0,0,20,20,1,0.0,0,35,35,1,0.0,0,26,26,1,,0,0,0,0,,0,0,0,0,2026-09-12T20:10:25.613305+00:00
2026-09-13,51204,12415136,EDCKUL21VES00708,equipment,VES,Fire,,L2,DATAHALL 8,5,KUL21 Fire Prevention System,Promatrix DCS,0.0,0,81,81,0.0,0,20,20,1,0.0,0,35,35,1,0.0,0,26,26,1,,0,0,0,0,,0,0,0,0,2026-09-12T20:10:25.613305+00:00
2026-09-13,51204,12415137,EDCKUL21VES00808,equipment,VES,Fire,,L2,DATAHALL 8,5,KUL21 Fire Prevention System,Promatrix DCS,0.0,0,81,81,0.0,0,20,20,1,0.0,0,35,35,1,0.0,0,26,26,1,,0,0,0,0,,0,0,0,0,2026-09-12T20:10:25.613305+00:00
2026-09-13,51204,12415138,EDCKUL21VES00908,equipment,VES,Fire,,L2,DATAHALL 8,5,KUL21 Fire Prevention System,Promatrix DCS,0.0,0,81,81,0.0,0,20,20,1,0.0,0,35,35,1,0.0,0,26,26,1,,0,0,0,0,,0,0,0,0,2026-09-12T20:10:25.613305+00:00
2026-09-13,51204,12415139,EDCKUL21VES01008,equipment,VES,Fire,,L2,DATAHALL 8,5,KUL21 Fire Prevention System,Promatrix DCS,0.0,0,81,81,0.0,0,20,20,1,0.0,0,35,35,1,0.0,0,26,26,1,,0,0,0,0,,0,0,0,0,2026-09-12T20:10:25.613305+00:00
2026-09-13,51204,12415140,EDCKUL21VES01108,equipment,VES,Fire,,L2,DATAHALL 8,5,KUL21 Fire Prevention System,Promatrix DCS,0.0,0,81,81,0.0,0,20,20,1,0.0,0,35,35,1,0.0,0,26,26,1,,0,0,0,0,,0,0,0,0,2026-09-12T20:10:25.613305+00:00
2026-09-13,51204,12415141,EDCKUL21VES01208,equipment,VES,Fire,,L2,DATAHALL 8,5,KUL21 Fire Prevention System,Promatrix DCS,0.0,0,81,81,0.0,0,20,20,1,0.0,0,35,35,1,0.0,0,26,26,1,,0,0,0,0,,0,0,0,0,2026-09-12T20:10:25.613305+00:00
2026-09-13,51204,12415142,EDCKUL21VES00109,equipment,VES,Fire,,L2,DATAHALL 9,5,KUL21 Fire Prevention System,Promatrix DCS,0.0,0,81,81,0.0,0,20,20,1,0.0,0,35,35,1,0.0,0,26,26,1,,0,0,0,0,,0,0,0,0,2026-09-12T20:10:25.613305+00:00
2026-09-13,51204,12415143,EDCKUL21VES00209,equipment,VES,Fire,,L2,DATAHALL 9,5,KUL21 Fire Prevention System,Promatrix DCS,0.0,0,81,81,0.0,0,20,20,1,0.0,0,35,35,1,0.0,0,26,26,1,,0,0,0,0,,0,0,0,0,2026-09-12T20:10:25.613305+00:00
2026-09-13,51204,12415144,EDCKUL21VES00309,equipment,VES,Fire,,L2,DATAHALL 9,5,KUL21 Fire Prevention System,Promatrix DCS,0.0,0,81,81,0.0,0,20,20,1,0.0,0,35,35,1,0.0,0,26,26,1,,0,0,0,0,,0,0,0,0,2026-09-12T20:10:25.613305+00:00
2026-09-13,51204,12415145,EDCKUL21VES00409,equipment,VES,Fire,,L2,DATAHALL 9,5,KUL21 Fire Prevention System,Promatrix DCS,0.0,0,81,81,0.0,0,20,20,1,0.0,0,35,35,1,0.0,0,26,26,1,,0,0,0,0,,0,0,0,0,2026-09-12T20:10:25.613305+00:00
2026-09-13,51204,12415146,EDCKUL21VES00509,equipment,VES,Fire,,L2,DATAHALL 9,5,KUL21 Fire Prevention System,Promatrix DCS,0.0,0,81,81,0.0,0,20,20,1,0.0,0,35,35,1,0.0,0,26,26,1,,0,0,0,0,,0,0,0,0,2026-09-12T20:10:25.613305+00:00
2026-09-13,51204,12415147,EDCKUL21VES00609,equipment,VES,Fire,,L2,DATAHALL 9,5,KUL21 Fire Prevention System,Promatrix DCS,0.0,0,81,81,0.0,0,20,20,1,0.0,0,35,35,1,0.0,0,26,26,1,,0,0,0,0,,0,0,0,0,2026-09-12T20:10:25.613305+00:00
2026-09-13,51204,12415148,EDCKUL21VES00709,equipment,VES,Fire,,L2,DATAHALL 9,5,KUL21 Fire Prevention System,Promatrix DCS,0.0,0,81,81,0.0,0,20,20,1,0.0,0,35,35,1,0.0,0,26,26,1,,0,0,0,0,,0,0,0,0,2026-09-12T20:10:25.613305+00:00
2026-09-13,51204,12415149,EDCKUL21VES00809,equipment,VES,Fire,,L2,DATAHALL 9,5,KUL21 Fire Prevention System,Promatrix DCS,0.0,0,81,81,0.0,0,20,20,1,0.0,0,35,35,1,0.0,0,26,26,1,,0,0,0,0,,0,0,0,0,2026-09-12T20:10:25.613305+00:00
2026-09-13,51204,12415150,EDCKUL21VES00909,equipment,VES,Fire,,L2,DATAHALL 9,5,KUL21 Fire Prevention System,Promatrix DCS,0.0,0,81,81,0.0,0,20,20,1,0.0,0,35,35,1,0.0,0,26,26,1,,0,0,0,0,,0,0,0,0,2026-09-12T20:10:25.613305+00:00
2026-09-13,51204,12415151,EDCKUL21VES01009,equipment,VES,Fire,,L2,DATAHALL 9,5,KUL21 Fire Prevention System,Promatrix DCS,0.0,0,81,81,0.0,0,20,20,1,0.0,0,35,35,1,0.0,0,26,26,1,,0,0,0,0,,0,0,0,0,2026-09-12T20:10:25.613305+00:00
2026-09-13,51204,12415152,EDCKUL21VES01109,equipment,VES,Fire,,L2,DATAHALL 9,5,KUL21 Fire Prevention System,Promatrix DCS,0.0,0,81,81,0.0,0,20,20,1,0.0,0,35,35,1,0.0,0,26,26,1,,0,0,0,0,,0,0,0,0,2026-09-12T20:10:25.613305+00:00
2026-09-13,51204,12415153,EDCKUL21VES01209,equipment,VES,Fire,,L2,DATAHALL 9,5,KUL21 Fire Prevention System,Promatrix DCS,0.0,0,81,81,0.0,0,20,20,1,0.0,0,35,35,1,0.0,0,26,26,1,,0,0,0,0,,0,0,0,0,2026-09-12T20:10:25.613305+00:00
2026-09-13,51204,12415154,EDCKUL21VES06200,equipment,VES,Fire,,L2,ELE RM EA,5,KUL21 Fire Prevention System,Promatrix DCS,24.69,20,81,61,100.0,20,20,0,1,0.0,0,35,35,1,0.0,0,26,26,1,,0,0,0,0,,0,0,0,0,2026-09-12T20:10:25.613305+00:00
2026-09-13,51204,12415155,EDCKUL21VES06300,equipment,VES,Fire,,L2,ELE RM EB,5,KUL21 Fire Prevention System,Promatrix DCS,24.69,20,81,61,100.0,20,20,0,1,0.0,0,35,35,1,0.0,0,26,26,1,,0,0,0,0,,0,0,0,0,2026-09-12T20:10:25.613305+00:00
2026-09-13,51204,12415156,EDCKUL21VES06400,equipment,VES,Fire,,L2,ELE RM EC,5,KUL21 Fire Prevention System,Promatrix DCS,24.69,20,81,61,100.0,20,20,0,1,0.0,0,35,35,1,0.0,0,26,26,1,,0,0,0,0,,0,0,0,0,2026-09-12T20:10:25.613305+00:00
2026-09-13,51204,12415157,EDCKUL21VES06800,equipment,VES,Fire,,L2,ELE RM ED,5,KUL21 Fire Prevention System,Promatrix DCS,24.69,20,81,61,100.0,20,20,0,1,0.0,0,35,35,1,0.0,0,26,26,1,,0,0,0,0,,0,0,0,0,2026-09-12T20:10:25.613305+00:00
2026-09-13,51204,12415158,EDCKUL21VES06700,equipment,VES,Fire,,L2,ELE RM EE,5,KUL21 Fire Prevention System,Promatrix DCS,24.69,20,81,61,100.0,20,20,0,1,0.0,0,35,35,1,0.0,0,26,26,1,,0,0,0,0,,0,0,0,0,2026-09-12T20:10:25.613305+00:00
2026-09-13,51204,12415159,EDCKUL21VES06600,equipment,VES,Fire,,L2,ELE RM EF,5,KUL21 Fire Prevention System,Promatrix DCS,24.69,20,81,61,100.0,20,20,0,1,0.0,0,35,35,1,0.0,0,26,26,1,,0,0,0,0,,0,0,0,0,2026-09-12T20:10:25.613305+00:00
2026-09-13,51204,12415160,EDCKUL21VES06100,equipment,VES,Fire,,L2,ELE RM ET1,5,KUL21 Fire Prevention System,Promatrix DCS,24.69,20,81,61,100.0,20,20,0,1,0.0,0,35,35,1,0.0,0,26,26,1,,0,0,0,0,,0,0,0,0,2026-09-12T20:10:25.613305+00:00
2026-09-13,51204,12415161,EDCKUL21VES06500,equipment,VES,Fire,,L2,ELE RM ET2,5,KUL21 Fire Prevention System,Promatrix DCS,24.69,20,81,61,100.0,20,20,0,1,0.0,0,35,35,1,0.0,0,26,26,1,,0,0,0,0,,0,0,0,0,2026-09-12T20:10:25.613305+00:00
2026-09-13,51204,12535514,EDCKUL21MVSA0310,equipment,MVS,Electrical,,,MV RM A2,5,KUL21 MV System,Siemens Malaysia,71.6,58,81,23,100.0,20,20,0,1,100.0,35,35,0,1,11.54,3,26,23,1,,0,0,0,0,,0,0,0,0,2026-09-12T20:10:25.613305+00:00
2026-09-13,51204,12535515,EDCKUL21MVSB0320,equipment,MVS,Electrical,,,MV RM B3,5,KUL21 MV System,Siemens Malaysia,67.9,55,81,26,100.0,20,20,0,1,100.0,35,35,0,1,0.0,0,26,26,1,,0,0,0,0,,0,0,0,0,2026-09-12T20:10:25.613305+00:00
2026-09-13,51204,12549874,EDCKUL21EXF05600,equipment,EXF,Mechanical,,L2,BATT RM ET1,5,KUL21 ACMV System,Promatrix DCS,0.0,0,81,81,0.0,0,20,20,1,0.0,0,35,35,1,0.0,0,26,26,1,,0,0,0,0,,0,0,0,0,2026-09-12T20:10:25.613305+00:00
2026-09-13,51204,12549875,EDCKUL21EXF05700,equipment,EXF,Mechanical,,L2,BATT RM EA,5,KUL21 ACMV System,Promatrix DCS,0.0,0,81,81,0.0,0,20,20,1,0.0,0,35,35,1,0.0,0,26,26,1,,0,0,0,0,,0,0,0,0,2026-09-12T20:10:25.613305+00:00
2026-09-13,51204,12549876,EDCKUL21EXF05800,equipment,EXF,Mechanical,,L2,BATT RM EB,5,KUL21 ACMV System,Promatrix DCS,0.0,0,81,81,0.0,0,20,20,1,0.0,0,35,35,1,0.0,0,26,26,1,,0,0,0,0,,0,0,0,0,2026-09-12T20:10:25.613305+00:00
2026-09-13,51204,12549877,EDCKUL21EXF05900,equipment,EXF,Mechanical,,L2,BATT RM EC,5,KUL21 ACMV System,Promatrix DCS,0.0,0,81,81,0.0,0,20,20,1,0.0,0,35,35,1,0.0,0,26,26,1,,0,0,0,0,,0,0,0,0,2026-09-12T20:10:25.613305+00:00
2026-09-13,51204,12549878,EDCKUL21EXF06000,equipment,EXF,Mechanical,,L2,BATT RM ET2,5,KUL21 ACMV System,Promatrix DCS,0.0,0,81,81,0.0,0,20,20,1,0.0,0,35,35,1,0.0,0,26,26,1,,0,0,0,0,,0,0,0,0,2026-09-12T20:10:25.613305+00:00
2026-09-13,51204,12549879,EDCKUL21EXF06100,equipment,EXF,Mechanical,,L2,BATT RM EF,5,KUL21 ACMV System,Promatrix DCS,0.0,0,81,81,0.0,0,20,20,1,0.0,0,35,35,1,0.0,0,26,26,1,,0,0,0,0,,0,0,0,0,2026-09-12T20:10:25.613305+00:00
2026-09-13,51204,12549880,EDCKUL21EXF06200,equipment,EXF,Mechanical,,L2,BATT RM EE,5,KUL21 ACMV System,Promatrix DCS,0.0,0,81,81,0.0,0,20,20,1,0.0,0,35,35,1,0.0,0,26,26,1,,0,0,0,0,,0,0,0,0,2026-09-12T20:10:25.613305+00:00
2026-09-13,51204,12549881,EDCKUL21EXF06300,equipment,EXF,Mechanical,,L2,BATT RM ED,5,KUL21 ACMV System,Promatrix DCS,0.0,0,81,81,0.0,0,20,20,1,0.0,0,35,35,1,0.0,0,26,26,1,,0,0,0,0,,0,0,0,0,2026-09-12T20:10:25.613305+00:00
2026-09-13,51204,12549882,EDCKUL21BSWEA118,equipment,BSW,Electrical,,L2,DATAHALL 8,5,KUL21 LV System,Vertiv,0.0,0,81,81,0.0,0,20,20,1,0.0,0,35,35,1,0.0,0,26,26,1,,0,0,0,0,,0,0,0,0,2026-09-12T20:10:25.613305+00:00
2026-09-13,51204,12549883,EDCKUL21BSWEA218,equipment,BSW,Electrical,,L2,DATAHALL 8,5,KUL21 LV System,Vertiv,0.0,0,81,81,0.0,0,20,20,1,0.0,0,35,35,1,0.0,0,26,26,1,,0,0,0,0,,0,0,0,0,2026-09-12T20:10:25.613305+00:00
2026-09-13,51204,12549884,EDCKUL21BSWEA318,equipment,BSW,Electrical,,L2,DATAHALL 8,5,KUL21 LV System,Vertiv,0.0,0,81,81,0.0,0,20,20,1,0.0,0,35,35,1,0.0,0,26,26,1,,0,0,0,0,,0,0,0,0,2026-09-12T20:10:25.613305+00:00
2026-09-13,51204,12549885,EDCKUL21BSWEB118,equipment,BSW,Electrical,,L2,DATAHALL 8,5,KUL21 LV System,Vertiv,0.0,0,81,81,0.0,0,20,20,1,0.0,0,35,35,1,0.0,0,26,26,1,,0,0,0,0,,0,0,0,0,2026-09-12T20:10:25.613305+00:00
2026-09-13,51204,12549886,EDCKUL21BSWEB218,equipment,BSW,Electrical,,L2,DATAHALL 8,5,KUL21 LV System,Vertiv,0.0,0,81,81,0.0,0,20,20,1,0.0,0,35,35,1,0.0,0,26,26,1,,0,0,0,0,,0,0,0,0,2026-09-12T20:10:25.613305+00:00
2026-09-13,51204,12549887,EDCKUL21BSWEB318,equipment,BSW,Electrical,,L2,DATAHALL 8,5,KUL21 LV System,Vertiv,0.0,0,81,81,0.0,0,20,20,1,0.0,0,35,35,1,0.0,0,26,26,1,,0,0,0,0,,0,0,0,0,2026-09-12T20:10:25.613305+00:00
2026-09-13,51204,12549888,EDCKUL21BSWEC118,equipment,BSW,Electrical,,L2,DATAHALL 8,5,KUL21 LV System,Vertiv,0.0,0,81,81,0.0,0,20,20,1,0.0,0,35,35,1,0.0,0,26,26,1,,0,0,0,0,,0,0,0,0,2026-09-12T20:10:25.613305+00:00
2026-09-13,51204,12549889,EDCKUL21BSWEC218,equipment,BSW,Electrical,,L2,DATAHALL 8,5,KUL21 LV System,Vertiv,0.0,0,81,81,0.0,0,20,20,1,0.0,0,35,35,1,0.0,0,26,26,1,,0,0,0,0,,0,0,0,0,2026-09-12T20:10:25.613305+00:00
2026-09-13,51204,12549890,EDCKUL21BSWEC318,equipment,BSW,Electrical,,L2,DATAHALL 8,5,KUL21 LV System,Vertiv,0.0,0,81,81,0.0,0,20,20,1,0.0,0,35,35,1,0.0,0,26,26,1,,0,0,0,0,,0,0,0,0,2026-09-12T20:10:25.613305+00:00
2026-09-13,51204,12549891,EDCKUL21BSWED118,equipment,BSW,Electrical,,L2,DATAHALL 8,5,KUL21 LV System,Vertiv,0.0,0,81,81,0.0,0,20,20,1,0.0,0,35,35,1,0.0,0,26,26,1,,0,0,0,0,,0,0,0,0,2026-09-12T20:10:25.613305+00:00
2026-09-13,51204,12549892,EDCKUL21BSWED218,equipment,BSW,Electrical,,L2,DATAHALL 8,5,KUL21 LV System,Vertiv,0.0,0,81,81,0.0,0,20,20,1,0.0,0,35,35,1,0.0,0,26,26,1,,0,0,0,0,,0,0,0,0,2026-09-12T20:10:25.613305+00:00
2026-09-13,51204,12549893,EDCKUL21BSWED318,equipment,BSW,Electrical,,L2,DATAHALL 8,5,KUL21 LV System,Vertiv,0.0,0,81,81,0.0,0,20,20,1,0.0,0,35,35,1,0.0,0,26,26,1,,0,0,0,0,,0,0,0,0,2026-09-12T20:10:25.613305+00:00
2026-09-13,51204,12549894,EDCKUL21BSWEE118,equipment,BSW,Electrical,,L2,DATAHALL 8,5,KUL21 LV System,Vertiv,0.0,0,81,81,0.0,0,20,20,1,0.0,0,35,35,1,0.0,0,26,26,1,,0,0,0,0,,0,0,0,0,2026-09-12T20:10:25.613305+00:00
2026-09-13,51204,12549895,EDCKUL21BSWEE218,equipment,BSW,Electrical,,L2,DATAHALL 8,5,KUL21 LV System,Vertiv,0.0,0,81,81,0.0,0,20,20,1,0.0,0,35,35,1,0.0,0,26,26,1,,0,0,0,0,,0,0,0,0,2026-09-12T20:10:25.613305+00:00
2026-09-13,51204,12549896,EDCKUL21BSWEE318,equipment,BSW,Electrical,,L2,DATAHALL 8,5,KUL21 LV System,Vertiv,0.0,0,81,81,0.0,0,20,20,1,0.0,0,35,35,1,0.0,0,26,26,1,,0,0,0,0,,0,0,0,0,2026-09-12T20:10:25.613305+00:00
2026-09-13,51204,12549897,EDCKUL21BSWEE418,equipment,BSW,Electrical,,L2,DATAHALL 8,5,KUL21 LV System,Vertiv,0.0,0,81,81,0.0,0,20,20,1,0.0,0,35,35,1,0.0,0,26,26,1,,0,0,0,0,,0,0,0,0,2026-09-12T20:10:25.613305+00:00
2026-09-13,51204,12549898,EDCKUL21BSWEF118,equipment,BSW,Electrical,,L2,DATAHALL 8,5,KUL21 LV System,Vertiv,0.0,0,81,81,0.0,0,20,20,1,0.0,0,35,35,1,0.0,0,26,26,1,,0,0,0,0,,0,0,0,0,2026-09-12T20:10:25.613305+00:00
2026-09-13,51204,12549899,EDCKUL21BSWEF218,equipment,BSW,Electrical,,L2,DATAHALL 8,5,KUL21 LV System,Vertiv,0.0,0,81,81,0.0,0,20,20,1,0.0,0,35,35,1,0.0,0,26,26,1,,0,0,0,0,,0,0,0,0,2026-09-12T20:10:25.613305+00:00
2026-09-13,51204,12549900,EDCKUL21BSWEA119,equipment,BSW,Electrical,,L2,DATAHALL 9,5,KUL21 LV System,Vertiv,0.0,0,81,81,0.0,0,20,20,1,0.0,0,35,35,1,0.0,0,26,26,1,,0,0,0,0,,0,0,0,0,2026-09-12T20:10:25.613305+00:00
2026-09-13,51204,12549901,EDCKUL21BSWEA219,equipment,BSW,Electrical,,L2,DATAHALL 9,5,KUL21 LV System,Vertiv,0.0,0,81,81,0.0,0,20,20,1,0.0,0,35,35,1,0.0,0,26,26,1,,0,0,0,0,,0,0,0,0,2026-09-12T20:10:25.613305+00:00
2026-09-13,51204,12549902,EDCKUL21BSWEA319,equipment,BSW,Electrical,,L2,DATAHALL 9,5,KUL21 LV System,Vertiv,0.0,0,81,81,0.0,0,20,20,1,0.0,0,35,35,1,0.0,0,26,26,1,,0,0,0,0,,0,0,0,0,2026-09-12T20:10:25.613305+00:00
2026-09-13,51204,12549903,EDCKUL21BSWEB119,equipment,BSW,Electrical,,L2,DATAHALL 9,5,KUL21 LV System,Vertiv,0.0,0,81,81,0.0,0,20,20,1,0.0,0,35,35,1,0.0,0,26,26,1,,0,0,0,0,,0,0,0,0,2026-09-12T20:10:25.613305+00:00
2026-09-13,51204,12549904,EDCKUL21BSWEB219,equipment,BSW,Electrical,,L2,DATAHALL 9,5,KUL21 LV System,Vertiv,0.0,0,81,81,0.0,0,20,20,1,0.0,0,35,35,1,0.0,0,26,26,1,,0,0,0,0,,0,0,0,0,2026-09-12T20:10:25.613305+00:00
2026-09-13,51204,12549905,EDCKUL21BSWEB319,equipment,BSW,Electrical,,L2,DATAHALL 9,5,KUL21 LV System,Vertiv,0.0,0,81,81,0.0,0,20,20,1,0.0,0,35,35,1,0.0,0,26,26,1,,0,0,0,0,,0,0,0,0,2026-09-12T20:10:25.613305+00:00
2026-09-13,51204,12549906,EDCKUL21BSWEC119,equipment,BSW,Electrical,,L2,DATAHALL 9,5,KUL21 LV System,Vertiv,0.0,0,81,81,0.0,0,20,20,1,0.0,0,35,35,1,0.0,0,26,26,1,,0,0,0,0,,0,0,0,0,2026-09-12T20:10:25.613305+00:00
2026-09-13,51204,12549907,EDCKUL21BSWEC219,equipment,BSW,Electrical,,L2,DATAHALL 9,5,KUL21 LV System,Vertiv,0.0,0,81,81,0.0,0,20,20,1,0.0,0,35,35,1,0.0,0,26,26,1,,0,0,0,0,,0,0,0,0,2026-09-12T20:10:25.613305+00:00
2026-09-13,51204,12549908,EDCKUL21BSWEC319,equipment,BSW,Electrical,,L2,DATAHALL 9,5,KUL21 LV System,Vertiv,0.0,0,81,81,0.0,0,20,20,1,0.0,0,35,35,1,0.0,0,26,26,1,,0,0,0,0,,0,0,0,0,2026-09-12T20:10:25.613305+00:00
2026-09-13,51204,12549909,EDCKUL21BSWED119,equipment,BSW,Electrical,,L2,DATAHALL 9,5,KUL21 LV System,Vertiv,0.0,0,81,81,0.0,0,20,20,1,0.0,0,35,35,1,0.0,0,26,26,1,,0,0,0,0,,0,0,0,0,2026-09-12T20:10:25.613305+00:00
2026-09-13,51204,12549910,EDCKUL21BSWED219,equipment,BSW,Electrical,,L2,DATAHALL 9,5,KUL21 LV System,Vertiv,0.0,0,81,81,0.0,0,20,20,1,0.0,0,35,35,1,0.0,0,26,26,1,,0,0,0,0,,0,0,0,0,2026-09-12T20:10:25.613305+00:00
2026-09-13,51204,12549911,EDCKUL21BSWED319,equipment,BSW,Electrical,,L2,DATAHALL 9,5,KUL21 LV System,Vertiv,0.0,0,81,81,0.0,0,20,20,1,0.0,0,35,35,1,0.0,0,26,26,1,,0,0,0,0,,0,0,0,0,2026-09-12T20:10:25.613305+00:00
2026-09-13,51204,12549912,EDCKUL21BSWEE119,equipment,BSW,Electrical,,L2,DATAHALL 9,5,KUL21 LV System,Vertiv,0.0,0,81,81,0.0,0,20,20,1,0.0,0,35,35,1,0.0,0,26,26,1,,0,0,0,0,,0,0,0,0,2026-09-12T20:10:25.613305+00:00
2026-09-13,51204,12549913,EDCKUL21BSWEE219,equipment,BSW,Electrical,,L2,DATAHALL 9,5,KUL21 LV System,Vertiv,0.0,0,81,81,0.0,0,20,20,1,0.0,0,35,35,1,0.0,0,26,26,1,,0,0,0,0,,0,0,0,0,2026-09-12T20:10:25.613305+00:00
2026-09-13,51204,12549914,EDCKUL21BSWEF119,equipment,BSW,Electrical,,L2,DATAHALL 9,5,KUL21 LV System,Vertiv,0.0,0,81,81,0.0,0,20,20,1,0.0,0,35,35,1,0.0,0,26,26,1,,0,0,0,0,,0,0,0,0,2026-09-12T20:10:25.613305+00:00
2026-09-13,51204,12549915,EDCKUL21BSWEF219,equipment,BSW,Electrical,,L2,DATAHALL 9,5,KUL21 LV System,Vertiv,0.0,0,81,81,0.0,0,20,20,1,0.0,0,35,35,1,0.0,0,26,26,1,,0,0,0,0,,0,0,0,0,2026-09-12T20:10:25.613305+00:00
2026-09-13,51204,12549916,EDCKUL21BSWEF319,equipment,BSW,Electrical,,L2,DATAHALL 9,5,KUL21 LV System,Vertiv,0.0,0,81,81,0.0,0,20,20,1,0.0,0,35,35,1,0.0,0,26,26,1,,0,0,0,0,,0,0,0,0,2026-09-12T20:10:25.613305+00:00
2026-09-13,51204,12549917,EDCKUL21BSWEF419,equipment,BSW,Electrical,,L2,DATAHALL 9,5,KUL21 LV System,Vertiv,0.0,0,81,81,0.0,0,20,20,1,0.0,0,35,35,1,0.0,0,26,26,1,,0,0,0,0,,0,0,0,0,2026-09-12T20:10:25.613305+00:00
2026-09-13,51204,12549918,EDCKUL21BSWEA100,equipment,BSW,Electrical,,L2,ELE RM EA,5,KUL21 LV System,Promatrix DCS,0.0,0,81,81,0.0,0,20,20,1,0.0,0,35,35,1,0.0,0,26,26,1,,0,0,0,0,,0,0,0,0,2026-09-12T20:10:25.613305+00:00
2026-09-13,51204,12549919,EDCKUL21BSWEA200,equipment,BSW,Electrical,,L2,ELE RM EA,5,KUL21 LV System,Promatrix DCS,0.0,0,81,81,0.0,0,20,20,1,0.0,0,35,35,1,0.0,0,26,26,1,,0,0,0,0,,0,0,0,0,2026-09-12T20:10:25.613305+00:00
2026-09-13,51204,12549920,EDCKUL21BSWEA300,equipment,BSW,Electrical,,L2,ELE RM EA,5,KUL21 LV System,Promatrix DCS,0.0,0,81,81,0.0,0,20,20,1,0.0,0,35,35,1,0.0,0,26,26,1,,0,0,0,0,,0,0,0,0,2026-09-12T20:10:25.613305+00:00
2026-09-13,51204,12549921,EDCKUL21BSWEA400,equipment,BSW,Electrical,,L2,ELE RM EA,5,KUL21 LV System,Promatrix DCS,0.0,0,81,81,0.0,0,20,20,1,0.0,0,35,35,1,0.0,0,26,26,1,,0,0,0,0,,0,0,0,0,2026-09-12T20:10:25.613305+00:00
2026-09-13,51204,12549922,EDCKUL21BSWEA500,equipment,BSW,Electrical,,L2,ELE RM EA,5,KUL21 LV System,Promatrix DCS,0.0,0,81,81,0.0,0,20,20,1,0.0,0,35,35,1,0.0,0,26,26,1,,0,0,0,0,,0,0,0,0,2026-09-12T20:10:25.613305+00:00
2026-09-13,51204,12549923,EDCKUL21BSWEA600,equipment,BSW,Electrical,,L2,ELE RM EA,5,KUL21 LV System,Promatrix DCS,0.0,0,81,81,0.0,0,20,20,1,0.0,0,35,35,1,0.0,0,26,26,1,,0,0,0,0,,0,0,0,0,2026-09-12T20:10:25.613305+00:00
2026-09-13,51204,12549924,EDCKUL21BSWEB100,equipment,BSW,Electrical,,L2,ELE RM EB,5,KUL21 LV System,Promatrix DCS,0.0,0,81,81,0.0,0,20,20,1,0.0,0,35,35,1,0.0,0,26,26,1,,0,0,0,0,,0,0,0,0,2026-09-12T20:10:25.613305+00:00
2026-09-13,51204,12549925,EDCKUL21BSWEB200,equipment,BSW,Electrical,,L2,ELE RM EB,5,KUL21 LV System,Promatrix DCS,0.0,0,81,81,0.0,0,20,20,1,0.0,0,35,35,1,0.0,0,26,26,1,,0,0,0,0,,0,0,0,0,2026-09-12T20:10:25.613305+00:00
2026-09-13,51204,12549926,EDCKUL21BSWEB300,equipment,BSW,Electrical,,L2,ELE RM EB,5,KUL21 LV System,Promatrix DCS,0.0,0,81,81,0.0,0,20,20,1,0.0,0,35,35,1,0.0,0,26,26,1,,0,0,0,0,,0,0,0,0,2026-09-12T20:10:25.613305+00:00
2026-09-13,51204,12549927,EDCKUL21BSWEB400,equipment,BSW,Electrical,,L2,ELE RM EB,5,KUL21 LV System,Promatrix DCS,0.0,0,81,81,0.0,0,20,20,1,0.0,0,35,35,1,0.0,0,26,26,1,,0,0,0,0,,0,0,0,0,2026-09-12T20:10:25.613305+00:00
2026-09-13,51204,12549928,EDCKUL21BSWEB500,equipment,BSW,Electrical,,L2,ELE RM EB,5,KUL21 LV System,Promatrix DCS,0.0,0,81,81,0.0,0,20,20,1,0.0,0,35,35,1,0.0,0,26,26,1,,0,0,0,0,,0,0,0,0,2026-09-12T20:10:25.613305+00:00
2026-09-13,51204,12549929,EDCKUL21BSWEB600,equipment,BSW,Electrical,,L2,ELE RM EB,5,KUL21 LV System,Promatrix DCS,0.0,0,81,81,0.0,0,20,20,1,0.0,0,35,35,1,0.0,0,26,26,1,,0,0,0,0,,0,0,0,0,2026-09-12T20:10:25.613305+00:00
2026-09-13,51204,12549930,EDCKUL21BSWEC100,equipment,BSW,Electrical,,L2,ELE RM EC,5,KUL21 LV System,Promatrix DCS,0.0,0,81,81,0.0,0,20,20,1,0.0,0,35,35,1,0.0,0,26,26,1,,0,0,0,0,,0,0,0,0,2026-09-12T20:10:25.613305+00:00
2026-09-13,51204,12549931,EDCKUL21BSWEC200,equipment,BSW,Electrical,,L2,ELE RM EC,5,KUL21 LV System,Promatrix DCS,0.0,0,81,81,0.0,0,20,20,1,0.0,0,35,35,1,0.0,0,26,26,1,,0,0,0,0,,0,0,0,0,2026-09-12T20:10:25.613305+00:00
2026-09-13,51204,12549932,EDCKUL21BSWEC300,equipment,BSW,Electrical,,L2,ELE RM EC,5,KUL21 LV System,Promatrix DCS,0.0,0,81,81,0.0,0,20,20,1,0.0,0,35,35,1,0.0,0,26,26,1,,0,0,0,0,,0,0,0,0,2026-09-12T20:10:25.613305+00:00
2026-09-13,51204,12549933,EDCKUL21BSWEC400,equipment,BSW,Electrical,,L2,ELE RM EC,5,KUL21 LV System,Promatrix DCS,0.0,0,81,81,0.0,0,20,20,1,0.0,0,35,35,1,0.0,0,26,26,1,,0,0,0,0,,0,0,0,0,2026-09-12T20:10:25.613305+00:00
2026-09-13,51204,12549934,EDCKUL21BSWEC500,equipment,BSW,Electrical,,L2,ELE RM EC,5,KUL21 LV System,Promatrix DCS,0.0,0,81,81,0.0,0,20,20,1,0.0,0,35,35,1,0.0,0,26,26,1,,0,0,0,0,,0,0,0,0,2026-09-12T20:10:25.613305+00:00
2026-09-13,51204,12549935,EDCKUL21BSWEC600,equipment,BSW,Electrical,,L2,ELE RM EC,5,KUL21 LV System,Promatrix DCS,0.0,0,81,81,0.0,0,20,20,1,0.0,0,35,35,1,0.0,0,26,26,1,,0,0,0,0,,0,0,0,0,2026-09-12T20:10:25.613305+00:00
2026-09-13,51204,12549936,EDCKUL21BSWED100,equipment,BSW,Electrical,,L2,ELE RM ED,5,KUL21 LV System,Promatrix DCS,0.0,0,81,81,0.0,0,20,20,1,0.0,0,35,35,1,0.0,0,26,26,1,,0,0,0,0,,0,0,0,0,2026-09-12T20:10:25.613305+00:00
2026-09-13,51204,12549937,EDCKUL21BSWED200,equipment,BSW,Electrical,,L2,ELE RM ED,5,KUL21 LV System,Promatrix DCS,0.0,0,81,81,0.0,0,20,20,1,0.0,0,35,35,1,0.0,0,26,26,1,,0,0,0,0,,0,0,0,0,2026-09-12T20:10:25.613305+00:00
2026-09-13,51204,12549938,EDCKUL21BSWED300,equipment,BSW,Electrical,,L2,ELE RM ED,5,KUL21 LV System,Promatrix DCS,0.0,0,81,81,0.0,0,20,20,1,0.0,0,35,35,1,0.0,0,26,26,1,,0,0,0,0,,0,0,0,0,2026-09-12T20:10:25.613305+00:00
2026-09-13,51204,12549939,EDCKUL21BSWED400,equipment,BSW,Electrical,,L2,ELE RM ED,5,KUL21 LV System,Promatrix DCS,0.0,0,81,81,0.0,0,20,20,1,0.0,0,35,35,1,0.0,0,26,26,1,,0,0,0,0,,0,0,0,0,2026-09-12T20:10:25.613305+00:00
2026-09-13,51204,12549940,EDCKUL21BSWED500,equipment,BSW,Electrical,,L2,ELE RM ED,5,KUL21 LV System,Promatrix DCS,0.0,0,81,81,0.0,0,20,20,1,0.0,0,35,35,1,0.0,0,26,26,1,,0,0,0,0,,0,0,0,0,2026-09-12T20:10:25.613305+00:00
2026-09-13,51204,12549941,EDCKUL21BSWED600,equipment,BSW,Electrical,,L2,ELE RM ED,5,KUL21 LV System,Promatrix DCS,0.0,0,81,81,0.0,0,20,20,1,0.0,0,35,35,1,0.0,0,26,26,1,,0,0,0,0,,0,0,0,0,2026-09-12T20:10:25.613305+00:00
2026-09-13,51204,12549942,EDCKUL21BSWEE100,equipment,BSW,Electrical,,L2,ELE RM EE,5,KUL21 LV System,Promatrix DCS,0.0,0,81,81,0.0,0,20,20,1,0.0,0,35,35,1,0.0,0,26,26,1,,0,0,0,0,,0,0,0,0,2026-09-12T20:10:25.613305+00:00
2026-09-13,51204,12549943,EDCKUL21BSWEE200,equipment,BSW,Electrical,,L2,ELE RM EE,5,KUL21 LV System,Promatrix DCS,0.0,0,81,81,0.0,0,20,20,1,0.0,0,35,35,1,0.0,0,26,26,1,,0,0,0,0,,0,0,0,0,2026-09-12T20:10:25.613305+00:00
2026-09-13,51204,12549944,EDCKUL21BSWEE300,equipment,BSW,Electrical,,L2,ELE RM EE,5,KUL21 LV System,Promatrix DCS,0.0,0,81,81,0.0,0,20,20,1,0.0,0,35,35,1,0.0,0,26,26,1,,0,0,0,0,,0,0,0,0,2026-09-12T20:10:25.613305+00:00
2026-09-13,51204,12549945,EDCKUL21BSWEE400,equipment,BSW,Electrical,,L2,ELE RM EE,5,KUL21 LV System,Promatrix DCS,0.0,0,81,81,0.0,0,20,20,1,0.0,0,35,35,1,0.0,0,26,26,1,,0,0,0,0,,0,0,0,0,2026-09-12T20:10:25.613305+00:00
2026-09-13,51204,12549946,EDCKUL21BSWEE500,equipment,BSW,Electrical,,L2,ELE RM EE,5,KUL21 LV System,Promatrix DCS,0.0,0,81,81,0.0,0,20,20,1,0.0,0,35,35,1,0.0,0,26,26,1,,0,0,0,0,,0,0,0,0,2026-09-12T20:10:25.613305+00:00
2026-09-13,51204,12549947,EDCKUL21BSWEE600,equipment,BSW,Electrical,,L2,ELE RM EE,5,KUL21 LV System,Promatrix DCS,0.0,0,81,81,0.0,0,20,20,1,0.0,0,35,35,1,0.0,0,26,26,1,,0,0,0,0,,0,0,0,0,2026-09-12T20:10:25.613305+00:00
2026-09-13,51204,12549948,EDCKUL21BSWEF100,equipment,BSW,Electrical,,L2,ELE RM EF,5,KUL21 LV System,Promatrix DCS,0.0,0,81,81,0.0,0,20,20,1,0.0,0,35,35,1,0.0,0,26,26,1,,0,0,0,0,,0,0,0,0,2026-09-12T20:10:25.613305+00:00
2026-09-13,51204,12549949,EDCKUL21BSWEF200,equipment,BSW,Electrical,,L2,ELE RM EF,5,KUL21 LV System,Promatrix DCS,0.0,0,81,81,0.0,0,20,20,1,0.0,0,35,35,1,0.0,0,26,26,1,,0,0,0,0,,0,0,0,0,2026-09-12T20:10:25.613305+00:00
2026-09-13,51204,12549950,EDCKUL21BSWEF300,equipment,BSW,Electrical,,L2,ELE RM EF,5,KUL21 LV System,Promatrix DCS,0.0,0,81,81,0.0,0,20,20,1,0.0,0,35,35,1,0.0,0,26,26,1,,0,0,0,0,,0,0,0,0,2026-09-12T20:10:25.613305+00:00
2026-09-13,51204,12549951,EDCKUL21BSWEF400,equipment,BSW,Electrical,,L2,ELE RM EF,5,KUL21 LV System,Promatrix DCS,0.0,0,81,81,0.0,0,20,20,1,0.0,0,35,35,1,0.0,0,26,26,1,,0,0,0,0,,0,0,0,0,2026-09-12T20:10:25.613305+00:00
2026-09-13,51204,12549952,EDCKUL21BSWEF500,equipment,BSW,Electrical,,L2,ELE RM EF,5,KUL21 LV System,Promatrix DCS,0.0,0,81,81,0.0,0,20,20,1,0.0,0,35,35,1,0.0,0,26,26,1,,0,0,0,0,,0,0,0,0,2026-09-12T20:10:25.613305+00:00
2026-09-13,51204,12549953,EDCKUL21BSWEF600,equipment,BSW,Electrical,,L2,ELE RM EF,5,KUL21 LV System,Promatrix DCS,0.0,0,81,81,0.0,0,20,20,1,0.0,0,35,35,1,0.0,0,26,26,1,,0,0,0,0,,0,0,0,0,2026-09-12T20:10:25.613305+00:00
2026-09-13,51204,12549954,EDCKUL21BSWET110,equipment,BSW,Electrical,,L2,ELE RM ET1,5,KUL21 LV System,Promatrix DCS,0.0,0,81,81,0.0,0,20,20,1,0.0,0,35,35,1,0.0,0,26,26,1,,0,0,0,0,,0,0,0,0,2026-09-12T20:10:25.613305+00:00
2026-09-13,51204,12549955,EDCKUL21BSWET210,equipment,BSW,Electrical,,L2,ELE RM ET1,5,KUL21 LV System,Promatrix DCS,0.0,0,81,81,0.0,0,20,20,1,0.0,0,35,35,1,0.0,0,26,26,1,,0,0,0,0,,0,0,0,0,2026-09-12T20:10:25.613305+00:00
2026-09-13,51204,12549956,EDCKUL21BSWET310,equipment,BSW,Electrical,,L2,ELE RM ET1,5,KUL21 LV System,Promatrix DCS,0.0,0,81,81,0.0,0,20,20,1,0.0,0,35,35,1,0.0,0,26,26,1,,0,0,0,0,,0,0,0,0,2026-09-12T20:10:25.613305+00:00
2026-09-13,51204,12549957,EDCKUL21BSWET410,equipment,BSW,Electrical,,L2,ELE RM ET1,5,KUL21 LV System,Promatrix DCS,0.0,0,81,81,0.0,0,20,20,1,0.0,0,35,35,1,0.0,0,26,26,1,,0,0,0,0,,0,0,0,0,2026-09-12T20:10:25.613305+00:00
2026-09-13,51204,12549958,EDCKUL21BSWET510,equipment,BSW,Electrical,,L2,ELE RM ET1,5,KUL21 LV System,Promatrix DCS,0.0,0,81,81,0.0,0,20,20,1,0.0,0,35,35,1,0.0,0,26,26,1,,0,0,0,0,,0,0,0,0,2026-09-12T20:10:25.613305+00:00
2026-09-13,51204,12549959,EDCKUL21BSWET120,equipment,BSW,Electrical,,L2,ELE RM ET2,5,KUL21 LV System,Promatrix DCS,0.0,0,81,81,0.0,0,20,20,1,0.0,0,35,35,1,0.0,0,26,26,1,,0,0,0,0,,0,0,0,0,2026-09-12T20:10:25.613305+00:00
2026-09-13,51204,12549960,EDCKUL21BSWET220,equipment,BSW,Electrical,,L2,ELE RM ET2,5,KUL21 LV System,Promatrix DCS,0.0,0,81,81,0.0,0,20,20,1,0.0,0,35,35,1,0.0,0,26,26,1,,0,0,0,0,,0,0,0,0,2026-09-12T20:10:25.613305+00:00
2026-09-13,51204,12549961,EDCKUL21BSWET320,equipment,BSW,Electrical,,L2,ELE RM ET2,5,KUL21 LV System,Promatrix DCS,0.0,0,81,81,0.0,0,20,20,1,0.0,0,35,35,1,0.0,0,26,26,1,,0,0,0,0,,0,0,0,0,2026-09-12T20:10:25.613305+00:00
2026-09-13,51204,12549962,EDCKUL21BSWET420,equipment,BSW,Electrical,,L2,ELE RM ET2,5,KUL21 LV System,Promatrix DCS,0.0,0,81,81,0.0,0,20,20,1,0.0,0,35,35,1,0.0,0,26,26,1,,0,0,0,0,,0,0,0,0,2026-09-12T20:10:25.613305+00:00
2026-09-13,51204,12549963,EDCKUL21BSWET520,equipment,BSW,Electrical,,L2,ELE RM ET2,5,KUL21 LV System,Promatrix DCS,0.0,0,81,81,0.0,0,20,20,1,0.0,0,35,35,1,0.0,0,26,26,1,,0,0,0,0,,0,0,0,0,2026-09-12T20:10:25.613305+00:00
2026-09-13,51204,13427822,EDCKUL21DPPEA210,equipment,DPP,Electrical,,,BATT RM EA,5,KUL21 UPS System,Eaton,24.69,20,81,61,100.0,20,20,0,1,0.0,0,35,35,1,0.0,0,26,26,1,,0,0,0,0,,0,0,0,0,2026-09-12T20:10:25.613305+00:00
2026-09-13,51204,13427823,EDCKUL21DPPEB210,equipment,DPP,Electrical,,,BATT RM EB,5,KUL21 UPS System,Eaton,24.69,20,81,61,100.0,20,20,0,1,0.0,0,35,35,1,0.0,0,26,26,1,,0,0,0,0,,0,0,0,0,2026-09-12T20:10:25.613305+00:00
2026-09-13,51204,13427824,EDCKUL21DPPEC210,equipment,DPP,Electrical,,,BATT RM EC,5,KUL21 UPS System,Eaton,24.69,20,81,61,100.0,20,20,0,1,0.0,0,35,35,1,0.0,0,26,26,1,,0,0,0,0,,0,0,0,0,2026-09-12T20:10:25.613305+00:00
2026-09-13,51204,13427825,EDCKUL21DPPED210,equipment,DPP,Electrical,,,BATT RM ED,5,KUL21 UPS System,Eaton,24.69,20,81,61,100.0,20,20,0,1,0.0,0,35,35,1,0.0,0,26,26,1,,0,0,0,0,,0,0,0,0,2026-09-12T20:10:25.613305+00:00
2026-09-13,51204,13427826,EDCKUL21DPPEE210,equipment,DPP,Electrical,,,BATT RM EE,5,KUL21 UPS System,Eaton,24.69,20,81,61,100.0,20,20,0,1,0.0,0,35,35,1,0.0,0,26,26,1,,0,0,0,0,,0,0,0,0,2026-09-12T20:10:25.613305+00:00
2026-09-13,51204,13427827,EDCKUL21DPPEF210,equipment,DPP,Electrical,,,BATT RM EF,5,KUL21 UPS System,Eaton,24.69,20,81,61,100.0,20,20,0,1,0.0,0,35,35,1,0.0,0,26,26,1,,0,0,0,0,,0,0,0,0,2026-09-12T20:10:25.613305+00:00
2026-09-13,51204,13427828,EDCKUL21DPPET210,equipment,DPP,Electrical,,,BATT RM ET1,5,KUL21 UPS System,Eaton,24.69,20,81,61,100.0,20,20,0,1,0.0,0,35,35,1,0.0,0,26,26,1,,0,0,0,0,,0,0,0,0,2026-09-12T20:10:25.613305+00:00
2026-09-13,51204,13427829,EDCKUL21DPPET220,equipment,DPP,Electrical,,,BATT RM ET2,5,KUL21 UPS System,Eaton,24.69,20,81,61,100.0,20,20,0,1,0.0,0,35,35,1,0.0,0,26,26,1,,0,0,0,0,,0,0,0,0,2026-09-12T20:10:25.613305+00:00
2026-09-13,51204,13582072,EDCKUL21DHU00108,equipment,DHU,Mechanical,,,AHU ROOM,5,KUL21 ACMV System,Promatrix DCS,0.0,0,81,81,0.0,0,20,20,1,0.0,0,35,35,1,0.0,0,26,26,1,,0,0,0,0,,0,0,0,0,2026-09-12T20:10:25.613305+00:00
2026-09-13,51204,13582073,EDCKUL21DHU00208,equipment,DHU,Mechanical,,,AHU ROOM,5,KUL21 ACMV System,Promatrix DCS,0.0,0,81,81,0.0,0,20,20,1,0.0,0,35,35,1,0.0,0,26,26,1,,0,0,0,0,,0,0,0,0,2026-09-12T20:10:25.613305+00:00
2026-09-13,51204,13582074,EDCKUL21DHU00109,equipment,DHU,Mechanical,,,AHU ROOM,5,KUL21 ACMV System,Promatrix DCS,0.0,0,81,81,0.0,0,20,20,1,0.0,0,35,35,1,0.0,0,26,26,1,,0,0,0,0,,0,0,0,0,2026-09-12T20:10:25.613305+00:00
2026-09-13,51204,13582075,EDCKUL21DHU00209,equipment,DHU,Mechanical,,,AHU ROOM,5,KUL21 ACMV System,Promatrix DCS,0.0,0,81,81,0.0,0,20,20,1,0.0,0,35,35,1,0.0,0,26,26,1,,0,0,0,0,,0,0,0,0,2026-09-12T20:10:25.613305+00:00
2026-09-13,51204,13582076,EDCKUL21GDS00700,equipment,GDS,Mechanical,,,ELE RM ET2,5,KUL21 ACMV System,Promatrix DCS,0.0,0,81,81,0.0,0,20,20,1,0.0,0,35,35,1,0.0,0,26,26,1,,0,0,0,0,,0,0,0,0,2026-09-12T20:10:25.613305+00:00
2026-09-13,51204,13582077,EDCKUL21BMPC0100,equipment,BMP,ELV,,,ROOF,5,KUL21 ACMV System,Rovisys,0.0,0,81,81,0.0,0,20,20,1,0.0,0,35,35,1,0.0,0,26,26,1,,0,0,0,0,,0,0,0,0,2026-09-12T20:10:25.613305+00:00
2026-09-13,51204,13582078,EDCKUL21BMPC0200,equipment,BMP,ELV,,,ROOF,5,KUL21 ACMV System,Rovisys,0.0,0,81,81,0.0,0,20,20,1,0.0,0,35,35,1,0.0,0,26,26,1,,0,0,0,0,,0,0,0,0,2026-09-12T20:10:25.613305+00:00
2026-09-13,51204,13582079,EDCKUL21BMPC0300,equipment,BMP,ELV,,,ROOF,5,KUL21 ACMV System,Rovisys,0.0,0,81,81,0.0,0,20,20,1,0.0,0,35,35,1,0.0,0,26,26,1,,0,0,0,0,,0,0,0,0,2026-09-12T20:10:25.613305+00:00
2026-09-13,51204,13582080,EDCKUL21BMPC0400,equipment,BMP,ELV,,,ROOF,5,KUL21 ACMV System,Rovisys,0.0,0,81,81,0.0,0,20,20,1,0.0,0,35,35,1,0.0,0,26,26,1,,0,0,0,0,,0,0,0,0,2026-09-12T20:10:25.613305+00:00
2026-09-13,51204,13582081,EDCKUL21BMPC0500,equipment,BMP,ELV,,,ROOF,5,KUL21 ACMV System,Rovisys,0.0,0,81,81,0.0,0,20,20,1,0.0,0,35,35,1,0.0,0,26,26,1,,0,0,0,0,,0,0,0,0,2026-09-12T20:10:25.613305+00:00
2026-09-13,51204,13582082,EDCKUL21BMPC0600,equipment,BMP,ELV,,,ROOF,5,KUL21 ACMV System,Rovisys,0.0,0,81,81,0.0,0,20,20,1,0.0,0,35,35,1,0.0,0,26,26,1,,0,0,0,0,,0,0,0,0,2026-09-12T20:10:25.613305+00:00
2026-09-13,51204,13582083,EDCKUL21BMPC0700,equipment,BMP,ELV,,,ROOF,5,KUL21 ACMV System,Rovisys,0.0,0,81,81,0.0,0,20,20,1,0.0,0,35,35,1,0.0,0,26,26,1,,0,0,0,0,,0,0,0,0,2026-09-12T20:10:25.613305+00:00
2026-09-13,51204,13582084,EDCKUL21BMPC0800,equipment,BMP,ELV,,,ROOF,5,KUL21 ACMV System,Rovisys,0.0,0,81,81,0.0,0,20,20,1,0.0,0,35,35,1,0.0,0,26,26,1,,0,0,0,0,,0,0,0,0,2026-09-12T20:10:25.613305+00:00
2026-09-13,51204,13582085,EDCKUL21BMPC0900,equipment,BMP,ELV,,,ROOF,5,KUL21 ACMV System,Rovisys,0.0,0,81,81,0.0,0,20,20,1,0.0,0,35,35,1,0.0,0,26,26,1,,0,0,0,0,,0,0,0,0,2026-09-12T20:10:25.613305+00:00
2026-09-13,51204,13582086,EDCKUL21BMPC1000,equipment,BMP,ELV,,,ROOF,5,KUL21 ACMV System,Rovisys,0.0,0,81,81,0.0,0,20,20,1,0.0,0,35,35,1,0.0,0,26,26,1,,0,0,0,0,,0,0,0,0,2026-09-12T20:10:25.613305+00:00
2026-09-13,51204,13582087,EDCKUL21BMPC1100,equipment,BMP,ELV,,,ROOF,5,KUL21 ACMV System,Rovisys,0.0,0,81,81,0.0,0,20,20,1,0.0,0,35,35,1,0.0,0,26,26,1,,0,0,0,0,,0,0,0,0,2026-09-12T20:10:25.613305+00:00
2026-09-13,51204,13582088,EDCKUL21BMPC1200,equipment,BMP,ELV,,,ROOF,5,KUL21 ACMV System,Rovisys,0.0,0,81,81,0.0,0,20,20,1,0.0,0,35,35,1,0.0,0,26,26,1,,0,0,0,0,,0,0,0,0,2026-09-12T20:10:25.613305+00:00
2026-09-13,51204,13582089,EDCKUL21BMPC1300,equipment,BMP,ELV,,,ROOF,5,KUL21 ACMV System,Rovisys,0.0,0,81,81,0.0,0,20,20,1,0.0,0,35,35,1,0.0,0,26,26,1,,0,0,0,0,,0,0,0,0,2026-09-12T20:10:25.613305+00:00
2026-09-13,51204,13582090,EDCKUL21BMPC1400,equipment,BMP,ELV,,,ROOF,5,KUL21 ACMV System,Rovisys,0.0,0,81,81,0.0,0,20,20,1,0.0,0,35,35,1,0.0,0,26,26,1,,0,0,0,0,,0,0,0,0,2026-09-12T20:10:25.613305+00:00
2026-09-13,51204,13582091,EDCKUL21BMPC1500,equipment,BMP,ELV,,,ROOF,5,KUL21 ACMV System,Rovisys,0.0,0,81,81,0.0,0,20,20,1,0.0,0,35,35,1,0.0,0,26,26,1,,0,0,0,0,,0,0,0,0,2026-09-12T20:10:25.613305+00:00
2026-09-13,51204,13582092,EDCKUL21BMPMPMC1,equipment,BMP,ELV,,,ROOF,5,KUL21 ACMV System,Rovisys,0.0,0,81,81,0.0,0,20,20,1,0.0,0,35,35,1,0.0,0,26,26,1,,0,0,0,0,,0,0,0,0,2026-09-12T20:10:25.613305+00:00
2026-09-13,51204,13582093,EDCKUL21BMPMPMC2,equipment,BMP,ELV,,,ROOF,5,KUL21 ACMV System,Rovisys,0.0,0,81,81,0.0,0,20,20,1,0.0,0,35,35,1,0.0,0,26,26,1,,0,0,0,0,,0,0,0,0,2026-09-12T20:10:25.613305+00:00
2026-09-13,51204,13582094,EDCKUL21BMPMPMC3,equipment,BMP,ELV,,,L1 STEEL GANTRY,5,KUL21 ACMV System,Rovisys,0.0,0,81,81,0.0,0,20,20,1,0.0,0,35,35,1,0.0,0,26,26,1,,0,0,0,0,,0,0,0,0,2026-09-12T20:10:25.613305+00:00
2026-09-13,51204,13582095,EDCKUL21BMPMPMC4,equipment,BMP,ELV,,,L1 STEEL GANTRY,5,KUL21 ACMV System,Rovisys,0.0,0,81,81,0.0,0,20,20,1,0.0,0,35,35,1,0.0,0,26,26,1,,0,0,0,0,,0,0,0,0,2026-09-12T20:10:25.613305+00:00
2026-09-13,51204,13723718,EDCKUL21BMPET100,equipment,BMP,ELV,,,ELE RM ET1,5,KUL21 BMS System,Datasite,0.0,0,81,81,0.0,0,20,20,1,0.0,0,35,35,1,0.0,0,26,26,1,,0,0,0,0,,0,0,0,0,2026-09-12T20:10:25.613305+00:00
2026-09-13,51204,13723719,EDCKUL21BMPEA100,equipment,BMP,ELV,,,ELE RM EA,5,KUL21 BMS System,Datasite,0.0,0,81,81,0.0,0,20,20,1,0.0,0,35,35,1,0.0,0,26,26,1,,0,0,0,0,,0,0,0,0,2026-09-12T20:10:25.613305+00:00
2026-09-13,51204,13723720,EDCKUL21BMPEB100,equipment,BMP,ELV,,,ELE RM EB,5,KUL21 BMS System,Datasite,0.0,0,81,81,0.0,0,20,20,1,0.0,0,35,35,1,0.0,0,26,26,1,,0,0,0,0,,0,0,0,0,2026-09-12T20:10:25.613305+00:00
2026-09-13,51204,13723721,EDCKUL21BMPEC100,equipment,BMP,ELV,,,ELE RM EC,5,KUL21 BMS System,Datasite,0.0,0,81,81,0.0,0,20,20,1,0.0,0,35,35,1,0.0,0,26,26,1,,0,0,0,0,,0,0,0,0,2026-09-12T20:10:25.613305+00:00
2026-09-13,51204,13723722,EDCKUL21BMPED100,equipment,BMP,ELV,,,ELE RM ED,5,KUL21 BMS System,Datasite,0.0,0,81,81,0.0,0,20,20,1,0.0,0,35,35,1,0.0,0,26,26,1,,0,0,0,0,,0,0,0,0,2026-09-12T20:10:25.613305+00:00
2026-09-13,51204,13723723,EDCKUL21BMPEE100,equipment,BMP,ELV,,,ELE RM EE,5,KUL21 BMS System,Datasite,0.0,0,81,81,0.0,0,20,20,1,0.0,0,35,35,1,0.0,0,26,26,1,,0,0,0,0,,0,0,0,0,2026-09-12T20:10:25.613305+00:00
2026-09-13,51204,13723724,EDCKUL21BMPEF100,equipment,BMP,ELV,,,ELE RM EF,5,KUL21 BMS System,Datasite,0.0,0,81,81,0.0,0,20,20,1,0.0,0,35,35,1,0.0,0,26,26,1,,0,0,0,0,,0,0,0,0,2026-09-12T20:10:25.613305+00:00
2026-09-13,51204,13723725,EDCKUL21BMPET200,equipment,BMP,ELV,,,ELE RM ET2,5,KUL21 BMS System,Datasite,0.0,0,81,81,0.0,0,20,20,1,0.0,0,35,35,1,0.0,0,26,26,1,,0,0,0,0,,0,0,0,0,2026-09-12T20:10:25.613305+00:00
2026-09-13,51204,13723726,EDCKUL21BMP00108,equipment,BMP,ELV,,,DATA HALL B,5,KUL21 BMS System,Datasite,0.0,0,81,81,0.0,0,20,20,1,0.0,0,35,35,1,0.0,0,26,26,1,,0,0,0,0,,0,0,0,0,2026-09-12T20:10:25.613305+00:00
2026-09-13,51204,13723727,EDCKUL21BMP00109,equipment,BMP,ELV,,,DATA HALL B,5,KUL21 BMS System,Datasite,0.0,0,81,81,0.0,0,20,20,1,0.0,0,35,35,1,0.0,0,26,26,1,,0,0,0,0,,0,0,0,0,2026-09-12T20:10:25.613305+00:00
2026-09-13,51204,13723728,EDCKUL21BMPTCS18,equipment,BMP,ELV,,,MECH 81,5,KUL21 BMS System,Rovisys,0.0,0,81,81,0.0,0,20,20,1,0.0,0,35,35,1,0.0,0,26,26,1,,0,0,0,0,,0,0,0,0,2026-09-12T20:10:25.613305+00:00
2026-09-13,51204,13723729,EDCKUL21BMPTCS28,equipment,BMP,ELV,,,MECH 82,5,KUL21 BMS System,Rovisys,0.0,0,81,81,0.0,0,20,20,1,0.0,0,35,35,1,0.0,0,26,26,1,,0,0,0,0,,0,0,0,0,2026-09-12T20:10:25.613305+00:00
2026-09-13,51204,13723730,EDCKUL21BMPTCS19,equipment,BMP,ELV,,,MECH 91,5,KUL21 BMS System,Rovisys,0.0,0,81,81,0.0,0,20,20,1,0.0,0,35,35,1,0.0,0,26,26,1,,0,0,0,0,,0,0,0,0,2026-09-12T20:10:25.613305+00:00
2026-09-13,51204,13723731,EDCKUL21BMPTCS29,equipment,BMP,ELV,,,MECH 92,5,KUL21 BMS System,Rovisys,0.0,0,81,81,0.0,0,20,20,1,0.0,0,35,35,1,0.0,0,26,26,1,,0,0,0,0,,0,0,0,0,2026-09-12T20:10:25.613305+00:00
2026-09-13,51204,13723732,EDCKUL21MDPET210,equipment,MDP,Electrical,,,PANEL RM L2,5,KUL21 LV System,Promatrix DCS,24.69,20,81,61,100.0,20,20,0,1,0.0,0,35,35,1,0.0,0,26,26,1,,0,0,0,0,,0,0,0,0,2026-09-12T20:10:25.613305+00:00
2026-09-13,51204,13723733,EDCKUL21MDPET310,equipment,MDP,Electrical,,,PANEL RM L2,5,KUL21 LV System,Promatrix DCS,24.69,20,81,61,100.0,20,20,0,1,0.0,0,35,35,1,0.0,0,26,26,1,,0,0,0,0,,0,0,0,0,2026-09-12T20:10:25.613305+00:00
2026-09-13,51204,13723734,EDCKUL21MDPET220,equipment,MDP,Electrical,,,PANEL RM L2,5,KUL21 LV System,Promatrix DCS,24.69,20,81,61,100.0,20,20,0,1,0.0,0,35,35,1,0.0,0,26,26,1,,0,0,0,0,,0,0,0,0,2026-09-12T20:10:25.613305+00:00
2026-09-13,51204,13851814,EDCKUL21PAC01300,equipment,PAC,Fire,,,2F - PRE ACTION ROOM,5,KUL21 Fire Protection System,Promatrix DCS,0.0,0,81,81,0.0,0,20,20,1,0.0,0,35,35,1,0.0,0,26,26,1,,0,0,0,0,,0,0,0,0,2026-09-12T20:10:25.613305+00:00
2026-09-13,51204,13851815,EDCKUL21PAC01400,equipment,PAC,Fire,,,2F - PRE ACTION ROOM,5,KUL21 Fire Protection System,Promatrix DCS,0.0,0,81,81,0.0,0,20,20,1,0.0,0,35,35,1,0.0,0,26,26,1,,0,0,0,0,,0,0,0,0,2026-09-12T20:10:25.613305+00:00
2026-09-13,51204,13851816,EDCKUL21PAS02900,equipment,PAS,Fire,,,2F - PRE ACTION ROOM,5,KUL21 Fire Protection System,Promatrix DCS,0.0,0,81,81,0.0,0,20,20,1,0.0,0,35,35,1,0.0,0,26,26,1,,0,0,0,0,,0,0,0,0,2026-09-12T20:10:25.613305+00:00
2026-09-13,51204,13851817,EDCKUL21PAS03000,equipment,PAS,Fire,,,2F - PRE ACTION ROOM,5,KUL21 Fire Protection System,Promatrix DCS,0.0,0,81,81,0.0,0,20,20,1,0.0,0,35,35,1,0.0,0,26,26,1,,0,0,0,0,,0,0,0,0,2026-09-12T20:10:25.613305+00:00
2026-09-13,51204,13851818,EDCKUL21PAS03100,equipment,PAS,Fire,,,2F - PRE ACTION ROOM,5,KUL21 Fire Protection System,Promatrix DCS,0.0,0,81,81,0.0,0,20,20,1,0.0,0,35,35,1,0.0,0,26,26,1,,0,0,0,0,,0,0,0,0,2026-09-12T20:10:25.613305+00:00
2026-09-13,51204,13851819,EDCKUL21PAS03200,equipment,PAS,Fire,,,2F - PRE ACTION ROOM,5,KUL21 Fire Protection System,Promatrix DCS,0.0,0,81,81,0.0,0,20,20,1,0.0,0,35,35,1,0.0,0,26,26,1,,0,0,0,0,,0,0,0,0,2026-09-12T20:10:25.613305+00:00
2026-09-13,51204,13851820,EDCKUL21PAS03300,equipment,PAS,Fire,,,2F - PRE ACTION ROOM,5,KUL21 Fire Protection System,Promatrix DCS,0.0,0,81,81,0.0,0,20,20,1,0.0,0,35,35,1,0.0,0,26,26,1,,0,0,0,0,,0,0,0,0,2026-09-12T20:10:25.613305+00:00
2026-09-13,51204,13851821,EDCKUL21PAS03400,equipment,PAS,Fire,,,2F - PRE ACTION ROOM,5,KUL21 Fire Protection System,Promatrix DCS,0.0,0,81,81,0.0,0,20,20,1,0.0,0,35,35,1,0.0,0,26,26,1,,0,0,0,0,,0,0,0,0,2026-09-12T20:10:25.613305+00:00
2026-09-13,52047,12442390,EDCKUL21ACS03750,equipment,ACS,Mechanical,,L1,BATT RM DA,4,KUL21 VRF System,Promatrix DCS,0.0,0,81,81,0.0,0,20,20,1,0.0,0,35,35,1,0.0,0,26,26,1,,0,0,0,0,,0,0,0,0,2026-09-12T20:10:25.613305+00:00
2026-09-13,52047,12442391,EDCKUL21ACS03650,equipment,ACS,Mechanical,,L1,BATT RM DA,4,KUL21 VRF System,Promatrix DCS,0.0,0,81,81,0.0,0,20,20,1,0.0,0,35,35,1,0.0,0,26,26,1,,0,0,0,0,,0,0,0,0,2026-09-12T20:10:25.613305+00:00
2026-09-13,52047,12442392,EDCKUL21ACS03760,equipment,ACS,Mechanical,,L1,BATT RM DB,4,KUL21 VRF System,Promatrix DCS,0.0,0,81,81,0.0,0,20,20,1,0.0,0,35,35,1,0.0,0,26,26,1,,0,0,0,0,,0,0,0,0,2026-09-12T20:10:25.613305+00:00
2026-09-13,52047,12442393,EDCKUL21ACS03660,equipment,ACS,Mechanical,,L1,BATT RM DB,4,KUL21 VRF System,Promatrix DCS,0.0,0,81,81,0.0,0,20,20,1,0.0,0,35,35,1,0.0,0,26,26,1,,0,0,0,0,,0,0,0,0,2026-09-12T20:10:25.613305+00:00
2026-09-13,52047,12442394,EDCKUL21ACS03770,equipment,ACS,Mechanical,,L1,BATT RM DC,4,KUL21 VRF System,Promatrix DCS,0.0,0,81,81,0.0,0,20,20,1,0.0,0,35,35,1,0.0,0,26,26,1,,0,0,0,0,,0,0,0,0,2026-09-12T20:10:25.613305+00:00
2026-09-13,52047,12442395,EDCKUL21ACS03670,equipment,ACS,Mechanical,,L1,BATT RM DC,4,KUL21 VRF System,Promatrix DCS,0.0,0,81,81,0.0,0,20,20,1,0.0,0,35,35,1,0.0,0,26,26,1,,0,0,0,0,,0,0,0,0,2026-09-12T20:10:25.613305+00:00
2026-09-13,52047,12442396,EDCKUL21ACS03780,equipment,ACS,Mechanical,,L1,BATT RM DD,4,KUL21 VRF System,Promatrix DCS,0.0,0,81,81,0.0,0,20,20,1,0.0,0,35,35,1,0.0,0,26,26,1,,0,0,0,0,,0,0,0,0,2026-09-12T20:10:25.613305+00:00
2026-09-13,52047,12442397,EDCKUL21ACS03680,equipment,ACS,Mechanical,,L1,BATT RM DD,4,KUL21 VRF System,Promatrix DCS,0.0,0,81,81,0.0,0,20,20,1,0.0,0,35,35,1,0.0,0,26,26,1,,0,0,0,0,,0,0,0,0,2026-09-12T20:10:25.613305+00:00
2026-09-13,52047,12442398,EDCKUL21ACS03790,equipment,ACS,Mechanical,,L1,BATT RM DE,4,KUL21 VRF System,Promatrix DCS,0.0,0,81,81,0.0,0,20,20,1,0.0,0,35,35,1,0.0,0,26,26,1,,0,0,0,0,,0,0,0,0,2026-09-12T20:10:25.613305+00:00
2026-09-13,52047,12442399,EDCKUL21ACS03690,equipment,ACS,Mechanical,,L1,BATT RM DE,4,KUL21 VRF System,Promatrix DCS,0.0,0,81,81,0.0,0,20,20,1,0.0,0,35,35,1,0.0,0,26,26,1,,0,0,0,0,,0,0,0,0,2026-09-12T20:10:25.613305+00:00
2026-09-13,52047,12442400,EDCKUL21ACS037A0,equipment,ACS,Mechanical,,L1,BATT RM DF,4,KUL21 VRF System,Promatrix DCS,0.0,0,81,81,0.0,0,20,20,1,0.0,0,35,35,1,0.0,0,26,26,1,,0,0,0,0,,0,0,0,0,2026-09-12T20:10:25.613305+00:00
2026-09-13,52047,12442401,EDCKUL21ACS036A0,equipment,ACS,Mechanical,,L1,BATT RM DF,4,KUL21 VRF System,Promatrix DCS,0.0,0,81,81,0.0,0,20,20,1,0.0,0,35,35,1,0.0,0,26,26,1,,0,0,0,0,,0,0,0,0,2026-09-12T20:10:25.613305+00:00
2026-09-13,52047,12442402,EDCKUL21ACS037B0,equipment,ACS,Mechanical,,L1,BATT RM DT1,4,KUL21 VRF System,Promatrix DCS,0.0,0,81,81,0.0,0,20,20,1,0.0,0,35,35,1,0.0,0,26,26,1,,0,0,0,0,,0,0,0,0,2026-09-12T20:10:25.613305+00:00
2026-09-13,52047,12442403,EDCKUL21ACS036B0,equipment,ACS,Mechanical,,L1,BATT RM DT1,4,KUL21 VRF System,Promatrix DCS,0.0,0,81,81,0.0,0,20,20,1,0.0,0,35,35,1,0.0,0,26,26,1,,0,0,0,0,,0,0,0,0,2026-09-12T20:10:25.613305+00:00
2026-09-13,52047,12442404,EDCKUL21ACS03740,equipment,ACS,Mechanical,,L1,BATT RM DT2,4,KUL21 VRF System,Promatrix DCS,0.0,0,81,81,0.0,0,20,20,1,0.0,0,35,35,1,0.0,0,26,26,1,,0,0,0,0,,0,0,0,0,2026-09-12T20:10:25.613305+00:00
2026-09-13,52047,12442405,EDCKUL21ACS03640,equipment,ACS,Mechanical,,L1,BATT RM DT2,4,KUL21 VRF System,Promatrix DCS,0.0,0,81,81,0.0,0,20,20,1,0.0,0,35,35,1,0.0,0,26,26,1,,0,0,0,0,,0,0,0,0,2026-09-12T20:10:25.613305+00:00
2026-09-13,52047,12442406,EDCKUL21ACS03450,equipment,ACS,Mechanical,,L1,ECX CORRIDOR,4,KUL21 VRF System,Promatrix DCS,0.0,0,81,81,0.0,0,20,20,1,0.0,0,35,35,1,0.0,0,26,26,1,,0,0,0,0,,0,0,0,0,2026-09-12T20:10:25.613305+00:00
2026-09-13,52047,12442407,EDCKUL21ACS03460,equipment,ACS,Mechanical,,L1,ECX CORRIDOR,4,KUL21 VRF System,Promatrix DCS,0.0,0,81,81,0.0,0,20,20,1,0.0,0,35,35,1,0.0,0,26,26,1,,0,0,0,0,,0,0,0,0,2026-09-12T20:10:25.613305+00:00
2026-09-13,52047,12442408,EDCKUL21ACS03430,equipment,ACS,Mechanical,,L1,ECX CORRIDOR,4,KUL21 VRF System,Promatrix DCS,0.0,0,81,81,0.0,0,20,20,1,0.0,0,35,35,1,0.0,0,26,26,1,,0,0,0,0,,0,0,0,0,2026-09-12T20:10:25.613305+00:00
2026-09-13,52047,12442409,EDCKUL21ACS03420,equipment,ACS,Mechanical,,L1,ECX CORRIDOR,4,KUL21 VRF System,Promatrix DCS,0.0,0,81,81,0.0,0,20,20,1,0.0,0,35,35,1,0.0,0,26,26,1,,0,0,0,0,,0,0,0,0,2026-09-12T20:10:25.613305+00:00
2026-09-13,52047,12442410,EDCKUL21ACS03510,equipment,ACS,Mechanical,,L1,ECX CORRIDOR,4,KUL21 VRF System,Promatrix DCS,0.0,0,81,81,0.0,0,20,20,1,0.0,0,35,35,1,0.0,0,26,26,1,,0,0,0,0,,0,0,0,0,2026-09-12T20:10:25.613305+00:00
2026-09-13,52047,12442411,EDCKUL21ACS03520,equipment,ACS,Mechanical,,L1,ECX CORRIDOR,4,KUL21 VRF System,Promatrix DCS,0.0,0,81,81,0.0,0,20,20,1,0.0,0,35,35,1,0.0,0,26,26,1,,0,0,0,0,,0,0,0,0,2026-09-12T20:10:25.613305+00:00
2026-09-13,52047,12442412,EDCKUL21ACS03550,equipment,ACS,Mechanical,,L1,ECX CORRIDOR,4,KUL21 VRF System,Promatrix DCS,0.0,0,81,81,0.0,0,20,20,1,0.0,0,35,35,1,0.0,0,26,26,1,,0,0,0,0,,0,0,0,0,2026-09-12T20:10:25.613305+00:00
2026-09-13,52047,12442413,EDCKUL21ACS03560,equipment,ACS,Mechanical,,L1,ECX CORRIDOR,4,KUL21 VRF System,Promatrix DCS,0.0,0,81,81,0.0,0,20,20,1,0.0,0,35,35,1,0.0,0,26,26,1,,0,0,0,0,,0,0,0,0,2026-09-12T20:10:25.613305+00:00
2026-09-13,52047,12442414,EDCKUL21ACS03410,equipment,ACS,Mechanical,,L1,ECX CORRIDOR,4,KUL21 VRF System,Promatrix DCS,0.0,0,81,81,0.0,0,20,20,1,0.0,0,35,35,1,0.0,0,26,26,1,,0,0,0,0,,0,0,0,0,2026-09-12T20:10:25.613305+00:00
2026-09-13,52047,12442415,EDCKUL21ACS035A0,equipment,ACS,Mechanical,,L1,ECX STORAGE,4,KUL21 VRF System,Promatrix DCS,0.0,0,81,81,0.0,0,20,20,1,0.0,0,35,35,1,0.0,0,26,26,1,,0,0,0,0,,0,0,0,0,2026-09-12T20:10:25.613305+00:00
2026-09-13,52047,12442416,EDCKUL21ACS03590,equipment,ACS,Mechanical,,L1,ECX STORAGE,4,KUL21 VRF System,Promatrix DCS,0.0,0,81,81,0.0,0,20,20,1,0.0,0,35,35,1,0.0,0,26,26,1,,0,0,0,0,,0,0,0,0,2026-09-12T20:10:25.613305+00:00
2026-09-13,52047,12442417,EDCKUL21ACS03480,equipment,ACS,Mechanical,,L1,EU CORRIDOR,4,KUL21 VRF System,Promatrix DCS,0.0,0,81,81,0.0,0,20,20,1,0.0,0,35,35,1,0.0,0,26,26,1,,0,0,0,0,,0,0,0,0,2026-09-12T20:10:25.613305+00:00
2026-09-13,52047,12442418,EDCKUL21ACS03470,equipment,ACS,Mechanical,,L1,EU CORRIDOR,4,KUL21 VRF System,Promatrix DCS,0.0,0,81,81,0.0,0,20,20,1,0.0,0,35,35,1,0.0,0,26,26,1,,0,0,0,0,,0,0,0,0,2026-09-12T20:10:25.613305+00:00
2026-09-13,52047,12442419,EDCKUL21ACS03570,equipment,ACS,Mechanical,,L1,EU CORRIDOR,4,KUL21 VRF System,Promatrix DCS,0.0,0,81,81,0.0,0,20,20,1,0.0,0,35,35,1,0.0,0,26,26,1,,0,0,0,0,,0,0,0,0,2026-09-12T20:10:25.613305+00:00
2026-09-13,52047,12442420,EDCKUL21ACS03540,equipment,ACS,Mechanical,,L1,EU CORRIDOR,4,KUL21 VRF System,Promatrix DCS,0.0,0,81,81,0.0,0,20,20,1,0.0,0,35,35,1,0.0,0,26,26,1,,0,0,0,0,,0,0,0,0,2026-09-12T20:10:25.613305+00:00
2026-09-13,52047,12442421,EDCKUL21ACS03440,equipment,ACS,Mechanical,,L1,EU CORRIDOR,4,KUL21 VRF System,Promatrix DCS,0.0,0,81,81,0.0,0,20,20,1,0.0,0,35,35,1,0.0,0,26,26,1,,0,0,0,0,,0,0,0,0,2026-09-12T20:10:25.613305+00:00
2026-09-13,52047,12442422,EDCKUL21ACS03530,equipment,ACS,Mechanical,,L1,EU CORRIDOR,4,KUL21 VRF System,Promatrix DCS,0.0,0,81,81,0.0,0,20,20,1,0.0,0,35,35,1,0.0,0,26,26,1,,0,0,0,0,,0,0,0,0,2026-09-12T20:10:25.613305+00:00
2026-09-13,52047,12442423,EDCKUL21ACS03710,equipment,ACS,Mechanical,,L1,ITR/SER 3,4,KUL21 VRF System,Promatrix DCS,0.0,0,81,81,0.0,0,20,20,1,0.0,0,35,35,1,0.0,0,26,26,1,,0,0,0,0,,0,0,0,0,2026-09-12T20:10:25.613305+00:00
2026-09-13,52047,12442424,EDCKUL21ACS03610,equipment,ACS,Mechanical,,L1,ITR/SER 3,4,KUL21 VRF System,Promatrix DCS,0.0,0,81,81,0.0,0,20,20,1,0.0,0,35,35,1,0.0,0,26,26,1,,0,0,0,0,,0,0,0,0,2026-09-12T20:10:25.613305+00:00
2026-09-13,52047,12442425,EDCKUL21ACS03720,equipment,ACS,Mechanical,,L1,ITR/SER 4,4,KUL21 VRF System,Promatrix DCS,0.0,0,81,81,0.0,0,20,20,1,0.0,0,35,35,1,0.0,0,26,26,1,,0,0,0,0,,0,0,0,0,2026-09-12T20:10:25.613305+00:00
2026-09-13,52047,12442426,EDCKUL21ACS03620,equipment,ACS,Mechanical,,L1,ITR/SER 4,4,KUL21 VRF System,Promatrix DCS,0.0,0,81,81,0.0,0,20,20,1,0.0,0,35,35,1,0.0,0,26,26,1,,0,0,0,0,,0,0,0,0,2026-09-12T20:10:25.613305+00:00
2026-09-13,52047,12442427,EDCKUL21ACS03730,equipment,ACS,Mechanical,,L1,ITR/SER 5,4,KUL21 VRF System,Promatrix DCS,0.0,0,81,81,0.0,0,20,20,1,0.0,0,35,35,1,0.0,0,26,26,1,,0,0,0,0,,0,0,0,0,2026-09-12T20:10:25.613305+00:00
2026-09-13,52047,12442428,EDCKUL21ACS03630,equipment,ACS,Mechanical,,L1,ITR/SER 5,4,KUL21 VRF System,Promatrix DCS,0.0,0,81,81,0.0,0,20,20,1,0.0,0,35,35,1,0.0,0,26,26,1,,0,0,0,0,,0,0,0,0,2026-09-12T20:10:25.613305+00:00
2026-09-13,52047,12442429,EDCKUL21ACS03490,equipment,ACS,Mechanical,,L1,LTC ROOM,4,KUL21 VRF System,Promatrix DCS,0.0,0,81,81,0.0,0,20,20,1,0.0,0,35,35,1,0.0,0,26,26,1,,0,0,0,0,,0,0,0,0,2026-09-12T20:10:25.613305+00:00
2026-09-13,52047,12442430,EDCKUL21ACS03580,equipment,ACS,Mechanical,,L1,LTC ROOM,4,KUL21 VRF System,Promatrix DCS,0.0,0,81,81,0.0,0,20,20,1,0.0,0,35,35,1,0.0,0,26,26,1,,0,0,0,0,,0,0,0,0,2026-09-12T20:10:25.613305+00:00
2026-09-13,52047,12442431,EDCKUL21ACS034A0,equipment,ACS,Mechanical,,L1,PANEL RM L1,4,KUL21 VRF System,Promatrix DCS,0.0,0,81,81,0.0,0,20,20,1,0.0,0,35,35,1,0.0,0,26,26,1,,0,0,0,0,,0,0,0,0,2026-09-12T20:10:25.613305+00:00
2026-09-13,52047,12442432,EDCKUL21VRF03400,equipment,VRF,Mechanical,,RF,ROOF,4,KUL21 VRF System,Promatrix DCS,0.0,0,81,81,0.0,0,20,20,1,0.0,0,35,35,1,0.0,0,26,26,1,,0,0,0,0,,0,0,0,0,2026-09-12T20:10:25.613305+00:00
2026-09-13,52047,12442433,EDCKUL21VRF03500,equipment,VRF,Mechanical,,RF,ROOF,4,KUL21 VRF System,Promatrix DCS,0.0,0,81,81,0.0,0,20,20,1,0.0,0,35,35,1,0.0,0,26,26,1,,0,0,0,0,,0,0,0,0,2026-09-12T20:10:25.613305+00:00
2026-09-13,52047,12442434,EDCKUL21VRF03600,equipment,VRF,Mechanical,,RF,ROOF,4,KUL21 VRF System,Promatrix DCS,0.0,0,81,81,0.0,0,20,20,1,0.0,0,35,35,1,0.0,0,26,26,1,,0,0,0,0,,0,0,0,0,2026-09-12T20:10:25.613305+00:00
2026-09-13,52047,12442435,EDCKUL21VRF03700,equipment,VRF,Mechanical,,RF,ROOF,4,KUL21 VRF System,Promatrix DCS,0.0,0,81,81,0.0,0,20,20,1,0.0,0,35,35,1,0.0,0,26,26,1,,0,0,0,0,,0,0,0,0,2026-09-12T20:10:25.613305+00:00
2026-09-13,52047,12442440,EDCKUL21CDUB0105,equipment,CDU,Mechanical,,L1,MECH 51,4,KUL21 TCS System,Vertiv,0.0,0,81,81,0.0,0,20,20,1,0.0,0,35,35,1,0.0,0,26,26,1,,0,0,0,0,,0,0,0,0,2026-09-12T20:10:25.613305+00:00
2026-09-13,52047,12442441,EDCKUL21CDUB0205,equipment,CDU,Mechanical,,L1,MECH 51,4,KUL21 TCS System,Vertiv,0.0,0,81,81,0.0,0,20,20,1,0.0,0,35,35,1,0.0,0,26,26,1,,0,0,0,0,,0,0,0,0,2026-09-12T20:10:25.613305+00:00
2026-09-13,52047,12442442,EDCKUL21CDUB0305,equipment,CDU,Mechanical,,L1,MECH 51,4,KUL21 TCS System,Vertiv,0.0,0,81,81,0.0,0,20,20,1,0.0,0,35,35,1,0.0,0,26,26,1,,0,0,0,0,,0,0,0,0,2026-09-12T20:10:25.613305+00:00
2026-09-13,52047,12442443,EDCKUL21CDUB0405,equipment,CDU,Mechanical,,L1,MECH 52,4,KUL21 TCS System,Vertiv,0.0,0,81,81,0.0,0,20,20,1,0.0,0,35,35,1,0.0,0,26,26,1,,0,0,0,0,,0,0,0,0,2026-09-12T20:10:25.613305+00:00
2026-09-13,52047,12442444,EDCKUL21CDUB0505,equipment,CDU,Mechanical,,L1,MECH 52,4,KUL21 TCS System,Vertiv,0.0,0,81,81,0.0,0,20,20,1,0.0,0,35,35,1,0.0,0,26,26,1,,0,0,0,0,,0,0,0,0,2026-09-12T20:10:25.613305+00:00
2026-09-13,52047,12442445,EDCKUL21CDUB0605,equipment,CDU,Mechanical,,L1,MECH 52,4,KUL21 TCS System,Vertiv,0.0,0,81,81,0.0,0,20,20,1,0.0,0,35,35,1,0.0,0,26,26,1,,0,0,0,0,,0,0,0,0,2026-09-12T20:10:25.613305+00:00
2026-09-13,52047,12442446,EDCKUL21CDUB0106,equipment,CDU,Mechanical,,L1,MECH 61,4,KUL21 TCS System,Vertiv,0.0,0,81,81,0.0,0,20,20,1,0.0,0,35,35,1,0.0,0,26,26,1,,0,0,0,0,,0,0,0,0,2026-09-12T20:10:25.613305+00:00
2026-09-13,52047,12442447,EDCKUL21CDUB0206,equipment,CDU,Mechanical,,L1,MECH 61,4,KUL21 TCS System,Vertiv,0.0,0,81,81,0.0,0,20,20,1,0.0,0,35,35,1,0.0,0,26,26,1,,0,0,0,0,,0,0,0,0,2026-09-12T20:10:25.613305+00:00
2026-09-13,52047,12442448,EDCKUL21CDUB0306,equipment,CDU,Mechanical,,L1,MECH 61,4,KUL21 TCS System,Vertiv,0.0,0,81,81,0.0,0,20,20,1,0.0,0,35,35,1,0.0,0,26,26,1,,0,0,0,0,,0,0,0,0,2026-09-12T20:10:25.613305+00:00
2026-09-13,52047,12442449,EDCKUL21CDUB0406,equipment,CDU,Mechanical,,L1,MECH 62,4,KUL21 TCS System,Vertiv,0.0,0,81,81,0.0,0,20,20,1,0.0,0,35,35,1,0.0,0,26,26,1,,0,0,0,0,,0,0,0,0,2026-09-12T20:10:25.613305+00:00
2026-09-13,52047,12442450,EDCKUL21CDUB0506,equipment,CDU,Mechanical,,L1,MECH 62,4,KUL21 TCS System,Vertiv,0.0,0,81,81,0.0,0,20,20,1,0.0,0,35,35,1,0.0,0,26,26,1,,0,0,0,0,,0,0,0,0,2026-09-12T20:10:25.613305+00:00
2026-09-13,52047,12442451,EDCKUL21CDUB0606,equipment,CDU,Mechanical,,L1,MECH 62,4,KUL21 TCS System,Vertiv,0.0,0,81,81,0.0,0,20,20,1,0.0,0,35,35,1,0.0,0,26,26,1,,0,0,0,0,,0,0,0,0,2026-09-12T20:10:25.613305+00:00
2026-09-13,52047,12442452,EDCKUL21AISB0105,equipment,AIS,Mechanical,,L1,MECH 51,4,KUL21 TCS System,Promatrix DCS,0.0,0,81,81,0.0,0,20,20,1,0.0,0,35,35,1,0.0,0,26,26,1,,0,0,0,0,,0,0,0,0,2026-09-12T20:10:25.613305+00:00
2026-09-13,52047,12442453,EDCKUL21AISB0205,equipment,AIS,Mechanical,,L1,MECH 52,4,KUL21 TCS System,Promatrix DCS,0.0,0,81,81,0.0,0,20,20,1,0.0,0,35,35,1,0.0,0,26,26,1,,0,0,0,0,,0,0,0,0,2026-09-12T20:10:25.613305+00:00
2026-09-13,52047,12442454,EDCKUL21AISB0106,equipment,AIS,Mechanical,,L1,MECH 61,4,KUL21 TCS System,Promatrix DCS,0.0,0,81,81,0.0,0,20,20,1,0.0,0,35,35,1,0.0,0,26,26,1,,0,0,0,0,,0,0,0,0,2026-09-12T20:10:25.613305+00:00
2026-09-13,52047,12442455,EDCKUL21AISB0206,equipment,AIS,Mechanical,,L1,MECH 62,4,KUL21 TCS System,Promatrix DCS,0.0,0,81,81,0.0,0,20,20,1,0.0,0,35,35,1,0.0,0,26,26,1,,0,0,0,0,,0,0,0,0,2026-09-12T20:10:25.613305+00:00
2026-09-13,52047,12442456,EDCKUL21TESB0105,equipment,TES,Mechanical,,L1,MECH 51,4,KUL21 TCS System,Promatrix DCS,0.0,0,81,81,0.0,0,20,20,1,0.0,0,35,35,1,0.0,0,26,26,1,,0,0,0,0,,0,0,0,0,2026-09-12T20:10:25.613305+00:00
2026-09-13,52047,12442457,EDCKUL21TESB0205,equipment,TES,Mechanical,,L1,MECH 51,4,KUL21 TCS System,Promatrix DCS,0.0,0,81,81,0.0,0,20,20,1,0.0,0,35,35,1,0.0,0,26,26,1,,0,0,0,0,,0,0,0,0,2026-09-12T20:10:25.613305+00:00
2026-09-13,52047,12442458,EDCKUL21TESB0305,equipment,TES,Mechanical,,L1,MECH 51,4,KUL21 TCS System,Promatrix DCS,0.0,0,81,81,0.0,0,20,20,1,0.0,0,35,35,1,0.0,0,26,26,1,,0,0,0,0,,0,0,0,0,2026-09-12T20:10:25.613305+00:00
2026-09-13,52047,12442459,EDCKUL21TESB0405,equipment,TES,Mechanical,,L1,MECH 52,4,KUL21 TCS System,Promatrix DCS,0.0,0,81,81,0.0,0,20,20,1,0.0,0,35,35,1,0.0,0,26,26,1,,0,0,0,0,,0,0,0,0,2026-09-12T20:10:25.613305+00:00
2026-09-13,52047,12442460,EDCKUL21TESB0505,equipment,TES,Mechanical,,L1,MECH 52,4,KUL21 TCS System,Promatrix DCS,0.0,0,81,81,0.0,0,20,20,1,0.0,0,35,35,1,0.0,0,26,26,1,,0,0,0,0,,0,0,0,0,2026-09-12T20:10:25.613305+00:00
2026-09-13,52047,12442461,EDCKUL21TESB0605,equipment,TES,Mechanical,,L1,MECH 52,4,KUL21 TCS System,Promatrix DCS,0.0,0,81,81,0.0,0,20,20,1,0.0,0,35,35,1,0.0,0,26,26,1,,0,0,0,0,,0,0,0,0,2026-09-12T20:10:25.613305+00:00
2026-09-13,52047,12442462,EDCKUL21TESB0106,equipment,TES,Mechanical,,L1,MECH 61,4,KUL21 TCS System,Promatrix DCS,0.0,0,81,81,0.0,0,20,20,1,0.0,0,35,35,1,0.0,0,26,26,1,,0,0,0,0,,0,0,0,0,2026-09-12T20:10:25.613305+00:00
2026-09-13,52047,12442463,EDCKUL21TESB0206,equipment,TES,Mechanical,,L1,MECH 61,4,KUL21 TCS System,Promatrix DCS,0.0,0,81,81,0.0,0,20,20,1,0.0,0,35,35,1,0.0,0,26,26,1,,0,0,0,0,,0,0,0,0,2026-09-12T20:10:25.613305+00:00
2026-09-13,52047,12442464,EDCKUL21TESB0306,equipment,TES,Mechanical,,L1,MECH 61,4,KUL21 TCS System,Promatrix DCS,0.0,0,81,81,0.0,0,20,20,1,0.0,0,35,35,1,0.0,0,26,26,1,,0,0,0,0,,0,0,0,0,2026-09-12T20:10:25.613305+00:00
2026-09-13,52047,12442465,EDCKUL21TESB0406,equipment,TES,Mechanical,,L1,MECH 62,4,KUL21 TCS System,Promatrix DCS,0.0,0,81,81,0.0,0,20,20,1,0.0,0,35,35,1,0.0,0,26,26,1,,0,0,0,0,,0,0,0,0,2026-09-12T20:10:25.613305+00:00
2026-09-13,52047,12442466,EDCKUL21TESB0506,equipment,TES,Mechanical,,L1,MECH 62,4,KUL21 TCS System,Promatrix DCS,0.0,0,81,81,0.0,0,20,20,1,0.0,0,35,35,1,0.0,0,26,26,1,,0,0,0,0,,0,0,0,0,2026-09-12T20:10:25.613305+00:00
2026-09-13,52047,12442467,EDCKUL21TESB0606,equipment,TES,Mechanical,,L1,MECH 62,4,KUL21 TCS System,Promatrix DCS,0.0,0,81,81,0.0,0,20,20,1,0.0,0,35,35,1,0.0,0,26,26,1,,0,0,0,0,,0,0,0,0,2026-09-12T20:10:25.613305+00:00
2026-09-13,52047,12442468,EDCKUL21CTSB0105,equipment,CTS,Mechanical,,L1,MECH 51,4,KUL21 TCS System,Promatrix DCS,0.0,0,81,81,0.0,0,20,20,1,0.0,0,35,35,1,0.0,0,26,26,1,,0,0,0,0,,0,0,0,0,2026-09-12T20:10:25.613305+00:00
2026-09-13,52047,12442469,EDCKUL21CTSB0205,equipment,CTS,Mechanical,,L1,MECH 52,4,KUL21 TCS System,Promatrix DCS,0.0,0,81,81,0.0,0,20,20,1,0.0,0,35,35,1,0.0,0,26,26,1,,0,0,0,0,,0,0,0,0,2026-09-12T20:10:25.613305+00:00
2026-09-13,52047,12442470,EDCKUL21CTSB0106,equipment,CTS,Mechanical,,L1,MECH 61,4,KUL21 TCS System,Promatrix DCS,0.0,0,81,81,0.0,0,20,20,1,0.0,0,35,35,1,0.0,0,26,26,1,,0,0,0,0,,0,0,0,0,2026-09-12T20:10:25.613305+00:00
2026-09-13,52047,12442471,EDCKUL21CTSB0206,equipment,CTS,Mechanical,,L1,MECH 62,4,KUL21 TCS System,Promatrix DCS,0.0,0,81,81,0.0,0,20,20,1,0.0,0,35,35,1,0.0,0,26,26,1,,0,0,0,0,,0,0,0,0,2026-09-12T20:10:25.613305+00:00
2026-09-13,52047,12442472,EDCKUL21MUPB0105,equipment,MUP,Mechanical,,L1,MECH 51,4,KUL21 TCS System,Promatrix DCS,0.0,0,81,81,0.0,0,20,20,1,0.0,0,35,35,1,0.0,0,26,26,1,,0,0,0,0,,0,0,0,0,2026-09-12T20:10:25.613305+00:00
2026-09-13,52047,12442473,EDCKUL21MUPB0205,equipment,MUP,Mechanical,,L1,MECH 52,4,KUL21 TCS System,Promatrix DCS,0.0,0,81,81,0.0,0,20,20,1,0.0,0,35,35,1,0.0,0,26,26,1,,0,0,0,0,,0,0,0,0,2026-09-12T20:10:25.613305+00:00
2026-09-13,52047,12442474,EDCKUL21MUPB0106,equipment,MUP,Mechanical,,L1,MECH 61,4,KUL21 TCS System,Promatrix DCS,0.0,0,81,81,0.0,0,20,20,1,0.0,0,35,35,1,0.0,0,26,26,1,,0,0,0,0,,0,0,0,0,2026-09-12T20:10:25.613305+00:00
2026-09-13,52047,12442475,EDCKUL21MUPB0206,equipment,MUP,Mechanical,,L1,MECH 62,4,KUL21 TCS System,Promatrix DCS,0.0,0,81,81,0.0,0,20,20,1,0.0,0,35,35,1,0.0,0,26,26,1,,0,0,0,0,,0,0,0,0,2026-09-12T20:10:25.613305+00:00
2026-09-13,52047,12442476,EDCKUL21EXPB0105,equipment,EXP,Mechanical,,L1,MECH 51,4,KUL21 TCS System,Promatrix DCS,0.0,0,81,81,0.0,0,20,20,1,0.0,0,35,35,1,0.0,0,26,26,1,,0,0,0,0,,0,0,0,0,2026-09-12T20:10:25.613305+00:00
2026-09-13,52047,12442477,EDCKUL21EXPB0205,equipment,EXP,Mechanical,,L1,MECH 52,4,KUL21 TCS System,Promatrix DCS,0.0,0,81,81,0.0,0,20,20,1,0.0,0,35,35,1,0.0,0,26,26,1,,0,0,0,0,,0,0,0,0,2026-09-12T20:10:25.613305+00:00
2026-09-13,52047,12442478,EDCKUL21EXPB0106,equipment,EXP,Mechanical,,L1,MECH 61,4,KUL21 TCS System,Promatrix DCS,0.0,0,81,81,0.0,0,20,20,1,0.0,0,35,35,1,0.0,0,26,26,1,,0,0,0,0,,0,0,0,0,2026-09-12T20:10:25.613305+00:00
2026-09-13,52047,12442479,EDCKUL21EXPB0206,equipment,EXP,Mechanical,,L1,MECH 62,4,KUL21 TCS System,Promatrix DCS,0.0,0,81,81,0.0,0,20,20,1,0.0,0,35,35,1,0.0,0,26,26,1,,0,0,0,0,,0,0,0,0,2026-09-12T20:10:25.613305+00:00
2026-09-13,52047,12442480,EDCKUL21CRAB1700,equipment,CRA,Mechanical,,L1,ELE RM DT1,4,KUL21 CHW System,Stulz,24.69,20,81,61,100.0,20,20,0,1,0.0,0,35,35,1,0.0,0,26,26,1,,0,0,0,0,,0,0,0,0,2026-09-12T20:10:25.613305+00:00
2026-09-13,52047,12442481,EDCKUL21CRAB1800,equipment,CRA,Mechanical,,L1,ELE RM DT1,4,KUL21 CHW System,Stulz,24.69,20,81,61,100.0,20,20,0,1,0.0,0,35,35,1,0.0,0,26,26,1,,0,0,0,0,,0,0,0,0,2026-09-12T20:10:25.613305+00:00
2026-09-13,52047,12442482,EDCKUL21CRAB1900,equipment,CRA,Mechanical,,L1,ELE RM DA,4,KUL21 CHW System,Stulz,24.69,20,81,61,100.0,20,20,0,1,0.0,0,35,35,1,0.0,0,26,26,1,,0,0,0,0,,0,0,0,0,2026-09-12T20:10:25.613305+00:00
2026-09-13,52047,12442483,EDCKUL21CRAB2000,equipment,CRA,Mechanical,,L1,ELE RM DA,4,KUL21 CHW System,Stulz,24.69,20,81,61,100.0,20,20,0,1,0.0,0,35,35,1,0.0,0,26,26,1,,0,0,0,0,,0,0,0,0,2026-09-12T20:10:25.613305+00:00
2026-09-13,52047,12442484,EDCKUL21CRAB2100,equipment,CRA,Mechanical,,L1,ELE RM DB,4,KUL21 CHW System,Stulz,24.69,20,81,61,100.0,20,20,0,1,0.0,0,35,35,1,0.0,0,26,26,1,,0,0,0,0,,0,0,0,0,2026-09-12T20:10:25.613305+00:00
2026-09-13,52047,12442485,EDCKUL21CRAB2200,equipment,CRA,Mechanical,,L1,ELE RM DB,4,KUL21 CHW System,Stulz,24.69,20,81,61,100.0,20,20,0,1,0.0,0,35,35,1,0.0,0,26,26,1,,0,0,0,0,,0,0,0,0,2026-09-12T20:10:25.613305+00:00
2026-09-13,52047,12442486,EDCKUL21CRAB3100,equipment,CRA,Mechanical,,L1,ELE RM DD,4,KUL21 CHW System,Stulz,24.69,20,81,61,100.0,20,20,0,1,0.0,0,35,35,1,0.0,0,26,26,1,,0,0,0,0,,0,0,0,0,2026-09-12T20:10:25.613305+00:00
2026-09-13,52047,12442487,EDCKUL21CRAB3200,equipment,CRA,Mechanical,,L1,ELE RM DD,4,KUL21 CHW System,Stulz,24.69,20,81,61,100.0,20,20,0,1,0.0,0,35,35,1,0.0,0,26,26,1,,0,0,0,0,,0,0,0,0,2026-09-12T20:10:25.613305+00:00
2026-09-13,52047,12442488,EDCKUL21CRAB2700,equipment,CRA,Mechanical,,L1,ELE RM DF,4,KUL21 CHW System,Stulz,24.69,20,81,61,100.0,20,20,0,1,0.0,0,35,35,1,0.0,0,26,26,1,,0,0,0,0,,0,0,0,0,2026-09-12T20:10:25.613305+00:00
2026-09-13,52047,12442489,EDCKUL21CRAB2800,equipment,CRA,Mechanical,,L1,ELE RM DF,4,KUL21 CHW System,Stulz,24.69,20,81,61,100.0,20,20,0,1,0.0,0,35,35,1,0.0,0,26,26,1,,0,0,0,0,,0,0,0,0,2026-09-12T20:10:25.613305+00:00
2026-09-13,52047,12442490,EDCKUL21CRAB2500,equipment,CRA,Mechanical,,L1,ELE RM DT2,4,KUL21 CHW System,Stulz,24.69,20,81,61,100.0,20,20,0,1,0.0,0,35,35,1,0.0,0,26,26,1,,0,0,0,0,,0,0,0,0,2026-09-12T20:10:25.613305+00:00
2026-09-13,52047,12442491,EDCKUL21CRAB2600,equipment,CRA,Mechanical,,L1,ELE RM DT2,4,KUL21 CHW System,Stulz,24.69,20,81,61,100.0,20,20,0,1,0.0,0,35,35,1,0.0,0,26,26,1,,0,0,0,0,,0,0,0,0,2026-09-12T20:10:25.613305+00:00
2026-09-13,52047,12442492,EDCKUL21CRAB2900,equipment,CRA,Mechanical,,L1,ELE RM DE,4,KUL21 CHW System,Stulz,24.69,20,81,61,100.0,20,20,0,1,0.0,0,35,35,1,0.0,0,26,26,1,,0,0,0,0,,0,0,0,0,2026-09-12T20:10:25.613305+00:00
2026-09-13,52047,12442493,EDCKUL21CRAB3000,equipment,CRA,Mechanical,,L1,ELE RM DE,4,KUL21 CHW System,Stulz,24.69,20,81,61,100.0,20,20,0,1,0.0,0,35,35,1,0.0,0,26,26,1,,0,0,0,0,,0,0,0,0,2026-09-12T20:10:25.613305+00:00
2026-09-13,52047,12442494,EDCKUL21CRAB2300,equipment,CRA,Mechanical,,L1,ELE RM DC,4,KUL21 CHW System,Stulz,24.69,20,81,61,100.0,20,20,0,1,0.0,0,35,35,1,0.0,0,26,26,1,,0,0,0,0,,0,0,0,0,2026-09-12T20:10:25.613305+00:00
2026-09-13,52047,12442495,EDCKUL21CRAB2400,equipment,CRA,Mechanical,,L1,ELE RM DC,4,KUL21 CHW System,Stulz,24.69,20,81,61,100.0,20,20,0,1,0.0,0,35,35,1,0.0,0,26,26,1,,0,0,0,0,,0,0,0,0,2026-09-12T20:10:25.613305+00:00
2026-09-13,52047,12442496,EDCKUL21CRAB0105,equipment,FWU,Mechanical,,L1,MECH 51,4,KUL21 CHW System,Stulz,24.69,20,81,61,100.0,20,20,0,1,0.0,0,35,35,1,0.0,0,26,26,1,,0,0,0,0,,0,0,0,0,2026-09-12T20:10:25.613305+00:00
2026-09-13,52047,12442497,EDCKUL21CRAB0205,equipment,FWU,Mechanical,,L1,MECH 51,4,KUL21 CHW System,Stulz,24.69,20,81,61,100.0,20,20,0,1,0.0,0,35,35,1,0.0,0,26,26,1,,0,0,0,0,,0,0,0,0,2026-09-12T20:10:25.613305+00:00
2026-09-13,52047,12442498,EDCKUL21CRAB0305,equipment,FWU,Mechanical,,L1,MECH 51,4,KUL21 CHW System,Stulz,24.69,20,81,61,100.0,20,20,0,1,0.0,0,35,35,1,0.0,0,26,26,1,,0,0,0,0,,0,0,0,0,2026-09-12T20:10:25.613305+00:00
2026-09-13,52047,12442499,EDCKUL21CRAB0405,equipment,FWU,Mechanical,,L1,MECH 51,4,KUL21 CHW System,Stulz,24.69,20,81,61,100.0,20,20,0,1,0.0,0,35,35,1,0.0,0,26,26,1,,0,0,0,0,,0,0,0,0,2026-09-12T20:10:25.613305+00:00
2026-09-13,52047,12442500,EDCKUL21CRAB0805,equipment,FWU,Mechanical,,L1,MECH 52,4,KUL21 CHW System,Stulz,24.69,20,81,61,100.0,20,20,0,1,0.0,0,35,35,1,0.0,0,26,26,1,,0,0,0,0,,0,0,0,0,2026-09-12T20:10:25.613305+00:00
2026-09-13,52047,12442501,EDCKUL21CRAB0705,equipment,FWU,Mechanical,,L1,MECH 52,4,KUL21 CHW System,Stulz,24.69,20,81,61,100.0,20,20,0,1,0.0,0,35,35,1,0.0,0,26,26,1,,0,0,0,0,,0,0,0,0,2026-09-12T20:10:25.613305+00:00
2026-09-13,52047,12442502,EDCKUL21CRAB0605,equipment,FWU,Mechanical,,L1,MECH 52,4,KUL21 CHW System,Stulz,24.69,20,81,61,100.0,20,20,0,1,0.0,0,35,35,1,0.0,0,26,26,1,,0,0,0,0,,0,0,0,0,2026-09-12T20:10:25.613305+00:00
2026-09-13,52047,12442503,EDCKUL21CRAB0505,equipment,FWU,Mechanical,,L1,MECH 52,4,KUL21 CHW System,Stulz,24.69,20,81,61,100.0,20,20,0,1,0.0,0,35,35,1,0.0,0,26,26,1,,0,0,0,0,,0,0,0,0,2026-09-12T20:10:25.613305+00:00
2026-09-13,52047,12442504,EDCKUL21CRAB0106,equipment,FWU,Mechanical,,L1,MECH 61,4,KUL21 CHW System,Stulz,24.69,20,81,61,100.0,20,20,0,1,0.0,0,35,35,1,0.0,0,26,26,1,,0,0,0,0,,0,0,0,0,2026-09-12T20:10:25.613305+00:00
2026-09-13,52047,12442505,EDCKUL21CRAB0206,equipment,FWU,Mechanical,,L1,MECH 61,4,KUL21 CHW System,Stulz,24.69,20,81,61,100.0,20,20,0,1,0.0,0,35,35,1,0.0,0,26,26,1,,0,0,0,0,,0,0,0,0,2026-09-12T20:10:25.613305+00:00
2026-09-13,52047,12442506,EDCKUL21CRAB0306,equipment,FWU,Mechanical,,L1,MECH 61,4,KUL21 CHW System,Stulz,24.69,20,81,61,100.0,20,20,0,1,0.0,0,35,35,1,0.0,0,26,26,1,,0,0,0,0,,0,0,0,0,2026-09-12T20:10:25.613305+00:00
2026-09-13,52047,12442507,EDCKUL21CRAB0406,equipment,FWU,Mechanical,,L1,MECH 61,4,KUL21 CHW System,Stulz,24.69,20,81,61,100.0,20,20,0,1,0.0,0,35,35,1,0.0,0,26,26,1,,0,0,0,0,,0,0,0,0,2026-09-12T20:10:25.613305+00:00
2026-09-13,52047,12442508,EDCKUL21CRAB0806,equipment,FWU,Mechanical,,L1,MECH 62,4,KUL21 CHW System,Stulz,24.69,20,81,61,100.0,20,20,0,1,0.0,0,35,35,1,0.0,0,26,26,1,,0,0,0,0,,0,0,0,0,2026-09-12T20:10:25.613305+00:00
2026-09-13,52047,12442509,EDCKUL21CRAB0706,equipment,FWU,Mechanical,,L1,MECH 62,4,KUL21 CHW System,Stulz,24.69,20,81,61,100.0,20,20,0,1,0.0,0,35,35,1,0.0,0,26,26,1,,0,0,0,0,,0,0,0,0,2026-09-12T20:10:25.613305+00:00
2026-09-13,52047,12442510,EDCKUL21CRAB0606,equipment,FWU,Mechanical,,L1,MECH 62,4,KUL21 CHW System,Stulz,24.69,20,81,61,100.0,20,20,0,1,0.0,0,35,35,1,0.0,0,26,26,1,,0,0,0,0,,0,0,0,0,2026-09-12T20:10:25.613305+00:00
2026-09-13,52047,12442511,EDCKUL21CRAB0506,equipment,FWU,Mechanical,,L1,MECH 62,4,KUL21 CHW System,Stulz,24.69,20,81,61,100.0,20,20,0,1,0.0,0,35,35,1,0.0,0,26,26,1,,0,0,0,0,,0,0,0,0,2026-09-12T20:10:25.613305+00:00
2026-09-13,52047,12442512,EDCKUL21GDTDA100,equipment,GDT,Fuel,,L1,GEN ROOM DA,4,KUL21 Fuel System,Sime Darby Industrial,24.69,20,81,61,100.0,20,20,0,1,0.0,0,35,35,1,0.0,0,26,26,1,,0,0,0,0,,0,0,0,0,2026-09-12T20:10:25.613305+00:00
2026-09-13,52047,12442513,EDCKUL21GDTDB100,equipment,GDT,Fuel,,L1,GEN ROOM DB,4,KUL21 Fuel System,Sime Darby Industrial,24.69,20,81,61,100.0,20,20,0,1,0.0,0,35,35,1,0.0,0,26,26,1,,0,0,0,0,,0,0,0,0,2026-09-12T20:10:25.613305+00:00
2026-09-13,52047,12442514,EDCKUL21GDTDC100,equipment,GDT,Fuel,,L1,GEN ROOM DC,4,KUL21 Fuel System,Sime Darby Industrial,24.69,20,81,61,100.0,20,20,0,1,0.0,0,35,35,1,0.0,0,26,26,1,,0,0,0,0,,0,0,0,0,2026-09-12T20:10:25.613305+00:00
2026-09-13,52047,12442515,EDCKUL21GDTDD100,equipment,GDT,Fuel,,L1,GEN ROOM DD,4,KUL21 Fuel System,Sime Darby Industrial,24.69,20,81,61,100.0,20,20,0,1,0.0,0,35,35,1,0.0,0,26,26,1,,0,0,0,0,,0,0,0,0,2026-09-12T20:10:25.613305+00:00
2026-09-13,52047,12442516,EDCKUL21GDTDE100,equipment,GDT,Fuel,,L1,GEN ROOM DE,4,KUL21 Fuel System,Sime Darby Industrial,24.69,20,81,61,100.0,20,20,0,1,0.0,0,35,35,1,0.0,0,26,26,1,,0,0,0,0,,0,0,0,0,2026-09-12T20:10:25.613305+00:00
2026-09-13,52047,12442517,EDCKUL21GDTDF100,equipment,GDT,Fuel,,L1,GEN ROOM DF,4,KUL21 Fuel System,Sime Darby Industrial,24.69,20,81,61,100.0,20,20,0,1,0.0,0,35,35,1,0.0,0,26,26,1,,0,0,0,0,,0,0,0,0,2026-09-12T20:10:25.613305+00:00
2026-09-13,52047,12442518,EDCKUL21GDTDT100,equipment,GDT,Fuel,,L1,GEN ROOM DT1,4,KUL21 Fuel System,Sime Darby Industrial,24.69,20,81,61,100.0,20,20,0,1,0.0,0,35,35,1,0.0,0,26,26,1,,0,0,0,0,,0,0,0,0,2026-09-12T20:10:25.613305+00:00
2026-09-13,52047,12442519,EDCKUL21GDTDT200,equipment,GDT,Fuel,,L1,GEN ROOM DT2,4,KUL21 Fuel System,Sime Darby Industrial,24.69,20,81,61,100.0,20,20,0,1,0.0,0,35,35,1,0.0,0,26,26,1,,0,0,0,0,,0,0,0,0,2026-09-12T20:10:25.613305+00:00
2026-09-13,52047,12442520,EDCKUL21GENDA100,equipment,GEN,Electrical,,L1,GEN ROOM DA,4,KUL21 Generator System,Sime Darby Industrial,24.69,20,81,61,100.0,20,20,0,1,0.0,0,35,35,1,0.0,0,26,26,1,,0,0,0,0,,0,0,0,0,2026-09-12T20:10:25.613305+00:00
2026-09-13,52047,12442521,EDCKUL21GENDB100,equipment,GEN,Electrical,,L1,GEN ROOM DB,4,KUL21 Generator System,Sime Darby Industrial,24.69,20,81,61,100.0,20,20,0,1,0.0,0,35,35,1,0.0,0,26,26,1,,0,0,0,0,,0,0,0,0,2026-09-12T20:10:25.613305+00:00
2026-09-13,52047,12442522,EDCKUL21GENDC100,equipment,GEN,Electrical,,L1,GEN ROOM DC,4,KUL21 Generator System,Sime Darby Industrial,24.69,20,81,61,100.0,20,20,0,1,0.0,0,35,35,1,0.0,0,26,26,1,,0,0,0,0,,0,0,0,0,2026-09-12T20:10:25.613305+00:00
2026-09-13,52047,12442523,EDCKUL21GENDD100,equipment,GEN,Electrical,,L1,GEN ROOM DD,4,KUL21 Generator System,Sime Darby Industrial,24.69,20,81,61,100.0,20,20,0,1,0.0,0,35,35,1,0.0,0,26,26,1,,0,0,0,0,,0,0,0,0,2026-09-12T20:10:25.613305+00:00
2026-09-13,52047,12442524,EDCKUL21GENDE100,equipment,GEN,Electrical,,L1,GEN ROOM DE,4,KUL21 Generator System,Sime Darby Industrial,24.69,20,81,61,100.0,20,20,0,1,0.0,0,35,35,1,0.0,0,26,26,1,,0,0,0,0,,0,0,0,0,2026-09-12T20:10:25.613305+00:00
2026-09-13,52047,12442525,EDCKUL21GENDF100,equipment,GEN,Electrical,,L1,GEN ROOM DF,4,KUL21 Generator System,Sime Darby Industrial,24.69,20,81,61,100.0,20,20,0,1,0.0,0,35,35,1,0.0,0,26,26,1,,0,0,0,0,,0,0,0,0,2026-09-12T20:10:25.613305+00:00
2026-09-13,52047,12442526,EDCKUL21GENDT100,equipment,GEN,Electrical,,L1,GEN ROOM DT1,4,KUL21 Generator System,Sime Darby Industrial,24.69,20,81,61,100.0,20,20,0,1,0.0,0,35,35,1,0.0,0,26,26,1,,0,0,0,0,,0,0,0,0,2026-09-12T20:10:25.613305+00:00
2026-09-13,52047,12442527,EDCKUL21GENDT200,equipment,GEN,Electrical,,L1,GEN ROOM DT2,4,KUL21 Generator System,Sime Darby Industrial,24.69,20,81,61,100.0,20,20,0,1,0.0,0,35,35,1,0.0,0,26,26,1,,0,0,0,0,,0,0,0,0,2026-09-12T20:10:25.613305+00:00
2026-09-13,52047,12442528,EDCKUL21GSBDA100,equipment,GSB,Electrical,,L1,GEN ROOM DA,4,KUL21 Generator System,Sime Darby Industrial,23.46,19,81,62,95.0,19,20,1,1,0.0,0,35,35,1,0.0,0,26,26,1,,0,0,0,0,,0,0,0,0,2026-09-12T20:10:25.613305+00:00
2026-09-13,52047,12442529,EDCKUL21GSBDB100,equipment,GSB,Electrical,,L1,GEN ROOM DB,4,KUL21 Generator System,Sime Darby Industrial,23.46,19,81,62,95.0,19,20,1,1,0.0,0,35,35,1,0.0,0,26,26,1,,0,0,0,0,,0,0,0,0,2026-09-12T20:10:25.613305+00:00
2026-09-13,52047,12442530,EDCKUL21GSBDC100,equipment,GSB,Electrical,,L1,GEN ROOM DC,4,KUL21 Generator System,Sime Darby Industrial,23.46,19,81,62,95.0,19,20,1,1,0.0,0,35,35,1,0.0,0,26,26,1,,0,0,0,0,,0,0,0,0,2026-09-12T20:10:25.613305+00:00
2026-09-13,52047,12442531,EDCKUL21GSBDD100,equipment,GSB,Electrical,,L1,GEN ROOM DD,4,KUL21 Generator System,Sime Darby Industrial,23.46,19,81,62,95.0,19,20,1,1,0.0,0,35,35,1,0.0,0,26,26,1,,0,0,0,0,,0,0,0,0,2026-09-12T20:10:25.613305+00:00
2026-09-13,52047,12442532,EDCKUL21GSBDE100,equipment,GSB,Electrical,,L1,GEN ROOM DE,4,KUL21 Generator System,Sime Darby Industrial,23.46,19,81,62,95.0,19,20,1,1,0.0,0,35,35,1,0.0,0,26,26,1,,0,0,0,0,,0,0,0,0,2026-09-12T20:10:25.613305+00:00
2026-09-13,52047,12442533,EDCKUL21GSBDF100,equipment,GSB,Electrical,,L1,GEN ROOM DF,4,KUL21 Generator System,Sime Darby Industrial,23.46,19,81,62,95.0,19,20,1,1,0.0,0,35,35,1,0.0,0,26,26,1,,0,0,0,0,,0,0,0,0,2026-09-12T20:10:25.613305+00:00
2026-09-13,52047,12442534,EDCKUL21GSBDT100,equipment,GSB,Electrical,,L1,GEN ROOM DT1,4,KUL21 Generator System,Sime Darby Industrial,23.46,19,81,62,95.0,19,20,1,1,0.0,0,35,35,1,0.0,0,26,26,1,,0,0,0,0,,0,0,0,0,2026-09-12T20:10:25.613305+00:00
2026-09-13,52047,12442535,EDCKUL21GSBDT200,equipment,GSB,Electrical,,L1,GEN ROOM DT2,4,KUL21 Generator System,Sime Darby Industrial,23.46,19,81,62,95.0,19,20,1,1,0.0,0,35,35,1,0.0,0,26,26,1,,0,0,0,0,,0,0,0,0,2026-09-12T20:10:25.613305+00:00
2026-09-13,52047,12442536,EDCKUL21DSGDB110,equipment,DSG,Electrical,,L1,TX BAY DB-DC,4,KUL21 MV System,Siemens Malaysia,33.33,27,81,54,100.0,20,20,0,1,20.0,7,35,28,1,0.0,0,26,26,1,,0,0,0,0,,0,0,0,0,2026-09-12T20:10:25.613305+00:00
2026-09-13,52047,12442537,EDCKUL21DSGDC110,equipment,DSG,Electrical,,L1,TX BAY DB-DC,4,KUL21 MV System,Siemens Malaysia,33.33,27,81,54,100.0,20,20,0,1,20.0,7,35,28,1,0.0,0,26,26,1,,0,0,0,0,,0,0,0,0,2026-09-12T20:10:25.613305+00:00
2026-09-13,52047,12442538,EDCKUL21DSGDD110,equipment,DSG,Electrical,,L1,TX BAY DD-DE,4,KUL21 MV System,Siemens Malaysia,33.33,27,81,54,100.0,20,20,0,1,20.0,7,35,28,1,0.0,0,26,26,1,,0,0,0,0,,0,0,0,0,2026-09-12T20:10:25.613305+00:00
2026-09-13,52047,12442539,EDCKUL21DSGDE110,equipment,DSG,Electrical,,L1,TX BAY DD-DE,4,KUL21 MV System,Siemens Malaysia,33.33,27,81,54,100.0,20,20,0,1,20.0,7,35,28,1,0.0,0,26,26,1,,0,0,0,0,,0,0,0,0,2026-09-12T20:10:25.613305+00:00
2026-09-13,52047,12442540,EDCKUL21DSGDF110,equipment,DSG,Electrical,,L1,TX BAY DF-DT2,4,KUL21 MV System,Siemens Malaysia,33.33,27,81,54,100.0,20,20,0,1,20.0,7,35,28,1,0.0,0,26,26,1,,0,0,0,0,,0,0,0,0,2026-09-12T20:10:25.613305+00:00
2026-09-13,52047,12442541,EDCKUL21DSGDT120,equipment,DSG,Electrical,,L1,TX BAY DF-DT2,4,KUL21 MV System,Siemens Malaysia,33.33,27,81,54,100.0,20,20,0,1,20.0,7,35,28,1,0.0,0,26,26,1,,0,0,0,0,,0,0,0,0,2026-09-12T20:10:25.613305+00:00
2026-09-13,52047,12442542,EDCKUL21DSGDA110,equipment,DSG,Electrical,,L1,TX BAY DT1-DA,4,KUL21 MV System,Siemens Malaysia,33.33,27,81,54,100.0,20,20,0,1,20.0,7,35,28,1,0.0,0,26,26,1,,0,0,0,0,,0,0,0,0,2026-09-12T20:10:25.613305+00:00
2026-09-13,52047,12442543,EDCKUL21DSGDT110,equipment,DSG,Electrical,,L1,TX BAY DT1-DA,4,KUL21 MV System,Siemens Malaysia,33.33,27,81,54,100.0,20,20,0,1,20.0,7,35,28,1,0.0,0,26,26,1,,0,0,0,0,,0,0,0,0,2026-09-12T20:10:25.613305+00:00
2026-09-13,52047,12442544,EDCKUL21TRNDB100,equipment,TRN,Electrical,,L1,TX BAY DB-DC,4,KUL21 MV System,Siemens Malaysia,33.33,27,81,54,100.0,20,20,0,1,20.0,7,35,28,1,0.0,0,26,26,1,,0,0,0,0,,0,0,0,0,2026-09-12T20:10:25.613305+00:00
2026-09-13,52047,12442545,EDCKUL21TRNDC100,equipment,TRN,Electrical,,L1,TX BAY DB-DC,4,KUL21 MV System,Siemens Malaysia,33.33,27,81,54,100.0,20,20,0,1,20.0,7,35,28,1,0.0,0,26,26,1,,0,0,0,0,,0,0,0,0,2026-09-12T20:10:25.613305+00:00
2026-09-13,52047,12442546,EDCKUL21TRNDD100,equipment,TRN,Electrical,,L1,TX BAY DD-DE,4,KUL21 MV System,Siemens Malaysia,33.33,27,81,54,100.0,20,20,0,1,20.0,7,35,28,1,0.0,0,26,26,1,,0,0,0,0,,0,0,0,0,2026-09-12T20:10:25.613305+00:00
2026-09-13,52047,12442547,EDCKUL21TRNDE100,equipment,TRN,Electrical,,L1,TX BAY DD-DE,4,KUL21 MV System,Siemens Malaysia,33.33,27,81,54,100.0,20,20,0,1,20.0,7,35,28,1,0.0,0,26,26,1,,0,0,0,0,,0,0,0,0,2026-09-12T20:10:25.613305+00:00
2026-09-13,52047,12442548,EDCKUL21TRNDF100,equipment,TRN,Electrical,,L1,TX BAY DF-DT2,4,KUL21 MV System,Siemens Malaysia,33.33,27,81,54,100.0,20,20,0,1,20.0,7,35,28,1,0.0,0,26,26,1,,0,0,0,0,,0,0,0,0,2026-09-12T20:10:25.613305+00:00
2026-09-13,52047,12442549,EDCKUL21TRNDT200,equipment,TRN,Electrical,,L1,TX BAY DF-DT2,4,KUL21 MV System,Siemens Malaysia,33.33,27,81,54,100.0,20,20,0,1,20.0,7,35,28,1,0.0,0,26,26,1,,0,0,0,0,,0,0,0,0,2026-09-12T20:10:25.613305+00:00
2026-09-13,52047,12442550,EDCKUL21TRNDA100,equipment,TRN,Electrical,,L1,TX BAY DT1-DA,4,KUL21 MV System,Siemens Malaysia,33.33,27,81,54,100.0,20,20,0,1,20.0,7,35,28,1,0.0,0,26,26,1,,0,0,0,0,,0,0,0,0,2026-09-12T20:10:25.613305+00:00
2026-09-13,52047,12442551,EDCKUL21TRNDT100,equipment,TRN,Electrical,,L1,TX BAY DT1-DA,4,KUL21 MV System,Siemens Malaysia,33.33,27,81,54,100.0,20,20,0,1,20.0,7,35,28,1,0.0,0,26,26,1,,0,0,0,0,,0,0,0,0,2026-09-12T20:10:25.613305+00:00
2026-09-13,52047,12442552,EDCKUL21MSBDA110,equipment,MSB,Electrical,,L1,ELE RM DA,4,KUL21 LV System,Powerwell,24.69,20,81,61,100.0,20,20,0,1,0.0,0,35,35,1,0.0,0,26,26,1,,0,0,0,0,,0,0,0,0,2026-09-12T20:10:25.613305+00:00
2026-09-13,52047,12442553,EDCKUL21MSBDB110,equipment,MSB,Electrical,,L1,ELE RM DB,4,KUL21 LV System,Powerwell,24.69,20,81,61,100.0,20,20,0,1,0.0,0,35,35,1,0.0,0,26,26,1,,0,0,0,0,,0,0,0,0,2026-09-12T20:10:25.613305+00:00
2026-09-13,52047,12442554,EDCKUL21MSBDB210,equipment,MSB,Electrical,,L1,ELE RM DB,4,KUL21 LV System,Promatrix DCS,24.69,20,81,61,100.0,20,20,0,1,0.0,0,35,35,1,0.0,0,26,26,1,,0,0,0,0,,0,0,0,0,2026-09-12T20:10:25.613305+00:00
2026-09-13,52047,12442555,EDCKUL21MSBDC110,equipment,MSB,Electrical,,L1,ELE RM DC,4,KUL21 LV System,Powerwell,24.69,20,81,61,100.0,20,20,0,1,0.0,0,35,35,1,0.0,0,26,26,1,,0,0,0,0,,0,0,0,0,2026-09-12T20:10:25.613305+00:00
2026-09-13,52047,12442556,EDCKUL21MSBDD110,equipment,MSB,Electrical,,L1,ELE RM DD,4,KUL21 LV System,Powerwell,24.69,20,81,61,100.0,20,20,0,1,0.0,0,35,35,1,0.0,0,26,26,1,,0,0,0,0,,0,0,0,0,2026-09-12T20:10:25.613305+00:00
2026-09-13,52047,12442557,EDCKUL21MSBDE110,equipment,MSB,Electrical,,L1,ELE RM DE,4,KUL21 LV System,Powerwell,24.69,20,81,61,100.0,20,20,0,1,0.0,0,35,35,1,0.0,0,26,26,1,,0,0,0,0,,0,0,0,0,2026-09-12T20:10:25.613305+00:00
2026-09-13,52047,12442558,EDCKUL21MSBDE210,equipment,MSB,Electrical,,L1,ELE RM DE,4,KUL21 LV System,Promatrix DCS,24.69,20,81,61,100.0,20,20,0,1,0.0,0,35,35,1,0.0,0,26,26,1,,0,0,0,0,,0,0,0,0,2026-09-12T20:10:25.613305+00:00
2026-09-13,52047,12442559,EDCKUL21MSBDF110,equipment,MSB,Electrical,,L1,ELE RM DF,4,KUL21 LV System,Powerwell,24.69,20,81,61,100.0,20,20,0,1,0.0,0,35,35,1,0.0,0,26,26,1,,0,0,0,0,,0,0,0,0,2026-09-12T20:10:25.613305+00:00
2026-09-13,52047,12442560,EDCKUL21MSBDT110,equipment,MSB,Electrical,,L1,ELE RM DT1,4,KUL21 LV System,Powerwell,24.69,20,81,61,100.0,20,20,0,1,0.0,0,35,35,1,0.0,0,26,26,1,,0,0,0,0,,0,0,0,0,2026-09-12T20:10:25.613305+00:00
2026-09-13,52047,12442561,EDCKUL21MSBDT120,equipment,MSB,Electrical,,L1,ELE RM DT2,4,KUL21 LV System,Powerwell,24.69,20,81,61,100.0,20,20,0,1,0.0,0,35,35,1,0.0,0,26,26,1,,0,0,0,0,,0,0,0,0,2026-09-12T20:10:25.613305+00:00
2026-09-13,52047,12442562,EDCKUL21MBCDA110,equipment,MBC,Electrical,,L1,ELE RM DA,4,KUL21 LV System,Powerwell,24.69,20,81,61,100.0,20,20,0,1,0.0,0,35,35,1,0.0,0,26,26,1,,0,0,0,0,,0,0,0,0,2026-09-12T20:10:25.613305+00:00
2026-09-13,52047,12442563,EDCKUL21MBCDB110,equipment,MBC,Electrical,,L1,ELE RM DB,4,KUL21 LV System,Powerwell,24.69,20,81,61,100.0,20,20,0,1,0.0,0,35,35,1,0.0,0,26,26,1,,0,0,0,0,,0,0,0,0,2026-09-12T20:10:25.613305+00:00
2026-09-13,52047,12442564,EDCKUL21MBCDC110,equipment,MBC,Electrical,,L1,ELE RM DC,4,KUL21 LV System,Powerwell,24.69,20,81,61,100.0,20,20,0,1,0.0,0,35,35,1,0.0,0,26,26,1,,0,0,0,0,,0,0,0,0,2026-09-12T20:10:25.613305+00:00
2026-09-13,52047,12442565,EDCKUL21MBCDD110,equipment,MBC,Electrical,,L1,ELE RM DD,4,KUL21 LV System,Powerwell,24.69,20,81,61,100.0,20,20,0,1,0.0,0,35,35,1,0.0,0,26,26,1,,0,0,0,0,,0,0,0,0,2026-09-12T20:10:25.613305+00:00
2026-09-13,52047,12442566,EDCKUL21MBCDE110,equipment,MBC,Electrical,,L1,ELE RM DE,4,KUL21 LV System,Powerwell,24.69,20,81,61,100.0,20,20,0,1,0.0,0,35,35,1,0.0,0,26,26,1,,0,0,0,0,,0,0,0,0,2026-09-12T20:10:25.613305+00:00
2026-09-13,52047,12442567,EDCKUL21MBCDF110,equipment,MBC,Electrical,,L1,ELE RM DF,4,KUL21 LV System,Powerwell,24.69,20,81,61,100.0,20,20,0,1,0.0,0,35,35,1,0.0,0,26,26,1,,0,0,0,0,,0,0,0,0,2026-09-12T20:10:25.613305+00:00
2026-09-13,52047,12442568,EDCKUL21MBCDT110,equipment,MBC,Electrical,,L1,ELE RM DT1,4,KUL21 LV System,Powerwell,24.69,20,81,61,100.0,20,20,0,1,0.0,0,35,35,1,0.0,0,26,26,1,,0,0,0,0,,0,0,0,0,2026-09-12T20:10:25.613305+00:00
2026-09-13,52047,12442569,EDCKUL21MBCDT120,equipment,MBC,Electrical,,L1,ELE RM DT2,4,KUL21 LV System,Powerwell,24.69,20,81,61,100.0,20,20,0,1,0.0,0,35,35,1,0.0,0,26,26,1,,0,0,0,0,,0,0,0,0,2026-09-12T20:10:25.613305+00:00
2026-09-13,52047,12442570,EDCKUL21MDPDA110,equipment,MDP,Electrical,,L1,ELE RM DA,4,KUL21 LV System,Powerwell,24.69,20,81,61,100.0,20,20,0,1,0.0,0,35,35,1,0.0,0,26,26,1,,0,0,0,0,,0,0,0,0,2026-09-12T20:10:25.613305+00:00
2026-09-13,52047,12442571,EDCKUL21MDPDB110,equipment,MDP,Electrical,,L1,ELE RM DB,4,KUL21 LV System,Powerwell,24.69,20,81,61,100.0,20,20,0,1,0.0,0,35,35,1,0.0,0,26,26,1,,0,0,0,0,,0,0,0,0,2026-09-12T20:10:25.613305+00:00
2026-09-13,52047,12442572,EDCKUL21MDPDC110,equipment,MDP,Electrical,,L1,ELE RM DC,4,KUL21 LV System,Powerwell,24.69,20,81,61,100.0,20,20,0,1,0.0,0,35,35,1,0.0,0,26,26,1,,0,0,0,0,,0,0,0,0,2026-09-12T20:10:25.613305+00:00
2026-09-13,52047,12442573,EDCKUL21MDPDD110,equipment,MDP,Electrical,,L1,ELE RM DD,4,KUL21 LV System,Powerwell,24.69,20,81,61,100.0,20,20,0,1,0.0,0,35,35,1,0.0,0,26,26,1,,0,0,0,0,,0,0,0,0,2026-09-12T20:10:25.613305+00:00
2026-09-13,52047,12442574,EDCKUL21MDPDE110,equipment,MDP,Electrical,,L1,ELE RM DE,4,KUL21 LV System,Powerwell,24.69,20,81,61,100.0,20,20,0,1,0.0,0,35,35,1,0.0,0,26,26,1,,0,0,0,0,,0,0,0,0,2026-09-12T20:10:25.613305+00:00
2026-09-13,52047,12442575,EDCKUL21MDPDF110,equipment,MDP,Electrical,,L1,ELE RM DF,4,KUL21 LV System,Powerwell,24.69,20,81,61,100.0,20,20,0,1,0.0,0,35,35,1,0.0,0,26,26,1,,0,0,0,0,,0,0,0,0,2026-09-12T20:10:25.613305+00:00
2026-09-13,52047,12442576,EDCKUL21MDPDT120,equipment,MDP,Electrical,,L1,PANEL RM L1,4,KUL21 LV System,Promatrix DCS,33.33,27,81,54,100.0,20,20,0,1,20.0,7,35,28,1,0.0,0,26,26,1,,0,0,0,0,,0,0,0,0,2026-09-12T20:10:25.613305+00:00
2026-09-13,52047,12442577,EDCKUL21MDPDT110,equipment,MDP,Electrical,,L1,PANEL RM L1,4,KUL21 LV System,Promatrix DCS,24.69,20,81,61,100.0,20,20,0,1,0.0,0,35,35,1,0.0,0,26,26,1,,0,0,0,0,,0,0,0,0,2026-09-12T20:10:25.613305+00:00
2026-09-13,52047,12442578,EDCKUL21MDPDT210,equipment,MDP,Electrical,,L1,PANEL RM L1,4,KUL21 LV System,Promatrix DCS,24.69,20,81,61,100.0,20,20,0,1,0.0,0,35,35,1,0.0,0,26,26,1,,0,0,0,0,,0,0,0,0,2026-09-12T20:10:25.613305+00:00
2026-09-13,52047,12442579,EDCKUL21MDPDT310,equipment,MDP,Electrical,,L1,PANEL RM L1,4,KUL21 LV System,Promatrix DCS,24.69,20,81,61,100.0,20,20,0,1,0.0,0,35,35,1,0.0,0,26,26,1,,0,0,0,0,,0,0,0,0,2026-09-12T20:10:25.613305+00:00
2026-09-13,52047,12442580,EDCKUL21MDPDT220,equipment,MDP,Electrical,,L1,PANEL RM L1,4,KUL21 LV System,Promatrix DCS,24.69,20,81,61,100.0,20,20,0,1,0.0,0,35,35,1,0.0,0,26,26,1,,0,0,0,0,,0,0,0,0,2026-09-12T20:10:25.613305+00:00
2026-09-13,52047,12442581,EDCKUL21ELPDB120,equipment,ELP,Electrical,,L1,PANEL RM L1,4,KUL21 LV System,Promatrix DCS,24.69,20,81,61,100.0,20,20,0,1,0.0,0,35,35,1,0.0,0,26,26,1,,0,0,0,0,,0,0,0,0,2026-09-12T20:10:25.613305+00:00
2026-09-13,52047,12442582,EDCKUL21ELPDC110,equipment,ELP,Electrical,,L1,PANEL RM L1,4,KUL21 LV System,Promatrix DCS,24.69,20,81,61,100.0,20,20,0,1,0.0,0,35,35,1,0.0,0,26,26,1,,0,0,0,0,,0,0,0,0,2026-09-12T20:10:25.613305+00:00
2026-09-13,52047,12442583,EDCKUL21ELPDE120,equipment,ELP,Electrical,,L1,PANEL RM L1,4,KUL21 LV System,Promatrix DCS,24.69,20,81,61,100.0,20,20,0,1,0.0,0,35,35,1,0.0,0,26,26,1,,0,0,0,0,,0,0,0,0,2026-09-12T20:10:25.613305+00:00
2026-09-13,52047,12442584,EDCKUL21ELPDD110,equipment,ELP,Electrical,,L1,PANEL RM L1,4,KUL21 LV System,Promatrix DCS,24.69,20,81,61,100.0,20,20,0,1,0.0,0,35,35,1,0.0,0,26,26,1,,0,0,0,0,,0,0,0,0,2026-09-12T20:10:25.613305+00:00
2026-09-13,52047,12442585,EDCKUL21EPPDB120,equipment,EPP,Electrical,,L1,PANEL RM L1,4,KUL21 LV System,Promatrix DCS,24.69,20,81,61,100.0,20,20,0,1,0.0,0,35,35,1,0.0,0,26,26,1,,0,0,0,0,,0,0,0,0,2026-09-12T20:10:25.613305+00:00
2026-09-13,52047,12442586,EDCKUL21EPPDA110,equipment,EPP,Electrical,,L1,PANEL RM L1,4,KUL21 LV System,Promatrix DCS,24.69,20,81,61,100.0,20,20,0,1,0.0,0,35,35,1,0.0,0,26,26,1,,0,0,0,0,,0,0,0,0,2026-09-12T20:10:25.613305+00:00
2026-09-13,52047,12442587,EDCKUL21EPPDE120,equipment,EPP,Electrical,,L1,PANEL RM L1,4,KUL21 LV System,Promatrix DCS,24.69,20,81,61,100.0,20,20,0,1,0.0,0,35,35,1,0.0,0,26,26,1,,0,0,0,0,,0,0,0,0,2026-09-12T20:10:25.613305+00:00
2026-09-13,52047,12442588,EDCKUL21EPPDF110,equipment,EPP,Electrical,,L1,PANEL RM L1,4,KUL21 LV System,Promatrix DCS,24.69,20,81,61,100.0,20,20,0,1,0.0,0,35,35,1,0.0,0,26,26,1,,0,0,0,0,,0,0,0,0,2026-09-12T20:10:25.613305+00:00
2026-09-13,52047,12442589,EDCKUL21DPPDA110,equipment,DPP,Electrical,,L1,GEN ROOM DA,4,KUL21 LV System,Sime Darby Industrial,24.69,20,81,61,100.0,20,20,0,1,0.0,0,35,35,1,0.0,0,26,26,1,,0,0,0,0,,0,0,0,0,2026-09-12T20:10:25.613305+00:00
2026-09-13,52047,12442590,EDCKUL21DPPDB110,equipment,DPP,Electrical,,L1,GEN ROOM DB,4,KUL21 LV System,Sime Darby Industrial,24.69,20,81,61,100.0,20,20,0,1,0.0,0,35,35,1,0.0,0,26,26,1,,0,0,0,0,,0,0,0,0,2026-09-12T20:10:25.613305+00:00
2026-09-13,52047,12442591,EDCKUL21DPPDC110,equipment,DPP,Electrical,,L1,GEN ROOM DC,4,KUL21 LV System,Sime Darby Industrial,24.69,20,81,61,100.0,20,20,0,1,0.0,0,35,35,1,0.0,0,26,26,1,,0,0,0,0,,0,0,0,0,2026-09-12T20:10:25.613305+00:00
2026-09-13,52047,12442592,EDCKUL21DPPDD110,equipment,DPP,Electrical,,L1,GEN ROOM DD,4,KUL21 LV System,Sime Darby Industrial,24.69,20,81,61,100.0,20,20,0,1,0.0,0,35,35,1,0.0,0,26,26,1,,0,0,0,0,,0,0,0,0,2026-09-12T20:10:25.613305+00:00
2026-09-13,52047,12442593,EDCKUL21DPPDE110,equipment,DPP,Electrical,,L1,GEN ROOM DE,4,KUL21 LV System,Sime Darby Industrial,24.69,20,81,61,100.0,20,20,0,1,0.0,0,35,35,1,0.0,0,26,26,1,,0,0,0,0,,0,0,0,0,2026-09-12T20:10:25.613305+00:00
2026-09-13,52047,12442594,EDCKUL21DPPDF110,equipment,DPP,Electrical,,L1,GEN ROOM DF,4,KUL21 LV System,Sime Darby Industrial,24.69,20,81,61,100.0,20,20,0,1,0.0,0,35,35,1,0.0,0,26,26,1,,0,0,0,0,,0,0,0,0,2026-09-12T20:10:25.613305+00:00
2026-09-13,52047,12442595,EDCKUL21DPPDT110,equipment,DPP,Electrical,,L1,GEN ROOM DT1,4,KUL21 LV System,Sime Darby Industrial,24.69,20,81,61,100.0,20,20,0,1,0.0,0,35,35,1,0.0,0,26,26,1,,0,0,0,0,,0,0,0,0,2026-09-12T20:10:25.613305+00:00
2026-09-13,52047,12442596,EDCKUL21DPPDT120,equipment,DPP,Electrical,,L1,GEN ROOM DT2,4,KUL21 LV System,Sime Darby Industrial,24.69,20,81,61,100.0,20,20,0,1,0.0,0,35,35,1,0.0,0,26,26,1,,0,0,0,0,,0,0,0,0,2026-09-12T20:10:25.613305+00:00
2026-09-13,52047,12442597,EDCKUL21RPPDA115,equipment,RPP,Electrical,,L1,DATAHALL 5,4,KUL21 LV System,Powerwell,0.0,0,81,81,0.0,0,20,20,1,0.0,0,35,35,1,0.0,0,26,26,1,,0,0,0,0,,0,0,0,0,2026-09-12T20:10:25.613305+00:00
2026-09-13,52047,12442598,EDCKUL21RPPDB115,equipment,RPP,Electrical,,L1,DATAHALL 5,4,KUL21 LV System,Powerwell,0.0,0,81,81,0.0,0,20,20,1,0.0,0,35,35,1,0.0,0,26,26,1,,0,0,0,0,,0,0,0,0,2026-09-12T20:10:25.613305+00:00
2026-09-13,52047,12442599,EDCKUL21RPPDC115,equipment,RPP,Electrical,,L1,DATAHALL 5,4,KUL21 LV System,Powerwell,0.0,0,81,81,0.0,0,20,20,1,0.0,0,35,35,1,0.0,0,26,26,1,,0,0,0,0,,0,0,0,0,2026-09-12T20:10:25.613305+00:00
2026-09-13,52047,12442600,EDCKUL21RPPDD115,equipment,RPP,Electrical,,L1,DATAHALL 5,4,KUL21 LV System,Powerwell,0.0,0,81,81,0.0,0,20,20,1,0.0,0,35,35,1,0.0,0,26,26,1,,0,0,0,0,,0,0,0,0,2026-09-12T20:10:25.613305+00:00
2026-09-13,52047,12442601,EDCKUL21RPPDC215,equipment,RPP,Electrical,,L1,DATAHALL 5,4,KUL21 LV System,Powerwell,0.0,0,81,81,0.0,0,20,20,1,0.0,0,35,35,1,0.0,0,26,26,1,,0,0,0,0,,0,0,0,0,2026-09-12T20:10:25.613305+00:00
2026-09-13,52047,12442602,EDCKUL21RPPDD215,equipment,RPP,Electrical,,L1,DATAHALL 5,4,KUL21 LV System,Powerwell,0.0,0,81,81,0.0,0,20,20,1,0.0,0,35,35,1,0.0,0,26,26,1,,0,0,0,0,,0,0,0,0,2026-09-12T20:10:25.613305+00:00
2026-09-13,52047,12442603,EDCKUL21RPPDE115,equipment,RPP,Electrical,,L1,DATAHALL 5,4,KUL21 LV System,Powerwell,0.0,0,81,81,0.0,0,20,20,1,0.0,0,35,35,1,0.0,0,26,26,1,,0,0,0,0,,0,0,0,0,2026-09-12T20:10:25.613305+00:00
2026-09-13,52047,12442604,EDCKUL21RPPDF115,equipment,RPP,Electrical,,L1,DATAHALL 5,4,KUL21 LV System,Powerwell,0.0,0,81,81,0.0,0,20,20,1,0.0,0,35,35,1,0.0,0,26,26,1,,0,0,0,0,,0,0,0,0,2026-09-12T20:10:25.613305+00:00
2026-09-13,52047,12442605,EDCKUL21RPPDA116,equipment,RPP,Electrical,,L1,DATAHALL 6,4,KUL21 LV System,Powerwell,0.0,0,81,81,0.0,0,20,20,1,0.0,0,35,35,1,0.0,0,26,26,1,,0,0,0,0,,0,0,0,0,2026-09-12T20:10:25.613305+00:00
2026-09-13,52047,12442606,EDCKUL21RPPDC116,equipment,RPP,Electrical,,L1,DATAHALL 6,4,KUL21 LV System,Powerwell,0.0,0,81,81,0.0,0,20,20,1,0.0,0,35,35,1,0.0,0,26,26,1,,0,0,0,0,,0,0,0,0,2026-09-12T20:10:25.613305+00:00
2026-09-13,52047,12442607,EDCKUL21RPPDB116,equipment,RPP,Electrical,,L1,DATAHALL 6,4,KUL21 LV System,Powerwell,0.0,0,81,81,0.0,0,20,20,1,0.0,0,35,35,1,0.0,0,26,26,1,,0,0,0,0,,0,0,0,0,2026-09-12T20:10:25.613305+00:00
2026-09-13,52047,12442608,EDCKUL21RPPDD116,equipment,RPP,Electrical,,L1,DATAHALL 6,4,KUL21 LV System,Powerwell,0.0,0,81,81,0.0,0,20,20,1,0.0,0,35,35,1,0.0,0,26,26,1,,0,0,0,0,,0,0,0,0,2026-09-12T20:10:25.613305+00:00
2026-09-13,52047,12442609,EDCKUL21RPPDE116,equipment,RPP,Electrical,,L1,DATAHALL 6,4,KUL21 LV System,Powerwell,0.0,0,81,81,0.0,0,20,20,1,0.0,0,35,35,1,0.0,0,26,26,1,,0,0,0,0,,0,0,0,0,2026-09-12T20:10:25.613305+00:00
2026-09-13,52047,12442610,EDCKUL21RPPDF116,equipment,RPP,Electrical,,L1,DATAHALL 6,4,KUL21 LV System,Powerwell,0.0,0,81,81,0.0,0,20,20,1,0.0,0,35,35,1,0.0,0,26,26,1,,0,0,0,0,,0,0,0,0,2026-09-12T20:10:25.613305+00:00
2026-09-13,52047,12442611,EDCKUL21RPPDE216,equipment,RPP,Electrical,,L1,DATAHALL 6,4,KUL21 LV System,Powerwell,0.0,0,81,81,0.0,0,20,20,1,0.0,0,35,35,1,0.0,0,26,26,1,,0,0,0,0,,0,0,0,0,2026-09-12T20:10:25.613305+00:00
2026-09-13,52047,12442612,EDCKUL21RPPDF216,equipment,RPP,Electrical,,L1,DATAHALL 6,4,KUL21 LV System,Powerwell,0.0,0,81,81,0.0,0,20,20,1,0.0,0,35,35,1,0.0,0,26,26,1,,0,0,0,0,,0,0,0,0,2026-09-12T20:10:25.613305+00:00
2026-09-13,52047,12442613,EDCKUL21UDPDA110,equipment,UDP,Electrical,,L1,ELE RM DA,4,KUL21 LV System,Powerwell,24.69,20,81,61,100.0,20,20,0,1,0.0,0,35,35,1,0.0,0,26,26,1,,0,0,0,0,,0,0,0,0,2026-09-12T20:10:25.613305+00:00
2026-09-13,52047,12442614,EDCKUL21UDPDB110,equipment,UDP,Electrical,,L1,ELE RM DB,4,KUL21 LV System,Powerwell,24.69,20,81,61,100.0,20,20,0,1,0.0,0,35,35,1,0.0,0,26,26,1,,0,0,0,0,,0,0,0,0,2026-09-12T20:10:25.613305+00:00
2026-09-13,52047,12442615,EDCKUL21UDPDC110,equipment,UDP,Electrical,,L1,ELE RM DC,4,KUL21 LV System,Powerwell,23.46,19,81,62,95.0,19,20,1,1,0.0,0,35,35,1,0.0,0,26,26,1,,0,0,0,0,,0,0,0,0,2026-09-12T20:10:25.613305+00:00
2026-09-13,52047,12442616,EDCKUL21UDPDD110,equipment,UDP,Electrical,,L1,ELE RM DD,4,KUL21 LV System,Powerwell,24.69,20,81,61,100.0,20,20,0,1,0.0,0,35,35,1,0.0,0,26,26,1,,0,0,0,0,,0,0,0,0,2026-09-12T20:10:25.613305+00:00
2026-09-13,52047,12442617,EDCKUL21UDPDE110,equipment,UDP,Electrical,,L1,ELE RM DE,4,KUL21 LV System,Powerwell,24.69,20,81,61,100.0,20,20,0,1,0.0,0,35,35,1,0.0,0,26,26,1,,0,0,0,0,,0,0,0,0,2026-09-12T20:10:25.613305+00:00
2026-09-13,52047,12442618,EDCKUL21UDPDF110,equipment,UDP,Electrical,,L1,ELE RM DF,4,KUL21 LV System,Powerwell,24.69,20,81,61,100.0,20,20,0,1,0.0,0,35,35,1,0.0,0,26,26,1,,0,0,0,0,,0,0,0,0,2026-09-12T20:10:25.613305+00:00
2026-09-13,52047,12442619,EDCKUL21UMPDT110,equipment,UMP,Electrical,,L1,ELE RM DT1,4,KUL21 LV System,Promatrix DCS,24.69,20,81,61,100.0,20,20,0,1,0.0,0,35,35,1,0.0,0,26,26,1,,0,0,0,0,,0,0,0,0,2026-09-12T20:10:25.613305+00:00
2026-09-13,52047,12442620,EDCKUL21UMPDT120,equipment,UMP,Electrical,,L1,ELE RM DT2,4,KUL21 LV System,Promatrix DCS,24.69,20,81,61,100.0,20,20,0,1,0.0,0,35,35,1,0.0,0,26,26,1,,0,0,0,0,,0,0,0,0,2026-09-12T20:10:25.613305+00:00
2026-09-13,52047,12442621,EDCKUL21UPBDA110,equipment,UPB,Electrical,,L1,BATT RM DA,4,KUL21 UPS System,Eaton,24.69,20,81,61,100.0,20,20,0,1,0.0,0,35,35,1,0.0,0,26,26,1,,0,0,0,0,,0,0,0,0,2026-09-12T20:10:25.613305+00:00
2026-09-13,52047,12442622,EDCKUL21UPBDB110,equipment,UPB,Electrical,,L1,BATT RM DB,4,KUL21 UPS System,Eaton,24.69,20,81,61,100.0,20,20,0,1,0.0,0,35,35,1,0.0,0,26,26,1,,0,0,0,0,,0,0,0,0,2026-09-12T20:10:25.613305+00:00
2026-09-13,52047,12442623,EDCKUL21UPBDC110,equipment,UPB,Electrical,,L1,BATT RM DC,4,KUL21 UPS System,Eaton,24.69,20,81,61,100.0,20,20,0,1,0.0,0,35,35,1,0.0,0,26,26,1,,0,0,0,0,,0,0,0,0,2026-09-12T20:10:25.613305+00:00
2026-09-13,52047,12442624,EDCKUL21UPBDD110,equipment,UPB,Electrical,,L1,BATT RM DD,4,KUL21 UPS System,Eaton,24.69,20,81,61,100.0,20,20,0,1,0.0,0,35,35,1,0.0,0,26,26,1,,0,0,0,0,,0,0,0,0,2026-09-12T20:10:25.613305+00:00
2026-09-13,52047,12442625,EDCKUL21UPBDE110,equipment,UPB,Electrical,,L1,BATT RM DE,4,KUL21 UPS System,Eaton,24.69,20,81,61,100.0,20,20,0,1,0.0,0,35,35,1,0.0,0,26,26,1,,0,0,0,0,,0,0,0,0,2026-09-12T20:10:25.613305+00:00
2026-09-13,52047,12442626,EDCKUL21UPBDF110,equipment,UPB,Electrical,,L1,BATT RM DF,4,KUL21 UPS System,Eaton,24.69,20,81,61,100.0,20,20,0,1,0.0,0,35,35,1,0.0,0,26,26,1,,0,0,0,0,,0,0,0,0,2026-09-12T20:10:25.613305+00:00
2026-09-13,52047,12442627,EDCKUL21UPBDT110,equipment,UPB,Electrical,,L1,BATT RM DT1,4,KUL21 UPS System,Eaton,24.69,20,81,61,100.0,20,20,0,1,0.0,0,35,35,1,0.0,0,26,26,1,,0,0,0,0,,0,0,0,0,2026-09-12T20:10:25.613305+00:00
2026-09-13,52047,12442628,EDCKUL21UPBDT120,equipment,UPB,Electrical,,L1,BATT RM DT2,4,KUL21 UPS System,Eaton,24.69,20,81,61,100.0,20,20,0,1,0.0,0,35,35,1,0.0,0,26,26,1,,0,0,0,0,,0,0,0,0,2026-09-12T20:10:25.613305+00:00
2026-09-13,52047,12442629,EDCKUL21UPPDT110,equipment,UPP,Electrical,,L1,PANEL RM L1,4,KUL21 LV System,Promatrix DCS,24.69,20,81,61,100.0,20,20,0,1,0.0,0,35,35,1,0.0,0,26,26,1,,0,0,0,0,,0,0,0,0,2026-09-12T20:10:25.613305+00:00
2026-09-13,52047,12442630,EDCKUL21UPPDT120,equipment,UPP,Electrical,,L1,PANEL RM L1,4,KUL21 LV System,Promatrix DCS,24.69,20,81,61,100.0,20,20,0,1,0.0,0,35,35,1,0.0,0,26,26,1,,0,0,0,0,,0,0,0,0,2026-09-12T20:10:25.613305+00:00
2026-09-13,52047,12442631,EDCKUL21UPSDA110,equipment,UPS,Electrical,,L1,ELE RM DA,4,KUL21 UPS System,Eaton,24.69,20,81,61,100.0,20,20,0,1,0.0,0,35,35,1,0.0,0,26,26,1,,0,0,0,0,,0,0,0,0,2026-09-12T20:10:25.613305+00:00
2026-09-13,52047,12442632,EDCKUL21UPSDB110,equipment,UPS,Electrical,,L1,ELE RM DB,4,KUL21 UPS System,Eaton,24.69,20,81,61,100.0,20,20,0,1,0.0,0,35,35,1,0.0,0,26,26,1,,0,0,0,0,,0,0,0,0,2026-09-12T20:10:25.613305+00:00
2026-09-13,52047,12442633,EDCKUL21UPSDC110,equipment,UPS,Electrical,,L1,ELE RM DC,4,KUL21 UPS System,Eaton,24.69,20,81,61,100.0,20,20,0,1,0.0,0,35,35,1,0.0,0,26,26,1,,0,0,0,0,,0,0,0,0,2026-09-12T20:10:25.613305+00:00
2026-09-13,52047,12442634,EDCKUL21UPSDD110,equipment,UPS,Electrical,,L1,ELE RM DD,4,KUL21 UPS System,Eaton,24.69,20,81,61,100.0,20,20,0,1,0.0,0,35,35,1,0.0,0,26,26,1,,0,0,0,0,,0,0,0,0,2026-09-12T20:10:25.613305+00:00
2026-09-13,52047,12442635,EDCKUL21UPSDE110,equipment,UPS,Electrical,,L1,ELE RM DE,4,KUL21 UPS System,Eaton,9.88,8,81,73,40.0,8,20,12,1,0.0,0,35,35,1,0.0,0,26,26,1,,0,0,0,0,,0,0,0,0,2026-09-12T20:10:25.613305+00:00
2026-09-13,52047,12442636,EDCKUL21UPSDF110,equipment,UPS,Electrical,,L1,ELE RM DF,4,KUL21 UPS System,Eaton,24.69,20,81,61,100.0,20,20,0,1,0.0,0,35,35,1,0.0,0,26,26,1,,0,0,0,0,,0,0,0,0,2026-09-12T20:10:25.613305+00:00
2026-09-13,52047,12442637,EDCKUL21UPSDT110,equipment,UPS,Electrical,,L1,ELE RM DT1,4,KUL21 UPS System,Eaton,24.69,20,81,61,100.0,20,20,0,1,0.0,0,35,35,1,0.0,0,26,26,1,,0,0,0,0,,0,0,0,0,2026-09-12T20:10:25.613305+00:00
2026-09-13,52047,12442638,EDCKUL21UPSDT120,equipment,UPS,Electrical,,L1,ELE RM DT2,4,KUL21 UPS System,Eaton,24.69,20,81,61,100.0,20,20,0,1,0.0,0,35,35,1,0.0,0,26,26,1,,0,0,0,0,,0,0,0,0,2026-09-12T20:10:25.613305+00:00
2026-09-13,52047,12442639,EDCKUL21ATSDT110,equipment,ATS,Electrical,,L1,ELE RM DT1,4,KUL21 LV System,Powerwell,24.69,20,81,61,100.0,20,20,0,1,0.0,0,35,35,1,0.0,0,26,26,1,,0,0,0,0,,0,0,0,0,2026-09-12T20:10:25.613305+00:00
2026-09-13,52047,12442640,EDCKUL21ATSDT210,equipment,ATS,Electrical,,L1,ELE RM DT1,4,KUL21 LV System,Powerwell,24.69,20,81,61,100.0,20,20,0,1,0.0,0,35,35,1,0.0,0,26,26,1,,0,0,0,0,,0,0,0,0,2026-09-12T20:10:25.613305+00:00
2026-09-13,52047,12442641,EDCKUL21ATSDT310,equipment,ATS,Electrical,,L1,ELE RM DT1,4,KUL21 LV System,Powerwell,24.69,20,81,61,100.0,20,20,0,1,0.0,0,35,35,1,0.0,0,26,26,1,,0,0,0,0,,0,0,0,0,2026-09-12T20:10:25.613305+00:00
2026-09-13,52047,12442642,EDCKUL21ATSDT410,equipment,ATS,Electrical,,L1,ELE RM DT1,4,KUL21 LV System,Powerwell,24.69,20,81,61,100.0,20,20,0,1,0.0,0,35,35,1,0.0,0,26,26,1,,0,0,0,0,,0,0,0,0,2026-09-12T20:10:25.613305+00:00
2026-09-13,52047,12442643,EDCKUL21ATSDT510,equipment,ATS,Electrical,,L1,ELE RM DT1,4,KUL21 LV System,Powerwell,24.69,20,81,61,100.0,20,20,0,1,0.0,0,35,35,1,0.0,0,26,26,1,,0,0,0,0,,0,0,0,0,2026-09-12T20:10:25.613305+00:00
2026-09-13,52047,12442644,EDCKUL21ATSDT120,equipment,ATS,Electrical,,L1,ELE RM DT2,4,KUL21 LV System,Powerwell,24.69,20,81,61,100.0,20,20,0,1,0.0,0,35,35,1,0.0,0,26,26,1,,0,0,0,0,,0,0,0,0,2026-09-12T20:10:25.613305+00:00
2026-09-13,52047,12442645,EDCKUL21ATSDT220,equipment,ATS,Electrical,,L1,ELE RM DT2,4,KUL21 LV System,Powerwell,24.69,20,81,61,100.0,20,20,0,1,0.0,0,35,35,1,0.0,0,26,26,1,,0,0,0,0,,0,0,0,0,2026-09-12T20:10:25.613305+00:00
2026-09-13,52047,12442646,EDCKUL21ATSDT320,equipment,ATS,Electrical,,L1,ELE RM DT2,4,KUL21 LV System,Powerwell,24.69,20,81,61,100.0,20,20,0,1,0.0,0,35,35,1,0.0,0,26,26,1,,0,0,0,0,,0,0,0,0,2026-09-12T20:10:25.613305+00:00
2026-09-13,52047,12442647,EDCKUL21ATSDT420,equipment,ATS,Electrical,,L1,ELE RM DT2,4,KUL21 LV System,Powerwell,24.69,20,81,61,100.0,20,20,0,1,0.0,0,35,35,1,0.0,0,26,26,1,,0,0,0,0,,0,0,0,0,2026-09-12T20:10:25.613305+00:00
2026-09-13,52047,12442648,EDCKUL21ATSDT520,equipment,ATS,Electrical,,L1,ELE RM DT2,4,KUL21 LV System,Powerwell,24.69,20,81,61,100.0,20,20,0,1,0.0,0,35,35,1,0.0,0,26,26,1,,0,0,0,0,,0,0,0,0,2026-09-12T20:10:25.613305+00:00
2026-09-13,52047,12442679,EDCKUL21VES00105,equipment,VES,Fire,,L1,DATAHALL 5,4,KUL21 Fire Prevention System,Promatrix DCS,0.0,0,81,81,0.0,0,20,20,1,0.0,0,35,35,1,0.0,0,26,26,1,,0,0,0,0,,0,0,0,0,2026-09-12T20:10:25.613305+00:00
2026-09-13,52047,12442680,EDCKUL21VES00205,equipment,VES,Fire,,L1,DATAHALL 5,4,KUL21 Fire Prevention System,Promatrix DCS,0.0,0,81,81,0.0,0,20,20,1,0.0,0,35,35,1,0.0,0,26,26,1,,0,0,0,0,,0,0,0,0,2026-09-12T20:10:25.613305+00:00
2026-09-13,52047,12442681,EDCKUL21VES00305,equipment,VES,Fire,,L1,DATAHALL 5,4,KUL21 Fire Prevention System,Promatrix DCS,0.0,0,81,81,0.0,0,20,20,1,0.0,0,35,35,1,0.0,0,26,26,1,,0,0,0,0,,0,0,0,0,2026-09-12T20:10:25.613305+00:00
2026-09-13,52047,12442682,EDCKUL21VES00405,equipment,VES,Fire,,L1,DATAHALL 5,4,KUL21 Fire Prevention System,Promatrix DCS,0.0,0,81,81,0.0,0,20,20,1,0.0,0,35,35,1,0.0,0,26,26,1,,0,0,0,0,,0,0,0,0,2026-09-12T20:10:25.613305+00:00
2026-09-13,52047,12442683,EDCKUL21VES00505,equipment,VES,Fire,,L1,DATAHALL 5,4,KUL21 Fire Prevention System,Promatrix DCS,0.0,0,81,81,0.0,0,20,20,1,0.0,0,35,35,1,0.0,0,26,26,1,,0,0,0,0,,0,0,0,0,2026-09-12T20:10:25.613305+00:00
2026-09-13,52047,12442684,EDCKUL21VES00605,equipment,VES,Fire,,L1,DATAHALL 5,4,KUL21 Fire Prevention System,Promatrix DCS,0.0,0,81,81,0.0,0,20,20,1,0.0,0,35,35,1,0.0,0,26,26,1,,0,0,0,0,,0,0,0,0,2026-09-12T20:10:25.613305+00:00
2026-09-13,52047,12442685,EDCKUL21VES00705,equipment,VES,Fire,,L1,DATAHALL 5,4,KUL21 Fire Prevention System,Promatrix DCS,0.0,0,81,81,0.0,0,20,20,1,0.0,0,35,35,1,0.0,0,26,26,1,,0,0,0,0,,0,0,0,0,2026-09-12T20:10:25.613305+00:00
2026-09-13,52047,12442686,EDCKUL21VES00805,equipment,VES,Fire,,L1,DATAHALL 5,4,KUL21 Fire Prevention System,Promatrix DCS,0.0,0,81,81,0.0,0,20,20,1,0.0,0,35,35,1,0.0,0,26,26,1,,0,0,0,0,,0,0,0,0,2026-09-12T20:10:25.613305+00:00
2026-09-13,52047,12442687,EDCKUL21VES00905,equipment,VES,Fire,,L1,DATAHALL 5,4,KUL21 Fire Prevention System,Promatrix DCS,0.0,0,81,81,0.0,0,20,20,1,0.0,0,35,35,1,0.0,0,26,26,1,,0,0,0,0,,0,0,0,0,2026-09-12T20:10:25.613305+00:00
2026-09-13,52047,12442688,EDCKUL21VES01005,equipment,VES,Fire,,L1,DATAHALL 5,4,KUL21 Fire Prevention System,Promatrix DCS,0.0,0,81,81,0.0,0,20,20,1,0.0,0,35,35,1,0.0,0,26,26,1,,0,0,0,0,,0,0,0,0,2026-09-12T20:10:25.613305+00:00
2026-09-13,52047,12442689,EDCKUL21VES01105,equipment,VES,Fire,,L1,DATAHALL 5,4,KUL21 Fire Prevention System,Promatrix DCS,0.0,0,81,81,0.0,0,20,20,1,0.0,0,35,35,1,0.0,0,26,26,1,,0,0,0,0,,0,0,0,0,2026-09-12T20:10:25.613305+00:00
2026-09-13,52047,12442690,EDCKUL21VES01205,equipment,VES,Fire,,L1,DATAHALL 5,4,KUL21 Fire Prevention System,Promatrix DCS,0.0,0,81,81,0.0,0,20,20,1,0.0,0,35,35,1,0.0,0,26,26,1,,0,0,0,0,,0,0,0,0,2026-09-12T20:10:25.613305+00:00
2026-09-13,52047,12442691,EDCKUL21VES00106,equipment,VES,Fire,,L1,DATAHALL 6,4,KUL21 Fire Prevention System,Promatrix DCS,0.0,0,81,81,0.0,0,20,20,1,0.0,0,35,35,1,0.0,0,26,26,1,,0,0,0,0,,0,0,0,0,2026-09-12T20:10:25.613305+00:00
2026-09-13,52047,12442692,EDCKUL21VES00206,equipment,VES,Fire,,L1,DATAHALL 6,4,KUL21 Fire Prevention System,Promatrix DCS,0.0,0,81,81,0.0,0,20,20,1,0.0,0,35,35,1,0.0,0,26,26,1,,0,0,0,0,,0,0,0,0,2026-09-12T20:10:25.613305+00:00
2026-09-13,52047,12442693,EDCKUL21VES00306,equipment,VES,Fire,,L1,DATAHALL 6,4,KUL21 Fire Prevention System,Promatrix DCS,0.0,0,81,81,0.0,0,20,20,1,0.0,0,35,35,1,0.0,0,26,26,1,,0,0,0,0,,0,0,0,0,2026-09-12T20:10:25.613305+00:00
2026-09-13,52047,12442694,EDCKUL21VES00406,equipment,VES,Fire,,L1,DATAHALL 6,4,KUL21 Fire Prevention System,Promatrix DCS,0.0,0,81,81,0.0,0,20,20,1,0.0,0,35,35,1,0.0,0,26,26,1,,0,0,0,0,,0,0,0,0,2026-09-12T20:10:25.613305+00:00
2026-09-13,52047,12442695,EDCKUL21VES00506,equipment,VES,Fire,,L1,DATAHALL 6,4,KUL21 Fire Prevention System,Promatrix DCS,0.0,0,81,81,0.0,0,20,20,1,0.0,0,35,35,1,0.0,0,26,26,1,,0,0,0,0,,0,0,0,0,2026-09-12T20:10:25.613305+00:00
2026-09-13,52047,12442696,EDCKUL21VES00606,equipment,VES,Fire,,L1,DATAHALL 6,4,KUL21 Fire Prevention System,Promatrix DCS,0.0,0,81,81,0.0,0,20,20,1,0.0,0,35,35,1,0.0,0,26,26,1,,0,0,0,0,,0,0,0,0,2026-09-12T20:10:25.613305+00:00
2026-09-13,52047,12442697,EDCKUL21VES00706,equipment,VES,Fire,,L1,DATAHALL 6,4,KUL21 Fire Prevention System,Promatrix DCS,0.0,0,81,81,0.0,0,20,20,1,0.0,0,35,35,1,0.0,0,26,26,1,,0,0,0,0,,0,0,0,0,2026-09-12T20:10:25.613305+00:00
2026-09-13,52047,12442698,EDCKUL21VES00806,equipment,VES,Fire,,L1,DATAHALL 6,4,KUL21 Fire Prevention System,Promatrix DCS,0.0,0,81,81,0.0,0,20,20,1,0.0,0,35,35,1,0.0,0,26,26,1,,0,0,0,0,,0,0,0,0,2026-09-12T20:10:25.613305+00:00
2026-09-13,52047,12442699,EDCKUL21VES00906,equipment,VES,Fire,,L1,DATAHALL 6,4,KUL21 Fire Prevention System,Promatrix DCS,0.0,0,81,81,0.0,0,20,20,1,0.0,0,35,35,1,0.0,0,26,26,1,,0,0,0,0,,0,0,0,0,2026-09-12T20:10:25.613305+00:00
2026-09-13,52047,12442700,EDCKUL21VES01006,equipment,VES,Fire,,L1,DATAHALL 6,4,KUL21 Fire Prevention System,Promatrix DCS,0.0,0,81,81,0.0,0,20,20,1,0.0,0,35,35,1,0.0,0,26,26,1,,0,0,0,0,,0,0,0,0,2026-09-12T20:10:25.613305+00:00
2026-09-13,52047,12442701,EDCKUL21VES01106,equipment,VES,Fire,,L1,DATAHALL 6,4,KUL21 Fire Prevention System,Promatrix DCS,0.0,0,81,81,0.0,0,20,20,1,0.0,0,35,35,1,0.0,0,26,26,1,,0,0,0,0,,0,0,0,0,2026-09-12T20:10:25.613305+00:00
2026-09-13,52047,12442702,EDCKUL21VES01206,equipment,VES,Fire,,L1,DATAHALL 6,4,KUL21 Fire Prevention System,Promatrix DCS,0.0,0,81,81,0.0,0,20,20,1,0.0,0,35,35,1,0.0,0,26,26,1,,0,0,0,0,,0,0,0,0,2026-09-12T20:10:25.613305+00:00
2026-09-13,52047,12442703,EDCKUL21VES05400,equipment,VES,Fire,,L1,ELE RM DA,4,KUL21 Fire Prevention System,Promatrix DCS,24.69,20,81,61,100.0,20,20,0,1,0.0,0,35,35,1,0.0,0,26,26,1,,0,0,0,0,,0,0,0,0,2026-09-12T20:10:25.613305+00:00
2026-09-13,52047,12442704,EDCKUL21VES05500,equipment,VES,Fire,,L1,ELE RM DB,4,KUL21 Fire Prevention System,Promatrix DCS,24.69,20,81,61,100.0,20,20,0,1,0.0,0,35,35,1,0.0,0,26,26,1,,0,0,0,0,,0,0,0,0,2026-09-12T20:10:25.613305+00:00
2026-09-13,52047,12442705,EDCKUL21VES05600,equipment,VES,Fire,,L1,ELE RM DC,4,KUL21 Fire Prevention System,Promatrix DCS,24.69,20,81,61,100.0,20,20,0,1,0.0,0,35,35,1,0.0,0,26,26,1,,0,0,0,0,,0,0,0,0,2026-09-12T20:10:25.613305+00:00
2026-09-13,52047,12442706,EDCKUL21VES06000,equipment,VES,Fire,,L1,ELE RM DD,4,KUL21 Fire Prevention System,Promatrix DCS,24.69,20,81,61,100.0,20,20,0,1,0.0,0,35,35,1,0.0,0,26,26,1,,0,0,0,0,,0,0,0,0,2026-09-12T20:10:25.613305+00:00
2026-09-13,52047,12442707,EDCKUL21VES05900,equipment,VES,Fire,,L1,ELE RM DE,4,KUL21 Fire Prevention System,Promatrix DCS,23.46,19,81,62,95.0,19,20,1,1,0.0,0,35,35,1,0.0,0,26,26,1,,0,0,0,0,,0,0,0,0,2026-09-12T20:10:25.613305+00:00
2026-09-13,52047,12442708,EDCKUL21VES05800,equipment,VES,Fire,,L1,ELE RM DF,4,KUL21 Fire Prevention System,Promatrix DCS,24.69,20,81,61,100.0,20,20,0,1,0.0,0,35,35,1,0.0,0,26,26,1,,0,0,0,0,,0,0,0,0,2026-09-12T20:10:25.613305+00:00
2026-09-13,52047,12442709,EDCKUL21VES05300,equipment,VES,Fire,,L1,ELE RM DT1,4,KUL21 Fire Prevention System,Promatrix DCS,9.88,8,81,73,40.0,8,20,12,1,0.0,0,35,35,1,0.0,0,26,26,1,,0,0,0,0,,0,0,0,0,2026-09-12T20:10:25.613305+00:00
2026-09-13,52047,12442710,EDCKUL21VES05700,equipment,VES,Fire,,L1,ELE RM DT2,4,KUL21 Fire Prevention System,Promatrix DCS,24.69,20,81,61,100.0,20,20,0,1,0.0,0,35,35,1,0.0,0,26,26,1,,0,0,0,0,,0,0,0,0,2026-09-12T20:10:25.613305+00:00
2026-09-13,52047,12549767,EDCKUL21EXF04800,equipment,EXF,Mechanical,,L1,BATT RM DT1,4,KUL21 ACMV System,Promatrix DCS,0.0,0,81,81,0.0,0,20,20,1,0.0,0,35,35,1,0.0,0,26,26,1,,0,0,0,0,,0,0,0,0,2026-09-12T20:10:25.613305+00:00
2026-09-13,52047,12549768,EDCKUL21EXF04900,equipment,EXF,Mechanical,,L1,BATT RM DA,4,KUL21 ACMV System,Promatrix DCS,0.0,0,81,81,0.0,0,20,20,1,0.0,0,35,35,1,0.0,0,26,26,1,,0,0,0,0,,0,0,0,0,2026-09-12T20:10:25.613305+00:00
2026-09-13,52047,12549769,EDCKUL21EXF05000,equipment,EXF,Mechanical,,L1,BATT RM DB,4,KUL21 ACMV System,Promatrix DCS,0.0,0,81,81,0.0,0,20,20,1,0.0,0,35,35,1,0.0,0,26,26,1,,0,0,0,0,,0,0,0,0,2026-09-12T20:10:25.613305+00:00
2026-09-13,52047,12549770,EDCKUL21EXF05100,equipment,EXF,Mechanical,,L1,BATT RM DC,4,KUL21 ACMV System,Promatrix DCS,0.0,0,81,81,0.0,0,20,20,1,0.0,0,35,35,1,0.0,0,26,26,1,,0,0,0,0,,0,0,0,0,2026-09-12T20:10:25.613305+00:00
2026-09-13,52047,12549771,EDCKUL21EXF05200,equipment,EXF,Mechanical,,L1,BATT RM DT2,4,KUL21 ACMV System,Promatrix DCS,0.0,0,81,81,0.0,0,20,20,1,0.0,0,35,35,1,0.0,0,26,26,1,,0,0,0,0,,0,0,0,0,2026-09-12T20:10:25.613305+00:00
2026-09-13,52047,12549772,EDCKUL21EXF05300,equipment,EXF,Mechanical,,L1,BATT RM DF,4,KUL21 ACMV System,Promatrix DCS,0.0,0,81,81,0.0,0,20,20,1,0.0,0,35,35,1,0.0,0,26,26,1,,0,0,0,0,,0,0,0,0,2026-09-12T20:10:25.613305+00:00
2026-09-13,52047,12549773,EDCKUL21EXF05400,equipment,EXF,Mechanical,,L1,BATT RM DE,4,KUL21 ACMV System,Promatrix DCS,0.0,0,81,81,0.0,0,20,20,1,0.0,0,35,35,1,0.0,0,26,26,1,,0,0,0,0,,0,0,0,0,2026-09-12T20:10:25.613305+00:00
2026-09-13,52047,12549774,EDCKUL21EXF05500,equipment,EXF,Mechanical,,L1,BATT RM DD,4,KUL21 ACMV System,Promatrix DCS,0.0,0,81,81,0.0,0,20,20,1,0.0,0,35,35,1,0.0,0,26,26,1,,0,0,0,0,,0,0,0,0,2026-09-12T20:10:25.613305+00:00
2026-09-13,52047,12549775,EDCKUL21BSWDA115,equipment,BSW,Electrical,,L1,DATAHALL 5,4,KUL21 LV System,Vertiv,0.0,0,81,81,0.0,0,20,20,1,0.0,0,35,35,1,0.0,0,26,26,1,,0,0,0,0,,0,0,0,0,2026-09-12T20:10:25.613305+00:00
2026-09-13,52047,12549776,EDCKUL21BSWDA215,equipment,BSW,Electrical,,L1,DATAHALL 5,4,KUL21 LV System,Vertiv,0.0,0,81,81,0.0,0,20,20,1,0.0,0,35,35,1,0.0,0,26,26,1,,0,0,0,0,,0,0,0,0,2026-09-12T20:10:25.613305+00:00
2026-09-13,52047,12549777,EDCKUL21BSWDA315,equipment,BSW,Electrical,,L1,DATAHALL 5,4,KUL21 LV System,Vertiv,0.0,0,81,81,0.0,0,20,20,1,0.0,0,35,35,1,0.0,0,26,26,1,,0,0,0,0,,0,0,0,0,2026-09-12T20:10:25.613305+00:00
2026-09-13,52047,12549778,EDCKUL21BSWDB115,equipment,BSW,Electrical,,L1,DATAHALL 5,4,KUL21 LV System,Vertiv,0.0,0,81,81,0.0,0,20,20,1,0.0,0,35,35,1,0.0,0,26,26,1,,0,0,0,0,,0,0,0,0,2026-09-12T20:10:25.613305+00:00
2026-09-13,52047,12549779,EDCKUL21BSWDB215,equipment,BSW,Electrical,,L1,DATAHALL 5,4,KUL21 LV System,Vertiv,0.0,0,81,81,0.0,0,20,20,1,0.0,0,35,35,1,0.0,0,26,26,1,,0,0,0,0,,0,0,0,0,2026-09-12T20:10:25.613305+00:00
2026-09-13,52047,12549780,EDCKUL21BSWDB315,equipment,BSW,Electrical,,L1,DATAHALL 5,4,KUL21 LV System,Vertiv,0.0,0,81,81,0.0,0,20,20,1,0.0,0,35,35,1,0.0,0,26,26,1,,0,0,0,0,,0,0,0,0,2026-09-12T20:10:25.613305+00:00
2026-09-13,52047,12549781,EDCKUL21BSWDC115,equipment,BSW,Electrical,,L1,DATAHALL 5,4,KUL21 LV System,Vertiv,0.0,0,81,81,0.0,0,20,20,1,0.0,0,35,35,1,0.0,0,26,26,1,,0,0,0,0,,0,0,0,0,2026-09-12T20:10:25.613305+00:00
2026-09-13,52047,12549782,EDCKUL21BSWDC215,equipment,BSW,Electrical,,L1,DATAHALL 5,4,KUL21 LV System,Vertiv,0.0,0,81,81,0.0,0,20,20,1,0.0,0,35,35,1,0.0,0,26,26,1,,0,0,0,0,,0,0,0,0,2026-09-12T20:10:25.613305+00:00
2026-09-13,52047,12549783,EDCKUL21BSWDC315,equipment,BSW,Electrical,,L1,DATAHALL 5,4,KUL21 LV System,Vertiv,0.0,0,81,81,0.0,0,20,20,1,0.0,0,35,35,1,0.0,0,26,26,1,,0,0,0,0,,0,0,0,0,2026-09-12T20:10:25.613305+00:00
2026-09-13,52047,12549784,EDCKUL21BSWDD115,equipment,BSW,Electrical,,L1,DATAHALL 5,4,KUL21 LV System,Vertiv,0.0,0,81,81,0.0,0,20,20,1,0.0,0,35,35,1,0.0,0,26,26,1,,0,0,0,0,,0,0,0,0,2026-09-12T20:10:25.613305+00:00
2026-09-13,52047,12549785,EDCKUL21BSWDD215,equipment,BSW,Electrical,,L1,DATAHALL 5,4,KUL21 LV System,Vertiv,0.0,0,81,81,0.0,0,20,20,1,0.0,0,35,35,1,0.0,0,26,26,1,,0,0,0,0,,0,0,0,0,2026-09-12T20:10:25.613305+00:00
2026-09-13,52047,12549786,EDCKUL21BSWDD315,equipment,BSW,Electrical,,L1,DATAHALL 5,4,KUL21 LV System,Vertiv,0.0,0,81,81,0.0,0,20,20,1,0.0,0,35,35,1,0.0,0,26,26,1,,0,0,0,0,,0,0,0,0,2026-09-12T20:10:25.613305+00:00
2026-09-13,52047,12549787,EDCKUL21BSWDE115,equipment,BSW,Electrical,,L1,DATAHALL 5,4,KUL21 LV System,Vertiv,0.0,0,81,81,0.0,0,20,20,1,0.0,0,35,35,1,0.0,0,26,26,1,,0,0,0,0,,0,0,0,0,2026-09-12T20:10:25.613305+00:00
2026-09-13,52047,12549788,EDCKUL21BSWDE215,equipment,BSW,Electrical,,L1,DATAHALL 5,4,KUL21 LV System,Vertiv,0.0,0,81,81,0.0,0,20,20,1,0.0,0,35,35,1,0.0,0,26,26,1,,0,0,0,0,,0,0,0,0,2026-09-12T20:10:25.613305+00:00
2026-09-13,52047,12549789,EDCKUL21BSWDE315,equipment,BSW,Electrical,,L1,DATAHALL 5,4,KUL21 LV System,Vertiv,0.0,0,81,81,0.0,0,20,20,1,0.0,0,35,35,1,0.0,0,26,26,1,,0,0,0,0,,0,0,0,0,2026-09-12T20:10:25.613305+00:00
2026-09-13,52047,12549790,EDCKUL21BSWDE415,equipment,BSW,Electrical,,L1,DATAHALL 5,4,KUL21 LV System,Vertiv,0.0,0,81,81,0.0,0,20,20,1,0.0,0,35,35,1,0.0,0,26,26,1,,0,0,0,0,,0,0,0,0,2026-09-12T20:10:25.613305+00:00
2026-09-13,52047,12549791,EDCKUL21BSWDF115,equipment,BSW,Electrical,,L1,DATAHALL 5,4,KUL21 LV System,Vertiv,0.0,0,81,81,0.0,0,20,20,1,0.0,0,35,35,1,0.0,0,26,26,1,,0,0,0,0,,0,0,0,0,2026-09-12T20:10:25.613305+00:00
2026-09-13,52047,12549792,EDCKUL21BSWDF215,equipment,BSW,Electrical,,L1,DATAHALL 5,4,KUL21 LV System,Vertiv,0.0,0,81,81,0.0,0,20,20,1,0.0,0,35,35,1,0.0,0,26,26,1,,0,0,0,0,,0,0,0,0,2026-09-12T20:10:25.613305+00:00
2026-09-13,52047,12549793,EDCKUL21BSWDA116,equipment,BSW,Electrical,,L1,DATAHALL 6,4,KUL21 LV System,Vertiv,0.0,0,81,81,0.0,0,20,20,1,0.0,0,35,35,1,0.0,0,26,26,1,,0,0,0,0,,0,0,0,0,2026-09-12T20:10:25.613305+00:00
2026-09-13,52047,12549794,EDCKUL21BSWDA216,equipment,BSW,Electrical,,L1,DATAHALL 6,4,KUL21 LV System,Vertiv,0.0,0,81,81,0.0,0,20,20,1,0.0,0,35,35,1,0.0,0,26,26,1,,0,0,0,0,,0,0,0,0,2026-09-12T20:10:25.613305+00:00
2026-09-13,52047,12549795,EDCKUL21BSWDA316,equipment,BSW,Electrical,,L1,DATAHALL 6,4,KUL21 LV System,Vertiv,0.0,0,81,81,0.0,0,20,20,1,0.0,0,35,35,1,0.0,0,26,26,1,,0,0,0,0,,0,0,0,0,2026-09-12T20:10:25.613305+00:00
2026-09-13,52047,12549796,EDCKUL21BSWDB116,equipment,BSW,Electrical,,L1,DATAHALL 6,4,KUL21 LV System,Vertiv,0.0,0,81,81,0.0,0,20,20,1,0.0,0,35,35,1,0.0,0,26,26,1,,0,0,0,0,,0,0,0,0,2026-09-12T20:10:25.613305+00:00
2026-09-13,52047,12549797,EDCKUL21BSWDB216,equipment,BSW,Electrical,,L1,DATAHALL 6,4,KUL21 LV System,Vertiv,0.0,0,81,81,0.0,0,20,20,1,0.0,0,35,35,1,0.0,0,26,26,1,,0,0,0,0,,0,0,0,0,2026-09-12T20:10:25.613305+00:00
2026-09-13,52047,12549798,EDCKUL21BSWDB316,equipment,BSW,Electrical,,L1,DATAHALL 6,4,KUL21 LV System,Vertiv,0.0,0,81,81,0.0,0,20,20,1,0.0,0,35,35,1,0.0,0,26,26,1,,0,0,0,0,,0,0,0,0,2026-09-12T20:10:25.613305+00:00
2026-09-13,52047,12549799,EDCKUL21BSWDC116,equipment,BSW,Electrical,,L1,DATAHALL 6,4,KUL21 LV System,Vertiv,0.0,0,81,81,0.0,0,20,20,1,0.0,0,35,35,1,0.0,0,26,26,1,,0,0,0,0,,0,0,0,0,2026-09-12T20:10:25.613305+00:00
2026-09-13,52047,12549800,EDCKUL21BSWDC216,equipment,BSW,Electrical,,L1,DATAHALL 6,4,KUL21 LV System,Vertiv,0.0,0,81,81,0.0,0,20,20,1,0.0,0,35,35,1,0.0,0,26,26,1,,0,0,0,0,,0,0,0,0,2026-09-12T20:10:25.613305+00:00
2026-09-13,52047,12549801,EDCKUL21BSWDC316,equipment,BSW,Electrical,,L1,DATAHALL 6,4,KUL21 LV System,Vertiv,0.0,0,81,81,0.0,0,20,20,1,0.0,0,35,35,1,0.0,0,26,26,1,,0,0,0,0,,0,0,0,0,2026-09-12T20:10:25.613305+00:00
2026-09-13,52047,12549802,EDCKUL21BSWDD116,equipment,BSW,Electrical,,L1,DATAHALL 6,4,KUL21 LV System,Vertiv,0.0,0,81,81,0.0,0,20,20,1,0.0,0,35,35,1,0.0,0,26,26,1,,0,0,0,0,,0,0,0,0,2026-09-12T20:10:25.613305+00:00
2026-09-13,52047,12549803,EDCKUL21BSWDD216,equipment,BSW,Electrical,,L1,DATAHALL 6,4,KUL21 LV System,Vertiv,0.0,0,81,81,0.0,0,20,20,1,0.0,0,35,35,1,0.0,0,26,26,1,,0,0,0,0,,0,0,0,0,2026-09-12T20:10:25.613305+00:00
2026-09-13,52047,12549804,EDCKUL21BSWDD316,equipment,BSW,Electrical,,L1,DATAHALL 6,4,KUL21 LV System,Vertiv,0.0,0,81,81,0.0,0,20,20,1,0.0,0,35,35,1,0.0,0,26,26,1,,0,0,0,0,,0,0,0,0,2026-09-12T20:10:25.613305+00:00
2026-09-13,52047,12549805,EDCKUL21BSWDE116,equipment,BSW,Electrical,,L1,DATAHALL 6,4,KUL21 LV System,Vertiv,0.0,0,81,81,0.0,0,20,20,1,0.0,0,35,35,1,0.0,0,26,26,1,,0,0,0,0,,0,0,0,0,2026-09-12T20:10:25.613305+00:00
2026-09-13,52047,12549806,EDCKUL21BSWDE216,equipment,BSW,Electrical,,L1,DATAHALL 6,4,KUL21 LV System,Vertiv,0.0,0,81,81,0.0,0,20,20,1,0.0,0,35,35,1,0.0,0,26,26,1,,0,0,0,0,,0,0,0,0,2026-09-12T20:10:25.613305+00:00
2026-09-13,52047,12549807,EDCKUL21BSWDF116,equipment,BSW,Electrical,,L1,DATAHALL 6,4,KUL21 LV System,Vertiv,0.0,0,81,81,0.0,0,20,20,1,0.0,0,35,35,1,0.0,0,26,26,1,,0,0,0,0,,0,0,0,0,2026-09-12T20:10:25.613305+00:00
2026-09-13,52047,12549808,EDCKUL21BSWDF216,equipment,BSW,Electrical,,L1,DATAHALL 6,4,KUL21 LV System,Vertiv,0.0,0,81,81,0.0,0,20,20,1,0.0,0,35,35,1,0.0,0,26,26,1,,0,0,0,0,,0,0,0,0,2026-09-12T20:10:25.613305+00:00
2026-09-13,52047,12549809,EDCKUL21BSWDF316,equipment,BSW,Electrical,,L1,DATAHALL 6,4,KUL21 LV System,Vertiv,0.0,0,81,81,0.0,0,20,20,1,0.0,0,35,35,1,0.0,0,26,26,1,,0,0,0,0,,0,0,0,0,2026-09-12T20:10:25.613305+00:00
2026-09-13,52047,12549810,EDCKUL21BSWDF416,equipment,BSW,Electrical,,L1,DATAHALL 6,4,KUL21 LV System,Vertiv,0.0,0,81,81,0.0,0,20,20,1,0.0,0,35,35,1,0.0,0,26,26,1,,0,0,0,0,,0,0,0,0,2026-09-12T20:10:25.613305+00:00
2026-09-13,52047,12549811,EDCKUL21BSWDA100,equipment,BSW,Electrical,,L1,ELE RM DA,4,KUL21 LV System,Promatrix DCS,0.0,0,81,81,0.0,0,20,20,1,0.0,0,35,35,1,0.0,0,26,26,1,,0,0,0,0,,0,0,0,0,2026-09-12T20:10:25.613305+00:00
2026-09-13,52047,12549812,EDCKUL21BSWDA200,equipment,BSW,Electrical,,L1,ELE RM DA,4,KUL21 LV System,Promatrix DCS,0.0,0,81,81,0.0,0,20,20,1,0.0,0,35,35,1,0.0,0,26,26,1,,0,0,0,0,,0,0,0,0,2026-09-12T20:10:25.613305+00:00
2026-09-13,52047,12549813,EDCKUL21BSWDA300,equipment,BSW,Electrical,,L1,ELE RM DA,4,KUL21 LV System,Promatrix DCS,0.0,0,81,81,0.0,0,20,20,1,0.0,0,35,35,1,0.0,0,26,26,1,,0,0,0,0,,0,0,0,0,2026-09-12T20:10:25.613305+00:00
2026-09-13,52047,12549814,EDCKUL21BSWDA400,equipment,BSW,Electrical,,L1,ELE RM DA,4,KUL21 LV System,Promatrix DCS,0.0,0,81,81,0.0,0,20,20,1,0.0,0,35,35,1,0.0,0,26,26,1,,0,0,0,0,,0,0,0,0,2026-09-12T20:10:25.613305+00:00
2026-09-13,52047,12549815,EDCKUL21BSWDA500,equipment,BSW,Electrical,,L1,ELE RM DA,4,KUL21 LV System,Promatrix DCS,0.0,0,81,81,0.0,0,20,20,1,0.0,0,35,35,1,0.0,0,26,26,1,,0,0,0,0,,0,0,0,0,2026-09-12T20:10:25.613305+00:00
2026-09-13,52047,12549816,EDCKUL21BSWDA600,equipment,BSW,Electrical,,L1,ELE RM DA,4,KUL21 LV System,Promatrix DCS,0.0,0,81,81,0.0,0,20,20,1,0.0,0,35,35,1,0.0,0,26,26,1,,0,0,0,0,,0,0,0,0,2026-09-12T20:10:25.613305+00:00
2026-09-13,52047,12549817,EDCKUL21BSWDB100,equipment,BSW,Electrical,,L1,ELE RM DB,4,KUL21 LV System,Promatrix DCS,0.0,0,81,81,0.0,0,20,20,1,0.0,0,35,35,1,0.0,0,26,26,1,,0,0,0,0,,0,0,0,0,2026-09-12T20:10:25.613305+00:00
2026-09-13,52047,12549818,EDCKUL21BSWDB200,equipment,BSW,Electrical,,L1,ELE RM DB,4,KUL21 LV System,Promatrix DCS,0.0,0,81,81,0.0,0,20,20,1,0.0,0,35,35,1,0.0,0,26,26,1,,0,0,0,0,,0,0,0,0,2026-09-12T20:10:25.613305+00:00
2026-09-13,52047,12549819,EDCKUL21BSWDB300,equipment,BSW,Electrical,,L1,ELE RM DB,4,KUL21 LV System,Promatrix DCS,0.0,0,81,81,0.0,0,20,20,1,0.0,0,35,35,1,0.0,0,26,26,1,,0,0,0,0,,0,0,0,0,2026-09-12T20:10:25.613305+00:00
2026-09-13,52047,12549820,EDCKUL21BSWDB400,equipment,BSW,Electrical,,L1,ELE RM DB,4,KUL21 LV System,Promatrix DCS,0.0,0,81,81,0.0,0,20,20,1,0.0,0,35,35,1,0.0,0,26,26,1,,0,0,0,0,,0,0,0,0,2026-09-12T20:10:25.613305+00:00
2026-09-13,52047,12549821,EDCKUL21BSWDB500,equipment,BSW,Electrical,,L1,ELE RM DB,4,KUL21 LV System,Promatrix DCS,0.0,0,81,81,0.0,0,20,20,1,0.0,0,35,35,1,0.0,0,26,26,1,,0,0,0,0,,0,0,0,0,2026-09-12T20:10:25.613305+00:00
2026-09-13,52047,12549822,EDCKUL21BSWDB600,equipment,BSW,Electrical,,L1,ELE RM DB,4,KUL21 LV System,Promatrix DCS,0.0,0,81,81,0.0,0,20,20,1,0.0,0,35,35,1,0.0,0,26,26,1,,0,0,0,0,,0,0,0,0,2026-09-12T20:10:25.613305+00:00
2026-09-13,52047,12549823,EDCKUL21BSWDC100,equipment,BSW,Electrical,,L1,ELE RM DC,4,KUL21 LV System,Promatrix DCS,0.0,0,81,81,0.0,0,20,20,1,0.0,0,35,35,1,0.0,0,26,26,1,,0,0,0,0,,0,0,0,0,2026-09-12T20:10:25.613305+00:00
2026-09-13,52047,12549824,EDCKUL21BSWDC200,equipment,BSW,Electrical,,L1,ELE RM DC,4,KUL21 LV System,Promatrix DCS,0.0,0,81,81,0.0,0,20,20,1,0.0,0,35,35,1,0.0,0,26,26,1,,0,0,0,0,,0,0,0,0,2026-09-12T20:10:25.613305+00:00
2026-09-13,52047,12549825,EDCKUL21BSWDC300,equipment,BSW,Electrical,,L1,ELE RM DC,4,KUL21 LV System,Promatrix DCS,0.0,0,81,81,0.0,0,20,20,1,0.0,0,35,35,1,0.0,0,26,26,1,,0,0,0,0,,0,0,0,0,2026-09-12T20:10:25.613305+00:00
2026-09-13,52047,12549826,EDCKUL21BSWDC400,equipment,BSW,Electrical,,L1,ELE RM DC,4,KUL21 LV System,Promatrix DCS,0.0,0,81,81,0.0,0,20,20,1,0.0,0,35,35,1,0.0,0,26,26,1,,0,0,0,0,,0,0,0,0,2026-09-12T20:10:25.613305+00:00
2026-09-13,52047,12549827,EDCKUL21BSWDC500,equipment,BSW,Electrical,,L1,ELE RM DC,4,KUL21 LV System,Promatrix DCS,0.0,0,81,81,0.0,0,20,20,1,0.0,0,35,35,1,0.0,0,26,26,1,,0,0,0,0,,0,0,0,0,2026-09-12T20:10:25.613305+00:00
2026-09-13,52047,12549828,EDCKUL21BSWDC600,equipment,BSW,Electrical,,L1,ELE RM DC,4,KUL21 LV System,Promatrix DCS,0.0,0,81,81,0.0,0,20,20,1,0.0,0,35,35,1,0.0,0,26,26,1,,0,0,0,0,,0,0,0,0,2026-09-12T20:10:25.613305+00:00
2026-09-13,52047,12549829,EDCKUL21BSWDD100,equipment,BSW,Electrical,,L1,ELE RM DD,4,KUL21 LV System,Promatrix DCS,0.0,0,81,81,0.0,0,20,20,1,0.0,0,35,35,1,0.0,0,26,26,1,,0,0,0,0,,0,0,0,0,2026-09-12T20:10:25.613305+00:00
2026-09-13,52047,12549830,EDCKUL21BSWDD200,equipment,BSW,Electrical,,L1,ELE RM DD,4,KUL21 LV System,Promatrix DCS,0.0,0,81,81,0.0,0,20,20,1,0.0,0,35,35,1,0.0,0,26,26,1,,0,0,0,0,,0,0,0,0,2026-09-12T20:10:25.613305+00:00
2026-09-13,52047,12549831,EDCKUL21BSWDD300,equipment,BSW,Electrical,,L1,ELE RM DD,4,KUL21 LV System,Promatrix DCS,0.0,0,81,81,0.0,0,20,20,1,0.0,0,35,35,1,0.0,0,26,26,1,,0,0,0,0,,0,0,0,0,2026-09-12T20:10:25.613305+00:00
2026-09-13,52047,12549832,EDCKUL21BSWDD400,equipment,BSW,Electrical,,L1,ELE RM DD,4,KUL21 LV System,Promatrix DCS,0.0,0,81,81,0.0,0,20,20,1,0.0,0,35,35,1,0.0,0,26,26,1,,0,0,0,0,,0,0,0,0,2026-09-12T20:10:25.613305+00:00
2026-09-13,52047,12549833,EDCKUL21BSWDD500,equipment,BSW,Electrical,,L1,ELE RM DD,4,KUL21 LV System,Promatrix DCS,0.0,0,81,81,0.0,0,20,20,1,0.0,0,35,35,1,0.0,0,26,26,1,,0,0,0,0,,0,0,0,0,2026-09-12T20:10:25.613305+00:00
2026-09-13,52047,12549834,EDCKUL21BSWDD600,equipment,BSW,Electrical,,L1,ELE RM DD,4,KUL21 LV System,Promatrix DCS,0.0,0,81,81,0.0,0,20,20,1,0.0,0,35,35,1,0.0,0,26,26,1,,0,0,0,0,,0,0,0,0,2026-09-12T20:10:25.613305+00:00
2026-09-13,52047,12549835,EDCKUL21BSWDE100,equipment,BSW,Electrical,,L1,ELE RM DE,4,KUL21 LV System,Promatrix DCS,0.0,0,81,81,0.0,0,20,20,1,0.0,0,35,35,1,0.0,0,26,26,1,,0,0,0,0,,0,0,0,0,2026-09-12T20:10:25.613305+00:00
2026-09-13,52047,12549836,EDCKUL21BSWDE200,equipment,BSW,Electrical,,L1,ELE RM DE,4,KUL21 LV System,Promatrix DCS,0.0,0,81,81,0.0,0,20,20,1,0.0,0,35,35,1,0.0,0,26,26,1,,0,0,0,0,,0,0,0,0,2026-09-12T20:10:25.613305+00:00
2026-09-13,52047,12549837,EDCKUL21BSWDE300,equipment,BSW,Electrical,,L1,ELE RM DE,4,KUL21 LV System,Promatrix DCS,0.0,0,81,81,0.0,0,20,20,1,0.0,0,35,35,1,0.0,0,26,26,1,,0,0,0,0,,0,0,0,0,2026-09-12T20:10:25.613305+00:00
2026-09-13,52047,12549838,EDCKUL21BSWDE400,equipment,BSW,Electrical,,L1,ELE RM DE,4,KUL21 LV System,Promatrix DCS,0.0,0,81,81,0.0,0,20,20,1,0.0,0,35,35,1,0.0,0,26,26,1,,0,0,0,0,,0,0,0,0,2026-09-12T20:10:25.613305+00:00
2026-09-13,52047,12549839,EDCKUL21BSWDE500,equipment,BSW,Electrical,,L1,ELE RM DE,4,KUL21 LV System,Promatrix DCS,0.0,0,81,81,0.0,0,20,20,1,0.0,0,35,35,1,0.0,0,26,26,1,,0,0,0,0,,0,0,0,0,2026-09-12T20:10:25.613305+00:00
2026-09-13,52047,12549840,EDCKUL21BSWDE600,equipment,BSW,Electrical,,L1,ELE RM DE,4,KUL21 LV System,Promatrix DCS,0.0,0,81,81,0.0,0,20,20,1,0.0,0,35,35,1,0.0,0,26,26,1,,0,0,0,0,,0,0,0,0,2026-09-12T20:10:25.613305+00:00
2026-09-13,52047,12549841,EDCKUL21BSWDF100,equipment,BSW,Electrical,,L1,ELE RM DF,4,KUL21 LV System,Promatrix DCS,0.0,0,81,81,0.0,0,20,20,1,0.0,0,35,35,1,0.0,0,26,26,1,,0,0,0,0,,0,0,0,0,2026-09-12T20:10:25.613305+00:00
2026-09-13,52047,12549842,EDCKUL21BSWDF200,equipment,BSW,Electrical,,L1,ELE RM DF,4,KUL21 LV System,Promatrix DCS,0.0,0,81,81,0.0,0,20,20,1,0.0,0,35,35,1,0.0,0,26,26,1,,0,0,0,0,,0,0,0,0,2026-09-12T20:10:25.613305+00:00
2026-09-13,52047,12549843,EDCKUL21BSWDF300,equipment,BSW,Electrical,,L1,ELE RM DF,4,KUL21 LV System,Promatrix DCS,0.0,0,81,81,0.0,0,20,20,1,0.0,0,35,35,1,0.0,0,26,26,1,,0,0,0,0,,0,0,0,0,2026-09-12T20:10:25.613305+00:00
2026-09-13,52047,12549844,EDCKUL21BSWDF400,equipment,BSW,Electrical,,L1,ELE RM DF,4,KUL21 LV System,Promatrix DCS,0.0,0,81,81,0.0,0,20,20,1,0.0,0,35,35,1,0.0,0,26,26,1,,0,0,0,0,,0,0,0,0,2026-09-12T20:10:25.613305+00:00
2026-09-13,52047,12549845,EDCKUL21BSWDF500,equipment,BSW,Electrical,,L1,ELE RM DF,4,KUL21 LV System,Promatrix DCS,0.0,0,81,81,0.0,0,20,20,1,0.0,0,35,35,1,0.0,0,26,26,1,,0,0,0,0,,0,0,0,0,2026-09-12T20:10:25.613305+00:00
2026-09-13,52047,12549846,EDCKUL21BSWDF600,equipment,BSW,Electrical,,L1,ELE RM DF,4,KUL21 LV System,Promatrix DCS,0.0,0,81,81,0.0,0,20,20,1,0.0,0,35,35,1,0.0,0,26,26,1,,0,0,0,0,,0,0,0,0,2026-09-12T20:10:25.613305+00:00
2026-09-13,52047,12549847,EDCKUL21BSWDT110,equipment,BSW,Electrical,,L1,ELE RM DT1,4,KUL21 LV System,Promatrix DCS,0.0,0,81,81,0.0,0,20,20,1,0.0,0,35,35,1,0.0,0,26,26,1,,0,0,0,0,,0,0,0,0,2026-09-12T20:10:25.613305+00:00
2026-09-13,52047,12549848,EDCKUL21BSWDT210,equipment,BSW,Electrical,,L1,ELE RM DT1,4,KUL21 LV System,Promatrix DCS,0.0,0,81,81,0.0,0,20,20,1,0.0,0,35,35,1,0.0,0,26,26,1,,0,0,0,0,,0,0,0,0,2026-09-12T20:10:25.613305+00:00
2026-09-13,52047,12549849,EDCKUL21BSWDT310,equipment,BSW,Electrical,,L1,ELE RM DT1,4,KUL21 LV System,Promatrix DCS,0.0,0,81,81,0.0,0,20,20,1,0.0,0,35,35,1,0.0,0,26,26,1,,0,0,0,0,,0,0,0,0,2026-09-12T20:10:25.613305+00:00
2026-09-13,52047,12549850,EDCKUL21BSWDT410,equipment,BSW,Electrical,,L1,ELE RM DT1,4,KUL21 LV System,Promatrix DCS,0.0,0,81,81,0.0,0,20,20,1,0.0,0,35,35,1,0.0,0,26,26,1,,0,0,0,0,,0,0,0,0,2026-09-12T20:10:25.613305+00:00
2026-09-13,52047,12549851,EDCKUL21BSWDT510,equipment,BSW,Electrical,,L1,ELE RM DT1,4,KUL21 LV System,Promatrix DCS,0.0,0,81,81,0.0,0,20,20,1,0.0,0,35,35,1,0.0,0,26,26,1,,0,0,0,0,,0,0,0,0,2026-09-12T20:10:25.613305+00:00
2026-09-13,52047,12549852,EDCKUL21BSWDT120,equipment,BSW,Electrical,,L1,ELE RM DT2,4,KUL21 LV System,Promatrix DCS,0.0,0,81,81,0.0,0,20,20,1,0.0,0,35,35,1,0.0,0,26,26,1,,0,0,0,0,,0,0,0,0,2026-09-12T20:10:25.613305+00:00
2026-09-13,52047,12549853,EDCKUL21BSWDT220,equipment,BSW,Electrical,,L1,ELE RM DT2,4,KUL21 LV System,Promatrix DCS,0.0,0,81,81,0.0,0,20,20,1,0.0,0,35,35,1,0.0,0,26,26,1,,0,0,0,0,,0,0,0,0,2026-09-12T20:10:25.613305+00:00
2026-09-13,52047,12549854,EDCKUL21BSWDT320,equipment,BSW,Electrical,,L1,ELE RM DT2,4,KUL21 LV System,Promatrix DCS,0.0,0,81,81,0.0,0,20,20,1,0.0,0,35,35,1,0.0,0,26,26,1,,0,0,0,0,,0,0,0,0,2026-09-12T20:10:25.613305+00:00
2026-09-13,52047,12549855,EDCKUL21BSWDT420,equipment,BSW,Electrical,,L1,ELE RM DT2,4,KUL21 LV System,Promatrix DCS,0.0,0,81,81,0.0,0,20,20,1,0.0,0,35,35,1,0.0,0,26,26,1,,0,0,0,0,,0,0,0,0,2026-09-12T20:10:25.613305+00:00
2026-09-13,52047,12549856,EDCKUL21BSWDT520,equipment,BSW,Electrical,,L1,ELE RM DT2,4,KUL21 LV System,Promatrix DCS,0.0,0,81,81,0.0,0,20,20,1,0.0,0,35,35,1,0.0,0,26,26,1,,0,0,0,0,,0,0,0,0,2026-09-12T20:10:25.613305+00:00
2026-09-13,52047,13427814,EDCKUL21DPPDA210,equipment,DPP,Electrical,,,BATT RM DA,4,KUL21 UPS System,Eaton,24.69,20,81,61,100.0,20,20,0,1,0.0,0,35,35,1,0.0,0,26,26,1,,0,0,0,0,,0,0,0,0,2026-09-12T20:10:25.613305+00:00
2026-09-13,52047,13427815,EDCKUL21DPPDB210,equipment,DPP,Electrical,,,BATT RM DB,4,KUL21 UPS System,Eaton,24.69,20,81,61,100.0,20,20,0,1,0.0,0,35,35,1,0.0,0,26,26,1,,0,0,0,0,,0,0,0,0,2026-09-12T20:10:25.613305+00:00
2026-09-13,52047,13427816,EDCKUL21DPPDC210,equipment,DPP,Electrical,,,BATT RM DC,4,KUL21 UPS System,Eaton,24.69,20,81,61,100.0,20,20,0,1,0.0,0,35,35,1,0.0,0,26,26,1,,0,0,0,0,,0,0,0,0,2026-09-12T20:10:25.613305+00:00
2026-09-13,52047,13427817,EDCKUL21DPPDD210,equipment,DPP,Electrical,,,BATT RM DD,4,KUL21 UPS System,Eaton,24.69,20,81,61,100.0,20,20,0,1,0.0,0,35,35,1,0.0,0,26,26,1,,0,0,0,0,,0,0,0,0,2026-09-12T20:10:25.613305+00:00
2026-09-13,52047,13427818,EDCKUL21DPPDE210,equipment,DPP,Electrical,,,BATT RM DE,4,KUL21 UPS System,Eaton,24.69,20,81,61,100.0,20,20,0,1,0.0,0,35,35,1,0.0,0,26,26,1,,0,0,0,0,,0,0,0,0,2026-09-12T20:10:25.613305+00:00
2026-09-13,52047,13427819,EDCKUL21DPPDF210,equipment,DPP,Electrical,,,BATT RM DF,4,KUL21 UPS System,Eaton,24.69,20,81,61,100.0,20,20,0,1,0.0,0,35,35,1,0.0,0,26,26,1,,0,0,0,0,,0,0,0,0,2026-09-12T20:10:25.613305+00:00
2026-09-13,52047,13427820,EDCKUL21DPPDT210,equipment,DPP,Electrical,,,BATT RM DT1,4,KUL21 UPS System,Eaton,24.69,20,81,61,100.0,20,20,0,1,0.0,0,35,35,1,0.0,0,26,26,1,,0,0,0,0,,0,0,0,0,2026-09-12T20:10:25.613305+00:00
2026-09-13,52047,13427821,EDCKUL21DPPDT220,equipment,DPP,Electrical,,,BATT RM DT2,4,KUL21 UPS System,Eaton,24.69,20,81,61,100.0,20,20,0,1,0.0,0,35,35,1,0.0,0,26,26,1,,0,0,0,0,,0,0,0,0,2026-09-12T20:10:25.613305+00:00
2026-09-13,52047,13582294,EDCKUL21DHU00105,equipment,DHU,Mechanical,,,AHU ROOM,4,KUL21 ACMV System,Promatrix DCS,0.0,0,81,81,0.0,0,20,20,1,0.0,0,35,35,1,0.0,0,26,26,1,,0,0,0,0,,0,0,0,0,2026-09-12T20:10:25.613305+00:00
2026-09-13,52047,13582295,EDCKUL21DHU00205,equipment,DHU,Mechanical,,,AHU ROOM,4,KUL21 ACMV System,Promatrix DCS,0.0,0,81,81,0.0,0,20,20,1,0.0,0,35,35,1,0.0,0,26,26,1,,0,0,0,0,,0,0,0,0,2026-09-12T20:10:25.613305+00:00
2026-09-13,52047,13582296,EDCKUL21DHU00106,equipment,DHU,Mechanical,,,AHU ROOM,4,KUL21 ACMV System,Promatrix DCS,0.0,0,81,81,0.0,0,20,20,1,0.0,0,35,35,1,0.0,0,26,26,1,,0,0,0,0,,0,0,0,0,2026-09-12T20:10:25.613305+00:00
2026-09-13,52047,13582297,EDCKUL21DHU00206,equipment,DHU,Mechanical,,,AHU ROOM,4,KUL21 ACMV System,Promatrix DCS,0.0,0,81,81,0.0,0,20,20,1,0.0,0,35,35,1,0.0,0,26,26,1,,0,0,0,0,,0,0,0,0,2026-09-12T20:10:25.613305+00:00
2026-09-13,52047,13582298,EDCKUL21GDS00600,equipment,GDS,Mechanical,,,ELE RM DT2,4,KUL21 ACMV System,Promatrix DCS,0.0,0,81,81,0.0,0,20,20,1,0.0,0,35,35,1,0.0,0,26,26,1,,0,0,0,0,,0,0,0,0,2026-09-12T20:10:25.613305+00:00
2026-09-13,52047,13737868,EDCKUL21BMPDT100,equipment,BMP,ELV,,,ELE RM DT1,4,KUL21 BMS System,Datasite,0.0,0,81,81,0.0,0,20,20,1,0.0,0,35,35,1,0.0,0,26,26,1,,0,0,0,0,,0,0,0,0,2026-09-12T20:10:25.613305+00:00
2026-09-13,52047,13737869,EDCKUL21BMPDA100,equipment,BMP,ELV,,,ELE RM DA,4,KUL21 BMS System,Datasite,0.0,0,81,81,0.0,0,20,20,1,0.0,0,35,35,1,0.0,0,26,26,1,,0,0,0,0,,0,0,0,0,2026-09-12T20:10:25.613305+00:00
2026-09-13,52047,13737870,EDCKUL21BMPDB100,equipment,BMP,ELV,,,ELE RM DB,4,KUL21 BMS System,Datasite,0.0,0,81,81,0.0,0,20,20,1,0.0,0,35,35,1,0.0,0,26,26,1,,0,0,0,0,,0,0,0,0,2026-09-12T20:10:25.613305+00:00
2026-09-13,52047,13737871,EDCKUL21BMPDC100,equipment,BMP,ELV,,,ELE RM DC,4,KUL21 BMS System,Datasite,0.0,0,81,81,0.0,0,20,20,1,0.0,0,35,35,1,0.0,0,26,26,1,,0,0,0,0,,0,0,0,0,2026-09-12T20:10:25.613305+00:00
2026-09-13,52047,13737872,EDCKUL21BMPDD100,equipment,BMP,ELV,,,ELE RM DD,4,KUL21 BMS System,Datasite,0.0,0,81,81,0.0,0,20,20,1,0.0,0,35,35,1,0.0,0,26,26,1,,0,0,0,0,,0,0,0,0,2026-09-12T20:10:25.613305+00:00
2026-09-13,52047,13737873,EDCKUL21BMPDE100,equipment,BMP,ELV,,,ELE RM DE,4,KUL21 BMS System,Datasite,0.0,0,81,81,0.0,0,20,20,1,0.0,0,35,35,1,0.0,0,26,26,1,,0,0,0,0,,0,0,0,0,2026-09-12T20:10:25.613305+00:00
2026-09-13,52047,13737874,EDCKUL21BMPDF100,equipment,BMP,ELV,,,ELE RM DF,4,KUL21 BMS System,Datasite,0.0,0,81,81,0.0,0,20,20,1,0.0,0,35,35,1,0.0,0,26,26,1,,0,0,0,0,,0,0,0,0,2026-09-12T20:10:25.613305+00:00
2026-09-13,52047,13737875,EDCKUL21BMPDT200,equipment,BMP,ELV,,,ELE RM DT2,4,KUL21 BMS System,Datasite,0.0,0,81,81,0.0,0,20,20,1,0.0,0,35,35,1,0.0,0,26,26,1,,0,0,0,0,,0,0,0,0,2026-09-12T20:10:25.613305+00:00
2026-09-13,52047,13737876,EDCKUL21BMP00105,equipment,BMP,ELV,,,DATAHALL 5,4,KUL21 BMS System,Datasite,0.0,0,81,81,0.0,0,20,20,1,0.0,0,35,35,1,0.0,0,26,26,1,,0,0,0,0,,0,0,0,0,2026-09-12T20:10:25.613305+00:00
2026-09-13,52047,13737877,EDCKUL21BMP00106,equipment,BMP,ELV,,,DATAHALL 5,4,KUL21 BMS System,Datasite,0.0,0,81,81,0.0,0,20,20,1,0.0,0,35,35,1,0.0,0,26,26,1,,0,0,0,0,,0,0,0,0,2026-09-12T20:10:25.613305+00:00
2026-09-13,52047,13737878,EDCKUL21BMPTCS15,equipment,BMP,Mechanical,,,MECH 51,4,KUL21 BMS System,Rovisys,0.0,0,81,81,0.0,0,20,20,1,0.0,0,35,35,1,0.0,0,26,26,1,,0,0,0,0,,0,0,0,0,2026-09-12T20:10:25.613305+00:00
2026-09-13,52047,13737879,EDCKUL21BMPTCS25,equipment,BMP,Mechanical,,,MECH 52,4,KUL21 BMS System,Rovisys,0.0,0,81,81,0.0,0,20,20,1,0.0,0,35,35,1,0.0,0,26,26,1,,0,0,0,0,,0,0,0,0,2026-09-12T20:10:25.613305+00:00
2026-09-13,52047,13737880,EDCKUL21BMPTCS16,equipment,BMP,Mechanical,,,MECH 61,4,KUL21 BMS System,Rovisys,0.0,0,81,81,0.0,0,20,20,1,0.0,0,35,35,1,0.0,0,26,26,1,,0,0,0,0,,0,0,0,0,2026-09-12T20:10:25.613305+00:00
2026-09-13,52047,13737881,EDCKUL21BMPTCS26,equipment,BMP,Mechanical,,,MECH 62,4,KUL21 BMS System,Rovisys,0.0,0,81,81,0.0,0,20,20,1,0.0,0,35,35,1,0.0,0,26,26,1,,0,0,0,0,,0,0,0,0,2026-09-12T20:10:25.613305+00:00
2026-09-13,52047,13851806,EDCKUL21PAC01100,equipment,PAC,Fire,,,1F - PRE ACTION ROOM,4,KUL21 Fire Protection System,Promatrix DCS,0.0,0,81,81,0.0,0,20,20,1,0.0,0,35,35,1,0.0,0,26,26,1,,0,0,0,0,,0,0,0,0,2026-09-12T20:10:25.613305+00:00
2026-09-13,52047,13851807,EDCKUL21PAC01200,equipment,PAC,Fire,,,1F - PRE ACTION ROOM,4,KUL21 Fire Protection System,Promatrix DCS,0.0,0,81,81,0.0,0,20,20,1,0.0,0,35,35,1,0.0,0,26,26,1,,0,0,0,0,,0,0,0,0,2026-09-12T20:10:25.613305+00:00
2026-09-13,52047,13851808,EDCKUL21PAS02300,equipment,PAS,Fire,,,1F - PRE ACTION ROOM,4,KUL21 Fire Protection System,Promatrix DCS,0.0,0,81,81,0.0,0,20,20,1,0.0,0,35,35,1,0.0,0,26,26,1,,0,0,0,0,,0,0,0,0,2026-09-12T20:10:25.613305+00:00
2026-09-13,52047,13851809,EDCKUL21PAS02400,equipment,PAS,Fire,,,1F - PRE ACTION ROOM,4,KUL21 Fire Protection System,Promatrix DCS,0.0,0,81,81,0.0,0,20,20,1,0.0,0,35,35,1,0.0,0,26,26,1,,0,0,0,0,,0,0,0,0,2026-09-12T20:10:25.613305+00:00
2026-09-13,52047,13851810,EDCKUL21PAS02500,equipment,PAS,Fire,,,1F - PRE ACTION ROOM,4,KUL21 Fire Protection System,Promatrix DCS,0.0,0,81,81,0.0,0,20,20,1,0.0,0,35,35,1,0.0,0,26,26,1,,0,0,0,0,,0,0,0,0,2026-09-12T20:10:25.613305+00:00
2026-09-13,52047,13851811,EDCKUL21PAS02600,equipment,PAS,Fire,,,1F - PRE ACTION ROOM,4,KUL21 Fire Protection System,Promatrix DCS,0.0,0,81,81,0.0,0,20,20,1,0.0,0,35,35,1,0.0,0,26,26,1,,0,0,0,0,,0,0,0,0,2026-09-12T20:10:25.613305+00:00
2026-09-13,52047,13851812,EDCKUL21PAS02700,equipment,PAS,Fire,,,1F - PRE ACTION ROOM,4,KUL21 Fire Protection System,Promatrix DCS,0.0,0,81,81,0.0,0,20,20,1,0.0,0,35,35,1,0.0,0,26,26,1,,0,0,0,0,,0,0,0,0,2026-09-12T20:10:25.613305+00:00
2026-09-13,52047,13851813,EDCKUL21PAS02800,equipment,PAS,Fire,,,1F - PRE ACTION ROOM,4,KUL21 Fire Protection System,Promatrix DCS,0.0,0,81,81,0.0,0,20,20,1,0.0,0,35,35,1,0.0,0,26,26,1,,0,0,0,0,,0,0,0,0,2026-09-12T20:10:25.613305+00:00
2026-09-13,52048,12443028,EDCKUL21ACS04550,equipment,ACS,Mechanical,,L3,BATT RM FA,6,KUL21 ACMV System,Promatrix DCS,0.0,0,81,81,0.0,0,20,20,1,0.0,0,35,35,1,0.0,0,26,26,1,,0,0,0,0,,0,0,0,0,2026-09-12T20:10:25.613305+00:00
2026-09-13,52048,12443029,EDCKUL21ACS04450,equipment,ACS,Mechanical,,L3,BATT RM FA,6,KUL21 ACMV System,Promatrix DCS,0.0,0,81,81,0.0,0,20,20,1,0.0,0,35,35,1,0.0,0,26,26,1,,0,0,0,0,,0,0,0,0,2026-09-12T20:10:25.613305+00:00
2026-09-13,52048,12443030,EDCKUL21ACS04560,equipment,ACS,Mechanical,,L3,BATT RM FB,6,KUL21 ACMV System,Promatrix DCS,0.0,0,81,81,0.0,0,20,20,1,0.0,0,35,35,1,0.0,0,26,26,1,,0,0,0,0,,0,0,0,0,2026-09-12T20:10:25.613305+00:00
2026-09-13,52048,12443031,EDCKUL21ACS04460,equipment,ACS,Mechanical,,L3,BATT RM FB,6,KUL21 ACMV System,Promatrix DCS,0.0,0,81,81,0.0,0,20,20,1,0.0,0,35,35,1,0.0,0,26,26,1,,0,0,0,0,,0,0,0,0,2026-09-12T20:10:25.613305+00:00
2026-09-13,52048,12443032,EDCKUL21ACS045A0,equipment,ACS,Mechanical,,L3,BATT RM FC,6,KUL21 ACMV System,Promatrix DCS,0.0,0,81,81,0.0,0,20,20,1,0.0,0,35,35,1,0.0,0,26,26,1,,0,0,0,0,,0,0,0,0,2026-09-12T20:10:25.613305+00:00
2026-09-13,52048,12443033,EDCKUL21ACS044A0,equipment,ACS,Mechanical,,L3,BATT RM FC,6,KUL21 ACMV System,Promatrix DCS,0.0,0,81,81,0.0,0,20,20,1,0.0,0,35,35,1,0.0,0,26,26,1,,0,0,0,0,,0,0,0,0,2026-09-12T20:10:25.613305+00:00
2026-09-13,52048,12443034,EDCKUL21ACS04570,equipment,ACS,Mechanical,,L3,BATT RM FC,6,KUL21 ACMV System,Promatrix DCS,0.0,0,81,81,0.0,0,20,20,1,0.0,0,35,35,1,0.0,0,26,26,1,,0,0,0,0,,0,0,0,0,2026-09-12T20:10:25.613305+00:00
2026-09-13,52048,12443035,EDCKUL21ACS04470,equipment,ACS,Mechanical,,L3,BATT RM FC,6,KUL21 ACMV System,Promatrix DCS,0.0,0,81,81,0.0,0,20,20,1,0.0,0,35,35,1,0.0,0,26,26,1,,0,0,0,0,,0,0,0,0,2026-09-12T20:10:25.613305+00:00
2026-09-13,52048,12443036,EDCKUL21ACS04580,equipment,ACS,Mechanical,,L3,BATT RM FE,6,KUL21 ACMV System,Promatrix DCS,0.0,0,81,81,0.0,0,20,20,1,0.0,0,35,35,1,0.0,0,26,26,1,,0,0,0,0,,0,0,0,0,2026-09-12T20:10:25.613305+00:00
2026-09-13,52048,12443037,EDCKUL21ACS04480,equipment,ACS,Mechanical,,L3,BATT RM FE,6,KUL21 ACMV System,Promatrix DCS,0.0,0,81,81,0.0,0,20,20,1,0.0,0,35,35,1,0.0,0,26,26,1,,0,0,0,0,,0,0,0,0,2026-09-12T20:10:25.613305+00:00
2026-09-13,52048,12443038,EDCKUL21ACS04590,equipment,ACS,Mechanical,,L3,BATT RM FF,6,KUL21 ACMV System,Promatrix DCS,0.0,0,81,81,0.0,0,20,20,1,0.0,0,35,35,1,0.0,0,26,26,1,,0,0,0,0,,0,0,0,0,2026-09-12T20:10:25.613305+00:00
2026-09-13,52048,12443039,EDCKUL21ACS04490,equipment,ACS,Mechanical,,L3,BATT RM FF,6,KUL21 ACMV System,Promatrix DCS,0.0,0,81,81,0.0,0,20,20,1,0.0,0,35,35,1,0.0,0,26,26,1,,0,0,0,0,,0,0,0,0,2026-09-12T20:10:25.613305+00:00
2026-09-13,52048,12443040,EDCKUL21ACS04540,equipment,ACS,Mechanical,,L3,BATT RM FT,6,KUL21 ACMV System,Promatrix DCS,0.0,0,81,81,0.0,0,20,20,1,0.0,0,35,35,1,0.0,0,26,26,1,,0,0,0,0,,0,0,0,0,2026-09-12T20:10:25.613305+00:00
2026-09-13,52048,12443041,EDCKUL21ACS04440,equipment,ACS,Mechanical,,L3,BATT RM FT,6,KUL21 ACMV System,Promatrix DCS,0.0,0,81,81,0.0,0,20,20,1,0.0,0,35,35,1,0.0,0,26,26,1,,0,0,0,0,,0,0,0,0,2026-09-12T20:10:25.613305+00:00
2026-09-13,52048,12443042,EDCKUL21ACS04250,equipment,ACS,Mechanical,,L3,ECX CORRIDOR,6,KUL21 ACMV System,Promatrix DCS,0.0,0,81,81,0.0,0,20,20,1,0.0,0,35,35,1,0.0,0,26,26,1,,0,0,0,0,,0,0,0,0,2026-09-12T20:10:25.613305+00:00
2026-09-13,52048,12443043,EDCKUL21ACS04260,equipment,ACS,Mechanical,,L3,ECX CORRIDOR,6,KUL21 ACMV System,Promatrix DCS,0.0,0,81,81,0.0,0,20,20,1,0.0,0,35,35,1,0.0,0,26,26,1,,0,0,0,0,,0,0,0,0,2026-09-12T20:10:25.613305+00:00
2026-09-13,52048,12443044,EDCKUL21ACS04230,equipment,ACS,Mechanical,,L3,ECX CORRIDOR,6,KUL21 ACMV System,Promatrix DCS,0.0,0,81,81,0.0,0,20,20,1,0.0,0,35,35,1,0.0,0,26,26,1,,0,0,0,0,,0,0,0,0,2026-09-12T20:10:25.613305+00:00
2026-09-13,52048,12443045,EDCKUL21ACS04220,equipment,ACS,Mechanical,,L3,ECX CORRIDOR,6,KUL21 ACMV System,Promatrix DCS,0.0,0,81,81,0.0,0,20,20,1,0.0,0,35,35,1,0.0,0,26,26,1,,0,0,0,0,,0,0,0,0,2026-09-12T20:10:25.613305+00:00
2026-09-13,52048,12443046,EDCKUL21ACS04310,equipment,ACS,Mechanical,,L3,ECX CORRIDOR,6,KUL21 ACMV System,Promatrix DCS,0.0,0,81,81,0.0,0,20,20,1,0.0,0,35,35,1,0.0,0,26,26,1,,0,0,0,0,,0,0,0,0,2026-09-12T20:10:25.613305+00:00
2026-09-13,52048,12443047,EDCKUL21ACS04320,equipment,ACS,Mechanical,,L3,ECX CORRIDOR,6,KUL21 ACMV System,Promatrix DCS,0.0,0,81,81,0.0,0,20,20,1,0.0,0,35,35,1,0.0,0,26,26,1,,0,0,0,0,,0,0,0,0,2026-09-12T20:10:25.613305+00:00
2026-09-13,52048,12443048,EDCKUL21ACS04350,equipment,ACS,Mechanical,,L3,ECX CORRIDOR,6,KUL21 ACMV System,Promatrix DCS,0.0,0,81,81,0.0,0,20,20,1,0.0,0,35,35,1,0.0,0,26,26,1,,0,0,0,0,,0,0,0,0,2026-09-12T20:10:25.613305+00:00
2026-09-13,52048,12443049,EDCKUL21ACS04360,equipment,ACS,Mechanical,,L3,ECX CORRIDOR,6,KUL21 ACMV System,Promatrix DCS,0.0,0,81,81,0.0,0,20,20,1,0.0,0,35,35,1,0.0,0,26,26,1,,0,0,0,0,,0,0,0,0,2026-09-12T20:10:25.613305+00:00
2026-09-13,52048,12443050,EDCKUL21ACS04210,equipment,ACS,Mechanical,,L3,ECX CORRIDOR,6,KUL21 ACMV System,Promatrix DCS,0.0,0,81,81,0.0,0,20,20,1,0.0,0,35,35,1,0.0,0,26,26,1,,0,0,0,0,,0,0,0,0,2026-09-12T20:10:25.613305+00:00
2026-09-13,52048,12443051,EDCKUL21ACS04390,equipment,ACS,Mechanical,,L3,ECX STORAGE,6,KUL21 ACMV System,Promatrix DCS,0.0,0,81,81,0.0,0,20,20,1,0.0,0,35,35,1,0.0,0,26,26,1,,0,0,0,0,,0,0,0,0,2026-09-12T20:10:25.613305+00:00
2026-09-13,52048,12443052,EDCKUL21ACS043B0,equipment,ACS,Mechanical,,L3,ECX STORAGE,6,KUL21 ACMV System,Promatrix DCS,0.0,0,81,81,0.0,0,20,20,1,0.0,0,35,35,1,0.0,0,26,26,1,,0,0,0,0,,0,0,0,0,2026-09-12T20:10:25.613305+00:00
2026-09-13,52048,12443053,EDCKUL21ACS043A0,equipment,ACS,Mechanical,,L3,ECX STORAGE,6,KUL21 ACMV System,Promatrix DCS,0.0,0,81,81,0.0,0,20,20,1,0.0,0,35,35,1,0.0,0,26,26,1,,0,0,0,0,,0,0,0,0,2026-09-12T20:10:25.613305+00:00
2026-09-13,52048,12443054,EDCKUL21ACS04280,equipment,ACS,Mechanical,,L3,EU CORRIDOR,6,KUL21 ACMV System,Promatrix DCS,0.0,0,81,81,0.0,0,20,20,1,0.0,0,35,35,1,0.0,0,26,26,1,,0,0,0,0,,0,0,0,0,2026-09-12T20:10:25.613305+00:00
2026-09-13,52048,12443055,EDCKUL21ACS04270,equipment,ACS,Mechanical,,L3,EU CORRIDOR,6,KUL21 ACMV System,Promatrix DCS,0.0,0,81,81,0.0,0,20,20,1,0.0,0,35,35,1,0.0,0,26,26,1,,0,0,0,0,,0,0,0,0,2026-09-12T20:10:25.613305+00:00
2026-09-13,52048,12443056,EDCKUL21ACS04370,equipment,ACS,Mechanical,,L3,EU CORRIDOR,6,KUL21 ACMV System,Promatrix DCS,0.0,0,81,81,0.0,0,20,20,1,0.0,0,35,35,1,0.0,0,26,26,1,,0,0,0,0,,0,0,0,0,2026-09-12T20:10:25.613305+00:00
2026-09-13,52048,12443057,EDCKUL21ACS04340,equipment,ACS,Mechanical,,L3,EU CORRIDOR,6,KUL21 ACMV System,Promatrix DCS,0.0,0,81,81,0.0,0,20,20,1,0.0,0,35,35,1,0.0,0,26,26,1,,0,0,0,0,,0,0,0,0,2026-09-12T20:10:25.613305+00:00
2026-09-13,52048,12443058,EDCKUL21ACS04240,equipment,ACS,Mechanical,,L3,EU CORRIDOR,6,KUL21 ACMV System,Promatrix DCS,0.0,0,81,81,0.0,0,20,20,1,0.0,0,35,35,1,0.0,0,26,26,1,,0,0,0,0,,0,0,0,0,2026-09-12T20:10:25.613305+00:00
2026-09-13,52048,12443059,EDCKUL21ACS04330,equipment,ACS,Mechanical,,L3,EU CORRIDOR,6,KUL21 ACMV System,Promatrix DCS,0.0,0,81,81,0.0,0,20,20,1,0.0,0,35,35,1,0.0,0,26,26,1,,0,0,0,0,,0,0,0,0,2026-09-12T20:10:25.613305+00:00
2026-09-13,52048,12443060,EDCKUL21ACS04510,equipment,ACS,Mechanical,,L3,ITR/SER 3,6,KUL21 ACMV System,Promatrix DCS,0.0,0,81,81,0.0,0,20,20,1,0.0,0,35,35,1,0.0,0,26,26,1,,0,0,0,0,,0,0,0,0,2026-09-12T20:10:25.613305+00:00
2026-09-13,52048,12443061,EDCKUL21ACS04410,equipment,ACS,Mechanical,,L3,ITR/SER 3,6,KUL21 ACMV System,Promatrix DCS,0.0,0,81,81,0.0,0,20,20,1,0.0,0,35,35,1,0.0,0,26,26,1,,0,0,0,0,,0,0,0,0,2026-09-12T20:10:25.613305+00:00
2026-09-13,52048,12443062,EDCKUL21ACS04520,equipment,ACS,Mechanical,,L3,ITR/SER 4,6,KUL21 ACMV System,Promatrix DCS,0.0,0,81,81,0.0,0,20,20,1,0.0,0,35,35,1,0.0,0,26,26,1,,0,0,0,0,,0,0,0,0,2026-09-12T20:10:25.613305+00:00
2026-09-13,52048,12443063,EDCKUL21ACS04420,equipment,ACS,Mechanical,,L3,ITR/SER 4,6,KUL21 ACMV System,Promatrix DCS,0.0,0,81,81,0.0,0,20,20,1,0.0,0,35,35,1,0.0,0,26,26,1,,0,0,0,0,,0,0,0,0,2026-09-12T20:10:25.613305+00:00
2026-09-13,52048,12443064,EDCKUL21ACS04530,equipment,ACS,Mechanical,,L3,ITR/SER 5,6,KUL21 ACMV System,Promatrix DCS,0.0,0,81,81,0.0,0,20,20,1,0.0,0,35,35,1,0.0,0,26,26,1,,0,0,0,0,,0,0,0,0,2026-09-12T20:10:25.613305+00:00
2026-09-13,52048,12443065,EDCKUL21ACS04430,equipment,ACS,Mechanical,,L3,ITR/SER 5,6,KUL21 ACMV System,Promatrix DCS,0.0,0,81,81,0.0,0,20,20,1,0.0,0,35,35,1,0.0,0,26,26,1,,0,0,0,0,,0,0,0,0,2026-09-12T20:10:25.613305+00:00
2026-09-13,52048,12443066,EDCKUL21ACS04290,equipment,ACS,Mechanical,,L3,LTC ROOM,6,KUL21 ACMV System,Promatrix DCS,0.0,0,81,81,0.0,0,20,20,1,0.0,0,35,35,1,0.0,0,26,26,1,,0,0,0,0,,0,0,0,0,2026-09-12T20:10:25.613305+00:00
2026-09-13,52048,12443067,EDCKUL21ACS04380,equipment,ACS,Mechanical,,L3,LTC ROOM,6,KUL21 ACMV System,Promatrix DCS,0.0,0,81,81,0.0,0,20,20,1,0.0,0,35,35,1,0.0,0,26,26,1,,0,0,0,0,,0,0,0,0,2026-09-12T20:10:25.613305+00:00
2026-09-13,52048,12443068,EDCKUL21ACS042A0,equipment,ACS,Mechanical,,L3,PANEL RM L3,6,KUL21 ACMV System,Promatrix DCS,0.0,0,81,81,0.0,0,20,20,1,0.0,0,35,35,1,0.0,0,26,26,1,,0,0,0,0,,0,0,0,0,2026-09-12T20:10:25.613305+00:00
2026-09-13,52048,12443069,EDCKUL21VRF04200,equipment,VRF,Mechanical,,RF,ROOF,6,KUL21 ACMV System,Promatrix DCS,0.0,0,81,81,0.0,0,20,20,1,0.0,0,35,35,1,0.0,0,26,26,1,,0,0,0,0,,0,0,0,0,2026-09-12T20:10:25.613305+00:00
2026-09-13,52048,12443070,EDCKUL21VRF04300,equipment,VRF,Mechanical,,RF,ROOF,6,KUL21 ACMV System,Promatrix DCS,0.0,0,81,81,0.0,0,20,20,1,0.0,0,35,35,1,0.0,0,26,26,1,,0,0,0,0,,0,0,0,0,2026-09-12T20:10:25.613305+00:00
2026-09-13,52048,12443071,EDCKUL21VRF04400,equipment,VRF,Mechanical,,RF,ROOF,6,KUL21 ACMV System,Promatrix DCS,0.0,0,81,81,0.0,0,20,20,1,0.0,0,35,35,1,0.0,0,26,26,1,,0,0,0,0,,0,0,0,0,2026-09-12T20:10:25.613305+00:00
2026-09-13,52048,12443072,EDCKUL21VRF04500,equipment,VRF,Mechanical,,RF,ROOF,6,KUL21 VRF System,Promatrix DCS,0.0,0,81,81,0.0,0,20,20,1,0.0,0,35,35,1,0.0,0,26,26,1,,0,0,0,0,,0,0,0,0,2026-09-12T20:10:25.613305+00:00
2026-09-13,52048,12443077,EDCKUL21CDUB010B,equipment,CDU,Mechanical,,L3,MECH B1,6,KUL21 TCS System,Vertiv,0.0,0,81,81,0.0,0,20,20,1,0.0,0,35,35,1,0.0,0,26,26,1,,0,0,0,0,,0,0,0,0,2026-09-12T20:10:25.613305+00:00
2026-09-13,52048,12443078,EDCKUL21CDUB020B,equipment,CDU,Mechanical,,L3,MECH B1,6,KUL21 TCS System,Vertiv,0.0,0,81,81,0.0,0,20,20,1,0.0,0,35,35,1,0.0,0,26,26,1,,0,0,0,0,,0,0,0,0,2026-09-12T20:10:25.613305+00:00
2026-09-13,52048,12443079,EDCKUL21CDUB030B,equipment,CDU,Mechanical,,L3,MECH B1,6,KUL21 TCS System,Vertiv,0.0,0,81,81,0.0,0,20,20,1,0.0,0,35,35,1,0.0,0,26,26,1,,0,0,0,0,,0,0,0,0,2026-09-12T20:10:25.613305+00:00
2026-09-13,52048,12443080,EDCKUL21CDUB040B,equipment,CDU,Mechanical,,L3,MECH B2,6,KUL21 TCS System,Vertiv,0.0,0,81,81,0.0,0,20,20,1,0.0,0,35,35,1,0.0,0,26,26,1,,0,0,0,0,,0,0,0,0,2026-09-12T20:10:25.613305+00:00
2026-09-13,52048,12443081,EDCKUL21CDUB050B,equipment,CDU,Mechanical,,L3,MECH B2,6,KUL21 TCS System,Vertiv,0.0,0,81,81,0.0,0,20,20,1,0.0,0,35,35,1,0.0,0,26,26,1,,0,0,0,0,,0,0,0,0,2026-09-12T20:10:25.613305+00:00
2026-09-13,52048,12443082,EDCKUL21CDUB060B,equipment,CDU,Mechanical,,L3,MECH B2,6,KUL21 TCS System,Vertiv,0.0,0,81,81,0.0,0,20,20,1,0.0,0,35,35,1,0.0,0,26,26,1,,0,0,0,0,,0,0,0,0,2026-09-12T20:10:25.613305+00:00
2026-09-13,52048,12443083,EDCKUL21CDUB010C,equipment,CDU,Mechanical,,L3,MECH C1,6,KUL21 TCS System,Vertiv,0.0,0,81,81,0.0,0,20,20,1,0.0,0,35,35,1,0.0,0,26,26,1,,0,0,0,0,,0,0,0,0,2026-09-12T20:10:25.613305+00:00
2026-09-13,52048,12443084,EDCKUL21CDUB020C,equipment,CDU,Mechanical,,L3,MECH C1,6,KUL21 TCS System,Vertiv,0.0,0,81,81,0.0,0,20,20,1,0.0,0,35,35,1,0.0,0,26,26,1,,0,0,0,0,,0,0,0,0,2026-09-12T20:10:25.613305+00:00
2026-09-13,52048,12443085,EDCKUL21CDUB030C,equipment,CDU,Mechanical,,L3,MECH C1,6,KUL21 TCS System,Vertiv,0.0,0,81,81,0.0,0,20,20,1,0.0,0,35,35,1,0.0,0,26,26,1,,0,0,0,0,,0,0,0,0,2026-09-12T20:10:25.613305+00:00
2026-09-13,52048,12443086,EDCKUL21CDUB040C,equipment,CDU,Mechanical,,L3,MECH C2,6,KUL21 TCS System,Vertiv,0.0,0,81,81,0.0,0,20,20,1,0.0,0,35,35,1,0.0,0,26,26,1,,0,0,0,0,,0,0,0,0,2026-09-12T20:10:25.613305+00:00
2026-09-13,52048,12443087,EDCKUL21CDUB050C,equipment,CDU,Mechanical,,L3,MECH C2,6,KUL21 TCS System,Vertiv,0.0,0,81,81,0.0,0,20,20,1,0.0,0,35,35,1,0.0,0,26,26,1,,0,0,0,0,,0,0,0,0,2026-09-12T20:10:25.613305+00:00
2026-09-13,52048,12443088,EDCKUL21CDUB060C,equipment,CDU,Mechanical,,L3,MECH C2,6,KUL21 TCS System,Vertiv,0.0,0,81,81,0.0,0,20,20,1,0.0,0,35,35,1,0.0,0,26,26,1,,0,0,0,0,,0,0,0,0,2026-09-12T20:10:25.613305+00:00
2026-09-13,52048,12443089,EDCKUL21AISC010B,equipment,AIS,Mechanical,,L3,MECH B1,6,KUL21 TCS System,Promatrix DCS,0.0,0,81,81,0.0,0,20,20,1,0.0,0,35,35,1,0.0,0,26,26,1,,0,0,0,0,,0,0,0,0,2026-09-12T20:10:25.613305+00:00
2026-09-13,52048,12443090,EDCKUL21AISC020B,equipment,AIS,Mechanical,,L3,MECH B2,6,KUL21 TCS System,Promatrix DCS,0.0,0,81,81,0.0,0,20,20,1,0.0,0,35,35,1,0.0,0,26,26,1,,0,0,0,0,,0,0,0,0,2026-09-12T20:10:25.613305+00:00
2026-09-13,52048,12443091,EDCKUL21AISC010C,equipment,AIS,Mechanical,,L3,MECH C1,6,KUL21 TCS System,Promatrix DCS,0.0,0,81,81,0.0,0,20,20,1,0.0,0,35,35,1,0.0,0,26,26,1,,0,0,0,0,,0,0,0,0,2026-09-12T20:10:25.613305+00:00
2026-09-13,52048,12443092,EDCKUL21AISC020C,equipment,AIS,Mechanical,,L3,MECH C2,6,KUL21 TCS System,Promatrix DCS,0.0,0,81,81,0.0,0,20,20,1,0.0,0,35,35,1,0.0,0,26,26,1,,0,0,0,0,,0,0,0,0,2026-09-12T20:10:25.613305+00:00
2026-09-13,52048,12443093,EDCKUL21CTSC010B,equipment,CTS,Mechanical,,L3,MECH B1,6,KUL21 TCS System,Promatrix DCS,0.0,0,81,81,0.0,0,20,20,1,0.0,0,35,35,1,0.0,0,26,26,1,,0,0,0,0,,0,0,0,0,2026-09-12T20:10:25.613305+00:00
2026-09-13,52048,12443094,EDCKUL21CTSC020B,equipment,CTS,Mechanical,,L3,MECH B2,6,KUL21 TCS System,Promatrix DCS,0.0,0,81,81,0.0,0,20,20,1,0.0,0,35,35,1,0.0,0,26,26,1,,0,0,0,0,,0,0,0,0,2026-09-12T20:10:25.613305+00:00
2026-09-13,52048,12443095,EDCKUL21CTSC010C,equipment,CTS,Mechanical,,L3,MECH C1,6,KUL21 TCS System,Promatrix DCS,0.0,0,81,81,0.0,0,20,20,1,0.0,0,35,35,1,0.0,0,26,26,1,,0,0,0,0,,0,0,0,0,2026-09-12T20:10:25.613305+00:00
2026-09-13,52048,12443096,EDCKUL21CTSC020C,equipment,CTS,Mechanical,,L3,MECH C2,6,KUL21 TCS System,Promatrix DCS,0.0,0,81,81,0.0,0,20,20,1,0.0,0,35,35,1,0.0,0,26,26,1,,0,0,0,0,,0,0,0,0,2026-09-12T20:10:25.613305+00:00
2026-09-13,52048,12443097,EDCKUL21EXPC010B,equipment,EXP,Mechanical,,L3,MECH B1,6,KUL21 TCS System,Promatrix DCS,0.0,0,81,81,0.0,0,20,20,1,0.0,0,35,35,1,0.0,0,26,26,1,,0,0,0,0,,0,0,0,0,2026-09-12T20:10:25.613305+00:00
2026-09-13,52048,12443098,EDCKUL21EXPC020B,equipment,EXP,Mechanical,,L3,MECH B2,6,KUL21 TCS System,Promatrix DCS,0.0,0,81,81,0.0,0,20,20,1,0.0,0,35,35,1,0.0,0,26,26,1,,0,0,0,0,,0,0,0,0,2026-09-12T20:10:25.613305+00:00
2026-09-13,52048,12443099,EDCKUL21EXPC010C,equipment,EXP,Mechanical,,L3,MECH C1,6,KUL21 TCS System,Promatrix DCS,0.0,0,81,81,0.0,0,20,20,1,0.0,0,35,35,1,0.0,0,26,26,1,,0,0,0,0,,0,0,0,0,2026-09-12T20:10:25.613305+00:00
2026-09-13,52048,12443100,EDCKUL21EXPC020C,equipment,EXP,Mechanical,,L3,MECH C2,6,KUL21 TCS System,Promatrix DCS,0.0,0,81,81,0.0,0,20,20,1,0.0,0,35,35,1,0.0,0,26,26,1,,0,0,0,0,,0,0,0,0,2026-09-12T20:10:25.613305+00:00
2026-09-13,52048,12443101,EDCKUL21MUPC010B,equipment,MUP,Mechanical,,L3,MECH B1,6,KUL21 TCS System,Promatrix DCS,0.0,0,81,81,0.0,0,20,20,1,0.0,0,35,35,1,0.0,0,26,26,1,,0,0,0,0,,0,0,0,0,2026-09-12T20:10:25.613305+00:00
2026-09-13,52048,12443102,EDCKUL21MUPC020B,equipment,MUP,Mechanical,,L3,MECH B2,6,KUL21 TCS System,Promatrix DCS,0.0,0,81,81,0.0,0,20,20,1,0.0,0,35,35,1,0.0,0,26,26,1,,0,0,0,0,,0,0,0,0,2026-09-12T20:10:25.613305+00:00
2026-09-13,52048,12443103,EDCKUL21MUPC010C,equipment,MUP,Mechanical,,L3,MECH C1,6,KUL21 TCS System,Promatrix DCS,0.0,0,81,81,0.0,0,20,20,1,0.0,0,35,35,1,0.0,0,26,26,1,,0,0,0,0,,0,0,0,0,2026-09-12T20:10:25.613305+00:00
2026-09-13,52048,12443104,EDCKUL21MUPC020C,equipment,MUP,Mechanical,,L3,MECH C2,6,KUL21 TCS System,Promatrix DCS,0.0,0,81,81,0.0,0,20,20,1,0.0,0,35,35,1,0.0,0,26,26,1,,0,0,0,0,,0,0,0,0,2026-09-12T20:10:25.613305+00:00
2026-09-13,52048,12443105,EDCKUL21TESC010B,equipment,TES,Mechanical,,L3,MECH B1,6,KUL21 TCS System,Promatrix DCS,0.0,0,81,81,0.0,0,20,20,1,0.0,0,35,35,1,0.0,0,26,26,1,,0,0,0,0,,0,0,0,0,2026-09-12T20:10:25.613305+00:00
2026-09-13,52048,12443106,EDCKUL21TESC020B,equipment,TES,Mechanical,,L3,MECH B1,6,KUL21 TCS System,Promatrix DCS,0.0,0,81,81,0.0,0,20,20,1,0.0,0,35,35,1,0.0,0,26,26,1,,0,0,0,0,,0,0,0,0,2026-09-12T20:10:25.613305+00:00
2026-09-13,52048,12443107,EDCKUL21TESC030B,equipment,TES,Mechanical,,L3,MECH B1,6,KUL21 TCS System,Promatrix DCS,0.0,0,81,81,0.0,0,20,20,1,0.0,0,35,35,1,0.0,0,26,26,1,,0,0,0,0,,0,0,0,0,2026-09-12T20:10:25.613305+00:00
2026-09-13,52048,12443108,EDCKUL21TESC040B,equipment,TES,Mechanical,,L3,MECH B2,6,KUL21 TCS System,Promatrix DCS,0.0,0,81,81,0.0,0,20,20,1,0.0,0,35,35,1,0.0,0,26,26,1,,0,0,0,0,,0,0,0,0,2026-09-12T20:10:25.613305+00:00
2026-09-13,52048,12443109,EDCKUL21TESC050B,equipment,TES,Mechanical,,L3,MECH B2,6,KUL21 TCS System,Promatrix DCS,0.0,0,81,81,0.0,0,20,20,1,0.0,0,35,35,1,0.0,0,26,26,1,,0,0,0,0,,0,0,0,0,2026-09-12T20:10:25.613305+00:00
2026-09-13,52048,12443110,EDCKUL21TESC060B,equipment,TES,Mechanical,,L3,MECH B2,6,KUL21 TCS System,Promatrix DCS,0.0,0,81,81,0.0,0,20,20,1,0.0,0,35,35,1,0.0,0,26,26,1,,0,0,0,0,,0,0,0,0,2026-09-12T20:10:25.613305+00:00
2026-09-13,52048,12443111,EDCKUL21TESC010C,equipment,TES,Mechanical,,L3,MECH C1,6,KUL21 TCS System,Promatrix DCS,0.0,0,81,81,0.0,0,20,20,1,0.0,0,35,35,1,0.0,0,26,26,1,,0,0,0,0,,0,0,0,0,2026-09-12T20:10:25.613305+00:00
2026-09-13,52048,12443112,EDCKUL21TESC020C,equipment,TES,Mechanical,,L3,MECH C1,6,KUL21 TCS System,Promatrix DCS,0.0,0,81,81,0.0,0,20,20,1,0.0,0,35,35,1,0.0,0,26,26,1,,0,0,0,0,,0,0,0,0,2026-09-12T20:10:25.613305+00:00
2026-09-13,52048,12443113,EDCKUL21TESC030C,equipment,TES,Mechanical,,L3,MECH C1,6,KUL21 TCS System,Promatrix DCS,0.0,0,81,81,0.0,0,20,20,1,0.0,0,35,35,1,0.0,0,26,26,1,,0,0,0,0,,0,0,0,0,2026-09-12T20:10:25.613305+00:00
2026-09-13,52048,12443114,EDCKUL21TESC040C,equipment,TES,Mechanical,,L3,MECH C2,6,KUL21 TCS System,Promatrix DCS,0.0,0,81,81,0.0,0,20,20,1,0.0,0,35,35,1,0.0,0,26,26,1,,0,0,0,0,,0,0,0,0,2026-09-12T20:10:25.613305+00:00
2026-09-13,52048,12443115,EDCKUL21TESC050C,equipment,TES,Mechanical,,L3,MECH C2,6,KUL21 TCS System,Promatrix DCS,0.0,0,81,81,0.0,0,20,20,1,0.0,0,35,35,1,0.0,0,26,26,1,,0,0,0,0,,0,0,0,0,2026-09-12T20:10:25.613305+00:00
2026-09-13,52048,12443116,EDCKUL21TESC060C,equipment,TES,Mechanical,,L3,MECH C2,6,KUL21 TCS System,Promatrix DCS,0.0,0,81,81,0.0,0,20,20,1,0.0,0,35,35,1,0.0,0,26,26,1,,0,0,0,0,,0,0,0,0,2026-09-12T20:10:25.613305+00:00
2026-09-13,52048,12443117,EDCKUL21CRAC1700,equipment,CRA,Mechanical,,L3,ELE RM FT,6,KUL21 CHW System,Stulz,22.22,18,81,63,90.0,18,20,2,1,0.0,0,35,35,1,0.0,0,26,26,1,,0,0,0,0,,0,0,0,0,2026-09-12T20:10:25.613305+00:00
2026-09-13,52048,12443118,EDCKUL21CRAC1800,equipment,CRA,Mechanical,,L3,ELE RM FT,6,KUL21 CHW System,Stulz,22.22,18,81,63,90.0,18,20,2,1,0.0,0,35,35,1,0.0,0,26,26,1,,0,0,0,0,,0,0,0,0,2026-09-12T20:10:25.613305+00:00
2026-09-13,52048,12443119,EDCKUL21CRAC1900,equipment,CRA,Mechanical,,L3,ELE RM FA,6,KUL21 CHW System,Stulz,22.22,18,81,63,90.0,18,20,2,1,0.0,0,35,35,1,0.0,0,26,26,1,,0,0,0,0,,0,0,0,0,2026-09-12T20:10:25.613305+00:00
2026-09-13,52048,12443120,EDCKUL21CRAC2000,equipment,CRA,Mechanical,,L3,ELE RM FA,6,KUL21 CHW System,Stulz,22.22,18,81,63,90.0,18,20,2,1,0.0,0,35,35,1,0.0,0,26,26,1,,0,0,0,0,,0,0,0,0,2026-09-12T20:10:25.613305+00:00
2026-09-13,52048,12443121,EDCKUL21CRAC2100,equipment,CRA,Mechanical,,L3,ELE RM FB,6,KUL21 CHW System,Stulz,22.22,18,81,63,90.0,18,20,2,1,0.0,0,35,35,1,0.0,0,26,26,1,,0,0,0,0,,0,0,0,0,2026-09-12T20:10:25.613305+00:00
2026-09-13,52048,12443122,EDCKUL21CRAC2200,equipment,CRA,Mechanical,,L3,ELE RM FB,6,KUL21 CHW System,Stulz,22.22,18,81,63,90.0,18,20,2,1,0.0,0,35,35,1,0.0,0,26,26,1,,0,0,0,0,,0,0,0,0,2026-09-12T20:10:25.613305+00:00
2026-09-13,52048,12443123,EDCKUL21CRAC2300,equipment,CRA,Mechanical,,L3,ELE RM FC,6,KUL21 CHW System,Stulz,22.22,18,81,63,90.0,18,20,2,1,0.0,0,35,35,1,0.0,0,26,26,1,,0,0,0,0,,0,0,0,0,2026-09-12T20:10:25.613305+00:00
2026-09-13,52048,12443124,EDCKUL21CRAC2400,equipment,CRA,Mechanical,,L3,ELE RM FC,6,KUL21 CHW System,Stulz,22.22,18,81,63,90.0,18,20,2,1,0.0,0,35,35,1,0.0,0,26,26,1,,0,0,0,0,,0,0,0,0,2026-09-12T20:10:25.613305+00:00
2026-09-13,52048,12443125,EDCKUL21CRAC2500,equipment,CRA,Mechanical,,L3,ELE RM FF,6,KUL21 CHW System,Stulz,22.22,18,81,63,90.0,18,20,2,1,0.0,0,35,35,1,0.0,0,26,26,1,,0,0,0,0,,0,0,0,0,2026-09-12T20:10:25.613305+00:00
2026-09-13,52048,12443126,EDCKUL21CRAC2600,equipment,CRA,Mechanical,,L3,ELE RM FF,6,KUL21 CHW System,Stulz,22.22,18,81,63,90.0,18,20,2,1,0.0,0,35,35,1,0.0,0,26,26,1,,0,0,0,0,,0,0,0,0,2026-09-12T20:10:25.613305+00:00
2026-09-13,52048,12443127,EDCKUL21CRAC2700,equipment,CRA,Mechanical,,L3,ELE RM FE,6,KUL21 CHW System,Stulz,22.22,18,81,63,90.0,18,20,2,1,0.0,0,35,35,1,0.0,0,26,26,1,,0,0,0,0,,0,0,0,0,2026-09-12T20:10:25.613305+00:00
2026-09-13,52048,12443128,EDCKUL21CRAC2800,equipment,CRA,Mechanical,,L3,ELE RM FE,6,KUL21 CHW System,Stulz,22.22,18,81,63,90.0,18,20,2,1,0.0,0,35,35,1,0.0,0,26,26,1,,0,0,0,0,,0,0,0,0,2026-09-12T20:10:25.613305+00:00
2026-09-13,52048,12443129,EDCKUL21CRAC2900,equipment,CRA,Mechanical,,L3,ELE RM FD,6,KUL21 CHW System,Stulz,23.46,19,81,62,95.0,19,20,1,1,0.0,0,35,35,1,0.0,0,26,26,1,,0,0,0,0,,0,0,0,0,2026-09-12T20:10:25.613305+00:00
2026-09-13,52048,12443130,EDCKUL21CRAC3000,equipment,CRA,Mechanical,,L3,ELE RM FD,6,KUL21 CHW System,Stulz,22.22,18,81,63,90.0,18,20,2,1,0.0,0,35,35,1,0.0,0,26,26,1,,0,0,0,0,,0,0,0,0,2026-09-12T20:10:25.613305+00:00
2026-09-13,52048,12443131,EDCKUL21CRAC010B,equipment,CRA,Mechanical,,L3,MECH B1,6,KUL21 CHW System,Stulz,24.69,20,81,61,100.0,20,20,0,1,0.0,0,35,35,1,0.0,0,26,26,1,,0,0,0,0,,0,0,0,0,2026-09-12T20:10:25.613305+00:00
2026-09-13,52048,12443132,EDCKUL21CRAC020B,equipment,CRA,Mechanical,,L3,MECH B1,6,KUL21 CHW System,Stulz,24.69,20,81,61,100.0,20,20,0,1,0.0,0,35,35,1,0.0,0,26,26,1,,0,0,0,0,,0,0,0,0,2026-09-12T20:10:25.613305+00:00
2026-09-13,52048,12443133,EDCKUL21CRAC030B,equipment,CRA,Mechanical,,L3,MECH B1,6,KUL21 CHW System,Stulz,24.69,20,81,61,100.0,20,20,0,1,0.0,0,35,35,1,0.0,0,26,26,1,,0,0,0,0,,0,0,0,0,2026-09-12T20:10:25.613305+00:00
2026-09-13,52048,12443134,EDCKUL21CRAC040B,equipment,CRA,Mechanical,,L3,MECH B1,6,KUL21 CHW System,Stulz,24.69,20,81,61,100.0,20,20,0,1,0.0,0,35,35,1,0.0,0,26,26,1,,0,0,0,0,,0,0,0,0,2026-09-12T20:10:25.613305+00:00
2026-09-13,52048,12443135,EDCKUL21CRAC080B,equipment,CRA,Mechanical,,L3,MECH B2,6,KUL21 CHW System,Stulz,24.69,20,81,61,100.0,20,20,0,1,0.0,0,35,35,1,0.0,0,26,26,1,,0,0,0,0,,0,0,0,0,2026-09-12T20:10:25.613305+00:00
2026-09-13,52048,12443136,EDCKUL21CRAC070B,equipment,CRA,Mechanical,,L3,MECH B2,6,KUL21 CHW System,Stulz,24.69,20,81,61,100.0,20,20,0,1,0.0,0,35,35,1,0.0,0,26,26,1,,0,0,0,0,,0,0,0,0,2026-09-12T20:10:25.613305+00:00
2026-09-13,52048,12443137,EDCKUL21CRAC060B,equipment,CRA,Mechanical,,L3,MECH B2,6,KUL21 CHW System,Stulz,24.69,20,81,61,100.0,20,20,0,1,0.0,0,35,35,1,0.0,0,26,26,1,,0,0,0,0,,0,0,0,0,2026-09-12T20:10:25.613305+00:00
2026-09-13,52048,12443138,EDCKUL21CRAC050B,equipment,CRA,Mechanical,,L3,MECH B2,6,KUL21 CHW System,Stulz,24.69,20,81,61,100.0,20,20,0,1,0.0,0,35,35,1,0.0,0,26,26,1,,0,0,0,0,,0,0,0,0,2026-09-12T20:10:25.613305+00:00
2026-09-13,52048,12443139,EDCKUL21CRAC010C,equipment,CRA,Mechanical,,L3,MECH C1,6,KUL21 CHW System,Stulz,24.69,20,81,61,100.0,20,20,0,1,0.0,0,35,35,1,0.0,0,26,26,1,,0,0,0,0,,0,0,0,0,2026-09-12T20:10:25.613305+00:00
2026-09-13,52048,12443140,EDCKUL21CRAC020C,equipment,CRA,Mechanical,,L3,MECH C1,6,KUL21 CHW System,Stulz,24.69,20,81,61,100.0,20,20,0,1,0.0,0,35,35,1,0.0,0,26,26,1,,0,0,0,0,,0,0,0,0,2026-09-12T20:10:25.613305+00:00
2026-09-13,52048,12443141,EDCKUL21CRAC030C,equipment,CRA,Mechanical,,L3,MECH C1,6,KUL21 CHW System,Stulz,24.69,20,81,61,100.0,20,20,0,1,0.0,0,35,35,1,0.0,0,26,26,1,,0,0,0,0,,0,0,0,0,2026-09-12T20:10:25.613305+00:00
2026-09-13,52048,12443142,EDCKUL21CRAC040C,equipment,CRA,Mechanical,,L3,MECH C1,6,KUL21 CHW System,Stulz,24.69,20,81,61,100.0,20,20,0,1,0.0,0,35,35,1,0.0,0,26,26,1,,0,0,0,0,,0,0,0,0,2026-09-12T20:10:25.613305+00:00
2026-09-13,52048,12443143,EDCKUL21CRAC080C,equipment,CRA,Mechanical,,L3,MECH C2,6,KUL21 CHW System,Stulz,24.69,20,81,61,100.0,20,20,0,1,0.0,0,35,35,1,0.0,0,26,26,1,,0,0,0,0,,0,0,0,0,2026-09-12T20:10:25.613305+00:00
2026-09-13,52048,12443144,EDCKUL21CRAC070C,equipment,CRA,Mechanical,,L3,MECH C2,6,KUL21 CHW System,Stulz,24.69,20,81,61,100.0,20,20,0,1,0.0,0,35,35,1,0.0,0,26,26,1,,0,0,0,0,,0,0,0,0,2026-09-12T20:10:25.613305+00:00
2026-09-13,52048,12443145,EDCKUL21CRAC060C,equipment,CRA,Mechanical,,L3,MECH C2,6,KUL21 CHW System,Stulz,24.69,20,81,61,100.0,20,20,0,1,0.0,0,35,35,1,0.0,0,26,26,1,,0,0,0,0,,0,0,0,0,2026-09-12T20:10:25.613305+00:00
2026-09-13,52048,12443146,EDCKUL21CRAC050C,equipment,CRA,Mechanical,,L3,MECH C2,6,KUL21 CHW System,Stulz,24.69,20,81,61,100.0,20,20,0,1,0.0,0,35,35,1,0.0,0,26,26,1,,0,0,0,0,,0,0,0,0,2026-09-12T20:10:25.613305+00:00
2026-09-13,52048,12443147,EDCKUL21GDTFA100,equipment,GDT,Fuel,,L3,GEN ROOM FA,6,KUL21 Fuel System,Sime Darby Industrial,24.69,20,81,61,100.0,20,20,0,1,0.0,0,35,35,1,0.0,0,26,26,1,,0,0,0,0,,0,0,0,0,2026-09-12T20:10:25.613305+00:00
2026-09-13,52048,12443148,EDCKUL21GDTFB100,equipment,GDT,Fuel,,L3,GEN ROOM FB,6,KUL21 Fuel System,Sime Darby Industrial,24.69,20,81,61,100.0,20,20,0,1,0.0,0,35,35,1,0.0,0,26,26,1,,0,0,0,0,,0,0,0,0,2026-09-12T20:10:25.613305+00:00
2026-09-13,52048,12443149,EDCKUL21GDTFC100,equipment,GDT,Fuel,,L3,GEN ROOM FC,6,KUL21 Fuel System,Sime Darby Industrial,24.69,20,81,61,100.0,20,20,0,1,0.0,0,35,35,1,0.0,0,26,26,1,,0,0,0,0,,0,0,0,0,2026-09-12T20:10:25.613305+00:00
2026-09-13,52048,12443150,EDCKUL21GDTFD100,equipment,GDT,Fuel,,L3,GEN ROOM FD,6,KUL21 Fuel System,Sime Darby Industrial,24.69,20,81,61,100.0,20,20,0,1,0.0,0,35,35,1,0.0,0,26,26,1,,0,0,0,0,,0,0,0,0,2026-09-12T20:10:25.613305+00:00
2026-09-13,52048,12443151,EDCKUL21GDTFE100,equipment,GDT,Fuel,,L3,GEN ROOM FE,6,KUL21 Fuel System,Sime Darby Industrial,24.69,20,81,61,100.0,20,20,0,1,0.0,0,35,35,1,0.0,0,26,26,1,,0,0,0,0,,0,0,0,0,2026-09-12T20:10:25.613305+00:00
2026-09-13,52048,12443152,EDCKUL21GDTFF100,equipment,GDT,Fuel,,L3,GEN ROOM FF,6,KUL21 Fuel System,Sime Darby Industrial,24.69,20,81,61,100.0,20,20,0,1,0.0,0,35,35,1,0.0,0,26,26,1,,0,0,0,0,,0,0,0,0,2026-09-12T20:10:25.613305+00:00
2026-09-13,52048,12443153,EDCKUL21GDTFT100,equipment,GDT,Fuel,,L3,GEN ROOM FT,6,KUL21 Fuel System,Sime Darby Industrial,24.69,20,81,61,100.0,20,20,0,1,0.0,0,35,35,1,0.0,0,26,26,1,,0,0,0,0,,0,0,0,0,2026-09-12T20:10:25.613305+00:00
2026-09-13,52048,12443154,EDCKUL21GENFA100,equipment,GEN,Electrical,,L3,GEN ROOM FA,6,KUL21 Generator System,Sime Darby Industrial,24.69,20,81,61,100.0,20,20,0,1,0.0,0,35,35,1,0.0,0,26,26,1,,0,0,0,0,,0,0,0,0,2026-09-12T20:10:25.613305+00:00
2026-09-13,52048,12443155,EDCKUL21GENFB100,equipment,GEN,Electrical,,L3,GEN ROOM FB,6,KUL21 Generator System,Sime Darby Industrial,24.69,20,81,61,100.0,20,20,0,1,0.0,0,35,35,1,0.0,0,26,26,1,,0,0,0,0,,0,0,0,0,2026-09-12T20:10:25.613305+00:00
2026-09-13,52048,12443156,EDCKUL21GENFC100,equipment,GEN,Electrical,,L3,GEN ROOM FC,6,KUL21 Generator System,Sime Darby Industrial,24.69,20,81,61,100.0,20,20,0,1,0.0,0,35,35,1,0.0,0,26,26,1,,0,0,0,0,,0,0,0,0,2026-09-12T20:10:25.613305+00:00
2026-09-13,52048,12443157,EDCKUL21GENFD100,equipment,GEN,Electrical,,L3,GEN ROOM FD,6,KUL21 Generator System,Sime Darby Industrial,24.69,20,81,61,100.0,20,20,0,1,0.0,0,35,35,1,0.0,0,26,26,1,,0,0,0,0,,0,0,0,0,2026-09-12T20:10:25.613305+00:00
2026-09-13,52048,12443158,EDCKUL21GENFE100,equipment,GEN,Electrical,,L3,GEN ROOM FE,6,KUL21 Generator System,Sime Darby Industrial,24.69,20,81,61,100.0,20,20,0,1,0.0,0,35,35,1,0.0,0,26,26,1,,0,0,0,0,,0,0,0,0,2026-09-12T20:10:25.613305+00:00
2026-09-13,52048,12443159,EDCKUL21GENFF100,equipment,GEN,Electrical,,L3,GEN ROOM FF,6,KUL21 Generator System,Sime Darby Industrial,24.69,20,81,61,100.0,20,20,0,1,0.0,0,35,35,1,0.0,0,26,26,1,,0,0,0,0,,0,0,0,0,2026-09-12T20:10:25.613305+00:00
2026-09-13,52048,12443160,EDCKUL21GENFT100,equipment,GEN,Electrical,,L3,GEN ROOM FT,6,KUL21 Generator System,Sime Darby Industrial,24.69,20,81,61,100.0,20,20,0,1,0.0,0,35,35,1,0.0,0,26,26,1,,0,0,0,0,,0,0,0,0,2026-09-12T20:10:25.613305+00:00
2026-09-13,52048,12443161,EDCKUL21GSBFA100,equipment,GSB,Electrical,,L3,GEN ROOM FA,6,KUL21 Generator System,Sime Darby Industrial,23.46,19,81,62,95.0,19,20,1,1,0.0,0,35,35,1,0.0,0,26,26,1,,0,0,0,0,,0,0,0,0,2026-09-12T20:10:25.613305+00:00
2026-09-13,52048,12443162,EDCKUL21GSBFB100,equipment,GSB,Electrical,,L3,GEN ROOM FB,6,KUL21 Generator System,Sime Darby Industrial,23.46,19,81,62,95.0,19,20,1,1,0.0,0,35,35,1,0.0,0,26,26,1,,0,0,0,0,,0,0,0,0,2026-09-12T20:10:25.613305+00:00
2026-09-13,52048,12443163,EDCKUL21GSBFC100,equipment,GSB,Electrical,,L3,GEN ROOM FC,6,KUL21 Generator System,Sime Darby Industrial,7.41,6,81,75,30.0,6,20,14,1,0.0,0,35,35,1,0.0,0,26,26,1,,0,0,0,0,,0,0,0,0,2026-09-12T20:10:25.613305+00:00
2026-09-13,52048,12443164,EDCKUL21GSBFD100,equipment,GSB,Electrical,,L3,GEN ROOM FD,6,KUL21 Generator System,Sime Darby Industrial,7.41,6,81,75,30.0,6,20,14,1,0.0,0,35,35,1,0.0,0,26,26,1,,0,0,0,0,,0,0,0,0,2026-09-12T20:10:25.613305+00:00
2026-09-13,52048,12443165,EDCKUL21GSBFE100,equipment,GSB,Electrical,,L3,GEN ROOM FE,6,KUL21 Generator System,Sime Darby Industrial,7.41,6,81,75,30.0,6,20,14,1,0.0,0,35,35,1,0.0,0,26,26,1,,0,0,0,0,,0,0,0,0,2026-09-12T20:10:25.613305+00:00
2026-09-13,52048,12443166,EDCKUL21GSBFF100,equipment,GSB,Electrical,,L3,GEN ROOM FF,6,KUL21 Generator System,Sime Darby Industrial,7.41,6,81,75,30.0,6,20,14,1,0.0,0,35,35,1,0.0,0,26,26,1,,0,0,0,0,,0,0,0,0,2026-09-12T20:10:25.613305+00:00
2026-09-13,52048,12443167,EDCKUL21GSBFT100,equipment,GSB,Electrical,,L3,GEN ROOM FT,6,KUL21 Generator System,Sime Darby Industrial,7.41,6,81,75,30.0,6,20,14,1,0.0,0,35,35,1,0.0,0,26,26,1,,0,0,0,0,,0,0,0,0,2026-09-12T20:10:25.613305+00:00
2026-09-13,52048,12443168,EDCKUL21DSGFB110,equipment,DSG,Electrical,,L3,TX BAY FB-FC,6,KUL21 MV System,Siemens Malaysia,33.33,27,81,54,100.0,20,20,0,1,20.0,7,35,28,1,0.0,0,26,26,1,,0,0,0,0,,0,0,0,0,2026-09-12T20:10:25.613305+00:00
2026-09-13,52048,12443169,EDCKUL21DSGFC110,equipment,DSG,Electrical,,L3,TX BAY FB-FC,6,KUL21 MV System,Siemens Malaysia,33.33,27,81,54,100.0,20,20,0,1,20.0,7,35,28,1,0.0,0,26,26,1,,0,0,0,0,,0,0,0,0,2026-09-12T20:10:25.613305+00:00
2026-09-13,52048,12443170,EDCKUL21DSGFD110,equipment,DSG,Electrical,,L3,TX BAY FD-FE,6,KUL21 MV System,Siemens Malaysia,33.33,27,81,54,100.0,20,20,0,1,20.0,7,35,28,1,0.0,0,26,26,1,,0,0,0,0,,0,0,0,0,2026-09-12T20:10:25.613305+00:00
2026-09-13,52048,12443171,EDCKUL21DSGFE110,equipment,DSG,Electrical,,L3,TX BAY FD-FE,6,KUL21 MV System,Siemens Malaysia,33.33,27,81,54,100.0,20,20,0,1,20.0,7,35,28,1,0.0,0,26,26,1,,0,0,0,0,,0,0,0,0,2026-09-12T20:10:25.613305+00:00
2026-09-13,52048,12443172,EDCKUL21DSGFF110,equipment,DSG,Electrical,,L3,TX BAY FF,6,KUL21 MV System,Siemens Malaysia,33.33,27,81,54,100.0,20,20,0,1,20.0,7,35,28,1,0.0,0,26,26,1,,0,0,0,0,,0,0,0,0,2026-09-12T20:10:25.613305+00:00
2026-09-13,52048,12443173,EDCKUL21DSGFA110,equipment,DSG,Electrical,,L3,TX BAY FT-FA,6,KUL21 MV System,Siemens Malaysia,33.33,27,81,54,100.0,20,20,0,1,20.0,7,35,28,1,0.0,0,26,26,1,,0,0,0,0,,0,0,0,0,2026-09-12T20:10:25.613305+00:00
2026-09-13,52048,12443174,EDCKUL21DSGFT110,equipment,DSG,Electrical,,L3,TX BAY FT-FA,6,KUL21 MV System,Siemens Malaysia,33.33,27,81,54,100.0,20,20,0,1,20.0,7,35,28,1,0.0,0,26,26,1,,0,0,0,0,,0,0,0,0,2026-09-12T20:10:25.613305+00:00
2026-09-13,52048,12443175,EDCKUL21TRNFB100,equipment,TRN,Electrical,,L3,TX BAY FB-FC,6,KUL21 MV System,Siemens Malaysia,41.98,34,81,47,100.0,20,20,0,1,20.0,7,35,28,1,26.92,7,26,19,1,,0,0,0,0,,0,0,0,0,2026-09-12T20:10:25.613305+00:00
2026-09-13,52048,12443176,EDCKUL21TRNFC100,equipment,TRN,Electrical,,L3,TX BAY FB-FC,6,KUL21 MV System,Siemens Malaysia,33.33,27,81,54,100.0,20,20,0,1,20.0,7,35,28,1,0.0,0,26,26,1,,0,0,0,0,,0,0,0,0,2026-09-12T20:10:25.613305+00:00
2026-09-13,52048,12443177,EDCKUL21TRNFD100,equipment,TRN,Electrical,,L3,TX BAY FD-FE,6,KUL21 MV System,Siemens Malaysia,33.33,27,81,54,100.0,20,20,0,1,20.0,7,35,28,1,0.0,0,26,26,1,,0,0,0,0,,0,0,0,0,2026-09-12T20:10:25.613305+00:00
2026-09-13,52048,12443178,EDCKUL21TRNFE100,equipment,TRN,Electrical,,L3,TX BAY FD-FE,6,KUL21 MV System,Siemens Malaysia,33.33,27,81,54,100.0,20,20,0,1,20.0,7,35,28,1,0.0,0,26,26,1,,0,0,0,0,,0,0,0,0,2026-09-12T20:10:25.613305+00:00
2026-09-13,52048,12443179,EDCKUL21TRNFF100,equipment,TRN,Electrical,,L3,TX BAY FF,6,KUL21 MV System,Siemens Malaysia,33.33,27,81,54,100.0,20,20,0,1,20.0,7,35,28,1,0.0,0,26,26,1,,0,0,0,0,,0,0,0,0,2026-09-12T20:10:25.613305+00:00
2026-09-13,52048,12443180,EDCKUL21TRNFA100,equipment,TRN,Electrical,,L3,TX BAY FT-FA,6,KUL21 MV System,Siemens Malaysia,41.98,34,81,47,100.0,20,20,0,1,20.0,7,35,28,1,26.92,7,26,19,1,,0,0,0,0,,0,0,0,0,2026-09-12T20:10:25.613305+00:00
2026-09-13,52048,12443181,EDCKUL21TRNFT100,equipment,TRN,Electrical,,L3,TX BAY FT-FA,6,KUL21 MV System,Siemens Malaysia,33.33,27,81,54,100.0,20,20,0,1,20.0,7,35,28,1,0.0,0,26,26,1,,0,0,0,0,,0,0,0,0,2026-09-12T20:10:25.613305+00:00
2026-09-13,52048,12443182,EDCKUL21MSBFA110,equipment,MSB,Electrical,,L3,ELE RM FA,6,KUL21 LV System,Powerwell,24.69,20,81,61,100.0,20,20,0,1,0.0,0,35,35,1,0.0,0,26,26,1,,0,0,0,0,,0,0,0,0,2026-09-12T20:10:25.613305+00:00
2026-09-13,52048,12443183,EDCKUL21MSBFA210,equipment,MSB,Electrical,,L3,ELE RM FA,6,KUL21 LV System,POWERWELL,24.69,20,81,61,100.0,20,20,0,1,0.0,0,35,35,1,0.0,0,26,26,1,,0,0,0,0,,0,0,0,0,2026-09-12T20:10:25.613305+00:00
2026-09-13,52048,12443184,EDCKUL21MSBFB110,equipment,MSB,Electrical,,L3,ELE RM FB,6,KUL21 LV System,Powerwell,24.69,20,81,61,100.0,20,20,0,1,0.0,0,35,35,1,0.0,0,26,26,1,,0,0,0,0,,0,0,0,0,2026-09-12T20:10:25.613305+00:00
2026-09-13,52048,12443185,EDCKUL21MSBFB210,equipment,MSB,Electrical,,L3,ELE RM FB,6,KUL21 LV System,POWERWELL,24.69,20,81,61,100.0,20,20,0,1,0.0,0,35,35,1,0.0,0,26,26,1,,0,0,0,0,,0,0,0,0,2026-09-12T20:10:25.613305+00:00
2026-09-13,52048,12443186,EDCKUL21MSBFC110,equipment,MSB,Electrical,,L3,ELE RM FC,6,KUL21 LV System,Powerwell,24.69,20,81,61,100.0,20,20,0,1,0.0,0,35,35,1,0.0,0,26,26,1,,0,0,0,0,,0,0,0,0,2026-09-12T20:10:25.613305+00:00
2026-09-13,52048,12443187,EDCKUL21MSBFC210,equipment,MSB,Electrical,,L3,ELE RM FC,6,KUL21 LV System,POWERWELL,24.69,20,81,61,100.0,20,20,0,1,0.0,0,35,35,1,0.0,0,26,26,1,,0,0,0,0,,0,0,0,0,2026-09-12T20:10:25.613305+00:00
2026-09-13,52048,12443188,EDCKUL21MSBFD110,equipment,MSB,Electrical,,L3,ELE RM FD,6,KUL21 LV System,Powerwell,24.69,20,81,61,100.0,20,20,0,1,0.0,0,35,35,1,0.0,0,26,26,1,,0,0,0,0,,0,0,0,0,2026-09-12T20:10:25.613305+00:00
2026-09-13,52048,12443189,EDCKUL21MSBFD210,equipment,MSB,Electrical,,L3,ELE RM FD,6,KUL21 LV System,POWERWELL,24.69,20,81,61,100.0,20,20,0,1,0.0,0,35,35,1,0.0,0,26,26,1,,0,0,0,0,,0,0,0,0,2026-09-12T20:10:25.613305+00:00
2026-09-13,52048,12443190,EDCKUL21MSBFE110,equipment,MSB,Electrical,,L3,ELE RM FE,6,KUL21 LV System,Powerwell,24.69,20,81,61,100.0,20,20,0,1,0.0,0,35,35,1,0.0,0,26,26,1,,0,0,0,0,,0,0,0,0,2026-09-12T20:10:25.613305+00:00
2026-09-13,52048,12443191,EDCKUL21MSBFE210,equipment,MSB,Electrical,,L3,ELE RM FE,6,KUL21 LV System,POWERWELL,24.69,20,81,61,100.0,20,20,0,1,0.0,0,35,35,1,0.0,0,26,26,1,,0,0,0,0,,0,0,0,0,2026-09-12T20:10:25.613305+00:00
2026-09-13,52048,12443192,EDCKUL21MSBFF110,equipment,MSB,Electrical,,L3,ELE RM FF,6,KUL21 LV System,Powerwell,24.69,20,81,61,100.0,20,20,0,1,0.0,0,35,35,1,0.0,0,26,26,1,,0,0,0,0,,0,0,0,0,2026-09-12T20:10:25.613305+00:00
2026-09-13,52048,12443193,EDCKUL21MSBFF210,equipment,MSB,Electrical,,L3,ELE RM FF,6,KUL21 LV System,POWERWELL,24.69,20,81,61,100.0,20,20,0,1,0.0,0,35,35,1,0.0,0,26,26,1,,0,0,0,0,,0,0,0,0,2026-09-12T20:10:25.613305+00:00
2026-09-13,52048,12443194,EDCKUL21MSBFT110,equipment,MSB,Electrical,,L3,ELE RM FT,6,KUL21 LV System,Powerwell,24.69,20,81,61,100.0,20,20,0,1,0.0,0,35,35,1,0.0,0,26,26,1,,0,0,0,0,,0,0,0,0,2026-09-12T20:10:25.613305+00:00
2026-09-13,52048,12443195,EDCKUL21MBCFA110,equipment,MBC,Electrical,,L3,ELE RM FA,6,KUL21 LV System,Powerwell,24.69,20,81,61,100.0,20,20,0,1,0.0,0,35,35,1,0.0,0,26,26,1,,0,0,0,0,,0,0,0,0,2026-09-12T20:10:25.613305+00:00
2026-09-13,52048,12443196,EDCKUL21MBCFB110,equipment,MBC,Electrical,,L3,ELE RM FB,6,KUL21 LV System,Powerwell,24.69,20,81,61,100.0,20,20,0,1,0.0,0,35,35,1,0.0,0,26,26,1,,0,0,0,0,,0,0,0,0,2026-09-12T20:10:25.613305+00:00
2026-09-13,52048,12443197,EDCKUL21MBCFC110,equipment,MBC,Electrical,,L3,ELE RM FC,6,KUL21 LV System,Powerwell,24.69,20,81,61,100.0,20,20,0,1,0.0,0,35,35,1,0.0,0,26,26,1,,0,0,0,0,,0,0,0,0,2026-09-12T20:10:25.613305+00:00
2026-09-13,52048,12443198,EDCKUL21MBCFD110,equipment,MBC,Electrical,,L3,ELE RM FD,6,KUL21 LV System,Powerwell,24.69,20,81,61,100.0,20,20,0,1,0.0,0,35,35,1,0.0,0,26,26,1,,0,0,0,0,,0,0,0,0,2026-09-12T20:10:25.613305+00:00
2026-09-13,52048,12443199,EDCKUL21MBCFE110,equipment,MBC,Electrical,,L3,ELE RM FE,6,KUL21 LV System,Powerwell,24.69,20,81,61,100.0,20,20,0,1,0.0,0,35,35,1,0.0,0,26,26,1,,0,0,0,0,,0,0,0,0,2026-09-12T20:10:25.613305+00:00
2026-09-13,52048,12443200,EDCKUL21MBCFF110,equipment,MBC,Electrical,,L3,ELE RM FF,6,KUL21 LV System,Powerwell,24.69,20,81,61,100.0,20,20,0,1,0.0,0,35,35,1,0.0,0,26,26,1,,0,0,0,0,,0,0,0,0,2026-09-12T20:10:25.613305+00:00
2026-09-13,52048,12443201,EDCKUL21MBCFT110,equipment,MBC,Electrical,,L3,ELE RM FT,6,KUL21 LV System,Powerwell,24.69,20,81,61,100.0,20,20,0,1,0.0,0,35,35,1,0.0,0,26,26,1,,0,0,0,0,,0,0,0,0,2026-09-12T20:10:25.613305+00:00
2026-09-13,52048,12443202,EDCKUL21DPPFA110,equipment,DPP,Electrical,,L3,GEN ROOM FA,6,KUL21 LV System,Sime Darby Industrial,24.69,20,81,61,100.0,20,20,0,1,0.0,0,35,35,1,0.0,0,26,26,1,,0,0,0,0,,0,0,0,0,2026-09-12T20:10:25.613305+00:00
2026-09-13,52048,12443203,EDCKUL21DPPFB110,equipment,DPP,Electrical,,L3,GEN ROOM FB,6,KUL21 LV System,Sime Darby Industrial,24.69,20,81,61,100.0,20,20,0,1,0.0,0,35,35,1,0.0,0,26,26,1,,0,0,0,0,,0,0,0,0,2026-09-12T20:10:25.613305+00:00
2026-09-13,52048,12443204,EDCKUL21DPPFC110,equipment,DPP,Electrical,,L3,GEN ROOM FC,6,KUL21 LV System,Sime Darby Industrial,24.69,20,81,61,100.0,20,20,0,1,0.0,0,35,35,1,0.0,0,26,26,1,,0,0,0,0,,0,0,0,0,2026-09-12T20:10:25.613305+00:00
2026-09-13,52048,12443205,EDCKUL21DPPFD110,equipment,DPP,Electrical,,L3,GEN ROOM FD,6,KUL21 LV System,Sime Darby Industrial,24.69,20,81,61,100.0,20,20,0,1,0.0,0,35,35,1,0.0,0,26,26,1,,0,0,0,0,,0,0,0,0,2026-09-12T20:10:25.613305+00:00
2026-09-13,52048,12443206,EDCKUL21DPPFE110,equipment,DPP,Electrical,,L3,GEN ROOM FE,6,KUL21 LV System,Sime Darby Industrial,24.69,20,81,61,100.0,20,20,0,1,0.0,0,35,35,1,0.0,0,26,26,1,,0,0,0,0,,0,0,0,0,2026-09-12T20:10:25.613305+00:00
2026-09-13,52048,12443207,EDCKUL21DPPFF110,equipment,DPP,Electrical,,L3,GEN ROOM FF,6,KUL21 LV System,Sime Darby Industrial,24.69,20,81,61,100.0,20,20,0,1,0.0,0,35,35,1,0.0,0,26,26,1,,0,0,0,0,,0,0,0,0,2026-09-12T20:10:25.613305+00:00
2026-09-13,52048,12443208,EDCKUL21DPPFT110,equipment,DPP,Electrical,,L3,GEN ROOM FT,6,KUL21 LV System,Sime Darby Industrial,24.69,20,81,61,100.0,20,20,0,1,0.0,0,35,35,1,0.0,0,26,26,1,,0,0,0,0,,0,0,0,0,2026-09-12T20:10:25.613305+00:00
2026-09-13,52048,12443209,EDCKUL21ELPFB120,equipment,ELP,Electrical,,L3,PANEL RM L3,6,KUL21 LV System,Promatrix DCS,24.69,20,81,61,100.0,20,20,0,1,0.0,0,35,35,1,0.0,0,26,26,1,,0,0,0,0,,0,0,0,0,2026-09-12T20:10:25.613305+00:00
2026-09-13,52048,12443210,EDCKUL21ELPFC120,equipment,ELP,Electrical,,L3,PANEL RM L3,6,KUL21 LV System,Promatrix DCS,24.69,20,81,61,100.0,20,20,0,1,0.0,0,35,35,1,0.0,0,26,26,1,,0,0,0,0,,0,0,0,0,2026-09-12T20:10:25.613305+00:00
2026-09-13,52048,12443211,EDCKUL21ELPFE120,equipment,ELP,Electrical,,L3,PANEL RM L3,6,KUL21 LV System,Promatrix DCS,24.69,20,81,61,100.0,20,20,0,1,0.0,0,35,35,1,0.0,0,26,26,1,,0,0,0,0,,0,0,0,0,2026-09-12T20:10:25.613305+00:00
2026-09-13,52048,12443212,EDCKUL21ELPFD120,equipment,ELP,Electrical,,L3,PANEL RM L3,6,KUL21 LV System,Promatrix DCS,24.69,20,81,61,100.0,20,20,0,1,0.0,0,35,35,1,0.0,0,26,26,1,,0,0,0,0,,0,0,0,0,2026-09-12T20:10:25.613305+00:00
2026-09-13,52048,12443213,EDCKUL21ELPFB220,equipment,ELP,Electrical,,RF,ROOF,6,KUL21 LV System,Promatrix DCS,24.69,20,81,61,100.0,20,20,0,1,0.0,0,35,35,1,0.0,0,26,26,1,,0,0,0,0,,0,0,0,0,2026-09-12T20:10:25.613305+00:00
2026-09-13,52048,12443214,EDCKUL21ELPFC220,equipment,ELP,Electrical,,RF,ROOF,6,KUL21 LV System,Promatrix DCS,24.69,20,81,61,100.0,20,20,0,1,0.0,0,35,35,1,0.0,0,26,26,1,,0,0,0,0,,0,0,0,0,2026-09-12T20:10:25.613305+00:00
2026-09-13,52048,12443215,EDCKUL21ELPFE220,equipment,ELP,Electrical,,RF,ROOF,6,KUL21 LV System,Promatrix DCS,24.69,20,81,61,100.0,20,20,0,1,0.0,0,35,35,1,0.0,0,26,26,1,,0,0,0,0,,0,0,0,0,2026-09-12T20:10:25.613305+00:00
2026-09-13,52048,12443216,EDCKUL21ELPFD220,equipment,ELP,Electrical,,RF,ROOF,6,KUL21 LV System,Promatrix DCS,24.69,20,81,61,100.0,20,20,0,1,0.0,0,35,35,1,0.0,0,26,26,1,,0,0,0,0,,0,0,0,0,2026-09-12T20:10:25.613305+00:00
2026-09-13,52048,12443217,EDCKUL21EPPFA120,equipment,EPP,Electrical,,L3,PANEL RM L3,6,KUL21 LV System,Promatrix DCS,24.69,20,81,61,100.0,20,20,0,1,0.0,0,35,35,1,0.0,0,26,26,1,,0,0,0,0,,0,0,0,0,2026-09-12T20:10:25.613305+00:00
2026-09-13,52048,12443218,EDCKUL21EPPFB120,equipment,EPP,Electrical,,L3,PANEL RM L3,6,KUL21 LV System,Promatrix DCS,24.69,20,81,61,100.0,20,20,0,1,0.0,0,35,35,1,0.0,0,26,26,1,,0,0,0,0,,0,0,0,0,2026-09-12T20:10:25.613305+00:00
2026-09-13,52048,12443219,EDCKUL21EPPFE120,equipment,EPP,Electrical,,L3,PANEL RM L3,6,KUL21 LV System,Promatrix DCS,24.69,20,81,61,100.0,20,20,0,1,0.0,0,35,35,1,0.0,0,26,26,1,,0,0,0,0,,0,0,0,0,2026-09-12T20:10:25.613305+00:00
2026-09-13,52048,12443220,EDCKUL21EPPFF120,equipment,EPP,Electrical,,L3,PANEL RM L3,6,KUL21 LV System,Promatrix DCS,24.69,20,81,61,100.0,20,20,0,1,0.0,0,35,35,1,0.0,0,26,26,1,,0,0,0,0,,0,0,0,0,2026-09-12T20:10:25.613305+00:00
2026-09-13,52048,12443221,EDCKUL21EPPFA220,equipment,EPP,Electrical,,RF,ROOF,6,KUL21 LV System,Promatrix DCS,24.69,20,81,61,100.0,20,20,0,1,0.0,0,35,35,1,0.0,0,26,26,1,,0,0,0,0,,0,0,0,0,2026-09-12T20:10:25.613305+00:00
2026-09-13,52048,12443222,EDCKUL21EPPFB220,equipment,EPP,Electrical,,RF,ROOF,6,KUL21 LV System,Promatrix DCS,24.69,20,81,61,100.0,20,20,0,1,0.0,0,35,35,1,0.0,0,26,26,1,,0,0,0,0,,0,0,0,0,2026-09-12T20:10:25.613305+00:00
2026-09-13,52048,12443223,EDCKUL21EPPFE220,equipment,EPP,Electrical,,RF,ROOF,6,KUL21 LV System,Promatrix DCS,24.69,20,81,61,100.0,20,20,0,1,0.0,0,35,35,1,0.0,0,26,26,1,,0,0,0,0,,0,0,0,0,2026-09-12T20:10:25.613305+00:00
2026-09-13,52048,12443224,EDCKUL21EPPFF220,equipment,EPP,Electrical,,RF,ROOF,6,KUL21 LV System,Promatrix DCS,24.69,20,81,61,100.0,20,20,0,1,0.0,0,35,35,1,0.0,0,26,26,1,,0,0,0,0,,0,0,0,0,2026-09-12T20:10:25.613305+00:00
2026-09-13,52048,12443225,EDCKUL21MDPFA110,equipment,MDP,Electrical,,L3,ELE RM FA,6,KUL21 LV System,Powerwell,24.69,20,81,61,100.0,20,20,0,1,0.0,0,35,35,1,0.0,0,26,26,1,,0,0,0,0,,0,0,0,0,2026-09-12T20:10:25.613305+00:00
2026-09-13,52048,12443226,EDCKUL21MDPFB110,equipment,MDP,Electrical,,L3,ELE RM FB,6,KUL21 LV System,Powerwell,24.69,20,81,61,100.0,20,20,0,1,0.0,0,35,35,1,0.0,0,26,26,1,,0,0,0,0,,0,0,0,0,2026-09-12T20:10:25.613305+00:00
2026-09-13,52048,12443227,EDCKUL21MDPFC110,equipment,MDP,Electrical,,L3,ELE RM FC,6,KUL21 LV System,Powerwell,24.69,20,81,61,100.0,20,20,0,1,0.0,0,35,35,1,0.0,0,26,26,1,,0,0,0,0,,0,0,0,0,2026-09-12T20:10:25.613305+00:00
2026-09-13,52048,12443228,EDCKUL21MDPFD110,equipment,MDP,Electrical,,L3,ELE RM FD,6,KUL21 LV System,Powerwell,24.69,20,81,61,100.0,20,20,0,1,0.0,0,35,35,1,0.0,0,26,26,1,,0,0,0,0,,0,0,0,0,2026-09-12T20:10:25.613305+00:00
2026-09-13,52048,12443229,EDCKUL21MDPFE110,equipment,MDP,Electrical,,L3,ELE RM FE,6,KUL21 LV System,Powerwell,24.69,20,81,61,100.0,20,20,0,1,0.0,0,35,35,1,0.0,0,26,26,1,,0,0,0,0,,0,0,0,0,2026-09-12T20:10:25.613305+00:00
2026-09-13,52048,12443230,EDCKUL21MDPFF110,equipment,MDP,Electrical,,L3,ELE RM FF,6,KUL21 LV System,Powerwell,24.69,20,81,61,100.0,20,20,0,1,0.0,0,35,35,1,0.0,0,26,26,1,,0,0,0,0,,0,0,0,0,2026-09-12T20:10:25.613305+00:00
2026-09-13,52048,12443231,EDCKUL21MDPFT110,equipment,MDP,Electrical,,L3,PANEL RM L3,6,KUL21 LV System,Promatrix DCS,24.69,20,81,61,100.0,20,20,0,1,0.0,0,35,35,1,0.0,0,26,26,1,,0,0,0,0,,0,0,0,0,2026-09-12T20:10:25.613305+00:00
2026-09-13,52048,12443232,EDCKUL21MDPFT210,equipment,MDP,Electrical,,L3,PANEL RM L3,6,KUL21 LV System,Promatrix DCS,24.69,20,81,61,100.0,20,20,0,1,0.0,0,35,35,1,0.0,0,26,26,1,,0,0,0,0,,0,0,0,0,2026-09-12T20:10:25.613305+00:00
2026-09-13,52048,12443233,EDCKUL21MDPFT310,equipment,MDP,Electrical,,L3,PANEL RM L3,6,KUL21 LV System,Promatrix DCS,24.69,20,81,61,100.0,20,20,0,1,0.0,0,35,35,1,0.0,0,26,26,1,,0,0,0,0,,0,0,0,0,2026-09-12T20:10:25.613305+00:00
2026-09-13,52048,12443234,EDCKUL21MDPFD210,equipment,MDP,Electrical,,L3,PANEL RM L3,6,KUL21 LV System,Promatrix DCS,24.69,20,81,61,100.0,20,20,0,1,0.0,0,35,35,1,0.0,0,26,26,1,,0,0,0,0,,0,0,0,0,2026-09-12T20:10:25.613305+00:00
2026-09-13,52048,12443235,EDCKUL21MDPFC210,equipment,MDP,Electrical,,L3,PANEL RM L3,6,KUL21 LV System,Promatrix DCS,24.69,20,81,61,100.0,20,20,0,1,0.0,0,35,35,1,0.0,0,26,26,1,,0,0,0,0,,0,0,0,0,2026-09-12T20:10:25.613305+00:00
2026-09-13,52048,12443236,EDCKUL21RPPFA11B,equipment,RPP,Electrical,,L3,DATAHALL B,6,KUL21 LV System,Powerwell,0.0,0,81,81,0.0,0,20,20,1,0.0,0,35,35,1,0.0,0,26,26,1,,0,0,0,0,,0,0,0,0,2026-09-12T20:10:25.613305+00:00
2026-09-13,52048,12443237,EDCKUL21RPPFB11B,equipment,RPP,Electrical,,L3,DATAHALL B,6,KUL21 LV System,Powerwell,0.0,0,81,81,0.0,0,20,20,1,0.0,0,35,35,1,0.0,0,26,26,1,,0,0,0,0,,0,0,0,0,2026-09-12T20:10:25.613305+00:00
2026-09-13,52048,12443238,EDCKUL21RPPFC11B,equipment,RPP,Electrical,,L3,DATAHALL B,6,KUL21 LV System,Powerwell,0.0,0,81,81,0.0,0,20,20,1,0.0,0,35,35,1,0.0,0,26,26,1,,0,0,0,0,,0,0,0,0,2026-09-12T20:10:25.613305+00:00
2026-09-13,52048,12443239,EDCKUL21RPPFC21B,equipment,RPP,Electrical,,L3,DATAHALL B,6,KUL21 LV System,Powerwell,0.0,0,81,81,0.0,0,20,20,1,0.0,0,35,35,1,0.0,0,26,26,1,,0,0,0,0,,0,0,0,0,2026-09-12T20:10:25.613305+00:00
2026-09-13,52048,12443240,EDCKUL21RPPFD11B,equipment,RPP,Electrical,,L3,DATAHALL B,6,KUL21 LV System,Powerwell,0.0,0,81,81,0.0,0,20,20,1,0.0,0,35,35,1,0.0,0,26,26,1,,0,0,0,0,,0,0,0,0,2026-09-12T20:10:25.613305+00:00
2026-09-13,52048,12443241,EDCKUL21RPPFD21B,equipment,RPP,Electrical,,L3,DATAHALL B,6,KUL21 LV System,Powerwell,0.0,0,81,81,0.0,0,20,20,1,0.0,0,35,35,1,0.0,0,26,26,1,,0,0,0,0,,0,0,0,0,2026-09-12T20:10:25.613305+00:00
2026-09-13,52048,12443242,EDCKUL21RPPFE11B,equipment,RPP,Electrical,,L3,DATAHALL B,6,KUL21 LV System,Powerwell,0.0,0,81,81,0.0,0,20,20,1,0.0,0,35,35,1,0.0,0,26,26,1,,0,0,0,0,,0,0,0,0,2026-09-12T20:10:25.613305+00:00
2026-09-13,52048,12443243,EDCKUL21RPPFF11B,equipment,RPP,Electrical,,L3,DATAHALL B,6,KUL21 LV System,Powerwell,0.0,0,81,81,0.0,0,20,20,1,0.0,0,35,35,1,0.0,0,26,26,1,,0,0,0,0,,0,0,0,0,2026-09-12T20:10:25.613305+00:00
2026-09-13,52048,12443244,EDCKUL21RPPFA11C,equipment,RPP,Electrical,,L3,DATAHALL C,6,KUL21 LV System,Powerwell,0.0,0,81,81,0.0,0,20,20,1,0.0,0,35,35,1,0.0,0,26,26,1,,0,0,0,0,,0,0,0,0,2026-09-12T20:10:25.613305+00:00
2026-09-13,52048,12443245,EDCKUL21RPPFB11C,equipment,RPP,Electrical,,L3,DATAHALL C,6,KUL21 LV System,Powerwell,0.0,0,81,81,0.0,0,20,20,1,0.0,0,35,35,1,0.0,0,26,26,1,,0,0,0,0,,0,0,0,0,2026-09-12T20:10:25.613305+00:00
2026-09-13,52048,12443246,EDCKUL21RPPFC11C,equipment,RPP,Electrical,,L3,DATAHALL C,6,KUL21 LV System,Powerwell,0.0,0,81,81,0.0,0,20,20,1,0.0,0,35,35,1,0.0,0,26,26,1,,0,0,0,0,,0,0,0,0,2026-09-12T20:10:25.613305+00:00
2026-09-13,52048,12443247,EDCKUL21RPPFD11C,equipment,RPP,Electrical,,L3,DATAHALL C,6,KUL21 LV System,Powerwell,0.0,0,81,81,0.0,0,20,20,1,0.0,0,35,35,1,0.0,0,26,26,1,,0,0,0,0,,0,0,0,0,2026-09-12T20:10:25.613305+00:00
2026-09-13,52048,12443248,EDCKUL21RPPFE11C,equipment,RPP,Electrical,,L3,DATAHALL C,6,KUL21 LV System,Powerwell,0.0,0,81,81,0.0,0,20,20,1,0.0,0,35,35,1,0.0,0,26,26,1,,0,0,0,0,,0,0,0,0,2026-09-12T20:10:25.613305+00:00
2026-09-13,52048,12443249,EDCKUL21RPPFE21C,equipment,RPP,Electrical,,L3,DATAHALL C,6,KUL21 LV System,Powerwell,0.0,0,81,81,0.0,0,20,20,1,0.0,0,35,35,1,0.0,0,26,26,1,,0,0,0,0,,0,0,0,0,2026-09-12T20:10:25.613305+00:00
2026-09-13,52048,12443250,EDCKUL21RPPFF11C,equipment,RPP,Electrical,,L3,DATAHALL C,6,KUL21 LV System,Powerwell,0.0,0,81,81,0.0,0,20,20,1,0.0,0,35,35,1,0.0,0,26,26,1,,0,0,0,0,,0,0,0,0,2026-09-12T20:10:25.613305+00:00
2026-09-13,52048,12443251,EDCKUL21RPPFF21C,equipment,RPP,Electrical,,L3,DATAHALL C,6,KUL21 LV System,Powerwell,0.0,0,81,81,0.0,0,20,20,1,0.0,0,35,35,1,0.0,0,26,26,1,,0,0,0,0,,0,0,0,0,2026-09-12T20:10:25.613305+00:00
2026-09-13,52048,12443252,EDCKUL21UDPFA110,equipment,UDP,Electrical,,L3,ELE RM FA,6,KUL21 LV System,Powerwell,24.69,20,81,61,100.0,20,20,0,1,0.0,0,35,35,1,0.0,0,26,26,1,,0,0,0,0,,0,0,0,0,2026-09-12T20:10:25.613305+00:00
2026-09-13,52048,12443253,EDCKUL21UDPFB110,equipment,UDP,Electrical,,L3,ELE RM FB,6,KUL21 LV System,Powerwell,24.69,20,81,61,100.0,20,20,0,1,0.0,0,35,35,1,0.0,0,26,26,1,,0,0,0,0,,0,0,0,0,2026-09-12T20:10:25.613305+00:00
2026-09-13,52048,12443254,EDCKUL21UDPFC110,equipment,UDP,Electrical,,L3,ELE RM FC,6,KUL21 LV System,Powerwell,24.69,20,81,61,100.0,20,20,0,1,0.0,0,35,35,1,0.0,0,26,26,1,,0,0,0,0,,0,0,0,0,2026-09-12T20:10:25.613305+00:00
2026-09-13,52048,12443255,EDCKUL21UDPFD110,equipment,UDP,Electrical,,L3,ELE RM FD,6,KUL21 LV System,Powerwell,24.69,20,81,61,100.0,20,20,0,1,0.0,0,35,35,1,0.0,0,26,26,1,,0,0,0,0,,0,0,0,0,2026-09-12T20:10:25.613305+00:00
2026-09-13,52048,12443256,EDCKUL21UDPFE110,equipment,UDP,Electrical,,L3,ELE RM FE,6,KUL21 LV System,Powerwell,24.69,20,81,61,100.0,20,20,0,1,0.0,0,35,35,1,0.0,0,26,26,1,,0,0,0,0,,0,0,0,0,2026-09-12T20:10:25.613305+00:00
2026-09-13,52048,12443257,EDCKUL21UDPFF110,equipment,UDP,Electrical,,L3,ELE RM FF,6,KUL21 LV System,Powerwell,24.69,20,81,61,100.0,20,20,0,1,0.0,0,35,35,1,0.0,0,26,26,1,,0,0,0,0,,0,0,0,0,2026-09-12T20:10:25.613305+00:00
2026-09-13,52048,12443258,EDCKUL21UMPFT110,equipment,UMP,Electrical,,L3,ELE RM FT,6,KUL21 LV System,Powerwell,24.69,20,81,61,100.0,20,20,0,1,0.0,0,35,35,1,0.0,0,26,26,1,,0,0,0,0,,0,0,0,0,2026-09-12T20:10:25.613305+00:00
2026-09-13,52048,12443259,EDCKUL21UPBFA110,equipment,UPB,Electrical,,L3,BATT RM FA,6,KUL21 UPS System,Eaton,0.0,0,81,81,0.0,0,20,20,1,0.0,0,35,35,1,0.0,0,26,26,1,,0,0,0,0,,0,0,0,0,2026-09-12T20:10:25.613305+00:00
2026-09-13,52048,12443260,EDCKUL21UPBFB110,equipment,UPB,Electrical,,L3,BATT RM FB,6,KUL21 UPS System,Eaton,0.0,0,81,81,0.0,0,20,20,1,0.0,0,35,35,1,0.0,0,26,26,1,,0,0,0,0,,0,0,0,0,2026-09-12T20:10:25.613305+00:00
2026-09-13,52048,12443261,EDCKUL21UPBFC110,equipment,UPB,Electrical,,L3,BATT RM FC,6,KUL21 UPS System,Eaton,0.0,0,81,81,0.0,0,20,20,1,0.0,0,35,35,1,0.0,0,26,26,1,,0,0,0,0,,0,0,0,0,2026-09-12T20:10:25.613305+00:00
2026-09-13,52048,12443262,EDCKUL21UPBFD110,equipment,UPB,Electrical,,L3,BATT RM FD,6,KUL21 UPS System,Eaton,0.0,0,81,81,0.0,0,20,20,1,0.0,0,35,35,1,0.0,0,26,26,1,,0,0,0,0,,0,0,0,0,2026-09-12T20:10:25.613305+00:00
2026-09-13,52048,12443263,EDCKUL21UPBFE110,equipment,UPB,Electrical,,L3,BATT RM FE,6,KUL21 UPS System,Eaton,0.0,0,81,81,0.0,0,20,20,1,0.0,0,35,35,1,0.0,0,26,26,1,,0,0,0,0,,0,0,0,0,2026-09-12T20:10:25.613305+00:00
2026-09-13,52048,12443264,EDCKUL21UPBFF110,equipment,UPB,Electrical,,L3,BATT RM FF,6,KUL21 UPS System,Eaton,0.0,0,81,81,0.0,0,20,20,1,0.0,0,35,35,1,0.0,0,26,26,1,,0,0,0,0,,0,0,0,0,2026-09-12T20:10:25.613305+00:00
2026-09-13,52048,12443265,EDCKUL21UPBFT110,equipment,UPB,Electrical,,L3,BATT RM FT,6,KUL21 UPS System,Eaton,0.0,0,81,81,0.0,0,20,20,1,0.0,0,35,35,1,0.0,0,26,26,1,,0,0,0,0,,0,0,0,0,2026-09-12T20:10:25.613305+00:00
2026-09-13,52048,12443266,EDCKUL21UPPFA110,equipment,UPP,Electrical,,L3,ELE RM FA,6,KUL21 LV System,Promatrix DCS,24.69,20,81,61,100.0,20,20,0,1,0.0,0,35,35,1,0.0,0,26,26,1,,0,0,0,0,,0,0,0,0,2026-09-12T20:10:25.613305+00:00
2026-09-13,52048,12443267,EDCKUL21UPPFB110,equipment,UPP,Electrical,,L3,ELE RM FB,6,KUL21 LV System,Promatrix DCS,24.69,20,81,61,100.0,20,20,0,1,0.0,0,35,35,1,0.0,0,26,26,1,,0,0,0,0,,0,0,0,0,2026-09-12T20:10:25.613305+00:00
2026-09-13,52048,12443268,EDCKUL21UPPFC110,equipment,UPP,Electrical,,L3,ELE RM FC,6,KUL21 LV System,Promatrix DCS,24.69,20,81,61,100.0,20,20,0,1,0.0,0,35,35,1,0.0,0,26,26,1,,0,0,0,0,,0,0,0,0,2026-09-12T20:10:25.613305+00:00
2026-09-13,52048,12443269,EDCKUL21UPPFD110,equipment,UPP,Electrical,,L3,ELE RM FD,6,KUL21 LV System,Promatrix DCS,24.69,20,81,61,100.0,20,20,0,1,0.0,0,35,35,1,0.0,0,26,26,1,,0,0,0,0,,0,0,0,0,2026-09-12T20:10:25.613305+00:00
2026-09-13,52048,12443270,EDCKUL21UPPFE110,equipment,UPP,Electrical,,L3,ELE RM FE,6,KUL21 LV System,Promatrix DCS,24.69,20,81,61,100.0,20,20,0,1,0.0,0,35,35,1,0.0,0,26,26,1,,0,0,0,0,,0,0,0,0,2026-09-12T20:10:25.613305+00:00
2026-09-13,52048,12443271,EDCKUL21UPPFF110,equipment,UPP,Electrical,,L3,ELE RM FF,6,KUL21 LV System,Promatrix DCS,24.69,20,81,61,100.0,20,20,0,1,0.0,0,35,35,1,0.0,0,26,26,1,,0,0,0,0,,0,0,0,0,2026-09-12T20:10:25.613305+00:00
2026-09-13,52048,12443272,EDCKUL21UPPFT110,equipment,UPP,Electrical,,L3,PANEL RM L3,6,KUL21 LV System,Promatrix DCS,24.69,20,81,61,100.0,20,20,0,1,0.0,0,35,35,1,0.0,0,26,26,1,,0,0,0,0,,0,0,0,0,2026-09-12T20:10:25.613305+00:00
2026-09-13,52048,12443273,EDCKUL21UPPFT210,equipment,UPP,Electrical,,L3,ROOF,6,KUL21 LV System,Promatrix DCS,0.0,0,81,81,0.0,0,20,20,1,0.0,0,35,35,1,0.0,0,26,26,1,,0,0,0,0,,0,0,0,0,2026-09-12T20:10:25.613305+00:00
2026-09-13,52048,12443275,EDCKUL21UPSFA110,equipment,UPS,Electrical,,L3,ELE RM FA,6,KUL21 UPS System,Eaton,7.41,6,81,75,30.0,6,20,14,1,0.0,0,35,35,1,0.0,0,26,26,1,,0,0,0,0,,0,0,0,0,2026-09-12T20:10:25.613305+00:00
2026-09-13,52048,12443276,EDCKUL21UPSFB110,equipment,UPS,Electrical,,L3,ELE RM FB,6,KUL21 UPS System,Eaton,7.41,6,81,75,30.0,6,20,14,1,0.0,0,35,35,1,0.0,0,26,26,1,,0,0,0,0,,0,0,0,0,2026-09-12T20:10:25.613305+00:00
2026-09-13,52048,12443277,EDCKUL21UPSFC110,equipment,UPS,Electrical,,L3,ELE RM FC,6,KUL21 UPS System,Eaton,7.41,6,81,75,30.0,6,20,14,1,0.0,0,35,35,1,0.0,0,26,26,1,,0,0,0,0,,0,0,0,0,2026-09-12T20:10:25.613305+00:00
2026-09-13,52048,12443278,EDCKUL21UPSFD110,equipment,UPS,Electrical,,L3,ELE RM FD,6,KUL21 UPS System,Eaton,7.41,6,81,75,30.0,6,20,14,1,0.0,0,35,35,1,0.0,0,26,26,1,,0,0,0,0,,0,0,0,0,2026-09-12T20:10:25.613305+00:00
2026-09-13,52048,12443279,EDCKUL21UPSFE110,equipment,UPS,Electrical,,L3,ELE RM FE,6,KUL21 UPS System,Eaton,7.41,6,81,75,30.0,6,20,14,1,0.0,0,35,35,1,0.0,0,26,26,1,,0,0,0,0,,0,0,0,0,2026-09-12T20:10:25.613305+00:00
2026-09-13,52048,12443280,EDCKUL21UPSFF110,equipment,UPS,Electrical,,L3,ELE RM FF,6,KUL21 UPS System,Eaton,7.41,6,81,75,30.0,6,20,14,1,0.0,0,35,35,1,0.0,0,26,26,1,,0,0,0,0,,0,0,0,0,2026-09-12T20:10:25.613305+00:00
2026-09-13,52048,12443281,EDCKUL21UPSFT110,equipment,UPS,Electrical,,L3,ELE RM FT,6,KUL21 UPS System,Eaton,7.41,6,81,75,30.0,6,20,14,1,0.0,0,35,35,1,0.0,0,26,26,1,,0,0,0,0,,0,0,0,0,2026-09-12T20:10:25.613305+00:00
2026-09-13,52048,12443282,EDCKUL21ATSFT110,equipment,ATS,Electrical,,L3,ELE RM FT,6,KUL21 LV System,Powerwell,24.69,20,81,61,100.0,20,20,0,1,0.0,0,35,35,1,0.0,0,26,26,1,,0,0,0,0,,0,0,0,0,2026-09-12T20:10:25.613305+00:00
2026-09-13,52048,12443283,EDCKUL21ATSFT210,equipment,ATS,Electrical,,L3,ELE RM FT,6,KUL21 LV System,Powerwell,24.69,20,81,61,100.0,20,20,0,1,0.0,0,35,35,1,0.0,0,26,26,1,,0,0,0,0,,0,0,0,0,2026-09-12T20:10:25.613305+00:00
2026-09-13,52048,12443284,EDCKUL21ATSFT310,equipment,ATS,Electrical,,L3,ELE RM FT,6,KUL21 LV System,Powerwell,24.69,20,81,61,100.0,20,20,0,1,0.0,0,35,35,1,0.0,0,26,26,1,,0,0,0,0,,0,0,0,0,2026-09-12T20:10:25.613305+00:00
2026-09-13,52048,12443285,EDCKUL21ATSFT410,equipment,ATS,Electrical,,L3,ELE RM FT,6,KUL21 LV System,Powerwell,24.69,20,81,61,100.0,20,20,0,1,0.0,0,35,35,1,0.0,0,26,26,1,,0,0,0,0,,0,0,0,0,2026-09-12T20:10:25.613305+00:00
2026-09-13,52048,12443286,EDCKUL21ATSFT510,equipment,ATS,Electrical,,L3,ELE RM FT,6,KUL21 LV System,Powerwell,24.69,20,81,61,100.0,20,20,0,1,0.0,0,35,35,1,0.0,0,26,26,1,,0,0,0,0,,0,0,0,0,2026-09-12T20:10:25.613305+00:00
2026-09-13,52048,12443302,EDCKUL21VES0010B,equipment,VES,Fire,,L2,DATAHALL B,6,KUL21 Fire Prevention System,Promatrix DCS,0.0,0,81,81,0.0,0,20,20,1,0.0,0,35,35,1,0.0,0,26,26,1,,0,0,0,0,,0,0,0,0,2026-09-12T20:10:25.613305+00:00
2026-09-13,52048,12443303,EDCKUL21VES0020B,equipment,VES,Fire,,L2,DATAHALL B,6,KUL21 Fire Prevention System,Promatrix DCS,0.0,0,81,81,0.0,0,20,20,1,0.0,0,35,35,1,0.0,0,26,26,1,,0,0,0,0,,0,0,0,0,2026-09-12T20:10:25.613305+00:00
2026-09-13,52048,12443304,EDCKUL21VES0030B,equipment,VES,Fire,,L2,DATAHALL B,6,KUL21 Fire Prevention System,Promatrix DCS,0.0,0,81,81,0.0,0,20,20,1,0.0,0,35,35,1,0.0,0,26,26,1,,0,0,0,0,,0,0,0,0,2026-09-12T20:10:25.613305+00:00
2026-09-13,52048,12443305,EDCKUL21VES0040B,equipment,VES,Fire,,L2,DATAHALL B,6,KUL21 Fire Prevention System,Promatrix DCS,0.0,0,81,81,0.0,0,20,20,1,0.0,0,35,35,1,0.0,0,26,26,1,,0,0,0,0,,0,0,0,0,2026-09-12T20:10:25.613305+00:00
2026-09-13,52048,12443306,EDCKUL21VES0050B,equipment,VES,Fire,,L2,DATAHALL B,6,KUL21 Fire Prevention System,Promatrix DCS,0.0,0,81,81,0.0,0,20,20,1,0.0,0,35,35,1,0.0,0,26,26,1,,0,0,0,0,,0,0,0,0,2026-09-12T20:10:25.613305+00:00
2026-09-13,52048,12443307,EDCKUL21VES0060B,equipment,VES,Fire,,L2,DATAHALL B,6,KUL21 Fire Prevention System,Promatrix DCS,0.0,0,81,81,0.0,0,20,20,1,0.0,0,35,35,1,0.0,0,26,26,1,,0,0,0,0,,0,0,0,0,2026-09-12T20:10:25.613305+00:00
2026-09-13,52048,12443308,EDCKUL21VES0070B,equipment,VES,Fire,,L2,DATAHALL B,6,KUL21 Fire Prevention System,Promatrix DCS,0.0,0,81,81,0.0,0,20,20,1,0.0,0,35,35,1,0.0,0,26,26,1,,0,0,0,0,,0,0,0,0,2026-09-12T20:10:25.613305+00:00
2026-09-13,52048,12443309,EDCKUL21VES0080B,equipment,VES,Fire,,L2,DATAHALL B,6,KUL21 Fire Prevention System,Promatrix DCS,0.0,0,81,81,0.0,0,20,20,1,0.0,0,35,35,1,0.0,0,26,26,1,,0,0,0,0,,0,0,0,0,2026-09-12T20:10:25.613305+00:00
2026-09-13,52048,12443310,EDCKUL21VES0090B,equipment,VES,Fire,,L2,DATAHALL B,6,KUL21 Fire Prevention System,Promatrix DCS,0.0,0,81,81,0.0,0,20,20,1,0.0,0,35,35,1,0.0,0,26,26,1,,0,0,0,0,,0,0,0,0,2026-09-12T20:10:25.613305+00:00
2026-09-13,52048,12443311,EDCKUL21VES0100B,equipment,VES,Fire,,L2,DATAHALL B,6,KUL21 Fire Prevention System,Promatrix DCS,0.0,0,81,81,0.0,0,20,20,1,0.0,0,35,35,1,0.0,0,26,26,1,,0,0,0,0,,0,0,0,0,2026-09-12T20:10:25.613305+00:00
2026-09-13,52048,12443312,EDCKUL21VES0110B,equipment,VES,Fire,,L2,DATAHALL B,6,KUL21 Fire Prevention System,Promatrix DCS,0.0,0,81,81,0.0,0,20,20,1,0.0,0,35,35,1,0.0,0,26,26,1,,0,0,0,0,,0,0,0,0,2026-09-12T20:10:25.613305+00:00
2026-09-13,52048,12443313,EDCKUL21VES0120B,equipment,VES,Fire,,L2,DATAHALL B,6,KUL21 Fire Prevention System,Promatrix DCS,0.0,0,81,81,0.0,0,20,20,1,0.0,0,35,35,1,0.0,0,26,26,1,,0,0,0,0,,0,0,0,0,2026-09-12T20:10:25.613305+00:00
2026-09-13,52048,12443314,EDCKUL21VES0010C,equipment,VES,Fire,,L2,DATAHALL C,6,KUL21 Fire Prevention System,Promatrix DCS,0.0,0,81,81,0.0,0,20,20,1,0.0,0,35,35,1,0.0,0,26,26,1,,0,0,0,0,,0,0,0,0,2026-09-12T20:10:25.613305+00:00
2026-09-13,52048,12443315,EDCKUL21VES0020C,equipment,VES,Fire,,L2,DATAHALL C,6,KUL21 Fire Prevention System,Promatrix DCS,0.0,0,81,81,0.0,0,20,20,1,0.0,0,35,35,1,0.0,0,26,26,1,,0,0,0,0,,0,0,0,0,2026-09-12T20:10:25.613305+00:00
2026-09-13,52048,12443316,EDCKUL21VES0030C,equipment,VES,Fire,,L2,DATAHALL C,6,KUL21 Fire Prevention System,Promatrix DCS,0.0,0,81,81,0.0,0,20,20,1,0.0,0,35,35,1,0.0,0,26,26,1,,0,0,0,0,,0,0,0,0,2026-09-12T20:10:25.613305+00:00
2026-09-13,52048,12443317,EDCKUL21VES0040C,equipment,VES,Fire,,L2,DATAHALL C,6,KUL21 Fire Prevention System,Promatrix DCS,0.0,0,81,81,0.0,0,20,20,1,0.0,0,35,35,1,0.0,0,26,26,1,,0,0,0,0,,0,0,0,0,2026-09-12T20:10:25.613305+00:00
2026-09-13,52048,12443318,EDCKUL21VES0050C,equipment,VES,Fire,,L2,DATAHALL C,6,KUL21 Fire Prevention System,Promatrix DCS,0.0,0,81,81,0.0,0,20,20,1,0.0,0,35,35,1,0.0,0,26,26,1,,0,0,0,0,,0,0,0,0,2026-09-12T20:10:25.613305+00:00
2026-09-13,52048,12443319,EDCKUL21VES0060C,equipment,VES,Fire,,L2,DATAHALL C,6,KUL21 Fire Prevention System,Promatrix DCS,0.0,0,81,81,0.0,0,20,20,1,0.0,0,35,35,1,0.0,0,26,26,1,,0,0,0,0,,0,0,0,0,2026-09-12T20:10:25.613305+00:00
2026-09-13,52048,12443320,EDCKUL21VES0070C,equipment,VES,Fire,,L2,DATAHALL C,6,KUL21 Fire Prevention System,Promatrix DCS,0.0,0,81,81,0.0,0,20,20,1,0.0,0,35,35,1,0.0,0,26,26,1,,0,0,0,0,,0,0,0,0,2026-09-12T20:10:25.613305+00:00
2026-09-13,52048,12443321,EDCKUL21VES0080C,equipment,VES,Fire,,L2,DATAHALL C,6,KUL21 Fire Prevention System,Promatrix DCS,0.0,0,81,81,0.0,0,20,20,1,0.0,0,35,35,1,0.0,0,26,26,1,,0,0,0,0,,0,0,0,0,2026-09-12T20:10:25.613305+00:00
2026-09-13,52048,12443322,EDCKUL21VES0090C,equipment,VES,Fire,,L2,DATAHALL C,6,KUL21 Fire Prevention System,Promatrix DCS,0.0,0,81,81,0.0,0,20,20,1,0.0,0,35,35,1,0.0,0,26,26,1,,0,0,0,0,,0,0,0,0,2026-09-12T20:10:25.613305+00:00
2026-09-13,52048,12443323,EDCKUL21VES0100C,equipment,VES,Fire,,L2,DATAHALL C,6,KUL21 Fire Prevention System,Promatrix DCS,0.0,0,81,81,0.0,0,20,20,1,0.0,0,35,35,1,0.0,0,26,26,1,,0,0,0,0,,0,0,0,0,2026-09-12T20:10:25.613305+00:00
2026-09-13,52048,12443324,EDCKUL21VES0110C,equipment,VES,Fire,,L2,DATAHALL C,6,KUL21 Fire Prevention System,Promatrix DCS,0.0,0,81,81,0.0,0,20,20,1,0.0,0,35,35,1,0.0,0,26,26,1,,0,0,0,0,,0,0,0,0,2026-09-12T20:10:25.613305+00:00
2026-09-13,52048,12443325,EDCKUL21VES0120C,equipment,VES,Fire,,L2,DATAHALL C,6,KUL21 Fire Prevention System,Promatrix DCS,0.0,0,81,81,0.0,0,20,20,1,0.0,0,35,35,1,0.0,0,26,26,1,,0,0,0,0,,0,0,0,0,2026-09-12T20:10:25.613305+00:00
2026-09-13,52048,12443326,EDCKUL21VES07000,equipment,VES,Fire,,L2,ELE RM FA,6,KUL21 Fire Prevention System,Promatrix DCS,0.0,0,81,81,0.0,0,20,20,1,0.0,0,35,35,1,0.0,0,26,26,1,,0,0,0,0,,0,0,0,0,2026-09-12T20:10:25.613305+00:00
2026-09-13,52048,12443327,EDCKUL21VES07100,equipment,VES,Fire,,L2,ELE RM FB,6,KUL21 Fire Prevention System,Promatrix DCS,0.0,0,81,81,0.0,0,20,20,1,0.0,0,35,35,1,0.0,0,26,26,1,,0,0,0,0,,0,0,0,0,2026-09-12T20:10:25.613305+00:00
2026-09-13,52048,12443328,EDCKUL21VES07200,equipment,VES,Fire,,L2,ELE RM FC,6,KUL21 Fire Prevention System,Promatrix DCS,0.0,0,81,81,0.0,0,20,20,1,0.0,0,35,35,1,0.0,0,26,26,1,,0,0,0,0,,0,0,0,0,2026-09-12T20:10:25.613305+00:00
2026-09-13,52048,12443329,EDCKUL21VES07500,equipment,VES,Fire,,L2,ELE RM FD,6,KUL21 Fire Prevention System,Promatrix DCS,0.0,0,81,81,0.0,0,20,20,1,0.0,0,35,35,1,0.0,0,26,26,1,,0,0,0,0,,0,0,0,0,2026-09-12T20:10:25.613305+00:00
2026-09-13,52048,12443330,EDCKUL21VES07400,equipment,VES,Fire,,L2,ELE RM FE,6,KUL21 Fire Prevention System,Promatrix DCS,0.0,0,81,81,0.0,0,20,20,1,0.0,0,35,35,1,0.0,0,26,26,1,,0,0,0,0,,0,0,0,0,2026-09-12T20:10:25.613305+00:00
2026-09-13,52048,12443331,EDCKUL21VES07300,equipment,VES,Fire,,L2,ELE RM FF,6,KUL21 Fire Prevention System,Promatrix DCS,0.0,0,81,81,0.0,0,20,20,1,0.0,0,35,35,1,0.0,0,26,26,1,,0,0,0,0,,0,0,0,0,2026-09-12T20:10:25.613305+00:00
2026-09-13,52048,12443332,EDCKUL21VES06900,equipment,VES,Fire,,L2,ELE RM FT,6,KUL21 Fire Prevention System,Promatrix DCS,0.0,0,81,81,0.0,0,20,20,1,0.0,0,35,35,1,0.0,0,26,26,1,,0,0,0,0,,0,0,0,0,2026-09-12T20:10:25.613305+00:00
2026-09-13,52048,12549983,EDCKUL21EXF06400,equipment,EXF,Mechanical,,L3,BATT RM FT,6,KUL21 ACMV System,Promatrix DCS,0.0,0,81,81,0.0,0,20,20,1,0.0,0,35,35,1,0.0,0,26,26,1,,0,0,0,0,,0,0,0,0,2026-09-12T20:10:25.613305+00:00
2026-09-13,52048,12549984,EDCKUL21EXF06500,equipment,EXF,Mechanical,,L3,BATT RM FA,6,KUL21 ACMV System,Promatrix DCS,0.0,0,81,81,0.0,0,20,20,1,0.0,0,35,35,1,0.0,0,26,26,1,,0,0,0,0,,0,0,0,0,2026-09-12T20:10:25.613305+00:00
2026-09-13,52048,12549985,EDCKUL21EXF06600,equipment,EXF,Mechanical,,L3,BATT RM FB,6,KUL21 ACMV System,Promatrix DCS,0.0,0,81,81,0.0,0,20,20,1,0.0,0,35,35,1,0.0,0,26,26,1,,0,0,0,0,,0,0,0,0,2026-09-12T20:10:25.613305+00:00
2026-09-13,52048,12549986,EDCKUL21EXF06700,equipment,EXF,Mechanical,,L3,BATT RM FC,6,KUL21 ACMV System,Promatrix DCS,0.0,0,81,81,0.0,0,20,20,1,0.0,0,35,35,1,0.0,0,26,26,1,,0,0,0,0,,0,0,0,0,2026-09-12T20:10:25.613305+00:00
2026-09-13,52048,12549987,EDCKUL21EXF06800,equipment,EXF,Mechanical,,L3,BATT RM FF,6,KUL21 ACMV System,Promatrix DCS,0.0,0,81,81,0.0,0,20,20,1,0.0,0,35,35,1,0.0,0,26,26,1,,0,0,0,0,,0,0,0,0,2026-09-12T20:10:25.613305+00:00
2026-09-13,52048,12549988,EDCKUL21EXF06900,equipment,EXF,Mechanical,,L3,BATT RM FE,6,KUL21 ACMV System,Promatrix DCS,0.0,0,81,81,0.0,0,20,20,1,0.0,0,35,35,1,0.0,0,26,26,1,,0,0,0,0,,0,0,0,0,2026-09-12T20:10:25.613305+00:00
2026-09-13,52048,12549989,EDCKUL21EXF07000,equipment,EXF,Mechanical,,L3,BATT RM FD,6,KUL21 ACMV System,Promatrix DCS,0.0,0,81,81,0.0,0,20,20,1,0.0,0,35,35,1,0.0,0,26,26,1,,0,0,0,0,,0,0,0,0,2026-09-12T20:10:25.613305+00:00
2026-09-13,52048,12549990,EDCKUL21BSWFD31C,equipment,BSW,Electrical,,L3,DATAHALL B,6,KUL21 LV System,Vertiv,0.0,0,81,81,0.0,0,20,20,1,0.0,0,35,35,1,0.0,0,26,26,1,,0,0,0,0,,0,0,0,0,2026-09-12T20:10:25.613305+00:00
2026-09-13,52048,12549991,EDCKUL21BSWFA11B,equipment,BSW,Electrical,,L3,DATAHALL B,6,KUL21 LV System,Vertiv,0.0,0,81,81,0.0,0,20,20,1,0.0,0,35,35,1,0.0,0,26,26,1,,0,0,0,0,,0,0,0,0,2026-09-12T20:10:25.613305+00:00
2026-09-13,52048,12549992,EDCKUL21BSWFA21B,equipment,BSW,Electrical,,L3,DATAHALL B,6,KUL21 LV System,Vertiv,0.0,0,81,81,0.0,0,20,20,1,0.0,0,35,35,1,0.0,0,26,26,1,,0,0,0,0,,0,0,0,0,2026-09-12T20:10:25.613305+00:00
2026-09-13,52048,12549993,EDCKUL21BSWFA31B,equipment,BSW,Electrical,,L3,DATAHALL B,6,KUL21 LV System,Vertiv,0.0,0,81,81,0.0,0,20,20,1,0.0,0,35,35,1,0.0,0,26,26,1,,0,0,0,0,,0,0,0,0,2026-09-12T20:10:25.613305+00:00
2026-09-13,52048,12549994,EDCKUL21BSWFB11B,equipment,BSW,Electrical,,L3,DATAHALL B,6,KUL21 LV System,Vertiv,0.0,0,81,81,0.0,0,20,20,1,0.0,0,35,35,1,0.0,0,26,26,1,,0,0,0,0,,0,0,0,0,2026-09-12T20:10:25.613305+00:00
2026-09-13,52048,12549995,EDCKUL21BSWFB21B,equipment,BSW,Electrical,,L3,DATAHALL B,6,KUL21 LV System,Vertiv,0.0,0,81,81,0.0,0,20,20,1,0.0,0,35,35,1,0.0,0,26,26,1,,0,0,0,0,,0,0,0,0,2026-09-12T20:10:25.613305+00:00
2026-09-13,52048,12549996,EDCKUL21BSWFB31B,equipment,BSW,Electrical,,L3,DATAHALL B,6,KUL21 LV System,Vertiv,0.0,0,81,81,0.0,0,20,20,1,0.0,0,35,35,1,0.0,0,26,26,1,,0,0,0,0,,0,0,0,0,2026-09-12T20:10:25.613305+00:00
2026-09-13,52048,12549997,EDCKUL21BSWFC11B,equipment,BSW,Electrical,,L3,DATAHALL B,6,KUL21 LV System,Vertiv,0.0,0,81,81,0.0,0,20,20,1,0.0,0,35,35,1,0.0,0,26,26,1,,0,0,0,0,,0,0,0,0,2026-09-12T20:10:25.613305+00:00
2026-09-13,52048,12549998,EDCKUL21BSWFC21B,equipment,BSW,Electrical,,L3,DATAHALL B,6,KUL21 LV System,Vertiv,0.0,0,81,81,0.0,0,20,20,1,0.0,0,35,35,1,0.0,0,26,26,1,,0,0,0,0,,0,0,0,0,2026-09-12T20:10:25.613305+00:00
2026-09-13,52048,12549999,EDCKUL21BSWFC31B,equipment,BSW,Electrical,,L3,DATAHALL B,6,KUL21 LV System,Vertiv,0.0,0,81,81,0.0,0,20,20,1,0.0,0,35,35,1,0.0,0,26,26,1,,0,0,0,0,,0,0,0,0,2026-09-12T20:10:25.613305+00:00
2026-09-13,52048,12550000,EDCKUL21BSWFD11B,equipment,BSW,Electrical,,L3,DATAHALL B,6,KUL21 LV System,Vertiv,0.0,0,81,81,0.0,0,20,20,1,0.0,0,35,35,1,0.0,0,26,26,1,,0,0,0,0,,0,0,0,0,2026-09-12T20:10:25.613305+00:00
2026-09-13,52048,12550001,EDCKUL21BSWFD21B,equipment,BSW,Electrical,,L3,DATAHALL B,6,KUL21 LV System,Vertiv,0.0,0,81,81,0.0,0,20,20,1,0.0,0,35,35,1,0.0,0,26,26,1,,0,0,0,0,,0,0,0,0,2026-09-12T20:10:25.613305+00:00
2026-09-13,52048,12550002,EDCKUL21BSWFD31B,equipment,BSW,Electrical,,L3,DATAHALL B,6,KUL21 LV System,Vertiv,0.0,0,81,81,0.0,0,20,20,1,0.0,0,35,35,1,0.0,0,26,26,1,,0,0,0,0,,0,0,0,0,2026-09-12T20:10:25.613305+00:00
2026-09-13,52048,12550003,EDCKUL21BSWFE11B,equipment,BSW,Electrical,,L3,DATAHALL B,6,KUL21 LV System,Vertiv,0.0,0,81,81,0.0,0,20,20,1,0.0,0,35,35,1,0.0,0,26,26,1,,0,0,0,0,,0,0,0,0,2026-09-12T20:10:25.613305+00:00
2026-09-13,52048,12550004,EDCKUL21BSWFE21B,equipment,BSW,Electrical,,L3,DATAHALL B,6,KUL21 LV System,Vertiv,0.0,0,81,81,0.0,0,20,20,1,0.0,0,35,35,1,0.0,0,26,26,1,,0,0,0,0,,0,0,0,0,2026-09-12T20:10:25.613305+00:00
2026-09-13,52048,12550005,EDCKUL21BSWFE31B,equipment,BSW,Electrical,,L3,DATAHALL B,6,KUL21 LV System,Vertiv,0.0,0,81,81,0.0,0,20,20,1,0.0,0,35,35,1,0.0,0,26,26,1,,0,0,0,0,,0,0,0,0,2026-09-12T20:10:25.613305+00:00
2026-09-13,52048,12550006,EDCKUL21BSWFE41B,equipment,BSW,Electrical,,L3,DATAHALL B,6,KUL21 LV System,Vertiv,0.0,0,81,81,0.0,0,20,20,1,0.0,0,35,35,1,0.0,0,26,26,1,,0,0,0,0,,0,0,0,0,2026-09-12T20:10:25.613305+00:00
2026-09-13,52048,12550007,EDCKUL21BSWFF11B,equipment,BSW,Electrical,,L3,DATAHALL B,6,KUL21 LV System,Vertiv,0.0,0,81,81,0.0,0,20,20,1,0.0,0,35,35,1,0.0,0,26,26,1,,0,0,0,0,,0,0,0,0,2026-09-12T20:10:25.613305+00:00
2026-09-13,52048,12550008,EDCKUL21BSWFF21B,equipment,BSW,Electrical,,L3,DATAHALL B,6,KUL21 LV System,Vertiv,0.0,0,81,81,0.0,0,20,20,1,0.0,0,35,35,1,0.0,0,26,26,1,,0,0,0,0,,0,0,0,0,2026-09-12T20:10:25.613305+00:00
2026-09-13,52048,12550009,EDCKUL21BSWFA11C,equipment,BSW,Electrical,,L3,DATAHALL B,6,KUL21 LV System,Vertiv,0.0,0,81,81,0.0,0,20,20,1,0.0,0,35,35,1,0.0,0,26,26,1,,0,0,0,0,,0,0,0,0,2026-09-12T20:10:25.613305+00:00
2026-09-13,52048,12550010,EDCKUL21BSWFA21C,equipment,BSW,Electrical,,L3,DATAHALL B,6,KUL21 LV System,Vertiv,0.0,0,81,81,0.0,0,20,20,1,0.0,0,35,35,1,0.0,0,26,26,1,,0,0,0,0,,0,0,0,0,2026-09-12T20:10:25.613305+00:00
2026-09-13,52048,12550011,EDCKUL21BSWFA31C,equipment,BSW,Electrical,,L3,DATAHALL B,6,KUL21 LV System,Vertiv,0.0,0,81,81,0.0,0,20,20,1,0.0,0,35,35,1,0.0,0,26,26,1,,0,0,0,0,,0,0,0,0,2026-09-12T20:10:25.613305+00:00
2026-09-13,52048,12550012,EDCKUL21BSWFB11C,equipment,BSW,Electrical,,L3,DATAHALL B,6,KUL21 LV System,Vertiv,0.0,0,81,81,0.0,0,20,20,1,0.0,0,35,35,1,0.0,0,26,26,1,,0,0,0,0,,0,0,0,0,2026-09-12T20:10:25.613305+00:00
2026-09-13,52048,12550013,EDCKUL21BSWFB21C,equipment,BSW,Electrical,,L3,DATAHALL B,6,KUL21 LV System,Vertiv,0.0,0,81,81,0.0,0,20,20,1,0.0,0,35,35,1,0.0,0,26,26,1,,0,0,0,0,,0,0,0,0,2026-09-12T20:10:25.613305+00:00
2026-09-13,52048,12550014,EDCKUL21BSWFB31C,equipment,BSW,Electrical,,L3,DATAHALL B,6,KUL21 LV System,Vertiv,0.0,0,81,81,0.0,0,20,20,1,0.0,0,35,35,1,0.0,0,26,26,1,,0,0,0,0,,0,0,0,0,2026-09-12T20:10:25.613305+00:00
2026-09-13,52048,12550015,EDCKUL21BSWFC11C,equipment,BSW,Electrical,,L3,DATAHALL B,6,KUL21 LV System,Vertiv,0.0,0,81,81,0.0,0,20,20,1,0.0,0,35,35,1,0.0,0,26,26,1,,0,0,0,0,,0,0,0,0,2026-09-12T20:10:25.613305+00:00
2026-09-13,52048,12550016,EDCKUL21BSWFC21C,equipment,BSW,Electrical,,L3,DATAHALL B,6,KUL21 LV System,Vertiv,0.0,0,81,81,0.0,0,20,20,1,0.0,0,35,35,1,0.0,0,26,26,1,,0,0,0,0,,0,0,0,0,2026-09-12T20:10:25.613305+00:00
2026-09-13,52048,12550017,EDCKUL21BSWFC31C,equipment,BSW,Electrical,,L3,DATAHALL B,6,KUL21 LV System,Vertiv,0.0,0,81,81,0.0,0,20,20,1,0.0,0,35,35,1,0.0,0,26,26,1,,0,0,0,0,,0,0,0,0,2026-09-12T20:10:25.613305+00:00
2026-09-13,52048,12550018,EDCKUL21BSWFD11C,equipment,BSW,Electrical,,L3,DATAHALL B,6,KUL21 LV System,Vertiv,0.0,0,81,81,0.0,0,20,20,1,0.0,0,35,35,1,0.0,0,26,26,1,,0,0,0,0,,0,0,0,0,2026-09-12T20:10:25.613305+00:00
2026-09-13,52048,12550019,EDCKUL21BSWFD21C,equipment,BSW,Electrical,,L3,DATAHALL B,6,KUL21 LV System,Vertiv,0.0,0,81,81,0.0,0,20,20,1,0.0,0,35,35,1,0.0,0,26,26,1,,0,0,0,0,,0,0,0,0,2026-09-12T20:10:25.613305+00:00
2026-09-13,52048,12550020,EDCKUL21BSWFE11C,equipment,BSW,Electrical,,L3,DATAHALL B,6,KUL21 LV System,Vertiv,0.0,0,81,81,0.0,0,20,20,1,0.0,0,35,35,1,0.0,0,26,26,1,,0,0,0,0,,0,0,0,0,2026-09-12T20:10:25.613305+00:00
2026-09-13,52048,12550021,EDCKUL21BSWFE21C,equipment,BSW,Electrical,,L3,DATAHALL B,6,KUL21 LV System,Vertiv,0.0,0,81,81,0.0,0,20,20,1,0.0,0,35,35,1,0.0,0,26,26,1,,0,0,0,0,,0,0,0,0,2026-09-12T20:10:25.613305+00:00
2026-09-13,52048,12550022,EDCKUL21BSWFF11C,equipment,BSW,Electrical,,L3,DATAHALL B,6,KUL21 LV System,Vertiv,0.0,0,81,81,0.0,0,20,20,1,0.0,0,35,35,1,0.0,0,26,26,1,,0,0,0,0,,0,0,0,0,2026-09-12T20:10:25.613305+00:00
2026-09-13,52048,12550023,EDCKUL21BSWFF21C,equipment,BSW,Electrical,,L3,DATAHALL B,6,KUL21 LV System,Vertiv,0.0,0,81,81,0.0,0,20,20,1,0.0,0,35,35,1,0.0,0,26,26,1,,0,0,0,0,,0,0,0,0,2026-09-12T20:10:25.613305+00:00
2026-09-13,52048,12550024,EDCKUL21BSWFF31C,equipment,BSW,Electrical,,L3,DATAHALL B,6,KUL21 LV System,Vertiv,0.0,0,81,81,0.0,0,20,20,1,0.0,0,35,35,1,0.0,0,26,26,1,,0,0,0,0,,0,0,0,0,2026-09-12T20:10:25.613305+00:00
2026-09-13,52048,12550025,EDCKUL21BSWFF41C,equipment,BSW,Electrical,,L3,DATAHALL B,6,KUL21 LV System,Vertiv,0.0,0,81,81,0.0,0,20,20,1,0.0,0,35,35,1,0.0,0,26,26,1,,0,0,0,0,,0,0,0,0,2026-09-12T20:10:25.613305+00:00
2026-09-13,52048,12550026,EDCKUL21BSWFA100,equipment,BSW,Electrical,,L3,ELE RM FA,6,KUL21 LV System,Promatrix DCS,0.0,0,81,81,0.0,0,20,20,1,0.0,0,35,35,1,0.0,0,26,26,1,,0,0,0,0,,0,0,0,0,2026-09-12T20:10:25.613305+00:00
2026-09-13,52048,12550027,EDCKUL21BSWFA200,equipment,BSW,Electrical,,L3,ELE RM FA,6,KUL21 LV System,Promatrix DCS,0.0,0,81,81,0.0,0,20,20,1,0.0,0,35,35,1,0.0,0,26,26,1,,0,0,0,0,,0,0,0,0,2026-09-12T20:10:25.613305+00:00
2026-09-13,52048,12550028,EDCKUL21BSWFA300,equipment,BSW,Electrical,,L3,ELE RM FA,6,KUL21 LV System,Promatrix DCS,0.0,0,81,81,0.0,0,20,20,1,0.0,0,35,35,1,0.0,0,26,26,1,,0,0,0,0,,0,0,0,0,2026-09-12T20:10:25.613305+00:00
2026-09-13,52048,12550029,EDCKUL21BSWFA400,equipment,BSW,Electrical,,L3,ELE RM FA,6,KUL21 LV System,Promatrix DCS,0.0,0,81,81,0.0,0,20,20,1,0.0,0,35,35,1,0.0,0,26,26,1,,0,0,0,0,,0,0,0,0,2026-09-12T20:10:25.613305+00:00
2026-09-13,52048,12550030,EDCKUL21BSWFA500,equipment,BSW,Electrical,,L3,ELE RM FA,6,KUL21 LV System,Promatrix DCS,0.0,0,81,81,0.0,0,20,20,1,0.0,0,35,35,1,0.0,0,26,26,1,,0,0,0,0,,0,0,0,0,2026-09-12T20:10:25.613305+00:00
2026-09-13,52048,12550031,EDCKUL21BSWFA600,equipment,BSW,Electrical,,L3,ELE RM FA,6,KUL21 LV System,Promatrix DCS,0.0,0,81,81,0.0,0,20,20,1,0.0,0,35,35,1,0.0,0,26,26,1,,0,0,0,0,,0,0,0,0,2026-09-12T20:10:25.613305+00:00
2026-09-13,52048,12550032,EDCKUL21BSWFB100,equipment,BSW,Electrical,,L3,ELE RM FB,6,KUL21 LV System,Promatrix DCS,0.0,0,81,81,0.0,0,20,20,1,0.0,0,35,35,1,0.0,0,26,26,1,,0,0,0,0,,0,0,0,0,2026-09-12T20:10:25.613305+00:00
2026-09-13,52048,12550033,EDCKUL21BSWFB200,equipment,BSW,Electrical,,L3,ELE RM FB,6,KUL21 LV System,Promatrix DCS,0.0,0,81,81,0.0,0,20,20,1,0.0,0,35,35,1,0.0,0,26,26,1,,0,0,0,0,,0,0,0,0,2026-09-12T20:10:25.613305+00:00
2026-09-13,52048,12550034,EDCKUL21BSWFB300,equipment,BSW,Electrical,,L3,ELE RM FB,6,KUL21 LV System,Promatrix DCS,0.0,0,81,81,0.0,0,20,20,1,0.0,0,35,35,1,0.0,0,26,26,1,,0,0,0,0,,0,0,0,0,2026-09-12T20:10:25.613305+00:00
2026-09-13,52048,12550035,EDCKUL21BSWFB400,equipment,BSW,Electrical,,L3,ELE RM FB,6,KUL21 LV System,Promatrix DCS,0.0,0,81,81,0.0,0,20,20,1,0.0,0,35,35,1,0.0,0,26,26,1,,0,0,0,0,,0,0,0,0,2026-09-12T20:10:25.613305+00:00
2026-09-13,52048,12550036,EDCKUL21BSWFB500,equipment,BSW,Electrical,,L3,ELE RM FB,6,KUL21 LV System,Promatrix DCS,0.0,0,81,81,0.0,0,20,20,1,0.0,0,35,35,1,0.0,0,26,26,1,,0,0,0,0,,0,0,0,0,2026-09-12T20:10:25.613305+00:00
2026-09-13,52048,12550037,EDCKUL21BSWFB600,equipment,BSW,Electrical,,L3,ELE RM FB,6,KUL21 LV System,Promatrix DCS,0.0,0,81,81,0.0,0,20,20,1,0.0,0,35,35,1,0.0,0,26,26,1,,0,0,0,0,,0,0,0,0,2026-09-12T20:10:25.613305+00:00
2026-09-13,52048,12550038,EDCKUL21BSWFC100,equipment,BSW,Electrical,,L3,ELE RM FC,6,KUL21 LV System,Promatrix DCS,0.0,0,81,81,0.0,0,20,20,1,0.0,0,35,35,1,0.0,0,26,26,1,,0,0,0,0,,0,0,0,0,2026-09-12T20:10:25.613305+00:00
2026-09-13,52048,12550039,EDCKUL21BSWFC200,equipment,BSW,Electrical,,L3,ELE RM FC,6,KUL21 LV System,Promatrix DCS,0.0,0,81,81,0.0,0,20,20,1,0.0,0,35,35,1,0.0,0,26,26,1,,0,0,0,0,,0,0,0,0,2026-09-12T20:10:25.613305+00:00
2026-09-13,52048,12550040,EDCKUL21BSWFC300,equipment,BSW,Electrical,,L3,ELE RM FC,6,KUL21 LV System,Promatrix DCS,0.0,0,81,81,0.0,0,20,20,1,0.0,0,35,35,1,0.0,0,26,26,1,,0,0,0,0,,0,0,0,0,2026-09-12T20:10:25.613305+00:00
2026-09-13,52048,12550041,EDCKUL21BSWFC400,equipment,BSW,Electrical,,L3,ELE RM FC,6,KUL21 LV System,Promatrix DCS,0.0,0,81,81,0.0,0,20,20,1,0.0,0,35,35,1,0.0,0,26,26,1,,0,0,0,0,,0,0,0,0,2026-09-12T20:10:25.613305+00:00
2026-09-13,52048,12550042,EDCKUL21BSWFC500,equipment,BSW,Electrical,,L3,ELE RM FC,6,KUL21 LV System,Promatrix DCS,0.0,0,81,81,0.0,0,20,20,1,0.0,0,35,35,1,0.0,0,26,26,1,,0,0,0,0,,0,0,0,0,2026-09-12T20:10:25.613305+00:00
2026-09-13,52048,12550043,EDCKUL21BSWFC600,equipment,BSW,Electrical,,L3,ELE RM FC,6,KUL21 LV System,Promatrix DCS,0.0,0,81,81,0.0,0,20,20,1,0.0,0,35,35,1,0.0,0,26,26,1,,0,0,0,0,,0,0,0,0,2026-09-12T20:10:25.613305+00:00
2026-09-13,52048,12550044,EDCKUL21BSWFD100,equipment,BSW,Electrical,,L3,ELE RM FD,6,KUL21 LV System,Promatrix DCS,0.0,0,81,81,0.0,0,20,20,1,0.0,0,35,35,1,0.0,0,26,26,1,,0,0,0,0,,0,0,0,0,2026-09-12T20:10:25.613305+00:00
2026-09-13,52048,12550045,EDCKUL21BSWFD200,equipment,BSW,Electrical,,L3,ELE RM FD,6,KUL21 LV System,Promatrix DCS,0.0,0,81,81,0.0,0,20,20,1,0.0,0,35,35,1,0.0,0,26,26,1,,0,0,0,0,,0,0,0,0,2026-09-12T20:10:25.613305+00:00
2026-09-13,52048,12550046,EDCKUL21BSWFD300,equipment,BSW,Electrical,,L3,ELE RM FD,6,KUL21 LV System,Promatrix DCS,0.0,0,81,81,0.0,0,20,20,1,0.0,0,35,35,1,0.0,0,26,26,1,,0,0,0,0,,0,0,0,0,2026-09-12T20:10:25.613305+00:00
2026-09-13,52048,12550047,EDCKUL21BSWFD400,equipment,BSW,Electrical,,L3,ELE RM FD,6,KUL21 LV System,Promatrix DCS,0.0,0,81,81,0.0,0,20,20,1,0.0,0,35,35,1,0.0,0,26,26,1,,0,0,0,0,,0,0,0,0,2026-09-12T20:10:25.613305+00:00
2026-09-13,52048,12550048,EDCKUL21BSWFD500,equipment,BSW,Electrical,,L3,ELE RM FD,6,KUL21 LV System,Promatrix DCS,0.0,0,81,81,0.0,0,20,20,1,0.0,0,35,35,1,0.0,0,26,26,1,,0,0,0,0,,0,0,0,0,2026-09-12T20:10:25.613305+00:00
2026-09-13,52048,12550049,EDCKUL21BSWFD600,equipment,BSW,Electrical,,L3,ELE RM FD,6,KUL21 LV System,Promatrix DCS,0.0,0,81,81,0.0,0,20,20,1,0.0,0,35,35,1,0.0,0,26,26,1,,0,0,0,0,,0,0,0,0,2026-09-12T20:10:25.613305+00:00
2026-09-13,52048,12550050,EDCKUL21BSWFE100,equipment,BSW,Electrical,,L3,ELE RM FE,6,KUL21 LV System,Promatrix DCS,0.0,0,81,81,0.0,0,20,20,1,0.0,0,35,35,1,0.0,0,26,26,1,,0,0,0,0,,0,0,0,0,2026-09-12T20:10:25.613305+00:00
2026-09-13,52048,12550051,EDCKUL21BSWFE200,equipment,BSW,Electrical,,L3,ELE RM FE,6,KUL21 LV System,Promatrix DCS,0.0,0,81,81,0.0,0,20,20,1,0.0,0,35,35,1,0.0,0,26,26,1,,0,0,0,0,,0,0,0,0,2026-09-12T20:10:25.613305+00:00
2026-09-13,52048,12550052,EDCKUL21BSWFE300,equipment,BSW,Electrical,,L3,ELE RM FE,6,KUL21 LV System,Promatrix DCS,0.0,0,81,81,0.0,0,20,20,1,0.0,0,35,35,1,0.0,0,26,26,1,,0,0,0,0,,0,0,0,0,2026-09-12T20:10:25.613305+00:00
2026-09-13,52048,12550053,EDCKUL21BSWFE400,equipment,BSW,Electrical,,L3,ELE RM FE,6,KUL21 LV System,Promatrix DCS,0.0,0,81,81,0.0,0,20,20,1,0.0,0,35,35,1,0.0,0,26,26,1,,0,0,0,0,,0,0,0,0,2026-09-12T20:10:25.613305+00:00
2026-09-13,52048,12550054,EDCKUL21BSWFE500,equipment,BSW,Electrical,,L3,ELE RM FE,6,KUL21 LV System,Promatrix DCS,0.0,0,81,81,0.0,0,20,20,1,0.0,0,35,35,1,0.0,0,26,26,1,,0,0,0,0,,0,0,0,0,2026-09-12T20:10:25.613305+00:00
2026-09-13,52048,12550055,EDCKUL21BSWFE600,equipment,BSW,Electrical,,L3,ELE RM FE,6,KUL21 LV System,Promatrix DCS,0.0,0,81,81,0.0,0,20,20,1,0.0,0,35,35,1,0.0,0,26,26,1,,0,0,0,0,,0,0,0,0,2026-09-12T20:10:25.613305+00:00
2026-09-13,52048,12550056,EDCKUL21BSWFF100,equipment,BSW,Electrical,,L3,ELE RM FF,6,KUL21 LV System,Promatrix DCS,0.0,0,81,81,0.0,0,20,20,1,0.0,0,35,35,1,0.0,0,26,26,1,,0,0,0,0,,0,0,0,0,2026-09-12T20:10:25.613305+00:00
2026-09-13,52048,12550057,EDCKUL21BSWFF200,equipment,BSW,Electrical,,L3,ELE RM FF,6,KUL21 LV System,Promatrix DCS,0.0,0,81,81,0.0,0,20,20,1,0.0,0,35,35,1,0.0,0,26,26,1,,0,0,0,0,,0,0,0,0,2026-09-12T20:10:25.613305+00:00
2026-09-13,52048,12550058,EDCKUL21BSWFF300,equipment,BSW,Electrical,,L3,ELE RM FF,6,KUL21 LV System,Promatrix DCS,0.0,0,81,81,0.0,0,20,20,1,0.0,0,35,35,1,0.0,0,26,26,1,,0,0,0,0,,0,0,0,0,2026-09-12T20:10:25.613305+00:00
2026-09-13,52048,12550059,EDCKUL21BSWFF400,equipment,BSW,Electrical,,L3,ELE RM FF,6,KUL21 LV System,Promatrix DCS,0.0,0,81,81,0.0,0,20,20,1,0.0,0,35,35,1,0.0,0,26,26,1,,0,0,0,0,,0,0,0,0,2026-09-12T20:10:25.613305+00:00
2026-09-13,52048,12550060,EDCKUL21BSWFF500,equipment,BSW,Electrical,,L3,ELE RM FF,6,KUL21 LV System,Promatrix DCS,0.0,0,81,81,0.0,0,20,20,1,0.0,0,35,35,1,0.0,0,26,26,1,,0,0,0,0,,0,0,0,0,2026-09-12T20:10:25.613305+00:00
2026-09-13,52048,12550061,EDCKUL21BSWFF600,equipment,BSW,Electrical,,L3,ELE RM FF,6,KUL21 LV System,Promatrix DCS,0.0,0,81,81,0.0,0,20,20,1,0.0,0,35,35,1,0.0,0,26,26,1,,0,0,0,0,,0,0,0,0,2026-09-12T20:10:25.613305+00:00
2026-09-13,52048,12550062,EDCKUL21BSWFT100,equipment,BSW,Electrical,,L3,ELE RM FT,6,KUL21 LV System,Promatrix DCS,0.0,0,81,81,0.0,0,20,20,1,0.0,0,35,35,1,0.0,0,26,26,1,,0,0,0,0,,0,0,0,0,2026-09-12T20:10:25.613305+00:00
2026-09-13,52048,12550063,EDCKUL21BSWFT200,equipment,BSW,Electrical,,L3,ELE RM FT,6,KUL21 LV System,Promatrix DCS,0.0,0,81,81,0.0,0,20,20,1,0.0,0,35,35,1,0.0,0,26,26,1,,0,0,0,0,,0,0,0,0,2026-09-12T20:10:25.613305+00:00
2026-09-13,52048,12550064,EDCKUL21BSWFT300,equipment,BSW,Electrical,,L3,ELE RM FT,6,KUL21 LV System,Promatrix DCS,0.0,0,81,81,0.0,0,20,20,1,0.0,0,35,35,1,0.0,0,26,26,1,,0,0,0,0,,0,0,0,0,2026-09-12T20:10:25.613305+00:00
2026-09-13,52048,12550065,EDCKUL21BSWFT400,equipment,BSW,Electrical,,L3,ELE RM FT,6,KUL21 LV System,Promatrix DCS,0.0,0,81,81,0.0,0,20,20,1,0.0,0,35,35,1,0.0,0,26,26,1,,0,0,0,0,,0,0,0,0,2026-09-12T20:10:25.613305+00:00
2026-09-13,52048,12550066,EDCKUL21BSWFT500,equipment,BSW,Electrical,,L3,ELE RM FT,6,KUL21 LV System,Promatrix DCS,0.0,0,81,81,0.0,0,20,20,1,0.0,0,35,35,1,0.0,0,26,26,1,,0,0,0,0,,0,0,0,0,2026-09-12T20:10:25.613305+00:00
2026-09-13,52048,13427830,EDCKUL21DPPFA210,equipment,DPP,Electrical,,,BATT RM FA,6,KUL21 UPS System,Eaton,24.69,20,81,61,100.0,20,20,0,1,0.0,0,35,35,1,0.0,0,26,26,1,,0,0,0,0,,0,0,0,0,2026-09-12T20:10:25.613305+00:00
2026-09-13,52048,13427831,EDCKUL21DPPFB210,equipment,DPP,Electrical,,,BATT RM FB,6,KUL21 UPS System,Eaton,24.69,20,81,61,100.0,20,20,0,1,0.0,0,35,35,1,0.0,0,26,26,1,,0,0,0,0,,0,0,0,0,2026-09-12T20:10:25.613305+00:00
2026-09-13,52048,13427832,EDCKUL21DPPFC210,equipment,DPP,Electrical,,,BATT RM FC,6,KUL21 UPS System,Eaton,24.69,20,81,61,100.0,20,20,0,1,0.0,0,35,35,1,0.0,0,26,26,1,,0,0,0,0,,0,0,0,0,2026-09-12T20:10:25.613305+00:00
2026-09-13,52048,13427835,EDCKUL21DPPFD210,equipment,DPP,Electrical,,,BATT RM FD,6,KUL21 UPS System,Eaton,24.69,20,81,61,100.0,20,20,0,1,0.0,0,35,35,1,0.0,0,26,26,1,,0,0,0,0,,0,0,0,0,2026-09-12T20:10:25.613305+00:00
2026-09-13,52048,13427836,EDCKUL21DPPFE210,equipment,DPP,Electrical,,,BATT RM FE,6,KUL21 UPS System,Eaton,24.69,20,81,61,100.0,20,20,0,1,0.0,0,35,35,1,0.0,0,26,26,1,,0,0,0,0,,0,0,0,0,2026-09-12T20:10:25.613305+00:00
2026-09-13,52048,13427837,EDCKUL21DPPFF210,equipment,DPP,Electrical,,,BATT RM FF,6,KUL21 UPS System,Eaton,24.69,20,81,61,100.0,20,20,0,1,0.0,0,35,35,1,0.0,0,26,26,1,,0,0,0,0,,0,0,0,0,2026-09-12T20:10:25.613305+00:00
2026-09-13,52048,13427841,EDCKUL21DPPFT210,equipment,DPP,Electrical,,,BATT RM FT,6,KUL21 UPS System,Eaton,24.69,20,81,61,100.0,20,20,0,1,0.0,0,35,35,1,0.0,0,26,26,1,,0,0,0,0,,0,0,0,0,2026-09-12T20:10:25.613305+00:00
2026-09-13,52048,13580670,EDCKUL21GDS00800,equipment,GDS,Mechanical,,,ECX STORAGE,6,KUL21 ACMV System,Promatrix DCS,0.0,0,81,81,0.0,0,20,20,1,0.0,0,35,35,1,0.0,0,26,26,1,,0,0,0,0,,0,0,0,0,2026-09-12T20:10:25.613305+00:00
2026-09-13,52048,13580671,EDCKUL21DHU0010B,equipment,DHU,Mechanical,,,AHU ROOM,6,KUL21 ACMV System,Promatrix DCS,0.0,0,81,81,0.0,0,20,20,1,0.0,0,35,35,1,0.0,0,26,26,1,,0,0,0,0,,0,0,0,0,2026-09-12T20:10:25.613305+00:00
2026-09-13,52048,13580672,EDCKUL21DHU0020B,equipment,DHU,Mechanical,,,AHU ROOM,6,KUL21 ACMV System,Promatrix DCS,0.0,0,81,81,0.0,0,20,20,1,0.0,0,35,35,1,0.0,0,26,26,1,,0,0,0,0,,0,0,0,0,2026-09-12T20:10:25.613305+00:00
2026-09-13,52048,13580673,EDCKUL21DHU0010C,equipment,DHU,Mechanical,,,AHU ROOM,6,KUL21 ACMV System,Promatrix DCS,0.0,0,81,81,0.0,0,20,20,1,0.0,0,35,35,1,0.0,0,26,26,1,,0,0,0,0,,0,0,0,0,2026-09-12T20:10:25.613305+00:00
2026-09-13,52048,13580674,EDCKUL21DHU0020C,equipment,DHU,Mechanical,,,AHU ROOM,6,KUL21 ACMV System,Promatrix DCS,0.0,0,81,81,0.0,0,20,20,1,0.0,0,35,35,1,0.0,0,26,26,1,,0,0,0,0,,0,0,0,0,2026-09-12T20:10:25.613305+00:00
2026-09-13,52048,13723697,EDCKUL21BMPFT100,equipment,BMP,ELV,,,ELE RM FT,6,KUL21 BMS System,Datasite,0.0,0,81,81,0.0,0,20,20,1,0.0,0,35,35,1,0.0,0,26,26,1,,0,0,0,0,,0,0,0,0,2026-09-12T20:10:25.613305+00:00
2026-09-13,52048,13723698,EDCKUL21BMPFA100,equipment,BMP,ELV,,,ELE RM FA,6,KUL21 BMS System,Datasite,0.0,0,81,81,0.0,0,20,20,1,0.0,0,35,35,1,0.0,0,26,26,1,,0,0,0,0,,0,0,0,0,2026-09-12T20:10:25.613305+00:00
2026-09-13,52048,13723699,EDCKUL21BMPFB100,equipment,BMP,ELV,,,ELE RM FB,6,KUL21 BMS System,Datasite,0.0,0,81,81,0.0,0,20,20,1,0.0,0,35,35,1,0.0,0,26,26,1,,0,0,0,0,,0,0,0,0,2026-09-12T20:10:25.613305+00:00
2026-09-13,52048,13723700,EDCKUL21BMPFC100,equipment,BMP,ELV,,,ELE RM FC,6,KUL21 BMS System,Datasite,0.0,0,81,81,0.0,0,20,20,1,0.0,0,35,35,1,0.0,0,26,26,1,,0,0,0,0,,0,0,0,0,2026-09-12T20:10:25.613305+00:00
2026-09-13,52048,13723701,EDCKUL21BMPFD100,equipment,BMP,ELV,,,ELE RM FD,6,KUL21 BMS System,Datasite,0.0,0,81,81,0.0,0,20,20,1,0.0,0,35,35,1,0.0,0,26,26,1,,0,0,0,0,,0,0,0,0,2026-09-12T20:10:25.613305+00:00
2026-09-13,52048,13723702,EDCKUL21BMPFE100,equipment,BMP,ELV,,,ELE RM FE,6,KUL21 BMS System,Datasite,0.0,0,81,81,0.0,0,20,20,1,0.0,0,35,35,1,0.0,0,26,26,1,,0,0,0,0,,0,0,0,0,2026-09-12T20:10:25.613305+00:00
2026-09-13,52048,13723703,EDCKUL21BMPFF100,equipment,BMP,ELV,,,ELE RM FF,6,KUL21 BMS System,Datasite,0.0,0,81,81,0.0,0,20,20,1,0.0,0,35,35,1,0.0,0,26,26,1,,0,0,0,0,,0,0,0,0,2026-09-12T20:10:25.613305+00:00
2026-09-13,52048,13723704,EDCKUL21BMP0010B,equipment,BMP,ELV,,,DATAHALL B,6,KUL21 BMS System,Datasite,0.0,0,81,81,0.0,0,20,20,1,0.0,0,35,35,1,0.0,0,26,26,1,,0,0,0,0,,0,0,0,0,2026-09-12T20:10:25.613305+00:00
2026-09-13,52048,13723705,EDCKUL21BMP0010C,equipment,BMP,ELV,,,DATAHALL B,6,KUL21 BMS System,Datasite,0.0,0,81,81,0.0,0,20,20,1,0.0,0,35,35,1,0.0,0,26,26,1,,0,0,0,0,,0,0,0,0,2026-09-12T20:10:25.613305+00:00
2026-09-13,52048,13723706,EDCKUL21BMPTCS1B,equipment,BMP,ELV,,,MECH B1,6,KUL21 BMS System,Rovisys,0.0,0,81,81,0.0,0,20,20,1,0.0,0,35,35,1,0.0,0,26,26,1,,0,0,0,0,,0,0,0,0,2026-09-12T20:10:25.613305+00:00
2026-09-13,52048,13723707,EDCKUL21BMPTCS2B,equipment,BMP,ELV,,,MECH B2,6,KUL21 BMS System,Rovisys,0.0,0,81,81,0.0,0,20,20,1,0.0,0,35,35,1,0.0,0,26,26,1,,0,0,0,0,,0,0,0,0,2026-09-12T20:10:25.613305+00:00
2026-09-13,52048,13723708,EDCKUL21BMPTCS1C,equipment,BMP,ELV,,,MECH C1,6,KUL21 BMS System,Rovisys,0.0,0,81,81,0.0,0,20,20,1,0.0,0,35,35,1,0.0,0,26,26,1,,0,0,0,0,,0,0,0,0,2026-09-12T20:10:25.613305+00:00
2026-09-13,52048,13723709,EDCKUL21BMPTCS2C,equipment,BMP,ELV,,,MECH C2,6,KUL21 BMS System,Rovisys,0.0,0,81,81,0.0,0,20,20,1,0.0,0,35,35,1,0.0,0,26,26,1,,0,0,0,0,,0,0,0,0,2026-09-12T20:10:25.613305+00:00
2026-09-13,52048,13851856,EDCKUL21PAC01500,equipment,PAC,Fire,,,3F - PRE ACTION ROOM,6,KUL21 Fire Protection System,Promatrix DCS,0.0,0,81,81,0.0,0,20,20,1,0.0,0,35,35,1,0.0,0,26,26,1,,0,0,0,0,,0,0,0,0,2026-09-12T20:10:25.613305+00:00
2026-09-13,52048,13851857,EDCKUL21PAC01600,equipment,PAC,Fire,,,3F - PRE ACTION ROOM,6,KUL21 Fire Protection System,Promatrix DCS,0.0,0,81,81,0.0,0,20,20,1,0.0,0,35,35,1,0.0,0,26,26,1,,0,0,0,0,,0,0,0,0,2026-09-12T20:10:25.613305+00:00
2026-09-13,52048,13851858,EDCKUL21PAS03500,equipment,PAS,Fire,,,3F - PRE ACTION ROOM,6,KUL21 Fire Protection System,Promatrix DCS,0.0,0,81,81,0.0,0,20,20,1,0.0,0,35,35,1,0.0,0,26,26,1,,0,0,0,0,,0,0,0,0,2026-09-12T20:10:25.613305+00:00
2026-09-13,52048,13851859,EDCKUL21PAS03600,equipment,PAS,Fire,,,3F - PRE ACTION ROOM,6,KUL21 Fire Protection System,Promatrix DCS,0.0,0,81,81,0.0,0,20,20,1,0.0,0,35,35,1,0.0,0,26,26,1,,0,0,0,0,,0,0,0,0,2026-09-12T20:10:25.613305+00:00
2026-09-13,52048,13851860,EDCKUL21PAS03700,equipment,PAS,Fire,,,3F - PRE ACTION ROOM,6,KUL21 Fire Protection System,Promatrix DCS,0.0,0,81,81,0.0,0,20,20,1,0.0,0,35,35,1,0.0,0,26,26,1,,0,0,0,0,,0,0,0,0,2026-09-12T20:10:25.613305+00:00
2026-09-13,52048,13851861,EDCKUL21PAS03800,equipment,PAS,Fire,,,3F - PRE ACTION ROOM,6,KUL21 Fire Protection System,Promatrix DCS,0.0,0,81,81,0.0,0,20,20,1,0.0,0,35,35,1,0.0,0,26,26,1,,0,0,0,0,,0,0,0,0,2026-09-12T20:10:25.613305+00:00
2026-09-13,52048,13851862,EDCKUL21PAS03900,equipment,PAS,Fire,,,3F - PRE ACTION ROOM,6,KUL21 Fire Protection System,Promatrix DCS,0.0,0,81,81,0.0,0,20,20,1,0.0,0,35,35,1,0.0,0,26,26,1,,0,0,0,0,,0,0,0,0,2026-09-12T20:10:25.613305+00:00
2026-09-13,52048,13851863,EDCKUL21PAS04000,equipment,PAS,Fire,,,3F - PRE ACTION ROOM,6,KUL21 Fire Protection System,Promatrix DCS,0.0,0,81,81,0.0,0,20,20,1,0.0,0,35,35,1,0.0,0,26,26,1,,0,0,0,0,,0,0,0,0,2026-09-12T20:10:25.613305+00:00
