snapshot_date,week_start,project_id,equipment_type,commissioning_level,equipment_count,total_lines,completed_lines,open_lines,completion_pct,last_synced
2026-09-08,2026-09-07,39282,ACS,L1,98,1989,1338,651,67.27,2026-09-08T13:35:08.662975+00:00
2026-09-08,2026-09-07,39282,ACS,L2,98,3430,1229,2201,35.83,2026-09-08T13:35:08.662975+00:00
2026-09-08,2026-09-07,39282,ACS,L3,98,2548,0,2548,0.0,2026-09-08T13:35:08.662975+00:00
2026-09-08,2026-09-07,39282,AHU,L1,7,147,147,0,100.0,2026-09-08T13:35:08.662975+00:00
2026-09-08,2026-09-07,39282,AHU,L2,7,245,0,245,0.0,2026-09-08T13:35:08.662975+00:00
2026-09-08,2026-09-07,39282,AHU,L3,7,182,0,182,0.0,2026-09-08T13:35:08.662975+00:00
2026-09-08,2026-09-07,39282,AIS,L1,6,122,42,80,34.43,2026-09-08T13:35:08.662975+00:00
2026-09-08,2026-09-07,39282,AIS,L2,6,210,0,210,0.0,2026-09-08T13:35:08.662975+00:00
2026-09-08,2026-09-07,39282,AIS,L3,6,156,0,156,0.0,2026-09-08T13:35:08.662975+00:00
2026-09-08,2026-09-07,39282,BMP,L1,26,528,434,94,82.2,2026-09-08T13:35:08.662975+00:00
2026-09-08,2026-09-07,39282,BMP,L2,26,1222,656,566,53.68,2026-09-08T13:35:08.662975+00:00
2026-09-08,2026-09-07,39282,BMP,L3,26,676,56,620,8.28,2026-09-08T13:35:08.662975+00:00
2026-09-08,2026-09-07,39282,BSW,L1,56,1120,480,640,42.86,2026-09-08T13:35:08.662975+00:00
2026-09-08,2026-09-07,39282,BSW,L2,56,1960,840,1120,42.86,2026-09-08T13:35:08.662975+00:00
2026-09-08,2026-09-07,39282,BSW,L3,56,1456,0,1456,0.0,2026-09-08T13:35:08.662975+00:00
2026-09-08,2026-09-07,39282,CDU,L1,12,240,234,6,97.5,2026-09-08T13:35:08.662975+00:00
2026-09-08,2026-09-07,39282,CDU,L2,12,420,0,420,0.0,2026-09-08T13:35:08.662975+00:00
2026-09-08,2026-09-07,39282,CDU,L3,12,312,0,312,0.0,2026-09-08T13:35:08.662975+00:00
2026-09-08,2026-09-07,39282,CHL,L1,8,168,168,0,100.0,2026-09-08T13:35:08.662975+00:00
2026-09-08,2026-09-07,39282,CHL,L2,8,280,56,224,20.0,2026-09-08T13:35:08.662975+00:00
2026-09-08,2026-09-07,39282,CHL,L3,8,208,0,208,0.0,2026-09-08T13:35:08.662975+00:00
2026-09-08,2026-09-07,39282,CHP,L1,8,168,168,0,100.0,2026-09-08T13:35:08.662975+00:00
2026-09-08,2026-09-07,39282,CHP,L2,8,280,0,280,0.0,2026-09-08T13:35:08.662975+00:00
2026-09-08,2026-09-07,39282,CHP,L3,8,208,0,208,0.0,2026-09-08T13:35:08.662975+00:00
2026-09-08,2026-09-07,39282,CRA,L1,28,560,554,6,98.93,2026-09-08T13:35:08.662975+00:00
2026-09-08,2026-09-07,39282,CRA,L2,28,980,0,980,0.0,2026-09-08T13:35:08.662975+00:00
2026-09-08,2026-09-07,39282,CRA,L3,28,728,0,728,0.0,2026-09-08T13:35:08.662975+00:00
2026-09-08,2026-09-07,39282,CTS,L1,6,120,25,95,20.83,2026-09-08T13:35:08.662975+00:00
2026-09-08,2026-09-07,39282,CTS,L2,6,210,0,210,0.0,2026-09-08T13:35:08.662975+00:00
2026-09-08,2026-09-07,39282,CTS,L3,6,156,0,156,0.0,2026-09-08T13:35:08.662975+00:00
2026-09-08,2026-09-07,39282,DPP,L1,54,1104,1044,60,94.57,2026-09-08T13:35:08.662975+00:00
2026-09-08,2026-09-07,39282,DPP,L2,54,2080,721,1359,34.66,2026-09-08T13:35:08.662975+00:00
2026-09-08,2026-09-07,39282,DPP,L3,54,1404,0,1404,0.0,2026-09-08T13:35:08.662975+00:00
2026-09-08,2026-09-07,39282,DSG,L1,8,168,168,0,100.0,2026-09-08T13:35:08.662975+00:00
2026-09-08,2026-09-07,39282,DSG,L2,8,592,592,0,100.0,2026-09-08T13:35:08.662975+00:00
2026-09-08,2026-09-07,39282,DSG,L3,8,208,6,202,2.88,2026-09-08T13:35:08.662975+00:00
2026-09-08,2026-09-07,39282,EPP,L1,8,164,164,0,100.0,2026-09-08T13:35:08.662975+00:00
2026-09-08,2026-09-07,39282,EPP,L2,8,363,231,132,63.64,2026-09-08T13:35:08.662975+00:00
2026-09-08,2026-09-07,39282,EPP,L3,8,208,0,208,0.0,2026-09-08T13:35:08.662975+00:00
2026-09-08,2026-09-07,39282,EXF,L1,20,400,365,35,91.25,2026-09-08T13:35:08.662975+00:00
2026-09-08,2026-09-07,39282,EXF,L2,20,700,0,700,0.0,2026-09-08T13:35:08.662975+00:00
2026-09-08,2026-09-07,39282,EXF,L3,20,520,0,520,0.0,2026-09-08T13:35:08.662975+00:00
2026-09-08,2026-09-07,39282,EXP,L1,6,122,42,80,34.43,2026-09-08T13:35:08.662975+00:00
2026-09-08,2026-09-07,39282,EXP,L2,6,210,0,210,0.0,2026-09-08T13:35:08.662975+00:00
2026-09-08,2026-09-07,39282,EXP,L3,6,156,0,156,0.0,2026-09-08T13:35:08.662975+00:00
2026-09-08,2026-09-07,39282,FWU,L1,16,336,321,15,95.54,2026-09-08T13:35:08.662975+00:00
2026-09-08,2026-09-07,39282,FWU,L2,16,560,0,560,0.0,2026-09-08T13:35:08.662975+00:00
2026-09-08,2026-09-07,39282,FWU,L3,16,416,0,416,0.0,2026-09-08T13:35:08.662975+00:00
2026-09-08,2026-09-07,39282,GDS,L1,2,40,0,40,0.0,2026-09-08T13:35:08.662975+00:00
2026-09-08,2026-09-07,39282,GDS,L2,2,70,0,70,0.0,2026-09-08T13:35:08.662975+00:00
2026-09-08,2026-09-07,39282,GDS,L3,2,52,0,52,0.0,2026-09-08T13:35:08.662975+00:00
2026-09-08,2026-09-07,39282,GDT,L1,8,168,168,0,100.0,2026-09-08T13:35:08.662975+00:00
2026-09-08,2026-09-07,39282,GDT,L2,8,280,279,1,99.64,2026-09-08T13:35:08.662975+00:00
2026-09-08,2026-09-07,39282,GDT,L3,8,208,0,208,0.0,2026-09-08T13:35:08.662975+00:00
2026-09-08,2026-09-07,39282,GEN,L1,8,168,168,0,100.0,2026-09-08T13:35:08.662975+00:00
2026-09-08,2026-09-07,39282,GEN,L2,8,320,320,0,100.0,2026-09-08T13:35:08.662975+00:00
2026-09-08,2026-09-07,39282,GEN,L3,8,208,1,207,0.48,2026-09-08T13:35:08.662975+00:00
2026-09-08,2026-09-07,39282,GSB,L1,8,168,168,0,100.0,2026-09-08T13:35:08.662975+00:00
2026-09-08,2026-09-07,39282,GSB,L2,8,320,320,0,100.0,2026-09-08T13:35:08.662975+00:00
2026-09-08,2026-09-07,39282,GSB,L3,8,208,0,208,0.0,2026-09-08T13:35:08.662975+00:00
2026-09-08,2026-09-07,39282,LBG,L1,1,21,21,0,100.0,2026-09-08T13:35:08.662975+00:00
2026-09-08,2026-09-07,39282,LBG,L2,1,35,35,0,100.0,2026-09-08T13:35:08.662975+00:00
2026-09-08,2026-09-07,39282,LBG,L3,1,26,10,16,38.46,2026-09-08T13:35:08.662975+00:00
2026-09-08,2026-09-07,39282,MBC,L1,16,336,336,0,100.0,2026-09-08T13:35:08.662975+00:00
2026-09-08,2026-09-07,39282,MBC,L2,16,674,414,260,61.42,2026-09-08T13:35:08.662975+00:00
2026-09-08,2026-09-07,39282,MBC,L3,16,416,7,409,1.68,2026-09-08T13:35:08.662975+00:00
2026-09-08,2026-09-07,39282,MDP,L1,14,293,271,22,92.49,2026-09-08T13:35:08.662975+00:00
2026-09-08,2026-09-07,39282,MDP,L2,14,793,612,181,77.18,2026-09-08T13:35:08.662975+00:00
2026-09-08,2026-09-07,39282,MDP,L3,14,364,7,357,1.92,2026-09-08T13:35:08.662975+00:00
2026-09-08,2026-09-07,39282,MSB,L1,10,210,210,0,100.0,2026-09-08T13:35:08.662975+00:00
2026-09-08,2026-09-07,39282,MSB,L2,10,672,671,1,99.85,2026-09-08T13:35:08.662975+00:00
2026-09-08,2026-09-07,39282,MSB,L3,10,260,56,204,21.54,2026-09-08T13:35:08.662975+00:00
2026-09-08,2026-09-07,39282,MUP,L1,4,80,0,80,0.0,2026-09-08T13:35:08.662975+00:00
2026-09-08,2026-09-07,39282,MUP,L2,4,140,0,140,0.0,2026-09-08T13:35:08.662975+00:00
2026-09-08,2026-09-07,39282,MUP,L3,4,104,0,104,0.0,2026-09-08T13:35:08.662975+00:00
2026-09-08,2026-09-07,39282,OAF,L1,30,630,630,0,100.0,2026-09-08T13:35:08.662975+00:00
2026-09-08,2026-09-07,39282,OAF,L2,30,1050,108,942,10.29,2026-09-08T13:35:08.662975+00:00
2026-09-08,2026-09-07,39282,OAF,L3,30,780,0,780,0.0,2026-09-08T13:35:08.662975+00:00
2026-09-08,2026-09-07,39282,PAC,L1,4,84,84,0,100.0,2026-09-08T13:35:08.662975+00:00
2026-09-08,2026-09-07,39282,PAC,L2,4,140,0,140,0.0,2026-09-08T13:35:08.662975+00:00
2026-09-08,2026-09-07,39282,PAC,L3,4,104,0,104,0.0,2026-09-08T13:35:08.662975+00:00
2026-09-08,2026-09-07,39282,PAS,L1,8,168,168,0,100.0,2026-09-08T13:35:08.662975+00:00
2026-09-08,2026-09-07,39282,PAS,L2,8,280,0,280,0.0,2026-09-08T13:35:08.662975+00:00
2026-09-08,2026-09-07,39282,PAS,L3,8,208,0,208,0.0,2026-09-08T13:35:08.662975+00:00
2026-09-08,2026-09-07,39282,PLC,L1,1,20,19,1,95.0,2026-09-08T13:35:08.662975+00:00
2026-09-08,2026-09-07,39282,PLC,L2,1,35,0,35,0.0,2026-09-08T13:35:08.662975+00:00
2026-09-08,2026-09-07,39282,PLC,L3,1,26,0,26,0.0,2026-09-08T13:35:08.662975+00:00
2026-09-08,2026-09-07,39282,RPP,L1,16,320,320,0,100.0,2026-09-08T13:35:08.662975+00:00
2026-09-08,2026-09-07,39282,RPP,L2,16,560,0,560,0.0,2026-09-08T13:35:08.662975+00:00
2026-09-08,2026-09-07,39282,RPP,L3,16,416,0,416,0.0,2026-09-08T13:35:08.662975+00:00
2026-09-08,2026-09-07,39282,STS,L1,24,480,480,0,100.0,2026-09-08T13:35:08.662975+00:00
2026-09-08,2026-09-07,39282,STS,L2,24,840,7,833,0.83,2026-09-08T13:35:08.662975+00:00
2026-09-08,2026-09-07,39282,STS,L3,24,624,0,624,0.0,2026-09-08T13:35:08.662975+00:00
2026-09-08,2026-09-07,39282,TES,L1,18,360,120,240,33.33,2026-09-08T13:35:08.662975+00:00
2026-09-08,2026-09-07,39282,TES,L2,18,630,0,630,0.0,2026-09-08T13:35:08.662975+00:00
2026-09-08,2026-09-07,39282,TES,L3,18,468,0,468,0.0,2026-09-08T13:35:08.662975+00:00
2026-09-08,2026-09-07,39282,TRN,L1,8,168,168,0,100.0,2026-09-08T13:35:08.662975+00:00
2026-09-08,2026-09-07,39282,TRN,L2,8,320,320,0,100.0,2026-09-08T13:35:08.662975+00:00
2026-09-08,2026-09-07,39282,TRN,L3,8,208,0,208,0.0,2026-09-08T13:35:08.662975+00:00
2026-09-08,2026-09-07,39282,UDP,L1,24,480,480,0,100.0,2026-09-08T13:35:08.662975+00:00
2026-09-08,2026-09-07,39282,UDP,L2,24,840,168,672,20.0,2026-09-08T13:35:08.662975+00:00
2026-09-08,2026-09-07,39282,UDP,L3,24,624,0,624,0.0,2026-09-08T13:35:08.662975+00:00
2026-09-08,2026-09-07,39282,UPB,L1,24,480,480,0,100.0,2026-09-08T13:35:08.662975+00:00
2026-09-08,2026-09-07,39282,UPB,L2,24,840,0,840,0.0,2026-09-08T13:35:08.662975+00:00
2026-09-08,2026-09-07,39282,UPB,L3,24,624,0,624,0.0,2026-09-08T13:35:08.662975+00:00
2026-09-08,2026-09-07,39282,UPS,L1,24,480,480,0,100.0,2026-09-08T13:35:08.662975+00:00
2026-09-08,2026-09-07,39282,UPS,L2,24,840,1,839,0.12,2026-09-08T13:35:08.662975+00:00
2026-09-08,2026-09-07,39282,UPS,L3,24,624,0,624,0.0,2026-09-08T13:35:08.662975+00:00
2026-09-08,2026-09-07,39282,VES,L1,59,1180,980,200,83.05,2026-09-08T13:35:08.662975+00:00
2026-09-08,2026-09-07,39282,VES,L2,59,2065,0,2065,0.0,2026-09-08T13:35:08.662975+00:00
2026-09-08,2026-09-07,39282,VES,L3,59,1534,0,1534,0.0,2026-09-08T13:35:08.662975+00:00
2026-09-08,2026-09-07,39282,VRF,L1,15,311,311,0,100.0,2026-09-08T13:35:08.662975+00:00
2026-09-08,2026-09-07,39282,VRF,L2,15,525,289,236,55.05,2026-09-08T13:35:08.662975+00:00
2026-09-08,2026-09-07,39282,VRF,L3,15,390,0,390,0.0,2026-09-08T13:35:08.662975+00:00
2026-09-08,2026-09-07,40875,ACS,L1,89,1865,1343,522,72.01,2026-09-08T13:35:08.662975+00:00
2026-09-08,2026-09-07,40875,ACS,L2,89,3360,1888,1472,56.19,2026-09-08T13:35:08.662975+00:00
2026-09-08,2026-09-07,40875,ACS,L3,89,2314,0,2314,0.0,2026-09-08T13:35:08.662975+00:00
2026-09-08,2026-09-07,40875,AIS,L1,4,84,42,42,50.0,2026-09-08T13:35:08.662975+00:00
2026-09-08,2026-09-07,40875,AIS,L2,4,160,0,160,0.0,2026-09-08T13:35:08.662975+00:00
2026-09-08,2026-09-07,40875,AIS,L3,4,104,0,104,0.0,2026-09-08T13:35:08.662975+00:00
2026-09-08,2026-09-07,40875,BMP,L1,25,517,437,80,84.53,2026-09-08T13:35:08.662975+00:00
2026-09-08,2026-09-07,40875,BMP,L2,25,1232,610,622,49.51,2026-09-08T13:35:08.662975+00:00
2026-09-08,2026-09-07,40875,BMP,L3,25,650,0,650,0.0,2026-09-08T13:35:08.662975+00:00
2026-09-08,2026-09-07,40875,BOP,L1,7,147,147,0,100.0,2026-09-08T13:35:08.662975+00:00
2026-09-08,2026-09-07,40875,BOP,L2,7,280,0,280,0.0,2026-09-08T13:35:08.662975+00:00
2026-09-08,2026-09-07,40875,BOP,L3,7,182,0,182,0.0,2026-09-08T13:35:08.662975+00:00
2026-09-08,2026-09-07,40875,BSW,L1,39,780,460,320,58.97,2026-09-08T13:35:08.662975+00:00
2026-09-08,2026-09-07,40875,BSW,L2,39,1365,803,562,58.83,2026-09-08T13:35:08.662975+00:00
2026-09-08,2026-09-07,40875,BSW,L3,39,1014,0,1014,0.0,2026-09-08T13:35:08.662975+00:00
2026-09-08,2026-09-07,40875,CDU,L1,6,126,126,0,100.0,2026-09-08T13:35:08.662975+00:00
2026-09-08,2026-09-07,40875,CDU,L2,6,240,0,240,0.0,2026-09-08T13:35:08.662975+00:00
2026-09-08,2026-09-07,40875,CDU,L3,6,156,0,156,0.0,2026-09-08T13:35:08.662975+00:00
2026-09-08,2026-09-07,40875,CHL,L1,8,168,168,0,100.0,2026-09-08T13:35:08.662975+00:00
2026-09-08,2026-09-07,40875,CHL,L2,8,320,55,265,17.19,2026-09-08T13:35:08.662975+00:00
2026-09-08,2026-09-07,40875,CHL,L3,8,208,0,208,0.0,2026-09-08T13:35:08.662975+00:00
2026-09-08,2026-09-07,40875,CHP,L1,8,168,168,0,100.0,2026-09-08T13:35:08.662975+00:00
2026-09-08,2026-09-07,40875,CHP,L2,8,320,7,313,2.19,2026-09-08T13:35:08.662975+00:00
2026-09-08,2026-09-07,40875,CHP,L3,8,208,0,208,0.0,2026-09-08T13:35:08.662975+00:00
2026-09-08,2026-09-07,40875,CRA,L1,28,588,575,13,97.79,2026-09-08T13:35:08.662975+00:00
2026-09-08,2026-09-07,40875,CRA,L2,28,1120,76,1044,6.79,2026-09-08T13:35:08.662975+00:00
2026-09-08,2026-09-07,40875,CRA,L3,28,728,0,728,0.0,2026-09-08T13:35:08.662975+00:00
2026-09-08,2026-09-07,40875,CTS,L1,4,84,14,70,16.67,2026-09-08T13:35:08.662975+00:00
2026-09-08,2026-09-07,40875,CTS,L2,4,160,0,160,0.0,2026-09-08T13:35:08.662975+00:00
2026-09-08,2026-09-07,40875,CTS,L3,4,104,0,104,0.0,2026-09-08T13:35:08.662975+00:00
2026-09-08,2026-09-07,40875,DPP,L1,63,1291,1270,21,98.37,2026-09-08T13:35:08.662975+00:00
2026-09-08,2026-09-07,40875,DPP,L2,63,2430,1365,1065,56.17,2026-09-08T13:35:08.662975+00:00
2026-09-08,2026-09-07,40875,DPP,L3,63,1638,7,1631,0.43,2026-09-08T13:35:08.662975+00:00
2026-09-08,2026-09-07,40875,DSG,L1,8,168,168,0,100.0,2026-09-08T13:35:08.662975+00:00
2026-09-08,2026-09-07,40875,DSG,L2,8,592,592,0,100.0,2026-09-08T13:35:08.662975+00:00
2026-09-08,2026-09-07,40875,DSG,L3,8,208,48,160,23.08,2026-09-08T13:35:08.662975+00:00
2026-09-08,2026-09-07,40875,EPP,L1,9,185,185,0,100.0,2026-09-08T13:35:08.662975+00:00
2026-09-08,2026-09-07,40875,EPP,L2,9,476,353,123,74.16,2026-09-08T13:35:08.662975+00:00
2026-09-08,2026-09-07,40875,EPP,L3,9,234,0,234,0.0,2026-09-08T13:35:08.662975+00:00
2026-09-08,2026-09-07,40875,EXF,L1,8,160,152,8,95.0,2026-09-08T13:35:08.662975+00:00
2026-09-08,2026-09-07,40875,EXF,L2,8,280,0,280,0.0,2026-09-08T13:35:08.662975+00:00
2026-09-08,2026-09-07,40875,EXF,L3,8,208,0,208,0.0,2026-09-08T13:35:08.662975+00:00
2026-09-08,2026-09-07,40875,EXP,L1,4,84,42,42,50.0,2026-09-08T13:35:08.662975+00:00
2026-09-08,2026-09-07,40875,EXP,L2,4,160,0,160,0.0,2026-09-08T13:35:08.662975+00:00
2026-09-08,2026-09-07,40875,EXP,L3,4,104,0,104,0.0,2026-09-08T13:35:08.662975+00:00
2026-09-08,2026-09-07,40875,FAC,L1,3,63,63,0,100.0,2026-09-08T13:35:08.662975+00:00
2026-09-08,2026-09-07,40875,FAC,L2,3,120,0,120,0.0,2026-09-08T13:35:08.662975+00:00
2026-09-08,2026-09-07,40875,FAC,L3,3,78,0,78,0.0,2026-09-08T13:35:08.662975+00:00
2026-09-08,2026-09-07,40875,FAP,L1,16,320,320,0,100.0,2026-09-08T13:35:08.662975+00:00
2026-09-08,2026-09-07,40875,FAP,L2,16,560,559,1,99.82,2026-09-08T13:35:08.662975+00:00
2026-09-08,2026-09-07,40875,FAP,L3,16,416,0,416,0.0,2026-09-08T13:35:08.662975+00:00
2026-09-08,2026-09-07,40875,FCC,L1,5,103,103,0,100.0,2026-09-08T13:35:08.662975+00:00
2026-09-08,2026-09-07,40875,FCC,L2,5,175,104,71,59.43,2026-09-08T13:35:08.662975+00:00
2026-09-08,2026-09-07,40875,FCC,L3,5,130,0,130,0.0,2026-09-08T13:35:08.662975+00:00
2026-09-08,2026-09-07,40875,FCU,L1,5,103,103,0,100.0,2026-09-08T13:35:08.662975+00:00
2026-09-08,2026-09-07,40875,FCU,L2,5,175,105,70,60.0,2026-09-08T13:35:08.662975+00:00
2026-09-08,2026-09-07,40875,FCU,L3,5,130,0,130,0.0,2026-09-08T13:35:08.662975+00:00
2026-09-08,2026-09-07,40875,FOF,L1,2,42,42,0,100.0,2026-09-08T13:35:08.662975+00:00
2026-09-08,2026-09-07,40875,FOF,L2,2,80,80,0,100.0,2026-09-08T13:35:08.662975+00:00
2026-09-08,2026-09-07,40875,FOF,L3,2,52,0,52,0.0,2026-09-08T13:35:08.662975+00:00
2026-09-08,2026-09-07,40875,FOP,L1,2,42,42,0,100.0,2026-09-08T13:35:08.662975+00:00
2026-09-08,2026-09-07,40875,FOP,L2,2,80,79,1,98.75,2026-09-08T13:35:08.662975+00:00
2026-09-08,2026-09-07,40875,FOP,L3,2,52,0,52,0.0,2026-09-08T13:35:08.662975+00:00
2026-09-08,2026-09-07,40875,FOT,L1,5,105,105,0,100.0,2026-09-08T13:35:08.662975+00:00
2026-09-08,2026-09-07,40875,FOT,L2,5,200,14,186,7.0,2026-09-08T13:35:08.662975+00:00
2026-09-08,2026-09-07,40875,FOT,L3,5,130,0,130,0.0,2026-09-08T13:35:08.662975+00:00
2026-09-08,2026-09-07,40875,FPO,L1,2,42,42,0,100.0,2026-09-08T13:35:08.662975+00:00
2026-09-08,2026-09-07,40875,FPO,L2,2,80,80,0,100.0,2026-09-08T13:35:08.662975+00:00
2026-09-08,2026-09-07,40875,FPO,L3,2,52,0,52,0.0,2026-09-08T13:35:08.662975+00:00
2026-09-08,2026-09-07,40875,FRP,L1,1,21,21,0,100.0,2026-09-08T13:35:08.662975+00:00
2026-09-08,2026-09-07,40875,FRP,L2,1,40,0,40,0.0,2026-09-08T13:35:08.662975+00:00
2026-09-08,2026-09-07,40875,FRP,L3,1,26,0,26,0.0,2026-09-08T13:35:08.662975+00:00
2026-09-08,2026-09-07,40875,FWU,L1,22,462,420,42,90.91,2026-09-08T13:35:08.662975+00:00
2026-09-08,2026-09-07,40875,FWU,L2,22,880,0,880,0.0,2026-09-08T13:35:08.662975+00:00
2026-09-08,2026-09-07,40875,FWU,L3,22,572,0,572,0.0,2026-09-08T13:35:08.662975+00:00
2026-09-08,2026-09-07,40875,GDS,L1,2,40,0,40,0.0,2026-09-08T13:35:08.662975+00:00
2026-09-08,2026-09-07,40875,GDS,L2,2,70,0,70,0.0,2026-09-08T13:35:08.662975+00:00
2026-09-08,2026-09-07,40875,GDS,L3,2,52,0,52,0.0,2026-09-08T13:35:08.662975+00:00
2026-09-08,2026-09-07,40875,GDT,L1,8,168,168,0,100.0,2026-09-08T13:35:08.662975+00:00
2026-09-08,2026-09-07,40875,GDT,L2,8,320,320,0,100.0,2026-09-08T13:35:08.662975+00:00
2026-09-08,2026-09-07,40875,GDT,L3,8,208,0,208,0.0,2026-09-08T13:35:08.662975+00:00
2026-09-08,2026-09-07,40875,GEN,L1,8,168,168,0,100.0,2026-09-08T13:35:08.662975+00:00
2026-09-08,2026-09-07,40875,GEN,L2,8,320,320,0,100.0,2026-09-08T13:35:08.662975+00:00
2026-09-08,2026-09-07,40875,GEN,L3,8,208,0,208,0.0,2026-09-08T13:35:08.662975+00:00
2026-09-08,2026-09-07,40875,GSB,L1,8,168,168,0,100.0,2026-09-08T13:35:08.662975+00:00
2026-09-08,2026-09-07,40875,GSB,L2,8,320,320,0,100.0,2026-09-08T13:35:08.662975+00:00
2026-09-08,2026-09-07,40875,GSB,L3,8,208,0,208,0.0,2026-09-08T13:35:08.662975+00:00
2026-09-08,2026-09-07,40875,MBC,L1,16,336,336,0,100.0,2026-09-08T13:35:08.662975+00:00
2026-09-08,2026-09-07,40875,MBC,L2,16,674,461,213,68.4,2026-09-08T13:35:08.662975+00:00
2026-09-08,2026-09-07,40875,MBC,L3,16,416,0,416,0.0,2026-09-08T13:35:08.662975+00:00
2026-09-08,2026-09-07,40875,MCC,L1,1,21,21,0,100.0,2026-09-08T13:35:08.662975+00:00
2026-09-08,2026-09-07,40875,MCC,L2,1,40,0,40,0.0,2026-09-08T13:35:08.662975+00:00
2026-09-08,2026-09-07,40875,MCC,L3,1,26,0,26,0.0,2026-09-08T13:35:08.662975+00:00
2026-09-08,2026-09-07,40875,MDP,L1,24,498,498,0,100.0,2026-09-08T13:35:08.662975+00:00
2026-09-08,2026-09-07,40875,MDP,L2,24,1168,604,564,51.71,2026-09-08T13:35:08.662975+00:00
2026-09-08,2026-09-07,40875,MDP,L3,24,624,0,624,0.0,2026-09-08T13:35:08.662975+00:00
2026-09-08,2026-09-07,40875,MSB,L1,10,210,210,0,100.0,2026-09-08T13:35:08.662975+00:00
2026-09-08,2026-09-07,40875,MSB,L2,10,706,706,0,100.0,2026-09-08T13:35:08.662975+00:00
2026-09-08,2026-09-07,40875,MSB,L3,10,260,0,260,0.0,2026-09-08T13:35:08.662975+00:00
2026-09-08,2026-09-07,40875,MUP,L1,2,42,0,42,0.0,2026-09-08T13:35:08.662975+00:00
2026-09-08,2026-09-07,40875,MUP,L2,2,80,0,80,0.0,2026-09-08T13:35:08.662975+00:00
2026-09-08,2026-09-07,40875,MUP,L3,2,52,0,52,0.0,2026-09-08T13:35:08.662975+00:00
2026-09-08,2026-09-07,40875,MVS,L1,2,42,42,0,100.0,2026-09-08T13:35:08.662975+00:00
2026-09-08,2026-09-07,40875,MVS,L2,2,80,80,0,100.0,2026-09-08T13:35:08.662975+00:00
2026-09-08,2026-09-07,40875,MVS,L3,2,52,14,38,26.92,2026-09-08T13:35:08.662975+00:00
2026-09-08,2026-09-07,40875,OAF,L1,19,398,398,0,100.0,2026-09-08T13:35:08.662975+00:00
2026-09-08,2026-09-07,40875,OAF,L2,19,755,0,755,0.0,2026-09-08T13:35:08.662975+00:00
2026-09-08,2026-09-07,40875,OAF,L3,19,494,0,494,0.0,2026-09-08T13:35:08.662975+00:00
2026-09-08,2026-09-07,40875,PAC,L1,4,84,84,0,100.0,2026-09-08T13:35:08.662975+00:00
2026-09-08,2026-09-07,40875,PAC,L2,4,160,0,160,0.0,2026-09-08T13:35:08.662975+00:00
2026-09-08,2026-09-07,40875,PAC,L3,4,104,0,104,0.0,2026-09-08T13:35:08.662975+00:00
2026-09-08,2026-09-07,40875,PAS,L1,8,168,168,0,100.0,2026-09-08T13:35:08.662975+00:00
2026-09-08,2026-09-07,40875,PAS,L2,8,320,0,320,0.0,2026-09-08T13:35:08.662975+00:00
2026-09-08,2026-09-07,40875,PAS,L3,8,208,0,208,0.0,2026-09-08T13:35:08.662975+00:00
2026-09-08,2026-09-07,40875,PLC,L1,1,20,18,2,90.0,2026-09-08T13:35:08.662975+00:00
2026-09-08,2026-09-07,40875,PLC,L2,1,35,0,35,0.0,2026-09-08T13:35:08.662975+00:00
2026-09-08,2026-09-07,40875,PLC,L3,1,26,0,26,0.0,2026-09-08T13:35:08.662975+00:00
2026-09-08,2026-09-07,40875,RPP,L1,56,1120,1120,0,100.0,2026-09-08T13:35:08.662975+00:00
2026-09-08,2026-09-07,40875,RPP,L2,56,1960,0,1960,0.0,2026-09-08T13:35:08.662975+00:00
2026-09-08,2026-09-07,40875,RPP,L3,56,1456,0,1456,0.0,2026-09-08T13:35:08.662975+00:00
2026-09-08,2026-09-07,40875,STS,L1,24,504,504,0,100.0,2026-09-08T13:35:08.662975+00:00
2026-09-08,2026-09-07,40875,STS,L2,24,960,188,772,19.58,2026-09-08T13:35:08.662975+00:00
2026-09-08,2026-09-07,40875,STS,L3,24,624,0,624,0.0,2026-09-08T13:35:08.662975+00:00
2026-09-08,2026-09-07,40875,TES,L1,6,126,0,126,0.0,2026-09-08T13:35:08.662975+00:00
2026-09-08,2026-09-07,40875,TES,L2,6,240,0,240,0.0,2026-09-08T13:35:08.662975+00:00
2026-09-08,2026-09-07,40875,TES,L3,6,156,0,156,0.0,2026-09-08T13:35:08.662975+00:00
2026-09-08,2026-09-07,40875,TRN,L1,8,168,168,0,100.0,2026-09-08T13:35:08.662975+00:00
2026-09-08,2026-09-07,40875,TRN,L2,8,320,320,0,100.0,2026-09-08T13:35:08.662975+00:00
2026-09-08,2026-09-07,40875,TRN,L3,8,208,0,208,0.0,2026-09-08T13:35:08.662975+00:00
2026-09-08,2026-09-07,40875,UDP,L1,24,480,480,0,100.0,2026-09-08T13:35:08.662975+00:00
2026-09-08,2026-09-07,40875,UDP,L2,24,840,119,721,14.17,2026-09-08T13:35:08.662975+00:00
2026-09-08,2026-09-07,40875,UDP,L3,24,624,0,624,0.0,2026-09-08T13:35:08.662975+00:00
2026-09-08,2026-09-07,40875,UPB,L1,24,495,495,0,100.0,2026-09-08T13:35:08.662975+00:00
2026-09-08,2026-09-07,40875,UPB,L2,24,915,133,782,14.54,2026-09-08T13:35:08.662975+00:00
2026-09-08,2026-09-07,40875,UPB,L3,24,624,0,624,0.0,2026-09-08T13:35:08.662975+00:00
2026-09-08,2026-09-07,40875,UPS,L1,26,536,536,0,100.0,2026-09-08T13:35:08.662975+00:00
2026-09-08,2026-09-07,40875,UPS,L2,26,990,245,745,24.75,2026-09-08T13:35:08.662975+00:00
2026-09-08,2026-09-07,40875,UPS,L3,26,676,0,676,0.0,2026-09-08T13:35:08.662975+00:00
2026-09-08,2026-09-07,40875,VES,L1,44,880,841,39,95.57,2026-09-08T13:35:08.662975+00:00
2026-09-08,2026-09-07,40875,VES,L2,44,1540,10,1530,0.65,2026-09-08T13:35:08.662975+00:00
2026-09-08,2026-09-07,40875,VES,L3,44,1144,0,1144,0.0,2026-09-08T13:35:08.662975+00:00
2026-09-08,2026-09-07,40875,VRF,L1,11,231,231,0,100.0,2026-09-08T13:35:08.662975+00:00
2026-09-08,2026-09-07,40875,VRF,L2,11,440,242,198,55.0,2026-09-08T13:35:08.662975+00:00
2026-09-08,2026-09-07,40875,VRF,L3,11,286,0,286,0.0,2026-09-08T13:35:08.662975+00:00
2026-09-08,2026-09-07,51203,ACS,L1,55,1100,0,1100,0.0,2026-09-08T13:35:08.662975+00:00
2026-09-08,2026-09-07,51203,ACS,L2,55,1925,0,1925,0.0,2026-09-08T13:35:08.662975+00:00
2026-09-08,2026-09-07,51203,ACS,L3,55,1430,0,1430,0.0,2026-09-08T13:35:08.662975+00:00
2026-09-08,2026-09-07,51203,AHU,L1,4,80,0,80,0.0,2026-09-08T13:35:08.662975+00:00
2026-09-08,2026-09-07,51203,AHU,L2,4,140,0,140,0.0,2026-09-08T13:35:08.662975+00:00
2026-09-08,2026-09-07,51203,AHU,L3,4,104,0,104,0.0,2026-09-08T13:35:08.662975+00:00
2026-09-08,2026-09-07,51203,AIS,L1,6,120,0,120,0.0,2026-09-08T13:35:08.662975+00:00
2026-09-08,2026-09-07,51203,AIS,L2,6,210,0,210,0.0,2026-09-08T13:35:08.662975+00:00
2026-09-08,2026-09-07,51203,AIS,L3,6,156,0,156,0.0,2026-09-08T13:35:08.662975+00:00
2026-09-08,2026-09-07,51203,ATS,L1,5,100,100,0,100.0,2026-09-08T13:35:08.662975+00:00
2026-09-08,2026-09-07,51203,ATS,L2,5,175,0,175,0.0,2026-09-08T13:35:08.662975+00:00
2026-09-08,2026-09-07,51203,ATS,L3,5,130,0,130,0.0,2026-09-08T13:35:08.662975+00:00
2026-09-08,2026-09-07,51203,BMP,L1,33,660,0,660,0.0,2026-09-08T13:35:08.662975+00:00
2026-09-08,2026-09-07,51203,BMP,L2,33,1155,0,1155,0.0,2026-09-08T13:35:08.662975+00:00
2026-09-08,2026-09-07,51203,BMP,L3,33,858,0,858,0.0,2026-09-08T13:35:08.662975+00:00
2026-09-08,2026-09-07,51203,BSW,L1,85,1700,0,1700,0.0,2026-09-08T13:35:08.662975+00:00
2026-09-08,2026-09-07,51203,BSW,L2,85,2975,0,2975,0.0,2026-09-08T13:35:08.662975+00:00
2026-09-08,2026-09-07,51203,BSW,L3,85,2210,0,2210,0.0,2026-09-08T13:35:08.662975+00:00
2026-09-08,2026-09-07,51203,CDU,L1,12,240,0,240,0.0,2026-09-08T13:35:08.662975+00:00
2026-09-08,2026-09-07,51203,CDU,L2,12,420,0,420,0.0,2026-09-08T13:35:08.662975+00:00
2026-09-08,2026-09-07,51203,CDU,L3,12,312,0,312,0.0,2026-09-08T13:35:08.662975+00:00
2026-09-08,2026-09-07,51203,CHL,L1,15,300,0,300,0.0,2026-09-08T13:35:08.662975+00:00
2026-09-08,2026-09-07,51203,CHL,L2,15,525,0,525,0.0,2026-09-08T13:35:08.662975+00:00
2026-09-08,2026-09-07,51203,CHL,L3,15,390,0,390,0.0,2026-09-08T13:35:08.662975+00:00
2026-09-08,2026-09-07,51203,CHP,L1,15,300,0,300,0.0,2026-09-08T13:35:08.662975+00:00
2026-09-08,2026-09-07,51203,CHP,L2,15,525,0,525,0.0,2026-09-08T13:35:08.662975+00:00
2026-09-08,2026-09-07,51203,CHP,L3,15,390,0,390,0.0,2026-09-08T13:35:08.662975+00:00
2026-09-08,2026-09-07,51203,CRA,L1,16,320,315,5,98.44,2026-09-08T13:35:08.662975+00:00
2026-09-08,2026-09-07,51203,CRA,L2,16,560,0,560,0.0,2026-09-08T13:35:08.662975+00:00
2026-09-08,2026-09-07,51203,CRA,L3,16,416,0,416,0.0,2026-09-08T13:35:08.662975+00:00
2026-09-08,2026-09-07,51203,CTS,L1,6,120,0,120,0.0,2026-09-08T13:35:08.662975+00:00
2026-09-08,2026-09-07,51203,CTS,L2,6,210,0,210,0.0,2026-09-08T13:35:08.662975+00:00
2026-09-08,2026-09-07,51203,CTS,L3,6,156,0,156,0.0,2026-09-08T13:35:08.662975+00:00
2026-09-08,2026-09-07,51203,DHU,L1,4,80,0,80,0.0,2026-09-08T13:35:08.662975+00:00
2026-09-08,2026-09-07,51203,DHU,L2,4,140,0,140,0.0,2026-09-08T13:35:08.662975+00:00
2026-09-08,2026-09-07,51203,DHU,L3,4,104,0,104,0.0,2026-09-08T13:35:08.662975+00:00
2026-09-08,2026-09-07,51203,DPP,L1,16,320,320,0,100.0,2026-09-08T13:35:08.662975+00:00
2026-09-08,2026-09-07,51203,DPP,L2,16,560,0,560,0.0,2026-09-08T13:35:08.662975+00:00
2026-09-08,2026-09-07,51203,DPP,L3,16,416,0,416,0.0,2026-09-08T13:35:08.662975+00:00
2026-09-08,2026-09-07,51203,DSG,L1,8,160,160,0,100.0,2026-09-08T13:35:08.662975+00:00
2026-09-08,2026-09-07,51203,DSG,L2,8,280,54,226,19.29,2026-09-08T13:35:08.662975+00:00
2026-09-08,2026-09-07,51203,DSG,L3,8,208,0,208,0.0,2026-09-08T13:35:08.662975+00:00
2026-09-08,2026-09-07,51203,ELP,L1,4,80,80,0,100.0,2026-09-08T13:35:08.662975+00:00
2026-09-08,2026-09-07,51203,ELP,L2,4,140,0,140,0.0,2026-09-08T13:35:08.662975+00:00
2026-09-08,2026-09-07,51203,ELP,L3,4,104,0,104,0.0,2026-09-08T13:35:08.662975+00:00
2026-09-08,2026-09-07,51203,EPP,L1,4,80,67,13,83.75,2026-09-08T13:35:08.662975+00:00
2026-09-08,2026-09-07,51203,EPP,L2,4,140,0,140,0.0,2026-09-08T13:35:08.662975+00:00
2026-09-08,2026-09-07,51203,EPP,L3,4,104,0,104,0.0,2026-09-08T13:35:08.662975+00:00
2026-09-08,2026-09-07,51203,EXF,L1,8,160,0,160,0.0,2026-09-08T13:35:08.662975+00:00
2026-09-08,2026-09-07,51203,EXF,L2,8,280,0,280,0.0,2026-09-08T13:35:08.662975+00:00
2026-09-08,2026-09-07,51203,EXF,L3,8,208,0,208,0.0,2026-09-08T13:35:08.662975+00:00
2026-09-08,2026-09-07,51203,EXP,L1,6,120,0,120,0.0,2026-09-08T13:35:08.662975+00:00
2026-09-08,2026-09-07,51203,EXP,L2,6,210,0,210,0.0,2026-09-08T13:35:08.662975+00:00
2026-09-08,2026-09-07,51203,EXP,L3,6,156,0,156,0.0,2026-09-08T13:35:08.662975+00:00
2026-09-08,2026-09-07,51203,FAP,L1,12,240,0,240,0.0,2026-09-08T13:35:08.662975+00:00
2026-09-08,2026-09-07,51203,FAP,L2,12,420,0,420,0.0,2026-09-08T13:35:08.662975+00:00
2026-09-08,2026-09-07,51203,FAP,L3,12,312,0,312,0.0,2026-09-08T13:35:08.662975+00:00
2026-09-08,2026-09-07,51203,FOF,L1,2,40,0,40,0.0,2026-09-08T13:35:08.662975+00:00
2026-09-08,2026-09-07,51203,FOF,L2,2,70,0,70,0.0,2026-09-08T13:35:08.662975+00:00
2026-09-08,2026-09-07,51203,FOF,L3,2,52,0,52,0.0,2026-09-08T13:35:08.662975+00:00
2026-09-08,2026-09-07,51203,FOP,L1,2,40,0,40,0.0,2026-09-08T13:35:08.662975+00:00
2026-09-08,2026-09-07,51203,FOP,L2,2,70,0,70,0.0,2026-09-08T13:35:08.662975+00:00
2026-09-08,2026-09-07,51203,FOP,L3,2,52,0,52,0.0,2026-09-08T13:35:08.662975+00:00
2026-09-08,2026-09-07,51203,FOT,L1,10,200,200,0,100.0,2026-09-08T13:35:08.662975+00:00
2026-09-08,2026-09-07,51203,FOT,L2,10,350,0,350,0.0,2026-09-08T13:35:08.662975+00:00
2026-09-08,2026-09-07,51203,FOT,L3,10,260,0,260,0.0,2026-09-08T13:35:08.662975+00:00
2026-09-08,2026-09-07,51203,FPO,L1,2,40,0,40,0.0,2026-09-08T13:35:08.662975+00:00
2026-09-08,2026-09-07,51203,FPO,L2,2,70,0,70,0.0,2026-09-08T13:35:08.662975+00:00
2026-09-08,2026-09-07,51203,FPO,L3,2,52,0,52,0.0,2026-09-08T13:35:08.662975+00:00
2026-09-08,2026-09-07,51203,FWU,L1,16,320,320,0,100.0,2026-09-08T13:35:08.662975+00:00
2026-09-08,2026-09-07,51203,FWU,L2,16,560,0,560,0.0,2026-09-08T13:35:08.662975+00:00
2026-09-08,2026-09-07,51203,FWU,L3,16,416,0,416,0.0,2026-09-08T13:35:08.662975+00:00
2026-09-08,2026-09-07,51203,GDS,L1,1,20,0,20,0.0,2026-09-08T13:35:08.662975+00:00
2026-09-08,2026-09-07,51203,GDS,L2,1,35,0,35,0.0,2026-09-08T13:35:08.662975+00:00
2026-09-08,2026-09-07,51203,GDS,L3,1,26,0,26,0.0,2026-09-08T13:35:08.662975+00:00
2026-09-08,2026-09-07,51203,GDT,L1,8,160,159,1,99.38,2026-09-08T13:35:08.662975+00:00
2026-09-08,2026-09-07,51203,GDT,L2,8,280,0,280,0.0,2026-09-08T13:35:08.662975+00:00
2026-09-08,2026-09-07,51203,GDT,L3,8,208,0,208,0.0,2026-09-08T13:35:08.662975+00:00
2026-09-08,2026-09-07,51203,GEN,L1,8,160,160,0,100.0,2026-09-08T13:35:08.662975+00:00
2026-09-08,2026-09-07,51203,GEN,L2,8,280,0,280,0.0,2026-09-08T13:35:08.662975+00:00
2026-09-08,2026-09-07,51203,GEN,L3,8,208,0,208,0.0,2026-09-08T13:35:08.662975+00:00
2026-09-08,2026-09-07,51203,GSB,L1,8,160,153,7,95.62,2026-09-08T13:35:08.662975+00:00
2026-09-08,2026-09-07,51203,GSB,L2,8,280,1,279,0.36,2026-09-08T13:35:08.662975+00:00
2026-09-08,2026-09-07,51203,GSB,L3,8,208,0,208,0.0,2026-09-08T13:35:08.662975+00:00
2026-09-08,2026-09-07,51203,LBG,L1,1,20,20,0,100.0,2026-09-08T13:35:08.662975+00:00
2026-09-08,2026-09-07,51203,LBG,L2,1,35,0,35,0.0,2026-09-08T13:35:08.662975+00:00
2026-09-08,2026-09-07,51203,LBG,L3,1,26,0,26,0.0,2026-09-08T13:35:08.662975+00:00
2026-09-08,2026-09-07,51203,MBC,L1,8,160,160,0,100.0,2026-09-08T13:35:08.662975+00:00
2026-09-08,2026-09-07,51203,MBC,L2,8,280,0,280,0.0,2026-09-08T13:35:08.662975+00:00
2026-09-08,2026-09-07,51203,MBC,L3,8,208,0,208,0.0,2026-09-08T13:35:08.662975+00:00
2026-09-08,2026-09-07,51203,MDP,L1,13,260,220,40,84.62,2026-09-08T13:35:08.662975+00:00
2026-09-08,2026-09-07,51203,MDP,L2,13,455,0,455,0.0,2026-09-08T13:35:08.662975+00:00
2026-09-08,2026-09-07,51203,MDP,L3,13,338,0,338,0.0,2026-09-08T13:35:08.662975+00:00
2026-09-08,2026-09-07,51203,MSB,L1,10,200,200,0,100.0,2026-09-08T13:35:08.662975+00:00
2026-09-08,2026-09-07,51203,MSB,L2,10,350,7,343,2.0,2026-09-08T13:35:08.662975+00:00
2026-09-08,2026-09-07,51203,MSB,L3,10,260,0,260,0.0,2026-09-08T13:35:08.662975+00:00
2026-09-08,2026-09-07,51203,MUP,L1,4,80,0,80,0.0,2026-09-08T13:35:08.662975+00:00
2026-09-08,2026-09-07,51203,MUP,L2,4,140,0,140,0.0,2026-09-08T13:35:08.662975+00:00
2026-09-08,2026-09-07,51203,MUP,L3,4,104,0,104,0.0,2026-09-08T13:35:08.662975+00:00
2026-09-08,2026-09-07,51203,MVS,L1,2,40,40,0,100.0,2026-09-08T13:35:08.662975+00:00
2026-09-08,2026-09-07,51203,MVS,L2,2,70,43,27,61.43,2026-09-08T13:35:08.662975+00:00
2026-09-08,2026-09-07,51203,MVS,L3,2,52,0,52,0.0,2026-09-08T13:35:08.662975+00:00
2026-09-08,2026-09-07,51203,PAC,L1,2,40,0,40,0.0,2026-09-08T13:35:08.662975+00:00
2026-09-08,2026-09-07,51203,PAC,L2,2,70,0,70,0.0,2026-09-08T13:35:08.662975+00:00
2026-09-08,2026-09-07,51203,PAC,L3,2,52,0,52,0.0,2026-09-08T13:35:08.662975+00:00
2026-09-08,2026-09-07,51203,PAS,L1,6,120,0,120,0.0,2026-09-08T13:35:08.662975+00:00
2026-09-08,2026-09-07,51203,PAS,L2,6,210,0,210,0.0,2026-09-08T13:35:08.662975+00:00
2026-09-08,2026-09-07,51203,PAS,L3,6,156,0,156,0.0,2026-09-08T13:35:08.662975+00:00
2026-09-08,2026-09-07,51203,RPP,L1,16,320,0,320,0.0,2026-09-08T13:35:08.662975+00:00
2026-09-08,2026-09-07,51203,RPP,L2,16,560,0,560,0.0,2026-09-08T13:35:08.662975+00:00
2026-09-08,2026-09-07,51203,RPP,L3,16,416,0,416,0.0,2026-09-08T13:35:08.662975+00:00
2026-09-08,2026-09-07,51203,TES,L1,18,360,119,241,33.06,2026-09-08T13:35:08.662975+00:00
2026-09-08,2026-09-07,51203,TES,L2,18,630,0,630,0.0,2026-09-08T13:35:08.662975+00:00
2026-09-08,2026-09-07,51203,TES,L3,18,468,0,468,0.0,2026-09-08T13:35:08.662975+00:00
2026-09-08,2026-09-07,51203,TRN,L1,8,160,160,0,100.0,2026-09-08T13:35:08.662975+00:00
2026-09-08,2026-09-07,51203,TRN,L2,8,280,56,224,20.0,2026-09-08T13:35:08.662975+00:00
2026-09-08,2026-09-07,51203,TRN,L3,8,208,7,201,3.37,2026-09-08T13:35:08.662975+00:00
2026-09-08,2026-09-07,51203,UDP,L1,6,120,120,0,100.0,2026-09-08T13:35:08.662975+00:00
2026-09-08,2026-09-07,51203,UDP,L2,6,210,0,210,0.0,2026-09-08T13:35:08.662975+00:00
2026-09-08,2026-09-07,51203,UDP,L3,6,156,0,156,0.0,2026-09-08T13:35:08.662975+00:00
2026-09-08,2026-09-07,51203,UMP,L1,1,20,20,0,100.0,2026-09-08T13:35:08.662975+00:00
2026-09-08,2026-09-07,51203,UMP,L2,1,35,0,35,0.0,2026-09-08T13:35:08.662975+00:00
2026-09-08,2026-09-07,51203,UMP,L3,1,26,0,26,0.0,2026-09-08T13:35:08.662975+00:00
2026-09-08,2026-09-07,51203,UPB,L1,8,160,160,0,100.0,2026-09-08T13:35:08.662975+00:00
2026-09-08,2026-09-07,51203,UPB,L2,8,280,0,280,0.0,2026-09-08T13:35:08.662975+00:00
2026-09-08,2026-09-07,51203,UPB,L3,8,208,0,208,0.0,2026-09-08T13:35:08.662975+00:00
2026-09-08,2026-09-07,51203,UPP,L1,7,140,140,0,100.0,2026-09-08T13:35:08.662975+00:00
2026-09-08,2026-09-07,51203,UPP,L2,7,245,0,245,0.0,2026-09-08T13:35:08.662975+00:00
2026-09-08,2026-09-07,51203,UPP,L3,7,182,0,182,0.0,2026-09-08T13:35:08.662975+00:00
2026-09-08,2026-09-07,51203,UPS,L1,8,160,160,0,100.0,2026-09-08T13:35:08.662975+00:00
2026-09-08,2026-09-07,51203,UPS,L2,8,280,0,280,0.0,2026-09-08T13:35:08.662975+00:00
2026-09-08,2026-09-07,51203,UPS,L3,8,208,0,208,0.0,2026-09-08T13:35:08.662975+00:00
2026-09-08,2026-09-07,51203,VES,L1,38,760,240,520,31.58,2026-09-08T13:35:08.662975+00:00
2026-09-08,2026-09-07,51203,VES,L2,38,1330,0,1330,0.0,2026-09-08T13:35:08.662975+00:00
2026-09-08,2026-09-07,51203,VES,L3,38,988,0,988,0.0,2026-09-08T13:35:08.662975+00:00
2026-09-08,2026-09-07,51203,VRF,L1,4,80,0,80,0.0,2026-09-08T13:35:08.662975+00:00
2026-09-08,2026-09-07,51203,VRF,L2,4,140,0,140,0.0,2026-09-08T13:35:08.662975+00:00
2026-09-08,2026-09-07,51203,VRF,L3,4,104,0,104,0.0,2026-09-08T13:35:08.662975+00:00
2026-09-08,2026-09-07,51204,ACS,L1,42,840,0,840,0.0,2026-09-08T13:35:08.662975+00:00
2026-09-08,2026-09-07,51204,ACS,L2,42,1470,0,1470,0.0,2026-09-08T13:35:08.662975+00:00
2026-09-08,2026-09-07,51204,ACS,L3,42,1092,0,1092,0.0,2026-09-08T13:35:08.662975+00:00
2026-09-08,2026-09-07,51204,AIS,L1,6,120,0,120,0.0,2026-09-08T13:35:08.662975+00:00
2026-09-08,2026-09-07,51204,AIS,L2,6,210,0,210,0.0,2026-09-08T13:35:08.662975+00:00
2026-09-08,2026-09-07,51204,AIS,L3,6,156,0,156,0.0,2026-09-08T13:35:08.662975+00:00
2026-09-08,2026-09-07,51204,ATS,L1,10,200,200,0,100.0,2026-09-08T13:35:08.662975+00:00
2026-09-08,2026-09-07,51204,ATS,L2,10,350,0,350,0.0,2026-09-08T13:35:08.662975+00:00
2026-09-08,2026-09-07,51204,ATS,L3,10,260,0,260,0.0,2026-09-08T13:35:08.662975+00:00
2026-09-08,2026-09-07,51204,BMP,L1,33,660,0,660,0.0,2026-09-08T13:35:08.662975+00:00
2026-09-08,2026-09-07,51204,BMP,L2,33,1155,0,1155,0.0,2026-09-08T13:35:08.662975+00:00
2026-09-08,2026-09-07,51204,BMP,L3,33,858,0,858,0.0,2026-09-08T13:35:08.662975+00:00
2026-09-08,2026-09-07,51204,BSW,L1,82,1640,0,1640,0.0,2026-09-08T13:35:08.662975+00:00
2026-09-08,2026-09-07,51204,BSW,L2,82,2870,0,2870,0.0,2026-09-08T13:35:08.662975+00:00
2026-09-08,2026-09-07,51204,BSW,L3,82,2132,0,2132,0.0,2026-09-08T13:35:08.662975+00:00
2026-09-08,2026-09-07,51204,CDU,L1,12,240,0,240,0.0,2026-09-08T13:35:08.662975+00:00
2026-09-08,2026-09-07,51204,CDU,L2,12,420,0,420,0.0,2026-09-08T13:35:08.662975+00:00
2026-09-08,2026-09-07,51204,CDU,L3,12,312,0,312,0.0,2026-09-08T13:35:08.662975+00:00
2026-09-08,2026-09-07,51204,CHL,L1,15,300,0,300,0.0,2026-09-08T13:35:08.662975+00:00
2026-09-08,2026-09-07,51204,CHL,L2,15,525,0,525,0.0,2026-09-08T13:35:08.662975+00:00
2026-09-08,2026-09-07,51204,CHL,L3,15,390,0,390,0.0,2026-09-08T13:35:08.662975+00:00
2026-09-08,2026-09-07,51204,CHP,L1,15,300,0,300,0.0,2026-09-08T13:35:08.662975+00:00
2026-09-08,2026-09-07,51204,CHP,L2,15,525,0,525,0.0,2026-09-08T13:35:08.662975+00:00
2026-09-08,2026-09-07,51204,CHP,L3,15,390,0,390,0.0,2026-09-08T13:35:08.662975+00:00
2026-09-08,2026-09-07,51204,CRA,L1,32,640,640,0,100.0,2026-09-08T13:35:08.662975+00:00
2026-09-08,2026-09-07,51204,CRA,L2,32,1120,0,1120,0.0,2026-09-08T13:35:08.662975+00:00
2026-09-08,2026-09-07,51204,CRA,L3,32,832,0,832,0.0,2026-09-08T13:35:08.662975+00:00
2026-09-08,2026-09-07,51204,CTS,L1,6,120,0,120,0.0,2026-09-08T13:35:08.662975+00:00
2026-09-08,2026-09-07,51204,CTS,L2,6,210,0,210,0.0,2026-09-08T13:35:08.662975+00:00
2026-09-08,2026-09-07,51204,CTS,L3,6,156,0,156,0.0,2026-09-08T13:35:08.662975+00:00
2026-09-08,2026-09-07,51204,DHU,L1,4,80,0,80,0.0,2026-09-08T13:35:08.662975+00:00
2026-09-08,2026-09-07,51204,DHU,L2,4,140,0,140,0.0,2026-09-08T13:35:08.662975+00:00
2026-09-08,2026-09-07,51204,DHU,L3,4,104,0,104,0.0,2026-09-08T13:35:08.662975+00:00
2026-09-08,2026-09-07,51204,DPP,L1,16,320,320,0,100.0,2026-09-08T13:35:08.662975+00:00
2026-09-08,2026-09-07,51204,DPP,L2,16,560,0,560,0.0,2026-09-08T13:35:08.662975+00:00
2026-09-08,2026-09-07,51204,DPP,L3,16,416,0,416,0.0,2026-09-08T13:35:08.662975+00:00
2026-09-08,2026-09-07,51204,DSG,L1,8,160,160,0,100.0,2026-09-08T13:35:08.662975+00:00
2026-09-08,2026-09-07,51204,DSG,L2,8,280,56,224,20.0,2026-09-08T13:35:08.662975+00:00
2026-09-08,2026-09-07,51204,DSG,L3,8,208,0,208,0.0,2026-09-08T13:35:08.662975+00:00
2026-09-08,2026-09-07,51204,ELP,L1,4,80,80,0,100.0,2026-09-08T13:35:08.662975+00:00
2026-09-08,2026-09-07,51204,ELP,L2,4,140,0,140,0.0,2026-09-08T13:35:08.662975+00:00
2026-09-08,2026-09-07,51204,ELP,L3,4,104,0,104,0.0,2026-09-08T13:35:08.662975+00:00
2026-09-08,2026-09-07,51204,EPP,L1,4,80,80,0,100.0,2026-09-08T13:35:08.662975+00:00
2026-09-08,2026-09-07,51204,EPP,L2,4,140,0,140,0.0,2026-09-08T13:35:08.662975+00:00
2026-09-08,2026-09-07,51204,EPP,L3,4,104,0,104,0.0,2026-09-08T13:35:08.662975+00:00
2026-09-08,2026-09-07,51204,EXF,L1,8,160,0,160,0.0,2026-09-08T13:35:08.662975+00:00
2026-09-08,2026-09-07,51204,EXF,L2,8,280,0,280,0.0,2026-09-08T13:35:08.662975+00:00
2026-09-08,2026-09-07,51204,EXF,L3,8,208,0,208,0.0,2026-09-08T13:35:08.662975+00:00
2026-09-08,2026-09-07,51204,EXP,L1,6,120,0,120,0.0,2026-09-08T13:35:08.662975+00:00
2026-09-08,2026-09-07,51204,EXP,L2,6,210,0,210,0.0,2026-09-08T13:35:08.662975+00:00
2026-09-08,2026-09-07,51204,EXP,L3,6,156,0,156,0.0,2026-09-08T13:35:08.662975+00:00
2026-09-08,2026-09-07,51204,GDS,L1,1,20,0,20,0.0,2026-09-08T13:35:08.662975+00:00
2026-09-08,2026-09-07,51204,GDS,L2,1,35,0,35,0.0,2026-09-08T13:35:08.662975+00:00
2026-09-08,2026-09-07,51204,GDS,L3,1,26,0,26,0.0,2026-09-08T13:35:08.662975+00:00
2026-09-08,2026-09-07,51204,GDT,L1,8,160,160,0,100.0,2026-09-08T13:35:08.662975+00:00
2026-09-08,2026-09-07,51204,GDT,L2,8,280,0,280,0.0,2026-09-08T13:35:08.662975+00:00
2026-09-08,2026-09-07,51204,GDT,L3,8,208,0,208,0.0,2026-09-08T13:35:08.662975+00:00
2026-09-08,2026-09-07,51204,GEN,L1,8,160,160,0,100.0,2026-09-08T13:35:08.662975+00:00
2026-09-08,2026-09-07,51204,GEN,L2,8,280,0,280,0.0,2026-09-08T13:35:08.662975+00:00
2026-09-08,2026-09-07,51204,GEN,L3,8,208,0,208,0.0,2026-09-08T13:35:08.662975+00:00
2026-09-08,2026-09-07,51204,GSB,L1,8,160,152,8,95.0,2026-09-08T13:35:08.662975+00:00
2026-09-08,2026-09-07,51204,GSB,L2,8,280,0,280,0.0,2026-09-08T13:35:08.662975+00:00
2026-09-08,2026-09-07,51204,GSB,L3,8,208,0,208,0.0,2026-09-08T13:35:08.662975+00:00
2026-09-08,2026-09-07,51204,MBC,L1,8,160,120,40,75.0,2026-09-08T13:35:08.662975+00:00
2026-09-08,2026-09-07,51204,MBC,L2,8,280,0,280,0.0,2026-09-08T13:35:08.662975+00:00
2026-09-08,2026-09-07,51204,MBC,L3,8,208,0,208,0.0,2026-09-08T13:35:08.662975+00:00
2026-09-08,2026-09-07,51204,MDP,L1,11,220,180,40,81.82,2026-09-08T13:35:08.662975+00:00
2026-09-08,2026-09-07,51204,MDP,L2,11,385,0,385,0.0,2026-09-08T13:35:08.662975+00:00
2026-09-08,2026-09-07,51204,MDP,L3,11,286,0,286,0.0,2026-09-08T13:35:08.662975+00:00
2026-09-08,2026-09-07,51204,MSB,L1,10,200,160,40,80.0,2026-09-08T13:35:08.662975+00:00
2026-09-08,2026-09-07,51204,MSB,L2,10,350,0,350,0.0,2026-09-08T13:35:08.662975+00:00
2026-09-08,2026-09-07,51204,MSB,L3,10,260,0,260,0.0,2026-09-08T13:35:08.662975+00:00
2026-09-08,2026-09-07,51204,MUP,L1,4,80,0,80,0.0,2026-09-08T13:35:08.662975+00:00
2026-09-08,2026-09-07,51204,MUP,L2,4,140,0,140,0.0,2026-09-08T13:35:08.662975+00:00
2026-09-08,2026-09-07,51204,MUP,L3,4,104,0,104,0.0,2026-09-08T13:35:08.662975+00:00
2026-09-08,2026-09-07,51204,MVS,L1,2,40,40,0,100.0,2026-09-08T13:35:08.662975+00:00
2026-09-08,2026-09-07,51204,MVS,L2,2,70,70,0,100.0,2026-09-08T13:35:08.662975+00:00
2026-09-08,2026-09-07,51204,MVS,L3,2,52,0,52,0.0,2026-09-08T13:35:08.662975+00:00
2026-09-08,2026-09-07,51204,PAC,L1,2,40,0,40,0.0,2026-09-08T13:35:08.662975+00:00
2026-09-08,2026-09-07,51204,PAC,L2,2,70,0,70,0.0,2026-09-08T13:35:08.662975+00:00
2026-09-08,2026-09-07,51204,PAC,L3,2,52,0,52,0.0,2026-09-08T13:35:08.662975+00:00
2026-09-08,2026-09-07,51204,PAS,L1,6,120,0,120,0.0,2026-09-08T13:35:08.662975+00:00
2026-09-08,2026-09-07,51204,PAS,L2,6,210,0,210,0.0,2026-09-08T13:35:08.662975+00:00
2026-09-08,2026-09-07,51204,PAS,L3,6,156,0,156,0.0,2026-09-08T13:35:08.662975+00:00
2026-09-08,2026-09-07,51204,RPP,L1,16,320,0,320,0.0,2026-09-08T13:35:08.662975+00:00
2026-09-08,2026-09-07,51204,RPP,L2,16,560,0,560,0.0,2026-09-08T13:35:08.662975+00:00
2026-09-08,2026-09-07,51204,RPP,L3,16,416,0,416,0.0,2026-09-08T13:35:08.662975+00:00
2026-09-08,2026-09-07,51204,TES,L1,18,360,120,240,33.33,2026-09-08T13:35:08.662975+00:00
2026-09-08,2026-09-07,51204,TES,L2,18,630,0,630,0.0,2026-09-08T13:35:08.662975+00:00
2026-09-08,2026-09-07,51204,TES,L3,18,468,0,468,0.0,2026-09-08T13:35:08.662975+00:00
2026-09-08,2026-09-07,51204,TRN,L1,8,160,160,0,100.0,2026-09-08T13:35:08.662975+00:00
2026-09-08,2026-09-07,51204,TRN,L2,8,280,56,224,20.0,2026-09-08T13:35:08.662975+00:00
2026-09-08,2026-09-07,51204,TRN,L3,8,208,0,208,0.0,2026-09-08T13:35:08.662975+00:00
2026-09-08,2026-09-07,51204,UDP,L1,6,120,80,40,66.67,2026-09-08T13:35:08.662975+00:00
2026-09-08,2026-09-07,51204,UDP,L2,6,210,0,210,0.0,2026-09-08T13:35:08.662975+00:00
2026-09-08,2026-09-07,51204,UDP,L3,6,156,0,156,0.0,2026-09-08T13:35:08.662975+00:00
2026-09-08,2026-09-07,51204,UMP,L1,2,40,40,0,100.0,2026-09-08T13:35:08.662975+00:00
2026-09-08,2026-09-07,51204,UMP,L2,2,70,0,70,0.0,2026-09-08T13:35:08.662975+00:00
2026-09-08,2026-09-07,51204,UMP,L3,2,52,0,52,0.0,2026-09-08T13:35:08.662975+00:00
2026-09-08,2026-09-07,51204,UPB,L1,8,160,7,153,4.38,2026-09-08T13:35:08.662975+00:00
2026-09-08,2026-09-07,51204,UPB,L2,8,280,0,280,0.0,2026-09-08T13:35:08.662975+00:00
2026-09-08,2026-09-07,51204,UPB,L3,8,208,0,208,0.0,2026-09-08T13:35:08.662975+00:00
2026-09-08,2026-09-07,51204,UPP,L1,3,60,40,20,66.67,2026-09-08T13:35:08.662975+00:00
2026-09-08,2026-09-07,51204,UPP,L2,3,105,0,105,0.0,2026-09-08T13:35:08.662975+00:00
2026-09-08,2026-09-07,51204,UPP,L3,3,78,0,78,0.0,2026-09-08T13:35:08.662975+00:00
2026-09-08,2026-09-07,51204,UPS,L1,8,160,48,112,30.0,2026-09-08T13:35:08.662975+00:00
2026-09-08,2026-09-07,51204,UPS,L2,8,280,6,274,2.14,2026-09-08T13:35:08.662975+00:00
2026-09-08,2026-09-07,51204,UPS,L3,8,208,0,208,0.0,2026-09-08T13:35:08.662975+00:00
2026-09-08,2026-09-07,51204,VES,L1,32,640,160,480,25.0,2026-09-08T13:35:08.662975+00:00
2026-09-08,2026-09-07,51204,VES,L2,32,1120,0,1120,0.0,2026-09-08T13:35:08.662975+00:00
2026-09-08,2026-09-07,51204,VES,L3,32,832,0,832,0.0,2026-09-08T13:35:08.662975+00:00
2026-09-08,2026-09-07,51204,VRF,L1,4,80,0,80,0.0,2026-09-08T13:35:08.662975+00:00
2026-09-08,2026-09-07,51204,VRF,L2,4,140,0,140,0.0,2026-09-08T13:35:08.662975+00:00
2026-09-08,2026-09-07,51204,VRF,L3,4,104,0,104,0.0,2026-09-08T13:35:08.662975+00:00
2026-09-08,2026-09-07,52047,ACS,L1,42,840,0,840,0.0,2026-09-08T13:35:08.662975+00:00
2026-09-08,2026-09-07,52047,ACS,L2,42,1470,0,1470,0.0,2026-09-08T13:35:08.662975+00:00
2026-09-08,2026-09-07,52047,ACS,L3,42,1092,0,1092,0.0,2026-09-08T13:35:08.662975+00:00
2026-09-08,2026-09-07,52047,AIS,L1,4,80,0,80,0.0,2026-09-08T13:35:08.662975+00:00
2026-09-08,2026-09-07,52047,AIS,L2,4,140,0,140,0.0,2026-09-08T13:35:08.662975+00:00
2026-09-08,2026-09-07,52047,AIS,L3,4,104,0,104,0.0,2026-09-08T13:35:08.662975+00:00
2026-09-08,2026-09-07,52047,ATS,L1,10,200,200,0,100.0,2026-09-08T13:35:08.662975+00:00
2026-09-08,2026-09-07,52047,ATS,L2,10,350,0,350,0.0,2026-09-08T13:35:08.662975+00:00
2026-09-08,2026-09-07,52047,ATS,L3,10,260,0,260,0.0,2026-09-08T13:35:08.662975+00:00
2026-09-08,2026-09-07,52047,BMP,L1,14,280,0,280,0.0,2026-09-08T13:35:08.662975+00:00
2026-09-08,2026-09-07,52047,BMP,L2,14,490,0,490,0.0,2026-09-08T13:35:08.662975+00:00
2026-09-08,2026-09-07,52047,BMP,L3,14,364,0,364,0.0,2026-09-08T13:35:08.662975+00:00
2026-09-08,2026-09-07,52047,BSW,L1,82,1640,0,1640,0.0,2026-09-08T13:35:08.662975+00:00
2026-09-08,2026-09-07,52047,BSW,L2,82,2870,0,2870,0.0,2026-09-08T13:35:08.662975+00:00
2026-09-08,2026-09-07,52047,BSW,L3,82,2132,0,2132,0.0,2026-09-08T13:35:08.662975+00:00
2026-09-08,2026-09-07,52047,CDU,L1,12,240,0,240,0.0,2026-09-08T13:35:08.662975+00:00
2026-09-08,2026-09-07,52047,CDU,L2,12,420,0,420,0.0,2026-09-08T13:35:08.662975+00:00
2026-09-08,2026-09-07,52047,CDU,L3,12,312,0,312,0.0,2026-09-08T13:35:08.662975+00:00
2026-09-08,2026-09-07,52047,CRA,L1,16,320,320,0,100.0,2026-09-08T13:35:08.662975+00:00
2026-09-08,2026-09-07,52047,CRA,L2,16,560,0,560,0.0,2026-09-08T13:35:08.662975+00:00
2026-09-08,2026-09-07,52047,CRA,L3,16,416,0,416,0.0,2026-09-08T13:35:08.662975+00:00
2026-09-08,2026-09-07,52047,CTS,L1,4,80,0,80,0.0,2026-09-08T13:35:08.662975+00:00
2026-09-08,2026-09-07,52047,CTS,L2,4,140,0,140,0.0,2026-09-08T13:35:08.662975+00:00
2026-09-08,2026-09-07,52047,CTS,L3,4,104,0,104,0.0,2026-09-08T13:35:08.662975+00:00
2026-09-08,2026-09-07,52047,DHU,L1,4,80,0,80,0.0,2026-09-08T13:35:08.662975+00:00
2026-09-08,2026-09-07,52047,DHU,L2,4,140,0,140,0.0,2026-09-08T13:35:08.662975+00:00
2026-09-08,2026-09-07,52047,DHU,L3,4,104,0,104,0.0,2026-09-08T13:35:08.662975+00:00
2026-09-08,2026-09-07,52047,DPP,L1,16,320,320,0,100.0,2026-09-08T13:35:08.662975+00:00
2026-09-08,2026-09-07,52047,DPP,L2,16,560,0,560,0.0,2026-09-08T13:35:08.662975+00:00
2026-09-08,2026-09-07,52047,DPP,L3,16,416,0,416,0.0,2026-09-08T13:35:08.662975+00:00
2026-09-08,2026-09-07,52047,DSG,L1,8,160,160,0,100.0,2026-09-08T13:35:08.662975+00:00
2026-09-08,2026-09-07,52047,DSG,L2,8,280,56,224,20.0,2026-09-08T13:35:08.662975+00:00
2026-09-08,2026-09-07,52047,DSG,L3,8,208,0,208,0.0,2026-09-08T13:35:08.662975+00:00
2026-09-08,2026-09-07,52047,ELP,L1,4,80,80,0,100.0,2026-09-08T13:35:08.662975+00:00
2026-09-08,2026-09-07,52047,ELP,L2,4,140,0,140,0.0,2026-09-08T13:35:08.662975+00:00
2026-09-08,2026-09-07,52047,ELP,L3,4,104,0,104,0.0,2026-09-08T13:35:08.662975+00:00
2026-09-08,2026-09-07,52047,EPP,L1,4,80,80,0,100.0,2026-09-08T13:35:08.662975+00:00
2026-09-08,2026-09-07,52047,EPP,L2,4,140,0,140,0.0,2026-09-08T13:35:08.662975+00:00
2026-09-08,2026-09-07,52047,EPP,L3,4,104,0,104,0.0,2026-09-08T13:35:08.662975+00:00
2026-09-08,2026-09-07,52047,EXF,L1,8,160,0,160,0.0,2026-09-08T13:35:08.662975+00:00
2026-09-08,2026-09-07,52047,EXF,L2,8,280,0,280,0.0,2026-09-08T13:35:08.662975+00:00
2026-09-08,2026-09-07,52047,EXF,L3,8,208,0,208,0.0,2026-09-08T13:35:08.662975+00:00
2026-09-08,2026-09-07,52047,EXP,L1,4,80,0,80,0.0,2026-09-08T13:35:08.662975+00:00
2026-09-08,2026-09-07,52047,EXP,L2,4,140,0,140,0.0,2026-09-08T13:35:08.662975+00:00
2026-09-08,2026-09-07,52047,EXP,L3,4,104,0,104,0.0,2026-09-08T13:35:08.662975+00:00
2026-09-08,2026-09-07,52047,FWU,L1,16,320,320,0,100.0,2026-09-08T13:35:08.662975+00:00
2026-09-08,2026-09-07,52047,FWU,L2,16,560,0,560,0.0,2026-09-08T13:35:08.662975+00:00
2026-09-08,2026-09-07,52047,FWU,L3,16,416,0,416,0.0,2026-09-08T13:35:08.662975+00:00
2026-09-08,2026-09-07,52047,GDS,L1,1,20,0,20,0.0,2026-09-08T13:35:08.662975+00:00
2026-09-08,2026-09-07,52047,GDS,L2,1,35,0,35,0.0,2026-09-08T13:35:08.662975+00:00
2026-09-08,2026-09-07,52047,GDS,L3,1,26,0,26,0.0,2026-09-08T13:35:08.662975+00:00
2026-09-08,2026-09-07,52047,GDT,L1,8,160,160,0,100.0,2026-09-08T13:35:08.662975+00:00
2026-09-08,2026-09-07,52047,GDT,L2,8,280,0,280,0.0,2026-09-08T13:35:08.662975+00:00
2026-09-08,2026-09-07,52047,GDT,L3,8,208,0,208,0.0,2026-09-08T13:35:08.662975+00:00
2026-09-08,2026-09-07,52047,GEN,L1,8,160,160,0,100.0,2026-09-08T13:35:08.662975+00:00
2026-09-08,2026-09-07,52047,GEN,L2,8,280,0,280,0.0,2026-09-08T13:35:08.662975+00:00
2026-09-08,2026-09-07,52047,GEN,L3,8,208,0,208,0.0,2026-09-08T13:35:08.662975+00:00
2026-09-08,2026-09-07,52047,GSB,L1,8,160,152,8,95.0,2026-09-08T13:35:08.662975+00:00
2026-09-08,2026-09-07,52047,GSB,L2,8,280,0,280,0.0,2026-09-08T13:35:08.662975+00:00
2026-09-08,2026-09-07,52047,GSB,L3,8,208,0,208,0.0,2026-09-08T13:35:08.662975+00:00
2026-09-08,2026-09-07,52047,MBC,L1,8,160,160,0,100.0,2026-09-08T13:35:08.662975+00:00
2026-09-08,2026-09-07,52047,MBC,L2,8,280,0,280,0.0,2026-09-08T13:35:08.662975+00:00
2026-09-08,2026-09-07,52047,MBC,L3,8,208,0,208,0.0,2026-09-08T13:35:08.662975+00:00
2026-09-08,2026-09-07,52047,MDP,L1,11,220,220,0,100.0,2026-09-08T13:35:08.662975+00:00
2026-09-08,2026-09-07,52047,MDP,L2,11,385,7,378,1.82,2026-09-08T13:35:08.662975+00:00
2026-09-08,2026-09-07,52047,MDP,L3,11,286,0,286,0.0,2026-09-08T13:35:08.662975+00:00
2026-09-08,2026-09-07,52047,MSB,L1,10,200,200,0,100.0,2026-09-08T13:35:08.662975+00:00
2026-09-08,2026-09-07,52047,MSB,L2,10,350,0,350,0.0,2026-09-08T13:35:08.662975+00:00
2026-09-08,2026-09-07,52047,MSB,L3,10,260,0,260,0.0,2026-09-08T13:35:08.662975+00:00
2026-09-08,2026-09-07,52047,MUP,L1,4,80,0,80,0.0,2026-09-08T13:35:08.662975+00:00
2026-09-08,2026-09-07,52047,MUP,L2,4,140,0,140,0.0,2026-09-08T13:35:08.662975+00:00
2026-09-08,2026-09-07,52047,MUP,L3,4,104,0,104,0.0,2026-09-08T13:35:08.662975+00:00
2026-09-08,2026-09-07,52047,PAC,L1,2,40,0,40,0.0,2026-09-08T13:35:08.662975+00:00
2026-09-08,2026-09-07,52047,PAC,L2,2,70,0,70,0.0,2026-09-08T13:35:08.662975+00:00
2026-09-08,2026-09-07,52047,PAC,L3,2,52,0,52,0.0,2026-09-08T13:35:08.662975+00:00
2026-09-08,2026-09-07,52047,PAS,L1,6,120,0,120,0.0,2026-09-08T13:35:08.662975+00:00
2026-09-08,2026-09-07,52047,PAS,L2,6,210,0,210,0.0,2026-09-08T13:35:08.662975+00:00
2026-09-08,2026-09-07,52047,PAS,L3,6,156,0,156,0.0,2026-09-08T13:35:08.662975+00:00
2026-09-08,2026-09-07,52047,RPP,L1,16,320,0,320,0.0,2026-09-08T13:35:08.662975+00:00
2026-09-08,2026-09-07,52047,RPP,L2,16,560,0,560,0.0,2026-09-08T13:35:08.662975+00:00
2026-09-08,2026-09-07,52047,RPP,L3,16,416,0,416,0.0,2026-09-08T13:35:08.662975+00:00
2026-09-08,2026-09-07,52047,TES,L1,12,240,0,240,0.0,2026-09-08T13:35:08.662975+00:00
2026-09-08,2026-09-07,52047,TES,L2,12,420,0,420,0.0,2026-09-08T13:35:08.662975+00:00
2026-09-08,2026-09-07,52047,TES,L3,12,312,0,312,0.0,2026-09-08T13:35:08.662975+00:00
2026-09-08,2026-09-07,52047,TRN,L1,8,160,160,0,100.0,2026-09-08T13:35:08.662975+00:00
2026-09-08,2026-09-07,52047,TRN,L2,8,280,56,224,20.0,2026-09-08T13:35:08.662975+00:00
2026-09-08,2026-09-07,52047,TRN,L3,8,208,0,208,0.0,2026-09-08T13:35:08.662975+00:00
2026-09-08,2026-09-07,52047,UDP,L1,6,120,119,1,99.17,2026-09-08T13:35:08.662975+00:00
2026-09-08,2026-09-07,52047,UDP,L2,6,210,0,210,0.0,2026-09-08T13:35:08.662975+00:00
2026-09-08,2026-09-07,52047,UDP,L3,6,156,0,156,0.0,2026-09-08T13:35:08.662975+00:00
2026-09-08,2026-09-07,52047,UMP,L1,2,40,40,0,100.0,2026-09-08T13:35:08.662975+00:00
2026-09-08,2026-09-07,52047,UMP,L2,2,70,0,70,0.0,2026-09-08T13:35:08.662975+00:00
2026-09-08,2026-09-07,52047,UMP,L3,2,52,0,52,0.0,2026-09-08T13:35:08.662975+00:00
2026-09-08,2026-09-07,52047,UPB,L1,8,160,160,0,100.0,2026-09-08T13:35:08.662975+00:00
2026-09-08,2026-09-07,52047,UPB,L2,8,280,0,280,0.0,2026-09-08T13:35:08.662975+00:00
2026-09-08,2026-09-07,52047,UPB,L3,8,208,0,208,0.0,2026-09-08T13:35:08.662975+00:00
2026-09-08,2026-09-07,52047,UPP,L1,2,40,40,0,100.0,2026-09-08T13:35:08.662975+00:00
2026-09-08,2026-09-07,52047,UPP,L2,2,70,0,70,0.0,2026-09-08T13:35:08.662975+00:00
2026-09-08,2026-09-07,52047,UPP,L3,2,52,0,52,0.0,2026-09-08T13:35:08.662975+00:00
2026-09-08,2026-09-07,52047,UPS,L1,8,160,148,12,92.5,2026-09-08T13:35:08.662975+00:00
2026-09-08,2026-09-07,52047,UPS,L2,8,280,0,280,0.0,2026-09-08T13:35:08.662975+00:00
2026-09-08,2026-09-07,52047,UPS,L3,8,208,0,208,0.0,2026-09-08T13:35:08.662975+00:00
2026-09-08,2026-09-07,52047,VES,L1,32,640,147,493,22.97,2026-09-08T13:35:08.662975+00:00
2026-09-08,2026-09-07,52047,VES,L2,32,1120,0,1120,0.0,2026-09-08T13:35:08.662975+00:00
2026-09-08,2026-09-07,52047,VES,L3,32,832,0,832,0.0,2026-09-08T13:35:08.662975+00:00
2026-09-08,2026-09-07,52047,VRF,L1,4,80,0,80,0.0,2026-09-08T13:35:08.662975+00:00
2026-09-08,2026-09-07,52047,VRF,L2,4,140,0,140,0.0,2026-09-08T13:35:08.662975+00:00
2026-09-08,2026-09-07,52047,VRF,L3,4,104,0,104,0.0,2026-09-08T13:35:08.662975+00:00
2026-09-08,2026-09-07,52048,ACS,L1,41,820,0,820,0.0,2026-09-08T13:35:08.662975+00:00
2026-09-08,2026-09-07,52048,ACS,L2,41,1435,0,1435,0.0,2026-09-08T13:35:08.662975+00:00
2026-09-08,2026-09-07,52048,ACS,L3,41,1066,0,1066,0.0,2026-09-08T13:35:08.662975+00:00
2026-09-08,2026-09-07,52048,AIS,L1,4,80,0,80,0.0,2026-09-08T13:35:08.662975+00:00
2026-09-08,2026-09-07,52048,AIS,L2,4,140,0,140,0.0,2026-09-08T13:35:08.662975+00:00
2026-09-08,2026-09-07,52048,AIS,L3,4,104,0,104,0.0,2026-09-08T13:35:08.662975+00:00
2026-09-08,2026-09-07,52048,ATS,L1,5,100,100,0,100.0,2026-09-08T13:35:08.662975+00:00
2026-09-08,2026-09-07,52048,ATS,L2,5,175,0,175,0.0,2026-09-08T13:35:08.662975+00:00
2026-09-08,2026-09-07,52048,ATS,L3,5,130,0,130,0.0,2026-09-08T13:35:08.662975+00:00
2026-09-08,2026-09-07,52048,BMP,L1,13,260,0,260,0.0,2026-09-08T13:35:08.662975+00:00
2026-09-08,2026-09-07,52048,BMP,L2,13,455,0,455,0.0,2026-09-08T13:35:08.662975+00:00
2026-09-08,2026-09-07,52048,BMP,L3,13,338,0,338,0.0,2026-09-08T13:35:08.662975+00:00
2026-09-08,2026-09-07,52048,BSW,L1,77,1540,0,1540,0.0,2026-09-08T13:35:08.662975+00:00
2026-09-08,2026-09-07,52048,BSW,L2,77,2695,0,2695,0.0,2026-09-08T13:35:08.662975+00:00
2026-09-08,2026-09-07,52048,BSW,L3,77,2002,0,2002,0.0,2026-09-08T13:35:08.662975+00:00
2026-09-08,2026-09-07,52048,CDU,L1,12,240,0,240,0.0,2026-09-08T13:35:08.662975+00:00
2026-09-08,2026-09-07,52048,CDU,L2,12,420,0,420,0.0,2026-09-08T13:35:08.662975+00:00
2026-09-08,2026-09-07,52048,CDU,L3,12,312,0,312,0.0,2026-09-08T13:35:08.662975+00:00
2026-09-08,2026-09-07,52048,CRA,L1,30,600,573,27,95.5,2026-09-08T13:35:08.662975+00:00
2026-09-08,2026-09-07,52048,CRA,L2,30,1050,0,1050,0.0,2026-09-08T13:35:08.662975+00:00
2026-09-08,2026-09-07,52048,CRA,L3,30,780,0,780,0.0,2026-09-08T13:35:08.662975+00:00
2026-09-08,2026-09-07,52048,CTS,L1,4,80,0,80,0.0,2026-09-08T13:35:08.662975+00:00
2026-09-08,2026-09-07,52048,CTS,L2,4,140,0,140,0.0,2026-09-08T13:35:08.662975+00:00
2026-09-08,2026-09-07,52048,CTS,L3,4,104,0,104,0.0,2026-09-08T13:35:08.662975+00:00
2026-09-08,2026-09-07,52048,DHU,L1,4,80,0,80,0.0,2026-09-08T13:35:08.662975+00:00
2026-09-08,2026-09-07,52048,DHU,L2,4,140,0,140,0.0,2026-09-08T13:35:08.662975+00:00
2026-09-08,2026-09-07,52048,DHU,L3,4,104,0,104,0.0,2026-09-08T13:35:08.662975+00:00
2026-09-08,2026-09-07,52048,DPP,L1,14,280,280,0,100.0,2026-09-08T13:35:08.662975+00:00
2026-09-08,2026-09-07,52048,DPP,L2,14,490,0,490,0.0,2026-09-08T13:35:08.662975+00:00
2026-09-08,2026-09-07,52048,DPP,L3,14,364,0,364,0.0,2026-09-08T13:35:08.662975+00:00
2026-09-08,2026-09-07,52048,DSG,L1,7,140,140,0,100.0,2026-09-08T13:35:08.662975+00:00
2026-09-08,2026-09-07,52048,DSG,L2,7,245,49,196,20.0,2026-09-08T13:35:08.662975+00:00
2026-09-08,2026-09-07,52048,DSG,L3,7,182,0,182,0.0,2026-09-08T13:35:08.662975+00:00
2026-09-08,2026-09-07,52048,ELP,L1,8,160,160,0,100.0,2026-09-08T13:35:08.662975+00:00
2026-09-08,2026-09-07,52048,ELP,L2,8,280,0,280,0.0,2026-09-08T13:35:08.662975+00:00
2026-09-08,2026-09-07,52048,ELP,L3,8,208,0,208,0.0,2026-09-08T13:35:08.662975+00:00
2026-09-08,2026-09-07,52048,EPP,L1,8,160,160,0,100.0,2026-09-08T13:35:08.662975+00:00
2026-09-08,2026-09-07,52048,EPP,L2,8,280,0,280,0.0,2026-09-08T13:35:08.662975+00:00
2026-09-08,2026-09-07,52048,EPP,L3,8,208,0,208,0.0,2026-09-08T13:35:08.662975+00:00
2026-09-08,2026-09-07,52048,EXF,L1,7,140,0,140,0.0,2026-09-08T13:35:08.662975+00:00
2026-09-08,2026-09-07,52048,EXF,L2,7,245,0,245,0.0,2026-09-08T13:35:08.662975+00:00
2026-09-08,2026-09-07,52048,EXF,L3,7,182,0,182,0.0,2026-09-08T13:35:08.662975+00:00
2026-09-08,2026-09-07,52048,EXP,L1,4,80,0,80,0.0,2026-09-08T13:35:08.662975+00:00
2026-09-08,2026-09-07,52048,EXP,L2,4,140,0,140,0.0,2026-09-08T13:35:08.662975+00:00
2026-09-08,2026-09-07,52048,EXP,L3,4,104,0,104,0.0,2026-09-08T13:35:08.662975+00:00
2026-09-08,2026-09-07,52048,GDS,L1,1,20,0,20,0.0,2026-09-08T13:35:08.662975+00:00
2026-09-08,2026-09-07,52048,GDS,L2,1,35,0,35,0.0,2026-09-08T13:35:08.662975+00:00
2026-09-08,2026-09-07,52048,GDS,L3,1,26,0,26,0.0,2026-09-08T13:35:08.662975+00:00
2026-09-08,2026-09-07,52048,GDT,L1,7,140,140,0,100.0,2026-09-08T13:35:08.662975+00:00
2026-09-08,2026-09-07,52048,GDT,L2,7,245,0,245,0.0,2026-09-08T13:35:08.662975+00:00
2026-09-08,2026-09-07,52048,GDT,L3,7,182,0,182,0.0,2026-09-08T13:35:08.662975+00:00
2026-09-08,2026-09-07,52048,GEN,L1,7,140,140,0,100.0,2026-09-08T13:35:08.662975+00:00
2026-09-08,2026-09-07,52048,GEN,L2,7,245,0,245,0.0,2026-09-08T13:35:08.662975+00:00
2026-09-08,2026-09-07,52048,GEN,L3,7,182,0,182,0.0,2026-09-08T13:35:08.662975+00:00
2026-09-08,2026-09-07,52048,GSB,L1,7,140,68,72,48.57,2026-09-08T13:35:08.662975+00:00
2026-09-08,2026-09-07,52048,GSB,L2,7,245,0,245,0.0,2026-09-08T13:35:08.662975+00:00
2026-09-08,2026-09-07,52048,GSB,L3,7,182,0,182,0.0,2026-09-08T13:35:08.662975+00:00
2026-09-08,2026-09-07,52048,MBC,L1,7,140,140,0,100.0,2026-09-08T13:35:08.662975+00:00
2026-09-08,2026-09-07,52048,MBC,L2,7,245,0,245,0.0,2026-09-08T13:35:08.662975+00:00
2026-09-08,2026-09-07,52048,MBC,L3,7,182,0,182,0.0,2026-09-08T13:35:08.662975+00:00
2026-09-08,2026-09-07,52048,MDP,L1,11,220,220,0,100.0,2026-09-08T13:35:08.662975+00:00
2026-09-08,2026-09-07,52048,MDP,L2,11,385,0,385,0.0,2026-09-08T13:35:08.662975+00:00
2026-09-08,2026-09-07,52048,MDP,L3,11,286,0,286,0.0,2026-09-08T13:35:08.662975+00:00
2026-09-08,2026-09-07,52048,MSB,L1,13,260,220,40,84.62,2026-09-08T13:35:08.662975+00:00
2026-09-08,2026-09-07,52048,MSB,L2,13,455,0,455,0.0,2026-09-08T13:35:08.662975+00:00
2026-09-08,2026-09-07,52048,MSB,L3,13,338,0,338,0.0,2026-09-08T13:35:08.662975+00:00
2026-09-08,2026-09-07,52048,MUP,L1,4,80,0,80,0.0,2026-09-08T13:35:08.662975+00:00
2026-09-08,2026-09-07,52048,MUP,L2,4,140,0,140,0.0,2026-09-08T13:35:08.662975+00:00
2026-09-08,2026-09-07,52048,MUP,L3,4,104,0,104,0.0,2026-09-08T13:35:08.662975+00:00
2026-09-08,2026-09-07,52048,PAC,L1,2,40,0,40,0.0,2026-09-08T13:35:08.662975+00:00
2026-09-08,2026-09-07,52048,PAC,L2,2,70,0,70,0.0,2026-09-08T13:35:08.662975+00:00
2026-09-08,2026-09-07,52048,PAC,L3,2,52,0,52,0.0,2026-09-08T13:35:08.662975+00:00
2026-09-08,2026-09-07,52048,PAS,L1,6,120,0,120,0.0,2026-09-08T13:35:08.662975+00:00
2026-09-08,2026-09-07,52048,PAS,L2,6,210,0,210,0.0,2026-09-08T13:35:08.662975+00:00
2026-09-08,2026-09-07,52048,PAS,L3,6,156,0,156,0.0,2026-09-08T13:35:08.662975+00:00
2026-09-08,2026-09-07,52048,RPP,L1,16,320,0,320,0.0,2026-09-08T13:35:08.662975+00:00
2026-09-08,2026-09-07,52048,RPP,L2,16,560,0,560,0.0,2026-09-08T13:35:08.662975+00:00
2026-09-08,2026-09-07,52048,RPP,L3,16,416,0,416,0.0,2026-09-08T13:35:08.662975+00:00
2026-09-08,2026-09-07,52048,TES,L1,12,240,0,240,0.0,2026-09-08T13:35:08.662975+00:00
2026-09-08,2026-09-07,52048,TES,L2,12,420,0,420,0.0,2026-09-08T13:35:08.662975+00:00
2026-09-08,2026-09-07,52048,TES,L3,12,312,0,312,0.0,2026-09-08T13:35:08.662975+00:00
2026-09-08,2026-09-07,52048,TRN,L1,7,140,140,0,100.0,2026-09-08T13:35:08.662975+00:00
2026-09-08,2026-09-07,52048,TRN,L2,7,245,49,196,20.0,2026-09-08T13:35:08.662975+00:00
2026-09-08,2026-09-07,52048,TRN,L3,7,182,14,168,7.69,2026-09-08T13:35:08.662975+00:00
2026-09-08,2026-09-07,52048,UDP,L1,6,120,120,0,100.0,2026-09-08T13:35:08.662975+00:00
2026-09-08,2026-09-07,52048,UDP,L2,6,210,0,210,0.0,2026-09-08T13:35:08.662975+00:00
2026-09-08,2026-09-07,52048,UDP,L3,6,156,0,156,0.0,2026-09-08T13:35:08.662975+00:00
2026-09-08,2026-09-07,52048,UMP,L1,1,20,20,0,100.0,2026-09-08T13:35:08.662975+00:00
2026-09-08,2026-09-07,52048,UMP,L2,1,35,0,35,0.0,2026-09-08T13:35:08.662975+00:00
2026-09-08,2026-09-07,52048,UMP,L3,1,26,0,26,0.0,2026-09-08T13:35:08.662975+00:00
2026-09-08,2026-09-07,52048,UPB,L1,7,140,0,140,0.0,2026-09-08T13:35:08.662975+00:00
2026-09-08,2026-09-07,52048,UPB,L2,7,245,0,245,0.0,2026-09-08T13:35:08.662975+00:00
2026-09-08,2026-09-07,52048,UPB,L3,7,182,0,182,0.0,2026-09-08T13:35:08.662975+00:00
2026-09-08,2026-09-07,52048,UPP,L1,8,160,140,20,87.5,2026-09-08T13:35:08.662975+00:00
2026-09-08,2026-09-07,52048,UPP,L2,8,280,0,280,0.0,2026-09-08T13:35:08.662975+00:00
2026-09-08,2026-09-07,52048,UPP,L3,8,208,0,208,0.0,2026-09-08T13:35:08.662975+00:00
2026-09-08,2026-09-07,52048,UPS,L1,7,140,42,98,30.0,2026-09-08T13:35:08.662975+00:00
2026-09-08,2026-09-07,52048,UPS,L2,7,245,0,245,0.0,2026-09-08T13:35:08.662975+00:00
2026-09-08,2026-09-07,52048,UPS,L3,7,182,0,182,0.0,2026-09-08T13:35:08.662975+00:00
2026-09-08,2026-09-07,52048,VES,L1,31,620,0,620,0.0,2026-09-08T13:35:08.662975+00:00
2026-09-08,2026-09-07,52048,VES,L2,31,1085,0,1085,0.0,2026-09-08T13:35:08.662975+00:00
2026-09-08,2026-09-07,52048,VES,L3,31,806,0,806,0.0,2026-09-08T13:35:08.662975+00:00
2026-09-08,2026-09-07,52048,VRF,L1,4,80,0,80,0.0,2026-09-08T13:35:08.662975+00:00
2026-09-08,2026-09-07,52048,VRF,L2,4,140,0,140,0.0,2026-09-08T13:35:08.662975+00:00
2026-09-08,2026-09-07,52048,VRF,L3,4,104,0,104,0.0,2026-09-08T13:35:08.662975+00:00
2026-09-09,2026-09-07,39282,ACS,L1,98,1989,1338,651,67.27,2026-09-08T20:42:36.043376+00:00
2026-09-09,2026-09-07,39282,ACS,L2,98,3430,1229,2201,35.83,2026-09-08T20:42:36.043376+00:00
2026-09-09,2026-09-07,39282,ACS,L3,98,2548,0,2548,0.0,2026-09-08T20:42:36.043376+00:00
2026-09-09,2026-09-07,39282,AHU,L1,7,147,147,0,100.0,2026-09-08T20:42:36.043376+00:00
2026-09-09,2026-09-07,39282,AHU,L2,7,245,0,245,0.0,2026-09-08T20:42:36.043376+00:00
2026-09-09,2026-09-07,39282,AHU,L3,7,182,0,182,0.0,2026-09-08T20:42:36.043376+00:00
2026-09-09,2026-09-07,39282,AIS,L1,6,122,42,80,34.43,2026-09-08T20:42:36.043376+00:00
2026-09-09,2026-09-07,39282,AIS,L2,6,210,0,210,0.0,2026-09-08T20:42:36.043376+00:00
2026-09-09,2026-09-07,39282,AIS,L3,6,156,0,156,0.0,2026-09-08T20:42:36.043376+00:00
2026-09-09,2026-09-07,39282,BMP,L1,26,528,434,94,82.2,2026-09-08T20:42:36.043376+00:00
2026-09-09,2026-09-07,39282,BMP,L2,26,1222,656,566,53.68,2026-09-08T20:42:36.043376+00:00
2026-09-09,2026-09-07,39282,BMP,L3,26,676,56,620,8.28,2026-09-08T20:42:36.043376+00:00
2026-09-09,2026-09-07,39282,BSW,L1,56,1120,480,640,42.86,2026-09-08T20:42:36.043376+00:00
2026-09-09,2026-09-07,39282,BSW,L2,56,1960,840,1120,42.86,2026-09-08T20:42:36.043376+00:00
2026-09-09,2026-09-07,39282,BSW,L3,56,1456,0,1456,0.0,2026-09-08T20:42:36.043376+00:00
2026-09-09,2026-09-07,39282,CDU,L1,12,240,234,6,97.5,2026-09-08T20:42:36.043376+00:00
2026-09-09,2026-09-07,39282,CDU,L2,12,420,0,420,0.0,2026-09-08T20:42:36.043376+00:00
2026-09-09,2026-09-07,39282,CDU,L3,12,312,0,312,0.0,2026-09-08T20:42:36.043376+00:00
2026-09-09,2026-09-07,39282,CHL,L1,8,168,168,0,100.0,2026-09-08T20:42:36.043376+00:00
2026-09-09,2026-09-07,39282,CHL,L2,8,280,56,224,20.0,2026-09-08T20:42:36.043376+00:00
2026-09-09,2026-09-07,39282,CHL,L3,8,208,0,208,0.0,2026-09-08T20:42:36.043376+00:00
2026-09-09,2026-09-07,39282,CHP,L1,8,168,168,0,100.0,2026-09-08T20:42:36.043376+00:00
2026-09-09,2026-09-07,39282,CHP,L2,8,280,0,280,0.0,2026-09-08T20:42:36.043376+00:00
2026-09-09,2026-09-07,39282,CHP,L3,8,208,0,208,0.0,2026-09-08T20:42:36.043376+00:00
2026-09-09,2026-09-07,39282,CRA,L1,28,560,554,6,98.93,2026-09-08T20:42:36.043376+00:00
2026-09-09,2026-09-07,39282,CRA,L2,28,980,0,980,0.0,2026-09-08T20:42:36.043376+00:00
2026-09-09,2026-09-07,39282,CRA,L3,28,728,0,728,0.0,2026-09-08T20:42:36.043376+00:00
2026-09-09,2026-09-07,39282,CTS,L1,6,120,25,95,20.83,2026-09-08T20:42:36.043376+00:00
2026-09-09,2026-09-07,39282,CTS,L2,6,210,0,210,0.0,2026-09-08T20:42:36.043376+00:00
2026-09-09,2026-09-07,39282,CTS,L3,6,156,0,156,0.0,2026-09-08T20:42:36.043376+00:00
2026-09-09,2026-09-07,39282,DPP,L1,54,1104,1044,60,94.57,2026-09-08T20:42:36.043376+00:00
2026-09-09,2026-09-07,39282,DPP,L2,54,2080,721,1359,34.66,2026-09-08T20:42:36.043376+00:00
2026-09-09,2026-09-07,39282,DPP,L3,54,1404,0,1404,0.0,2026-09-08T20:42:36.043376+00:00
2026-09-09,2026-09-07,39282,DSG,L1,8,168,168,0,100.0,2026-09-08T20:42:36.043376+00:00
2026-09-09,2026-09-07,39282,DSG,L2,8,592,592,0,100.0,2026-09-08T20:42:36.043376+00:00
2026-09-09,2026-09-07,39282,DSG,L3,8,208,6,202,2.88,2026-09-08T20:42:36.043376+00:00
2026-09-09,2026-09-07,39282,EPP,L1,8,164,164,0,100.0,2026-09-08T20:42:36.043376+00:00
2026-09-09,2026-09-07,39282,EPP,L2,8,363,231,132,63.64,2026-09-08T20:42:36.043376+00:00
2026-09-09,2026-09-07,39282,EPP,L3,8,208,0,208,0.0,2026-09-08T20:42:36.043376+00:00
2026-09-09,2026-09-07,39282,EXF,L1,20,400,365,35,91.25,2026-09-08T20:42:36.043376+00:00
2026-09-09,2026-09-07,39282,EXF,L2,20,700,0,700,0.0,2026-09-08T20:42:36.043376+00:00
2026-09-09,2026-09-07,39282,EXF,L3,20,520,0,520,0.0,2026-09-08T20:42:36.043376+00:00
2026-09-09,2026-09-07,39282,EXP,L1,6,122,42,80,34.43,2026-09-08T20:42:36.043376+00:00
2026-09-09,2026-09-07,39282,EXP,L2,6,210,0,210,0.0,2026-09-08T20:42:36.043376+00:00
2026-09-09,2026-09-07,39282,EXP,L3,6,156,0,156,0.0,2026-09-08T20:42:36.043376+00:00
2026-09-09,2026-09-07,39282,FWU,L1,16,336,321,15,95.54,2026-09-08T20:42:36.043376+00:00
2026-09-09,2026-09-07,39282,FWU,L2,16,560,0,560,0.0,2026-09-08T20:42:36.043376+00:00
2026-09-09,2026-09-07,39282,FWU,L3,16,416,0,416,0.0,2026-09-08T20:42:36.043376+00:00
2026-09-09,2026-09-07,39282,GDS,L1,2,40,0,40,0.0,2026-09-08T20:42:36.043376+00:00
2026-09-09,2026-09-07,39282,GDS,L2,2,70,0,70,0.0,2026-09-08T20:42:36.043376+00:00
2026-09-09,2026-09-07,39282,GDS,L3,2,52,0,52,0.0,2026-09-08T20:42:36.043376+00:00
2026-09-09,2026-09-07,39282,GDT,L1,8,168,168,0,100.0,2026-09-08T20:42:36.043376+00:00
2026-09-09,2026-09-07,39282,GDT,L2,8,280,279,1,99.64,2026-09-08T20:42:36.043376+00:00
2026-09-09,2026-09-07,39282,GDT,L3,8,208,0,208,0.0,2026-09-08T20:42:36.043376+00:00
2026-09-09,2026-09-07,39282,GEN,L1,8,168,168,0,100.0,2026-09-08T20:42:36.043376+00:00
2026-09-09,2026-09-07,39282,GEN,L2,8,320,320,0,100.0,2026-09-08T20:42:36.043376+00:00
2026-09-09,2026-09-07,39282,GEN,L3,8,208,1,207,0.48,2026-09-08T20:42:36.043376+00:00
2026-09-09,2026-09-07,39282,GSB,L1,8,168,168,0,100.0,2026-09-08T20:42:36.043376+00:00
2026-09-09,2026-09-07,39282,GSB,L2,8,320,320,0,100.0,2026-09-08T20:42:36.043376+00:00
2026-09-09,2026-09-07,39282,GSB,L3,8,208,0,208,0.0,2026-09-08T20:42:36.043376+00:00
2026-09-09,2026-09-07,39282,LBG,L1,1,21,21,0,100.0,2026-09-08T20:42:36.043376+00:00
2026-09-09,2026-09-07,39282,LBG,L2,1,35,35,0,100.0,2026-09-08T20:42:36.043376+00:00
2026-09-09,2026-09-07,39282,LBG,L3,1,26,10,16,38.46,2026-09-08T20:42:36.043376+00:00
2026-09-09,2026-09-07,39282,MBC,L1,16,336,336,0,100.0,2026-09-08T20:42:36.043376+00:00
2026-09-09,2026-09-07,39282,MBC,L2,16,674,414,260,61.42,2026-09-08T20:42:36.043376+00:00
2026-09-09,2026-09-07,39282,MBC,L3,16,416,7,409,1.68,2026-09-08T20:42:36.043376+00:00
2026-09-09,2026-09-07,39282,MDP,L1,14,293,271,22,92.49,2026-09-08T20:42:36.043376+00:00
2026-09-09,2026-09-07,39282,MDP,L2,14,793,612,181,77.18,2026-09-08T20:42:36.043376+00:00
2026-09-09,2026-09-07,39282,MDP,L3,14,364,7,357,1.92,2026-09-08T20:42:36.043376+00:00
2026-09-09,2026-09-07,39282,MSB,L1,10,210,210,0,100.0,2026-09-08T20:42:36.043376+00:00
2026-09-09,2026-09-07,39282,MSB,L2,10,672,671,1,99.85,2026-09-08T20:42:36.043376+00:00
2026-09-09,2026-09-07,39282,MSB,L3,10,260,56,204,21.54,2026-09-08T20:42:36.043376+00:00
2026-09-09,2026-09-07,39282,MUP,L1,4,80,0,80,0.0,2026-09-08T20:42:36.043376+00:00
2026-09-09,2026-09-07,39282,MUP,L2,4,140,0,140,0.0,2026-09-08T20:42:36.043376+00:00
2026-09-09,2026-09-07,39282,MUP,L3,4,104,0,104,0.0,2026-09-08T20:42:36.043376+00:00
2026-09-09,2026-09-07,39282,OAF,L1,30,630,630,0,100.0,2026-09-08T20:42:36.043376+00:00
2026-09-09,2026-09-07,39282,OAF,L2,30,1050,108,942,10.29,2026-09-08T20:42:36.043376+00:00
2026-09-09,2026-09-07,39282,OAF,L3,30,780,0,780,0.0,2026-09-08T20:42:36.043376+00:00
2026-09-09,2026-09-07,39282,PAC,L1,4,84,84,0,100.0,2026-09-08T20:42:36.043376+00:00
2026-09-09,2026-09-07,39282,PAC,L2,4,140,0,140,0.0,2026-09-08T20:42:36.043376+00:00
2026-09-09,2026-09-07,39282,PAC,L3,4,104,0,104,0.0,2026-09-08T20:42:36.043376+00:00
2026-09-09,2026-09-07,39282,PAS,L1,8,168,168,0,100.0,2026-09-08T20:42:36.043376+00:00
2026-09-09,2026-09-07,39282,PAS,L2,8,280,0,280,0.0,2026-09-08T20:42:36.043376+00:00
2026-09-09,2026-09-07,39282,PAS,L3,8,208,0,208,0.0,2026-09-08T20:42:36.043376+00:00
2026-09-09,2026-09-07,39282,PLC,L1,1,20,19,1,95.0,2026-09-08T20:42:36.043376+00:00
2026-09-09,2026-09-07,39282,PLC,L2,1,35,0,35,0.0,2026-09-08T20:42:36.043376+00:00
2026-09-09,2026-09-07,39282,PLC,L3,1,26,0,26,0.0,2026-09-08T20:42:36.043376+00:00
2026-09-09,2026-09-07,39282,RPP,L1,16,320,320,0,100.0,2026-09-08T20:42:36.043376+00:00
2026-09-09,2026-09-07,39282,RPP,L2,16,560,0,560,0.0,2026-09-08T20:42:36.043376+00:00
2026-09-09,2026-09-07,39282,RPP,L3,16,416,0,416,0.0,2026-09-08T20:42:36.043376+00:00
2026-09-09,2026-09-07,39282,STS,L1,24,480,480,0,100.0,2026-09-08T20:42:36.043376+00:00
2026-09-09,2026-09-07,39282,STS,L2,24,840,7,833,0.83,2026-09-08T20:42:36.043376+00:00
2026-09-09,2026-09-07,39282,STS,L3,24,624,0,624,0.0,2026-09-08T20:42:36.043376+00:00
2026-09-09,2026-09-07,39282,TES,L1,18,360,120,240,33.33,2026-09-08T20:42:36.043376+00:00
2026-09-09,2026-09-07,39282,TES,L2,18,630,0,630,0.0,2026-09-08T20:42:36.043376+00:00
2026-09-09,2026-09-07,39282,TES,L3,18,468,0,468,0.0,2026-09-08T20:42:36.043376+00:00
2026-09-09,2026-09-07,39282,TRN,L1,8,168,168,0,100.0,2026-09-08T20:42:36.043376+00:00
2026-09-09,2026-09-07,39282,TRN,L2,8,320,320,0,100.0,2026-09-08T20:42:36.043376+00:00
2026-09-09,2026-09-07,39282,TRN,L3,8,208,0,208,0.0,2026-09-08T20:42:36.043376+00:00
2026-09-09,2026-09-07,39282,UDP,L1,24,480,480,0,100.0,2026-09-08T20:42:36.043376+00:00
2026-09-09,2026-09-07,39282,UDP,L2,24,840,168,672,20.0,2026-09-08T20:42:36.043376+00:00
2026-09-09,2026-09-07,39282,UDP,L3,24,624,0,624,0.0,2026-09-08T20:42:36.043376+00:00
2026-09-09,2026-09-07,39282,UPB,L1,24,480,480,0,100.0,2026-09-08T20:42:36.043376+00:00
2026-09-09,2026-09-07,39282,UPB,L2,24,840,0,840,0.0,2026-09-08T20:42:36.043376+00:00
2026-09-09,2026-09-07,39282,UPB,L3,24,624,0,624,0.0,2026-09-08T20:42:36.043376+00:00
2026-09-09,2026-09-07,39282,UPS,L1,24,480,480,0,100.0,2026-09-08T20:42:36.043376+00:00
2026-09-09,2026-09-07,39282,UPS,L2,24,840,1,839,0.12,2026-09-08T20:42:36.043376+00:00
2026-09-09,2026-09-07,39282,UPS,L3,24,624,0,624,0.0,2026-09-08T20:42:36.043376+00:00
2026-09-09,2026-09-07,39282,VES,L1,59,1180,980,200,83.05,2026-09-08T20:42:36.043376+00:00
2026-09-09,2026-09-07,39282,VES,L2,59,2065,0,2065,0.0,2026-09-08T20:42:36.043376+00:00
2026-09-09,2026-09-07,39282,VES,L3,59,1534,0,1534,0.0,2026-09-08T20:42:36.043376+00:00
2026-09-09,2026-09-07,39282,VRF,L1,15,311,311,0,100.0,2026-09-08T20:42:36.043376+00:00
2026-09-09,2026-09-07,39282,VRF,L2,15,525,289,236,55.05,2026-09-08T20:42:36.043376+00:00
2026-09-09,2026-09-07,39282,VRF,L3,15,390,0,390,0.0,2026-09-08T20:42:36.043376+00:00
2026-09-09,2026-09-07,40875,ACS,L1,89,1865,1343,522,72.01,2026-09-08T20:42:36.043376+00:00
2026-09-09,2026-09-07,40875,ACS,L2,89,3360,1888,1472,56.19,2026-09-08T20:42:36.043376+00:00
2026-09-09,2026-09-07,40875,ACS,L3,89,2314,0,2314,0.0,2026-09-08T20:42:36.043376+00:00
2026-09-09,2026-09-07,40875,AIS,L1,4,84,42,42,50.0,2026-09-08T20:42:36.043376+00:00
2026-09-09,2026-09-07,40875,AIS,L2,4,160,0,160,0.0,2026-09-08T20:42:36.043376+00:00
2026-09-09,2026-09-07,40875,AIS,L3,4,104,0,104,0.0,2026-09-08T20:42:36.043376+00:00
2026-09-09,2026-09-07,40875,BMP,L1,25,517,437,80,84.53,2026-09-08T20:42:36.043376+00:00
2026-09-09,2026-09-07,40875,BMP,L2,25,1232,610,622,49.51,2026-09-08T20:42:36.043376+00:00
2026-09-09,2026-09-07,40875,BMP,L3,25,650,0,650,0.0,2026-09-08T20:42:36.043376+00:00
2026-09-09,2026-09-07,40875,BOP,L1,7,147,147,0,100.0,2026-09-08T20:42:36.043376+00:00
2026-09-09,2026-09-07,40875,BOP,L2,7,280,0,280,0.0,2026-09-08T20:42:36.043376+00:00
2026-09-09,2026-09-07,40875,BOP,L3,7,182,0,182,0.0,2026-09-08T20:42:36.043376+00:00
2026-09-09,2026-09-07,40875,BSW,L1,39,780,460,320,58.97,2026-09-08T20:42:36.043376+00:00
2026-09-09,2026-09-07,40875,BSW,L2,39,1365,803,562,58.83,2026-09-08T20:42:36.043376+00:00
2026-09-09,2026-09-07,40875,BSW,L3,39,1014,0,1014,0.0,2026-09-08T20:42:36.043376+00:00
2026-09-09,2026-09-07,40875,CDU,L1,6,126,126,0,100.0,2026-09-08T20:42:36.043376+00:00
2026-09-09,2026-09-07,40875,CDU,L2,6,240,0,240,0.0,2026-09-08T20:42:36.043376+00:00
2026-09-09,2026-09-07,40875,CDU,L3,6,156,0,156,0.0,2026-09-08T20:42:36.043376+00:00
2026-09-09,2026-09-07,40875,CHL,L1,8,168,168,0,100.0,2026-09-08T20:42:36.043376+00:00
2026-09-09,2026-09-07,40875,CHL,L2,8,320,55,265,17.19,2026-09-08T20:42:36.043376+00:00
2026-09-09,2026-09-07,40875,CHL,L3,8,208,0,208,0.0,2026-09-08T20:42:36.043376+00:00
2026-09-09,2026-09-07,40875,CHP,L1,8,168,168,0,100.0,2026-09-08T20:42:36.043376+00:00
2026-09-09,2026-09-07,40875,CHP,L2,8,320,7,313,2.19,2026-09-08T20:42:36.043376+00:00
2026-09-09,2026-09-07,40875,CHP,L3,8,208,0,208,0.0,2026-09-08T20:42:36.043376+00:00
2026-09-09,2026-09-07,40875,CRA,L1,28,588,575,13,97.79,2026-09-08T20:42:36.043376+00:00
2026-09-09,2026-09-07,40875,CRA,L2,28,1120,76,1044,6.79,2026-09-08T20:42:36.043376+00:00
2026-09-09,2026-09-07,40875,CRA,L3,28,728,0,728,0.0,2026-09-08T20:42:36.043376+00:00
2026-09-09,2026-09-07,40875,CTS,L1,4,84,14,70,16.67,2026-09-08T20:42:36.043376+00:00
2026-09-09,2026-09-07,40875,CTS,L2,4,160,0,160,0.0,2026-09-08T20:42:36.043376+00:00
2026-09-09,2026-09-07,40875,CTS,L3,4,104,0,104,0.0,2026-09-08T20:42:36.043376+00:00
2026-09-09,2026-09-07,40875,DPP,L1,63,1291,1270,21,98.37,2026-09-08T20:42:36.043376+00:00
2026-09-09,2026-09-07,40875,DPP,L2,63,2430,1365,1065,56.17,2026-09-08T20:42:36.043376+00:00
2026-09-09,2026-09-07,40875,DPP,L3,63,1638,7,1631,0.43,2026-09-08T20:42:36.043376+00:00
2026-09-09,2026-09-07,40875,DSG,L1,8,168,168,0,100.0,2026-09-08T20:42:36.043376+00:00
2026-09-09,2026-09-07,40875,DSG,L2,8,592,592,0,100.0,2026-09-08T20:42:36.043376+00:00
2026-09-09,2026-09-07,40875,DSG,L3,8,208,48,160,23.08,2026-09-08T20:42:36.043376+00:00
2026-09-09,2026-09-07,40875,EPP,L1,9,185,185,0,100.0,2026-09-08T20:42:36.043376+00:00
2026-09-09,2026-09-07,40875,EPP,L2,9,476,353,123,74.16,2026-09-08T20:42:36.043376+00:00
2026-09-09,2026-09-07,40875,EPP,L3,9,234,0,234,0.0,2026-09-08T20:42:36.043376+00:00
2026-09-09,2026-09-07,40875,EXF,L1,8,160,152,8,95.0,2026-09-08T20:42:36.043376+00:00
2026-09-09,2026-09-07,40875,EXF,L2,8,280,0,280,0.0,2026-09-08T20:42:36.043376+00:00
2026-09-09,2026-09-07,40875,EXF,L3,8,208,0,208,0.0,2026-09-08T20:42:36.043376+00:00
2026-09-09,2026-09-07,40875,EXP,L1,4,84,42,42,50.0,2026-09-08T20:42:36.043376+00:00
2026-09-09,2026-09-07,40875,EXP,L2,4,160,0,160,0.0,2026-09-08T20:42:36.043376+00:00
2026-09-09,2026-09-07,40875,EXP,L3,4,104,0,104,0.0,2026-09-08T20:42:36.043376+00:00
2026-09-09,2026-09-07,40875,FAC,L1,3,63,63,0,100.0,2026-09-08T20:42:36.043376+00:00
2026-09-09,2026-09-07,40875,FAC,L2,3,120,0,120,0.0,2026-09-08T20:42:36.043376+00:00
2026-09-09,2026-09-07,40875,FAC,L3,3,78,0,78,0.0,2026-09-08T20:42:36.043376+00:00
2026-09-09,2026-09-07,40875,FAP,L1,16,320,320,0,100.0,2026-09-08T20:42:36.043376+00:00
2026-09-09,2026-09-07,40875,FAP,L2,16,560,559,1,99.82,2026-09-08T20:42:36.043376+00:00
2026-09-09,2026-09-07,40875,FAP,L3,16,416,0,416,0.0,2026-09-08T20:42:36.043376+00:00
2026-09-09,2026-09-07,40875,FCC,L1,5,103,103,0,100.0,2026-09-08T20:42:36.043376+00:00
2026-09-09,2026-09-07,40875,FCC,L2,5,175,104,71,59.43,2026-09-08T20:42:36.043376+00:00
2026-09-09,2026-09-07,40875,FCC,L3,5,130,0,130,0.0,2026-09-08T20:42:36.043376+00:00
2026-09-09,2026-09-07,40875,FCU,L1,5,103,103,0,100.0,2026-09-08T20:42:36.043376+00:00
2026-09-09,2026-09-07,40875,FCU,L2,5,175,105,70,60.0,2026-09-08T20:42:36.043376+00:00
2026-09-09,2026-09-07,40875,FCU,L3,5,130,0,130,0.0,2026-09-08T20:42:36.043376+00:00
2026-09-09,2026-09-07,40875,FOF,L1,2,42,42,0,100.0,2026-09-08T20:42:36.043376+00:00
2026-09-09,2026-09-07,40875,FOF,L2,2,80,80,0,100.0,2026-09-08T20:42:36.043376+00:00
2026-09-09,2026-09-07,40875,FOF,L3,2,52,0,52,0.0,2026-09-08T20:42:36.043376+00:00
2026-09-09,2026-09-07,40875,FOP,L1,2,42,42,0,100.0,2026-09-08T20:42:36.043376+00:00
2026-09-09,2026-09-07,40875,FOP,L2,2,80,79,1,98.75,2026-09-08T20:42:36.043376+00:00
2026-09-09,2026-09-07,40875,FOP,L3,2,52,0,52,0.0,2026-09-08T20:42:36.043376+00:00
2026-09-09,2026-09-07,40875,FOT,L1,5,105,105,0,100.0,2026-09-08T20:42:36.043376+00:00
2026-09-09,2026-09-07,40875,FOT,L2,5,200,14,186,7.0,2026-09-08T20:42:36.043376+00:00
2026-09-09,2026-09-07,40875,FOT,L3,5,130,0,130,0.0,2026-09-08T20:42:36.043376+00:00
2026-09-09,2026-09-07,40875,FPO,L1,2,42,42,0,100.0,2026-09-08T20:42:36.043376+00:00
2026-09-09,2026-09-07,40875,FPO,L2,2,80,80,0,100.0,2026-09-08T20:42:36.043376+00:00
2026-09-09,2026-09-07,40875,FPO,L3,2,52,0,52,0.0,2026-09-08T20:42:36.043376+00:00
2026-09-09,2026-09-07,40875,FRP,L1,1,21,21,0,100.0,2026-09-08T20:42:36.043376+00:00
2026-09-09,2026-09-07,40875,FRP,L2,1,40,0,40,0.0,2026-09-08T20:42:36.043376+00:00
2026-09-09,2026-09-07,40875,FRP,L3,1,26,0,26,0.0,2026-09-08T20:42:36.043376+00:00
2026-09-09,2026-09-07,40875,FWU,L1,22,462,420,42,90.91,2026-09-08T20:42:36.043376+00:00
2026-09-09,2026-09-07,40875,FWU,L2,22,880,0,880,0.0,2026-09-08T20:42:36.043376+00:00
2026-09-09,2026-09-07,40875,FWU,L3,22,572,0,572,0.0,2026-09-08T20:42:36.043376+00:00
2026-09-09,2026-09-07,40875,GDS,L1,2,40,0,40,0.0,2026-09-08T20:42:36.043376+00:00
2026-09-09,2026-09-07,40875,GDS,L2,2,70,0,70,0.0,2026-09-08T20:42:36.043376+00:00
2026-09-09,2026-09-07,40875,GDS,L3,2,52,0,52,0.0,2026-09-08T20:42:36.043376+00:00
2026-09-09,2026-09-07,40875,GDT,L1,8,168,168,0,100.0,2026-09-08T20:42:36.043376+00:00
2026-09-09,2026-09-07,40875,GDT,L2,8,320,320,0,100.0,2026-09-08T20:42:36.043376+00:00
2026-09-09,2026-09-07,40875,GDT,L3,8,208,0,208,0.0,2026-09-08T20:42:36.043376+00:00
2026-09-09,2026-09-07,40875,GEN,L1,8,168,168,0,100.0,2026-09-08T20:42:36.043376+00:00
2026-09-09,2026-09-07,40875,GEN,L2,8,320,320,0,100.0,2026-09-08T20:42:36.043376+00:00
2026-09-09,2026-09-07,40875,GEN,L3,8,208,0,208,0.0,2026-09-08T20:42:36.043376+00:00
2026-09-09,2026-09-07,40875,GSB,L1,8,168,168,0,100.0,2026-09-08T20:42:36.043376+00:00
2026-09-09,2026-09-07,40875,GSB,L2,8,320,320,0,100.0,2026-09-08T20:42:36.043376+00:00
2026-09-09,2026-09-07,40875,GSB,L3,8,208,0,208,0.0,2026-09-08T20:42:36.043376+00:00
2026-09-09,2026-09-07,40875,MBC,L1,16,336,336,0,100.0,2026-09-08T20:42:36.043376+00:00
2026-09-09,2026-09-07,40875,MBC,L2,16,674,461,213,68.4,2026-09-08T20:42:36.043376+00:00
2026-09-09,2026-09-07,40875,MBC,L3,16,416,0,416,0.0,2026-09-08T20:42:36.043376+00:00
2026-09-09,2026-09-07,40875,MCC,L1,1,21,21,0,100.0,2026-09-08T20:42:36.043376+00:00
2026-09-09,2026-09-07,40875,MCC,L2,1,40,0,40,0.0,2026-09-08T20:42:36.043376+00:00
2026-09-09,2026-09-07,40875,MCC,L3,1,26,0,26,0.0,2026-09-08T20:42:36.043376+00:00
2026-09-09,2026-09-07,40875,MDP,L1,24,498,498,0,100.0,2026-09-08T20:42:36.043376+00:00
2026-09-09,2026-09-07,40875,MDP,L2,24,1168,604,564,51.71,2026-09-08T20:42:36.043376+00:00
2026-09-09,2026-09-07,40875,MDP,L3,24,624,0,624,0.0,2026-09-08T20:42:36.043376+00:00
2026-09-09,2026-09-07,40875,MSB,L1,10,210,210,0,100.0,2026-09-08T20:42:36.043376+00:00
2026-09-09,2026-09-07,40875,MSB,L2,10,706,706,0,100.0,2026-09-08T20:42:36.043376+00:00
2026-09-09,2026-09-07,40875,MSB,L3,10,260,0,260,0.0,2026-09-08T20:42:36.043376+00:00
2026-09-09,2026-09-07,40875,MUP,L1,2,42,0,42,0.0,2026-09-08T20:42:36.043376+00:00
2026-09-09,2026-09-07,40875,MUP,L2,2,80,0,80,0.0,2026-09-08T20:42:36.043376+00:00
2026-09-09,2026-09-07,40875,MUP,L3,2,52,0,52,0.0,2026-09-08T20:42:36.043376+00:00
2026-09-09,2026-09-07,40875,MVS,L1,2,42,42,0,100.0,2026-09-08T20:42:36.043376+00:00
2026-09-09,2026-09-07,40875,MVS,L2,2,80,80,0,100.0,2026-09-08T20:42:36.043376+00:00
2026-09-09,2026-09-07,40875,MVS,L3,2,52,14,38,26.92,2026-09-08T20:42:36.043376+00:00
2026-09-09,2026-09-07,40875,OAF,L1,19,398,398,0,100.0,2026-09-08T20:42:36.043376+00:00
2026-09-09,2026-09-07,40875,OAF,L2,19,755,0,755,0.0,2026-09-08T20:42:36.043376+00:00
2026-09-09,2026-09-07,40875,OAF,L3,19,494,0,494,0.0,2026-09-08T20:42:36.043376+00:00
2026-09-09,2026-09-07,40875,PAC,L1,4,84,84,0,100.0,2026-09-08T20:42:36.043376+00:00
2026-09-09,2026-09-07,40875,PAC,L2,4,160,0,160,0.0,2026-09-08T20:42:36.043376+00:00
2026-09-09,2026-09-07,40875,PAC,L3,4,104,0,104,0.0,2026-09-08T20:42:36.043376+00:00
2026-09-09,2026-09-07,40875,PAS,L1,8,168,168,0,100.0,2026-09-08T20:42:36.043376+00:00
2026-09-09,2026-09-07,40875,PAS,L2,8,320,0,320,0.0,2026-09-08T20:42:36.043376+00:00
2026-09-09,2026-09-07,40875,PAS,L3,8,208,0,208,0.0,2026-09-08T20:42:36.043376+00:00
2026-09-09,2026-09-07,40875,PLC,L1,1,20,18,2,90.0,2026-09-08T20:42:36.043376+00:00
2026-09-09,2026-09-07,40875,PLC,L2,1,35,0,35,0.0,2026-09-08T20:42:36.043376+00:00
2026-09-09,2026-09-07,40875,PLC,L3,1,26,0,26,0.0,2026-09-08T20:42:36.043376+00:00
2026-09-09,2026-09-07,40875,RPP,L1,56,1120,1120,0,100.0,2026-09-08T20:42:36.043376+00:00
2026-09-09,2026-09-07,40875,RPP,L2,56,1960,0,1960,0.0,2026-09-08T20:42:36.043376+00:00
2026-09-09,2026-09-07,40875,RPP,L3,56,1456,0,1456,0.0,2026-09-08T20:42:36.043376+00:00
2026-09-09,2026-09-07,40875,STS,L1,24,504,504,0,100.0,2026-09-08T20:42:36.043376+00:00
2026-09-09,2026-09-07,40875,STS,L2,24,960,188,772,19.58,2026-09-08T20:42:36.043376+00:00
2026-09-09,2026-09-07,40875,STS,L3,24,624,0,624,0.0,2026-09-08T20:42:36.043376+00:00
2026-09-09,2026-09-07,40875,TES,L1,6,126,0,126,0.0,2026-09-08T20:42:36.043376+00:00
2026-09-09,2026-09-07,40875,TES,L2,6,240,0,240,0.0,2026-09-08T20:42:36.043376+00:00
2026-09-09,2026-09-07,40875,TES,L3,6,156,0,156,0.0,2026-09-08T20:42:36.043376+00:00
2026-09-09,2026-09-07,40875,TRN,L1,8,168,168,0,100.0,2026-09-08T20:42:36.043376+00:00
2026-09-09,2026-09-07,40875,TRN,L2,8,320,320,0,100.0,2026-09-08T20:42:36.043376+00:00
2026-09-09,2026-09-07,40875,TRN,L3,8,208,0,208,0.0,2026-09-08T20:42:36.043376+00:00
2026-09-09,2026-09-07,40875,UDP,L1,24,480,480,0,100.0,2026-09-08T20:42:36.043376+00:00
2026-09-09,2026-09-07,40875,UDP,L2,24,840,119,721,14.17,2026-09-08T20:42:36.043376+00:00
2026-09-09,2026-09-07,40875,UDP,L3,24,624,0,624,0.0,2026-09-08T20:42:36.043376+00:00
2026-09-09,2026-09-07,40875,UPB,L1,24,495,495,0,100.0,2026-09-08T20:42:36.043376+00:00
2026-09-09,2026-09-07,40875,UPB,L2,24,915,133,782,14.54,2026-09-08T20:42:36.043376+00:00
2026-09-09,2026-09-07,40875,UPB,L3,24,624,0,624,0.0,2026-09-08T20:42:36.043376+00:00
2026-09-09,2026-09-07,40875,UPS,L1,26,536,536,0,100.0,2026-09-08T20:42:36.043376+00:00
2026-09-09,2026-09-07,40875,UPS,L2,26,990,245,745,24.75,2026-09-08T20:42:36.043376+00:00
2026-09-09,2026-09-07,40875,UPS,L3,26,676,0,676,0.0,2026-09-08T20:42:36.043376+00:00
2026-09-09,2026-09-07,40875,VES,L1,44,880,841,39,95.57,2026-09-08T20:42:36.043376+00:00
2026-09-09,2026-09-07,40875,VES,L2,44,1540,10,1530,0.65,2026-09-08T20:42:36.043376+00:00
2026-09-09,2026-09-07,40875,VES,L3,44,1144,0,1144,0.0,2026-09-08T20:42:36.043376+00:00
2026-09-09,2026-09-07,40875,VRF,L1,11,231,231,0,100.0,2026-09-08T20:42:36.043376+00:00
2026-09-09,2026-09-07,40875,VRF,L2,11,440,242,198,55.0,2026-09-08T20:42:36.043376+00:00
2026-09-09,2026-09-07,40875,VRF,L3,11,286,0,286,0.0,2026-09-08T20:42:36.043376+00:00
2026-09-09,2026-09-07,51203,ACS,L1,55,1100,0,1100,0.0,2026-09-08T20:42:36.043376+00:00
2026-09-09,2026-09-07,51203,ACS,L2,55,1925,0,1925,0.0,2026-09-08T20:42:36.043376+00:00
2026-09-09,2026-09-07,51203,ACS,L3,55,1430,0,1430,0.0,2026-09-08T20:42:36.043376+00:00
2026-09-09,2026-09-07,51203,AHU,L1,4,80,0,80,0.0,2026-09-08T20:42:36.043376+00:00
2026-09-09,2026-09-07,51203,AHU,L2,4,140,0,140,0.0,2026-09-08T20:42:36.043376+00:00
2026-09-09,2026-09-07,51203,AHU,L3,4,104,0,104,0.0,2026-09-08T20:42:36.043376+00:00
2026-09-09,2026-09-07,51203,AIS,L1,6,120,0,120,0.0,2026-09-08T20:42:36.043376+00:00
2026-09-09,2026-09-07,51203,AIS,L2,6,210,0,210,0.0,2026-09-08T20:42:36.043376+00:00
2026-09-09,2026-09-07,51203,AIS,L3,6,156,0,156,0.0,2026-09-08T20:42:36.043376+00:00
2026-09-09,2026-09-07,51203,ATS,L1,5,100,100,0,100.0,2026-09-08T20:42:36.043376+00:00
2026-09-09,2026-09-07,51203,ATS,L2,5,175,0,175,0.0,2026-09-08T20:42:36.043376+00:00
2026-09-09,2026-09-07,51203,ATS,L3,5,130,0,130,0.0,2026-09-08T20:42:36.043376+00:00
2026-09-09,2026-09-07,51203,BMP,L1,33,660,0,660,0.0,2026-09-08T20:42:36.043376+00:00
2026-09-09,2026-09-07,51203,BMP,L2,33,1155,0,1155,0.0,2026-09-08T20:42:36.043376+00:00
2026-09-09,2026-09-07,51203,BMP,L3,33,858,0,858,0.0,2026-09-08T20:42:36.043376+00:00
2026-09-09,2026-09-07,51203,BSW,L1,85,1700,0,1700,0.0,2026-09-08T20:42:36.043376+00:00
2026-09-09,2026-09-07,51203,BSW,L2,85,2975,0,2975,0.0,2026-09-08T20:42:36.043376+00:00
2026-09-09,2026-09-07,51203,BSW,L3,85,2210,0,2210,0.0,2026-09-08T20:42:36.043376+00:00
2026-09-09,2026-09-07,51203,CDU,L1,12,240,0,240,0.0,2026-09-08T20:42:36.043376+00:00
2026-09-09,2026-09-07,51203,CDU,L2,12,420,0,420,0.0,2026-09-08T20:42:36.043376+00:00
2026-09-09,2026-09-07,51203,CDU,L3,12,312,0,312,0.0,2026-09-08T20:42:36.043376+00:00
2026-09-09,2026-09-07,51203,CHL,L1,15,300,0,300,0.0,2026-09-08T20:42:36.043376+00:00
2026-09-09,2026-09-07,51203,CHL,L2,15,525,0,525,0.0,2026-09-08T20:42:36.043376+00:00
2026-09-09,2026-09-07,51203,CHL,L3,15,390,0,390,0.0,2026-09-08T20:42:36.043376+00:00
2026-09-09,2026-09-07,51203,CHP,L1,15,300,0,300,0.0,2026-09-08T20:42:36.043376+00:00
2026-09-09,2026-09-07,51203,CHP,L2,15,525,0,525,0.0,2026-09-08T20:42:36.043376+00:00
2026-09-09,2026-09-07,51203,CHP,L3,15,390,0,390,0.0,2026-09-08T20:42:36.043376+00:00
2026-09-09,2026-09-07,51203,CRA,L1,16,320,315,5,98.44,2026-09-08T20:42:36.043376+00:00
2026-09-09,2026-09-07,51203,CRA,L2,16,560,0,560,0.0,2026-09-08T20:42:36.043376+00:00
2026-09-09,2026-09-07,51203,CRA,L3,16,416,0,416,0.0,2026-09-08T20:42:36.043376+00:00
2026-09-09,2026-09-07,51203,CTS,L1,6,120,0,120,0.0,2026-09-08T20:42:36.043376+00:00
2026-09-09,2026-09-07,51203,CTS,L2,6,210,0,210,0.0,2026-09-08T20:42:36.043376+00:00
2026-09-09,2026-09-07,51203,CTS,L3,6,156,0,156,0.0,2026-09-08T20:42:36.043376+00:00
2026-09-09,2026-09-07,51203,DHU,L1,4,80,0,80,0.0,2026-09-08T20:42:36.043376+00:00
2026-09-09,2026-09-07,51203,DHU,L2,4,140,0,140,0.0,2026-09-08T20:42:36.043376+00:00
2026-09-09,2026-09-07,51203,DHU,L3,4,104,0,104,0.0,2026-09-08T20:42:36.043376+00:00
2026-09-09,2026-09-07,51203,DPP,L1,16,320,320,0,100.0,2026-09-08T20:42:36.043376+00:00
2026-09-09,2026-09-07,51203,DPP,L2,16,560,0,560,0.0,2026-09-08T20:42:36.043376+00:00
2026-09-09,2026-09-07,51203,DPP,L3,16,416,0,416,0.0,2026-09-08T20:42:36.043376+00:00
2026-09-09,2026-09-07,51203,DSG,L1,8,160,160,0,100.0,2026-09-08T20:42:36.043376+00:00
2026-09-09,2026-09-07,51203,DSG,L2,8,280,54,226,19.29,2026-09-08T20:42:36.043376+00:00
2026-09-09,2026-09-07,51203,DSG,L3,8,208,0,208,0.0,2026-09-08T20:42:36.043376+00:00
2026-09-09,2026-09-07,51203,ELP,L1,4,80,80,0,100.0,2026-09-08T20:42:36.043376+00:00
2026-09-09,2026-09-07,51203,ELP,L2,4,140,0,140,0.0,2026-09-08T20:42:36.043376+00:00
2026-09-09,2026-09-07,51203,ELP,L3,4,104,0,104,0.0,2026-09-08T20:42:36.043376+00:00
2026-09-09,2026-09-07,51203,EPP,L1,4,80,67,13,83.75,2026-09-08T20:42:36.043376+00:00
2026-09-09,2026-09-07,51203,EPP,L2,4,140,0,140,0.0,2026-09-08T20:42:36.043376+00:00
2026-09-09,2026-09-07,51203,EPP,L3,4,104,0,104,0.0,2026-09-08T20:42:36.043376+00:00
2026-09-09,2026-09-07,51203,EXF,L1,8,160,0,160,0.0,2026-09-08T20:42:36.043376+00:00
2026-09-09,2026-09-07,51203,EXF,L2,8,280,0,280,0.0,2026-09-08T20:42:36.043376+00:00
2026-09-09,2026-09-07,51203,EXF,L3,8,208,0,208,0.0,2026-09-08T20:42:36.043376+00:00
2026-09-09,2026-09-07,51203,EXP,L1,6,120,0,120,0.0,2026-09-08T20:42:36.043376+00:00
2026-09-09,2026-09-07,51203,EXP,L2,6,210,0,210,0.0,2026-09-08T20:42:36.043376+00:00
2026-09-09,2026-09-07,51203,EXP,L3,6,156,0,156,0.0,2026-09-08T20:42:36.043376+00:00
2026-09-09,2026-09-07,51203,FAP,L1,12,240,0,240,0.0,2026-09-08T20:42:36.043376+00:00
2026-09-09,2026-09-07,51203,FAP,L2,12,420,0,420,0.0,2026-09-08T20:42:36.043376+00:00
2026-09-09,2026-09-07,51203,FAP,L3,12,312,0,312,0.0,2026-09-08T20:42:36.043376+00:00
2026-09-09,2026-09-07,51203,FOF,L1,2,40,0,40,0.0,2026-09-08T20:42:36.043376+00:00
2026-09-09,2026-09-07,51203,FOF,L2,2,70,0,70,0.0,2026-09-08T20:42:36.043376+00:00
2026-09-09,2026-09-07,51203,FOF,L3,2,52,0,52,0.0,2026-09-08T20:42:36.043376+00:00
2026-09-09,2026-09-07,51203,FOP,L1,2,40,0,40,0.0,2026-09-08T20:42:36.043376+00:00
2026-09-09,2026-09-07,51203,FOP,L2,2,70,0,70,0.0,2026-09-08T20:42:36.043376+00:00
2026-09-09,2026-09-07,51203,FOP,L3,2,52,0,52,0.0,2026-09-08T20:42:36.043376+00:00
2026-09-09,2026-09-07,51203,FOT,L1,10,200,200,0,100.0,2026-09-08T20:42:36.043376+00:00
2026-09-09,2026-09-07,51203,FOT,L2,10,350,0,350,0.0,2026-09-08T20:42:36.043376+00:00
2026-09-09,2026-09-07,51203,FOT,L3,10,260,0,260,0.0,2026-09-08T20:42:36.043376+00:00
2026-09-09,2026-09-07,51203,FPO,L1,2,40,0,40,0.0,2026-09-08T20:42:36.043376+00:00
2026-09-09,2026-09-07,51203,FPO,L2,2,70,0,70,0.0,2026-09-08T20:42:36.043376+00:00
2026-09-09,2026-09-07,51203,FPO,L3,2,52,0,52,0.0,2026-09-08T20:42:36.043376+00:00
2026-09-09,2026-09-07,51203,FWU,L1,16,320,320,0,100.0,2026-09-08T20:42:36.043376+00:00
2026-09-09,2026-09-07,51203,FWU,L2,16,560,0,560,0.0,2026-09-08T20:42:36.043376+00:00
2026-09-09,2026-09-07,51203,FWU,L3,16,416,0,416,0.0,2026-09-08T20:42:36.043376+00:00
2026-09-09,2026-09-07,51203,GDS,L1,1,20,0,20,0.0,2026-09-08T20:42:36.043376+00:00
2026-09-09,2026-09-07,51203,GDS,L2,1,35,0,35,0.0,2026-09-08T20:42:36.043376+00:00
2026-09-09,2026-09-07,51203,GDS,L3,1,26,0,26,0.0,2026-09-08T20:42:36.043376+00:00
2026-09-09,2026-09-07,51203,GDT,L1,8,160,159,1,99.38,2026-09-08T20:42:36.043376+00:00
2026-09-09,2026-09-07,51203,GDT,L2,8,280,0,280,0.0,2026-09-08T20:42:36.043376+00:00
2026-09-09,2026-09-07,51203,GDT,L3,8,208,0,208,0.0,2026-09-08T20:42:36.043376+00:00
2026-09-09,2026-09-07,51203,GEN,L1,8,160,160,0,100.0,2026-09-08T20:42:36.043376+00:00
2026-09-09,2026-09-07,51203,GEN,L2,8,280,0,280,0.0,2026-09-08T20:42:36.043376+00:00
2026-09-09,2026-09-07,51203,GEN,L3,8,208,0,208,0.0,2026-09-08T20:42:36.043376+00:00
2026-09-09,2026-09-07,51203,GSB,L1,8,160,153,7,95.62,2026-09-08T20:42:36.043376+00:00
2026-09-09,2026-09-07,51203,GSB,L2,8,280,1,279,0.36,2026-09-08T20:42:36.043376+00:00
2026-09-09,2026-09-07,51203,GSB,L3,8,208,0,208,0.0,2026-09-08T20:42:36.043376+00:00
2026-09-09,2026-09-07,51203,LBG,L1,1,20,20,0,100.0,2026-09-08T20:42:36.043376+00:00
2026-09-09,2026-09-07,51203,LBG,L2,1,35,0,35,0.0,2026-09-08T20:42:36.043376+00:00
2026-09-09,2026-09-07,51203,LBG,L3,1,26,0,26,0.0,2026-09-08T20:42:36.043376+00:00
2026-09-09,2026-09-07,51203,MBC,L1,8,160,160,0,100.0,2026-09-08T20:42:36.043376+00:00
2026-09-09,2026-09-07,51203,MBC,L2,8,280,0,280,0.0,2026-09-08T20:42:36.043376+00:00
2026-09-09,2026-09-07,51203,MBC,L3,8,208,0,208,0.0,2026-09-08T20:42:36.043376+00:00
2026-09-09,2026-09-07,51203,MDP,L1,13,260,220,40,84.62,2026-09-08T20:42:36.043376+00:00
2026-09-09,2026-09-07,51203,MDP,L2,13,455,0,455,0.0,2026-09-08T20:42:36.043376+00:00
2026-09-09,2026-09-07,51203,MDP,L3,13,338,0,338,0.0,2026-09-08T20:42:36.043376+00:00
2026-09-09,2026-09-07,51203,MSB,L1,10,200,200,0,100.0,2026-09-08T20:42:36.043376+00:00
2026-09-09,2026-09-07,51203,MSB,L2,10,350,7,343,2.0,2026-09-08T20:42:36.043376+00:00
2026-09-09,2026-09-07,51203,MSB,L3,10,260,0,260,0.0,2026-09-08T20:42:36.043376+00:00
2026-09-09,2026-09-07,51203,MUP,L1,4,80,0,80,0.0,2026-09-08T20:42:36.043376+00:00
2026-09-09,2026-09-07,51203,MUP,L2,4,140,0,140,0.0,2026-09-08T20:42:36.043376+00:00
2026-09-09,2026-09-07,51203,MUP,L3,4,104,0,104,0.0,2026-09-08T20:42:36.043376+00:00
2026-09-09,2026-09-07,51203,MVS,L1,2,40,40,0,100.0,2026-09-08T20:42:36.043376+00:00
2026-09-09,2026-09-07,51203,MVS,L2,2,70,43,27,61.43,2026-09-08T20:42:36.043376+00:00
2026-09-09,2026-09-07,51203,MVS,L3,2,52,0,52,0.0,2026-09-08T20:42:36.043376+00:00
2026-09-09,2026-09-07,51203,PAC,L1,2,40,0,40,0.0,2026-09-08T20:42:36.043376+00:00
2026-09-09,2026-09-07,51203,PAC,L2,2,70,0,70,0.0,2026-09-08T20:42:36.043376+00:00
2026-09-09,2026-09-07,51203,PAC,L3,2,52,0,52,0.0,2026-09-08T20:42:36.043376+00:00
2026-09-09,2026-09-07,51203,PAS,L1,6,120,0,120,0.0,2026-09-08T20:42:36.043376+00:00
2026-09-09,2026-09-07,51203,PAS,L2,6,210,0,210,0.0,2026-09-08T20:42:36.043376+00:00
2026-09-09,2026-09-07,51203,PAS,L3,6,156,0,156,0.0,2026-09-08T20:42:36.043376+00:00
2026-09-09,2026-09-07,51203,RPP,L1,16,320,0,320,0.0,2026-09-08T20:42:36.043376+00:00
2026-09-09,2026-09-07,51203,RPP,L2,16,560,0,560,0.0,2026-09-08T20:42:36.043376+00:00
2026-09-09,2026-09-07,51203,RPP,L3,16,416,0,416,0.0,2026-09-08T20:42:36.043376+00:00
2026-09-09,2026-09-07,51203,TES,L1,18,360,119,241,33.06,2026-09-08T20:42:36.043376+00:00
2026-09-09,2026-09-07,51203,TES,L2,18,630,0,630,0.0,2026-09-08T20:42:36.043376+00:00
2026-09-09,2026-09-07,51203,TES,L3,18,468,0,468,0.0,2026-09-08T20:42:36.043376+00:00
2026-09-09,2026-09-07,51203,TRN,L1,8,160,160,0,100.0,2026-09-08T20:42:36.043376+00:00
2026-09-09,2026-09-07,51203,TRN,L2,8,280,56,224,20.0,2026-09-08T20:42:36.043376+00:00
2026-09-09,2026-09-07,51203,TRN,L3,8,208,7,201,3.37,2026-09-08T20:42:36.043376+00:00
2026-09-09,2026-09-07,51203,UDP,L1,6,120,120,0,100.0,2026-09-08T20:42:36.043376+00:00
2026-09-09,2026-09-07,51203,UDP,L2,6,210,0,210,0.0,2026-09-08T20:42:36.043376+00:00
2026-09-09,2026-09-07,51203,UDP,L3,6,156,0,156,0.0,2026-09-08T20:42:36.043376+00:00
2026-09-09,2026-09-07,51203,UMP,L1,1,20,20,0,100.0,2026-09-08T20:42:36.043376+00:00
2026-09-09,2026-09-07,51203,UMP,L2,1,35,0,35,0.0,2026-09-08T20:42:36.043376+00:00
2026-09-09,2026-09-07,51203,UMP,L3,1,26,0,26,0.0,2026-09-08T20:42:36.043376+00:00
2026-09-09,2026-09-07,51203,UPB,L1,8,160,160,0,100.0,2026-09-08T20:42:36.043376+00:00
2026-09-09,2026-09-07,51203,UPB,L2,8,280,0,280,0.0,2026-09-08T20:42:36.043376+00:00
2026-09-09,2026-09-07,51203,UPB,L3,8,208,0,208,0.0,2026-09-08T20:42:36.043376+00:00
2026-09-09,2026-09-07,51203,UPP,L1,7,140,140,0,100.0,2026-09-08T20:42:36.043376+00:00
2026-09-09,2026-09-07,51203,UPP,L2,7,245,0,245,0.0,2026-09-08T20:42:36.043376+00:00
2026-09-09,2026-09-07,51203,UPP,L3,7,182,0,182,0.0,2026-09-08T20:42:36.043376+00:00
2026-09-09,2026-09-07,51203,UPS,L1,8,160,160,0,100.0,2026-09-08T20:42:36.043376+00:00
2026-09-09,2026-09-07,51203,UPS,L2,8,280,0,280,0.0,2026-09-08T20:42:36.043376+00:00
2026-09-09,2026-09-07,51203,UPS,L3,8,208,0,208,0.0,2026-09-08T20:42:36.043376+00:00
2026-09-09,2026-09-07,51203,VES,L1,38,760,240,520,31.58,2026-09-08T20:42:36.043376+00:00
2026-09-09,2026-09-07,51203,VES,L2,38,1330,0,1330,0.0,2026-09-08T20:42:36.043376+00:00
2026-09-09,2026-09-07,51203,VES,L3,38,988,0,988,0.0,2026-09-08T20:42:36.043376+00:00
2026-09-09,2026-09-07,51203,VRF,L1,4,80,0,80,0.0,2026-09-08T20:42:36.043376+00:00
2026-09-09,2026-09-07,51203,VRF,L2,4,140,0,140,0.0,2026-09-08T20:42:36.043376+00:00
2026-09-09,2026-09-07,51203,VRF,L3,4,104,0,104,0.0,2026-09-08T20:42:36.043376+00:00
2026-09-09,2026-09-07,51204,ACS,L1,42,840,0,840,0.0,2026-09-08T20:42:36.043376+00:00
2026-09-09,2026-09-07,51204,ACS,L2,42,1470,0,1470,0.0,2026-09-08T20:42:36.043376+00:00
2026-09-09,2026-09-07,51204,ACS,L3,42,1092,0,1092,0.0,2026-09-08T20:42:36.043376+00:00
2026-09-09,2026-09-07,51204,AIS,L1,6,120,0,120,0.0,2026-09-08T20:42:36.043376+00:00
2026-09-09,2026-09-07,51204,AIS,L2,6,210,0,210,0.0,2026-09-08T20:42:36.043376+00:00
2026-09-09,2026-09-07,51204,AIS,L3,6,156,0,156,0.0,2026-09-08T20:42:36.043376+00:00
2026-09-09,2026-09-07,51204,ATS,L1,10,200,200,0,100.0,2026-09-08T20:42:36.043376+00:00
2026-09-09,2026-09-07,51204,ATS,L2,10,350,0,350,0.0,2026-09-08T20:42:36.043376+00:00
2026-09-09,2026-09-07,51204,ATS,L3,10,260,0,260,0.0,2026-09-08T20:42:36.043376+00:00
2026-09-09,2026-09-07,51204,BMP,L1,33,660,0,660,0.0,2026-09-08T20:42:36.043376+00:00
2026-09-09,2026-09-07,51204,BMP,L2,33,1155,0,1155,0.0,2026-09-08T20:42:36.043376+00:00
2026-09-09,2026-09-07,51204,BMP,L3,33,858,0,858,0.0,2026-09-08T20:42:36.043376+00:00
2026-09-09,2026-09-07,51204,BSW,L1,82,1640,0,1640,0.0,2026-09-08T20:42:36.043376+00:00
2026-09-09,2026-09-07,51204,BSW,L2,82,2870,0,2870,0.0,2026-09-08T20:42:36.043376+00:00
2026-09-09,2026-09-07,51204,BSW,L3,82,2132,0,2132,0.0,2026-09-08T20:42:36.043376+00:00
2026-09-09,2026-09-07,51204,CDU,L1,12,240,0,240,0.0,2026-09-08T20:42:36.043376+00:00
2026-09-09,2026-09-07,51204,CDU,L2,12,420,0,420,0.0,2026-09-08T20:42:36.043376+00:00
2026-09-09,2026-09-07,51204,CDU,L3,12,312,0,312,0.0,2026-09-08T20:42:36.043376+00:00
2026-09-09,2026-09-07,51204,CHL,L1,15,300,0,300,0.0,2026-09-08T20:42:36.043376+00:00
2026-09-09,2026-09-07,51204,CHL,L2,15,525,0,525,0.0,2026-09-08T20:42:36.043376+00:00
2026-09-09,2026-09-07,51204,CHL,L3,15,390,0,390,0.0,2026-09-08T20:42:36.043376+00:00
2026-09-09,2026-09-07,51204,CHP,L1,15,300,0,300,0.0,2026-09-08T20:42:36.043376+00:00
2026-09-09,2026-09-07,51204,CHP,L2,15,525,0,525,0.0,2026-09-08T20:42:36.043376+00:00
2026-09-09,2026-09-07,51204,CHP,L3,15,390,0,390,0.0,2026-09-08T20:42:36.043376+00:00
2026-09-09,2026-09-07,51204,CRA,L1,32,640,640,0,100.0,2026-09-08T20:42:36.043376+00:00
2026-09-09,2026-09-07,51204,CRA,L2,32,1120,0,1120,0.0,2026-09-08T20:42:36.043376+00:00
2026-09-09,2026-09-07,51204,CRA,L3,32,832,0,832,0.0,2026-09-08T20:42:36.043376+00:00
2026-09-09,2026-09-07,51204,CTS,L1,6,120,0,120,0.0,2026-09-08T20:42:36.043376+00:00
2026-09-09,2026-09-07,51204,CTS,L2,6,210,0,210,0.0,2026-09-08T20:42:36.043376+00:00
2026-09-09,2026-09-07,51204,CTS,L3,6,156,0,156,0.0,2026-09-08T20:42:36.043376+00:00
2026-09-09,2026-09-07,51204,DHU,L1,4,80,0,80,0.0,2026-09-08T20:42:36.043376+00:00
2026-09-09,2026-09-07,51204,DHU,L2,4,140,0,140,0.0,2026-09-08T20:42:36.043376+00:00
2026-09-09,2026-09-07,51204,DHU,L3,4,104,0,104,0.0,2026-09-08T20:42:36.043376+00:00
2026-09-09,2026-09-07,51204,DPP,L1,16,320,320,0,100.0,2026-09-08T20:42:36.043376+00:00
2026-09-09,2026-09-07,51204,DPP,L2,16,560,0,560,0.0,2026-09-08T20:42:36.043376+00:00
2026-09-09,2026-09-07,51204,DPP,L3,16,416,0,416,0.0,2026-09-08T20:42:36.043376+00:00
2026-09-09,2026-09-07,51204,DSG,L1,8,160,160,0,100.0,2026-09-08T20:42:36.043376+00:00
2026-09-09,2026-09-07,51204,DSG,L2,8,280,56,224,20.0,2026-09-08T20:42:36.043376+00:00
2026-09-09,2026-09-07,51204,DSG,L3,8,208,0,208,0.0,2026-09-08T20:42:36.043376+00:00
2026-09-09,2026-09-07,51204,ELP,L1,4,80,80,0,100.0,2026-09-08T20:42:36.043376+00:00
2026-09-09,2026-09-07,51204,ELP,L2,4,140,0,140,0.0,2026-09-08T20:42:36.043376+00:00
2026-09-09,2026-09-07,51204,ELP,L3,4,104,0,104,0.0,2026-09-08T20:42:36.043376+00:00
2026-09-09,2026-09-07,51204,EPP,L1,4,80,80,0,100.0,2026-09-08T20:42:36.043376+00:00
2026-09-09,2026-09-07,51204,EPP,L2,4,140,0,140,0.0,2026-09-08T20:42:36.043376+00:00
2026-09-09,2026-09-07,51204,EPP,L3,4,104,0,104,0.0,2026-09-08T20:42:36.043376+00:00
2026-09-09,2026-09-07,51204,EXF,L1,8,160,0,160,0.0,2026-09-08T20:42:36.043376+00:00
2026-09-09,2026-09-07,51204,EXF,L2,8,280,0,280,0.0,2026-09-08T20:42:36.043376+00:00
2026-09-09,2026-09-07,51204,EXF,L3,8,208,0,208,0.0,2026-09-08T20:42:36.043376+00:00
2026-09-09,2026-09-07,51204,EXP,L1,6,120,0,120,0.0,2026-09-08T20:42:36.043376+00:00
2026-09-09,2026-09-07,51204,EXP,L2,6,210,0,210,0.0,2026-09-08T20:42:36.043376+00:00
2026-09-09,2026-09-07,51204,EXP,L3,6,156,0,156,0.0,2026-09-08T20:42:36.043376+00:00
2026-09-09,2026-09-07,51204,GDS,L1,1,20,0,20,0.0,2026-09-08T20:42:36.043376+00:00
2026-09-09,2026-09-07,51204,GDS,L2,1,35,0,35,0.0,2026-09-08T20:42:36.043376+00:00
2026-09-09,2026-09-07,51204,GDS,L3,1,26,0,26,0.0,2026-09-08T20:42:36.043376+00:00
2026-09-09,2026-09-07,51204,GDT,L1,8,160,160,0,100.0,2026-09-08T20:42:36.043376+00:00
2026-09-09,2026-09-07,51204,GDT,L2,8,280,0,280,0.0,2026-09-08T20:42:36.043376+00:00
2026-09-09,2026-09-07,51204,GDT,L3,8,208,0,208,0.0,2026-09-08T20:42:36.043376+00:00
2026-09-09,2026-09-07,51204,GEN,L1,8,160,160,0,100.0,2026-09-08T20:42:36.043376+00:00
2026-09-09,2026-09-07,51204,GEN,L2,8,280,0,280,0.0,2026-09-08T20:42:36.043376+00:00
2026-09-09,2026-09-07,51204,GEN,L3,8,208,0,208,0.0,2026-09-08T20:42:36.043376+00:00
2026-09-09,2026-09-07,51204,GSB,L1,8,160,152,8,95.0,2026-09-08T20:42:36.043376+00:00
2026-09-09,2026-09-07,51204,GSB,L2,8,280,0,280,0.0,2026-09-08T20:42:36.043376+00:00
2026-09-09,2026-09-07,51204,GSB,L3,8,208,0,208,0.0,2026-09-08T20:42:36.043376+00:00
2026-09-09,2026-09-07,51204,MBC,L1,8,160,120,40,75.0,2026-09-08T20:42:36.043376+00:00
2026-09-09,2026-09-07,51204,MBC,L2,8,280,0,280,0.0,2026-09-08T20:42:36.043376+00:00
2026-09-09,2026-09-07,51204,MBC,L3,8,208,0,208,0.0,2026-09-08T20:42:36.043376+00:00
2026-09-09,2026-09-07,51204,MDP,L1,11,220,180,40,81.82,2026-09-08T20:42:36.043376+00:00
2026-09-09,2026-09-07,51204,MDP,L2,11,385,0,385,0.0,2026-09-08T20:42:36.043376+00:00
2026-09-09,2026-09-07,51204,MDP,L3,11,286,0,286,0.0,2026-09-08T20:42:36.043376+00:00
2026-09-09,2026-09-07,51204,MSB,L1,10,200,160,40,80.0,2026-09-08T20:42:36.043376+00:00
2026-09-09,2026-09-07,51204,MSB,L2,10,350,0,350,0.0,2026-09-08T20:42:36.043376+00:00
2026-09-09,2026-09-07,51204,MSB,L3,10,260,0,260,0.0,2026-09-08T20:42:36.043376+00:00
2026-09-09,2026-09-07,51204,MUP,L1,4,80,0,80,0.0,2026-09-08T20:42:36.043376+00:00
2026-09-09,2026-09-07,51204,MUP,L2,4,140,0,140,0.0,2026-09-08T20:42:36.043376+00:00
2026-09-09,2026-09-07,51204,MUP,L3,4,104,0,104,0.0,2026-09-08T20:42:36.043376+00:00
2026-09-09,2026-09-07,51204,MVS,L1,2,40,40,0,100.0,2026-09-08T20:42:36.043376+00:00
2026-09-09,2026-09-07,51204,MVS,L2,2,70,70,0,100.0,2026-09-08T20:42:36.043376+00:00
2026-09-09,2026-09-07,51204,MVS,L3,2,52,0,52,0.0,2026-09-08T20:42:36.043376+00:00
2026-09-09,2026-09-07,51204,PAC,L1,2,40,0,40,0.0,2026-09-08T20:42:36.043376+00:00
2026-09-09,2026-09-07,51204,PAC,L2,2,70,0,70,0.0,2026-09-08T20:42:36.043376+00:00
2026-09-09,2026-09-07,51204,PAC,L3,2,52,0,52,0.0,2026-09-08T20:42:36.043376+00:00
2026-09-09,2026-09-07,51204,PAS,L1,6,120,0,120,0.0,2026-09-08T20:42:36.043376+00:00
2026-09-09,2026-09-07,51204,PAS,L2,6,210,0,210,0.0,2026-09-08T20:42:36.043376+00:00
2026-09-09,2026-09-07,51204,PAS,L3,6,156,0,156,0.0,2026-09-08T20:42:36.043376+00:00
2026-09-09,2026-09-07,51204,RPP,L1,16,320,0,320,0.0,2026-09-08T20:42:36.043376+00:00
2026-09-09,2026-09-07,51204,RPP,L2,16,560,0,560,0.0,2026-09-08T20:42:36.043376+00:00
2026-09-09,2026-09-07,51204,RPP,L3,16,416,0,416,0.0,2026-09-08T20:42:36.043376+00:00
2026-09-09,2026-09-07,51204,TES,L1,18,360,120,240,33.33,2026-09-08T20:42:36.043376+00:00
2026-09-09,2026-09-07,51204,TES,L2,18,630,0,630,0.0,2026-09-08T20:42:36.043376+00:00
2026-09-09,2026-09-07,51204,TES,L3,18,468,0,468,0.0,2026-09-08T20:42:36.043376+00:00
2026-09-09,2026-09-07,51204,TRN,L1,8,160,160,0,100.0,2026-09-08T20:42:36.043376+00:00
2026-09-09,2026-09-07,51204,TRN,L2,8,280,56,224,20.0,2026-09-08T20:42:36.043376+00:00
2026-09-09,2026-09-07,51204,TRN,L3,8,208,0,208,0.0,2026-09-08T20:42:36.043376+00:00
2026-09-09,2026-09-07,51204,UDP,L1,6,120,80,40,66.67,2026-09-08T20:42:36.043376+00:00
2026-09-09,2026-09-07,51204,UDP,L2,6,210,0,210,0.0,2026-09-08T20:42:36.043376+00:00
2026-09-09,2026-09-07,51204,UDP,L3,6,156,0,156,0.0,2026-09-08T20:42:36.043376+00:00
2026-09-09,2026-09-07,51204,UMP,L1,2,40,40,0,100.0,2026-09-08T20:42:36.043376+00:00
2026-09-09,2026-09-07,51204,UMP,L2,2,70,0,70,0.0,2026-09-08T20:42:36.043376+00:00
2026-09-09,2026-09-07,51204,UMP,L3,2,52,0,52,0.0,2026-09-08T20:42:36.043376+00:00
2026-09-09,2026-09-07,51204,UPB,L1,8,160,7,153,4.38,2026-09-08T20:42:36.043376+00:00
2026-09-09,2026-09-07,51204,UPB,L2,8,280,0,280,0.0,2026-09-08T20:42:36.043376+00:00
2026-09-09,2026-09-07,51204,UPB,L3,8,208,0,208,0.0,2026-09-08T20:42:36.043376+00:00
2026-09-09,2026-09-07,51204,UPP,L1,3,60,40,20,66.67,2026-09-08T20:42:36.043376+00:00
2026-09-09,2026-09-07,51204,UPP,L2,3,105,0,105,0.0,2026-09-08T20:42:36.043376+00:00
2026-09-09,2026-09-07,51204,UPP,L3,3,78,0,78,0.0,2026-09-08T20:42:36.043376+00:00
2026-09-09,2026-09-07,51204,UPS,L1,8,160,48,112,30.0,2026-09-08T20:42:36.043376+00:00
2026-09-09,2026-09-07,51204,UPS,L2,8,280,6,274,2.14,2026-09-08T20:42:36.043376+00:00
2026-09-09,2026-09-07,51204,UPS,L3,8,208,0,208,0.0,2026-09-08T20:42:36.043376+00:00
2026-09-09,2026-09-07,51204,VES,L1,32,640,160,480,25.0,2026-09-08T20:42:36.043376+00:00
2026-09-09,2026-09-07,51204,VES,L2,32,1120,0,1120,0.0,2026-09-08T20:42:36.043376+00:00
2026-09-09,2026-09-07,51204,VES,L3,32,832,0,832,0.0,2026-09-08T20:42:36.043376+00:00
2026-09-09,2026-09-07,51204,VRF,L1,4,80,0,80,0.0,2026-09-08T20:42:36.043376+00:00
2026-09-09,2026-09-07,51204,VRF,L2,4,140,0,140,0.0,2026-09-08T20:42:36.043376+00:00
2026-09-09,2026-09-07,51204,VRF,L3,4,104,0,104,0.0,2026-09-08T20:42:36.043376+00:00
2026-09-09,2026-09-07,52047,ACS,L1,42,840,0,840,0.0,2026-09-08T20:42:36.043376+00:00
2026-09-09,2026-09-07,52047,ACS,L2,42,1470,0,1470,0.0,2026-09-08T20:42:36.043376+00:00
2026-09-09,2026-09-07,52047,ACS,L3,42,1092,0,1092,0.0,2026-09-08T20:42:36.043376+00:00
2026-09-09,2026-09-07,52047,AIS,L1,4,80,0,80,0.0,2026-09-08T20:42:36.043376+00:00
2026-09-09,2026-09-07,52047,AIS,L2,4,140,0,140,0.0,2026-09-08T20:42:36.043376+00:00
2026-09-09,2026-09-07,52047,AIS,L3,4,104,0,104,0.0,2026-09-08T20:42:36.043376+00:00
2026-09-09,2026-09-07,52047,ATS,L1,10,200,200,0,100.0,2026-09-08T20:42:36.043376+00:00
2026-09-09,2026-09-07,52047,ATS,L2,10,350,0,350,0.0,2026-09-08T20:42:36.043376+00:00
2026-09-09,2026-09-07,52047,ATS,L3,10,260,0,260,0.0,2026-09-08T20:42:36.043376+00:00
2026-09-09,2026-09-07,52047,BMP,L1,14,280,0,280,0.0,2026-09-08T20:42:36.043376+00:00
2026-09-09,2026-09-07,52047,BMP,L2,14,490,0,490,0.0,2026-09-08T20:42:36.043376+00:00
2026-09-09,2026-09-07,52047,BMP,L3,14,364,0,364,0.0,2026-09-08T20:42:36.043376+00:00
2026-09-09,2026-09-07,52047,BSW,L1,82,1640,0,1640,0.0,2026-09-08T20:42:36.043376+00:00
2026-09-09,2026-09-07,52047,BSW,L2,82,2870,0,2870,0.0,2026-09-08T20:42:36.043376+00:00
2026-09-09,2026-09-07,52047,BSW,L3,82,2132,0,2132,0.0,2026-09-08T20:42:36.043376+00:00
2026-09-09,2026-09-07,52047,CDU,L1,12,240,0,240,0.0,2026-09-08T20:42:36.043376+00:00
2026-09-09,2026-09-07,52047,CDU,L2,12,420,0,420,0.0,2026-09-08T20:42:36.043376+00:00
2026-09-09,2026-09-07,52047,CDU,L3,12,312,0,312,0.0,2026-09-08T20:42:36.043376+00:00
2026-09-09,2026-09-07,52047,CRA,L1,16,320,320,0,100.0,2026-09-08T20:42:36.043376+00:00
2026-09-09,2026-09-07,52047,CRA,L2,16,560,0,560,0.0,2026-09-08T20:42:36.043376+00:00
2026-09-09,2026-09-07,52047,CRA,L3,16,416,0,416,0.0,2026-09-08T20:42:36.043376+00:00
2026-09-09,2026-09-07,52047,CTS,L1,4,80,0,80,0.0,2026-09-08T20:42:36.043376+00:00
2026-09-09,2026-09-07,52047,CTS,L2,4,140,0,140,0.0,2026-09-08T20:42:36.043376+00:00
2026-09-09,2026-09-07,52047,CTS,L3,4,104,0,104,0.0,2026-09-08T20:42:36.043376+00:00
2026-09-09,2026-09-07,52047,DHU,L1,4,80,0,80,0.0,2026-09-08T20:42:36.043376+00:00
2026-09-09,2026-09-07,52047,DHU,L2,4,140,0,140,0.0,2026-09-08T20:42:36.043376+00:00
2026-09-09,2026-09-07,52047,DHU,L3,4,104,0,104,0.0,2026-09-08T20:42:36.043376+00:00
2026-09-09,2026-09-07,52047,DPP,L1,16,320,320,0,100.0,2026-09-08T20:42:36.043376+00:00
2026-09-09,2026-09-07,52047,DPP,L2,16,560,0,560,0.0,2026-09-08T20:42:36.043376+00:00
2026-09-09,2026-09-07,52047,DPP,L3,16,416,0,416,0.0,2026-09-08T20:42:36.043376+00:00
2026-09-09,2026-09-07,52047,DSG,L1,8,160,160,0,100.0,2026-09-08T20:42:36.043376+00:00
2026-09-09,2026-09-07,52047,DSG,L2,8,280,56,224,20.0,2026-09-08T20:42:36.043376+00:00
2026-09-09,2026-09-07,52047,DSG,L3,8,208,0,208,0.0,2026-09-08T20:42:36.043376+00:00
2026-09-09,2026-09-07,52047,ELP,L1,4,80,80,0,100.0,2026-09-08T20:42:36.043376+00:00
2026-09-09,2026-09-07,52047,ELP,L2,4,140,0,140,0.0,2026-09-08T20:42:36.043376+00:00
2026-09-09,2026-09-07,52047,ELP,L3,4,104,0,104,0.0,2026-09-08T20:42:36.043376+00:00
2026-09-09,2026-09-07,52047,EPP,L1,4,80,80,0,100.0,2026-09-08T20:42:36.043376+00:00
2026-09-09,2026-09-07,52047,EPP,L2,4,140,0,140,0.0,2026-09-08T20:42:36.043376+00:00
2026-09-09,2026-09-07,52047,EPP,L3,4,104,0,104,0.0,2026-09-08T20:42:36.043376+00:00
2026-09-09,2026-09-07,52047,EXF,L1,8,160,0,160,0.0,2026-09-08T20:42:36.043376+00:00
2026-09-09,2026-09-07,52047,EXF,L2,8,280,0,280,0.0,2026-09-08T20:42:36.043376+00:00
2026-09-09,2026-09-07,52047,EXF,L3,8,208,0,208,0.0,2026-09-08T20:42:36.043376+00:00
2026-09-09,2026-09-07,52047,EXP,L1,4,80,0,80,0.0,2026-09-08T20:42:36.043376+00:00
2026-09-09,2026-09-07,52047,EXP,L2,4,140,0,140,0.0,2026-09-08T20:42:36.043376+00:00
2026-09-09,2026-09-07,52047,EXP,L3,4,104,0,104,0.0,2026-09-08T20:42:36.043376+00:00
2026-09-09,2026-09-07,52047,FWU,L1,16,320,320,0,100.0,2026-09-08T20:42:36.043376+00:00
2026-09-09,2026-09-07,52047,FWU,L2,16,560,0,560,0.0,2026-09-08T20:42:36.043376+00:00
2026-09-09,2026-09-07,52047,FWU,L3,16,416,0,416,0.0,2026-09-08T20:42:36.043376+00:00
2026-09-09,2026-09-07,52047,GDS,L1,1,20,0,20,0.0,2026-09-08T20:42:36.043376+00:00
2026-09-09,2026-09-07,52047,GDS,L2,1,35,0,35,0.0,2026-09-08T20:42:36.043376+00:00
2026-09-09,2026-09-07,52047,GDS,L3,1,26,0,26,0.0,2026-09-08T20:42:36.043376+00:00
2026-09-09,2026-09-07,52047,GDT,L1,8,160,160,0,100.0,2026-09-08T20:42:36.043376+00:00
2026-09-09,2026-09-07,52047,GDT,L2,8,280,0,280,0.0,2026-09-08T20:42:36.043376+00:00
2026-09-09,2026-09-07,52047,GDT,L3,8,208,0,208,0.0,2026-09-08T20:42:36.043376+00:00
2026-09-09,2026-09-07,52047,GEN,L1,8,160,160,0,100.0,2026-09-08T20:42:36.043376+00:00
2026-09-09,2026-09-07,52047,GEN,L2,8,280,0,280,0.0,2026-09-08T20:42:36.043376+00:00
2026-09-09,2026-09-07,52047,GEN,L3,8,208,0,208,0.0,2026-09-08T20:42:36.043376+00:00
2026-09-09,2026-09-07,52047,GSB,L1,8,160,152,8,95.0,2026-09-08T20:42:36.043376+00:00
2026-09-09,2026-09-07,52047,GSB,L2,8,280,0,280,0.0,2026-09-08T20:42:36.043376+00:00
2026-09-09,2026-09-07,52047,GSB,L3,8,208,0,208,0.0,2026-09-08T20:42:36.043376+00:00
2026-09-09,2026-09-07,52047,MBC,L1,8,160,160,0,100.0,2026-09-08T20:42:36.043376+00:00
2026-09-09,2026-09-07,52047,MBC,L2,8,280,0,280,0.0,2026-09-08T20:42:36.043376+00:00
2026-09-09,2026-09-07,52047,MBC,L3,8,208,0,208,0.0,2026-09-08T20:42:36.043376+00:00
2026-09-09,2026-09-07,52047,MDP,L1,11,220,220,0,100.0,2026-09-08T20:42:36.043376+00:00
2026-09-09,2026-09-07,52047,MDP,L2,11,385,7,378,1.82,2026-09-08T20:42:36.043376+00:00
2026-09-09,2026-09-07,52047,MDP,L3,11,286,0,286,0.0,2026-09-08T20:42:36.043376+00:00
2026-09-09,2026-09-07,52047,MSB,L1,10,200,200,0,100.0,2026-09-08T20:42:36.043376+00:00
2026-09-09,2026-09-07,52047,MSB,L2,10,350,0,350,0.0,2026-09-08T20:42:36.043376+00:00
2026-09-09,2026-09-07,52047,MSB,L3,10,260,0,260,0.0,2026-09-08T20:42:36.043376+00:00
2026-09-09,2026-09-07,52047,MUP,L1,4,80,0,80,0.0,2026-09-08T20:42:36.043376+00:00
2026-09-09,2026-09-07,52047,MUP,L2,4,140,0,140,0.0,2026-09-08T20:42:36.043376+00:00
2026-09-09,2026-09-07,52047,MUP,L3,4,104,0,104,0.0,2026-09-08T20:42:36.043376+00:00
2026-09-09,2026-09-07,52047,PAC,L1,2,40,0,40,0.0,2026-09-08T20:42:36.043376+00:00
2026-09-09,2026-09-07,52047,PAC,L2,2,70,0,70,0.0,2026-09-08T20:42:36.043376+00:00
2026-09-09,2026-09-07,52047,PAC,L3,2,52,0,52,0.0,2026-09-08T20:42:36.043376+00:00
2026-09-09,2026-09-07,52047,PAS,L1,6,120,0,120,0.0,2026-09-08T20:42:36.043376+00:00
2026-09-09,2026-09-07,52047,PAS,L2,6,210,0,210,0.0,2026-09-08T20:42:36.043376+00:00
2026-09-09,2026-09-07,52047,PAS,L3,6,156,0,156,0.0,2026-09-08T20:42:36.043376+00:00
2026-09-09,2026-09-07,52047,RPP,L1,16,320,0,320,0.0,2026-09-08T20:42:36.043376+00:00
2026-09-09,2026-09-07,52047,RPP,L2,16,560,0,560,0.0,2026-09-08T20:42:36.043376+00:00
2026-09-09,2026-09-07,52047,RPP,L3,16,416,0,416,0.0,2026-09-08T20:42:36.043376+00:00
2026-09-09,2026-09-07,52047,TES,L1,12,240,0,240,0.0,2026-09-08T20:42:36.043376+00:00
2026-09-09,2026-09-07,52047,TES,L2,12,420,0,420,0.0,2026-09-08T20:42:36.043376+00:00
2026-09-09,2026-09-07,52047,TES,L3,12,312,0,312,0.0,2026-09-08T20:42:36.043376+00:00
2026-09-09,2026-09-07,52047,TRN,L1,8,160,160,0,100.0,2026-09-08T20:42:36.043376+00:00
2026-09-09,2026-09-07,52047,TRN,L2,8,280,56,224,20.0,2026-09-08T20:42:36.043376+00:00
2026-09-09,2026-09-07,52047,TRN,L3,8,208,0,208,0.0,2026-09-08T20:42:36.043376+00:00
2026-09-09,2026-09-07,52047,UDP,L1,6,120,119,1,99.17,2026-09-08T20:42:36.043376+00:00
2026-09-09,2026-09-07,52047,UDP,L2,6,210,0,210,0.0,2026-09-08T20:42:36.043376+00:00
2026-09-09,2026-09-07,52047,UDP,L3,6,156,0,156,0.0,2026-09-08T20:42:36.043376+00:00
2026-09-09,2026-09-07,52047,UMP,L1,2,40,40,0,100.0,2026-09-08T20:42:36.043376+00:00
2026-09-09,2026-09-07,52047,UMP,L2,2,70,0,70,0.0,2026-09-08T20:42:36.043376+00:00
2026-09-09,2026-09-07,52047,UMP,L3,2,52,0,52,0.0,2026-09-08T20:42:36.043376+00:00
2026-09-09,2026-09-07,52047,UPB,L1,8,160,160,0,100.0,2026-09-08T20:42:36.043376+00:00
2026-09-09,2026-09-07,52047,UPB,L2,8,280,0,280,0.0,2026-09-08T20:42:36.043376+00:00
2026-09-09,2026-09-07,52047,UPB,L3,8,208,0,208,0.0,2026-09-08T20:42:36.043376+00:00
2026-09-09,2026-09-07,52047,UPP,L1,2,40,40,0,100.0,2026-09-08T20:42:36.043376+00:00
2026-09-09,2026-09-07,52047,UPP,L2,2,70,0,70,0.0,2026-09-08T20:42:36.043376+00:00
2026-09-09,2026-09-07,52047,UPP,L3,2,52,0,52,0.0,2026-09-08T20:42:36.043376+00:00
2026-09-09,2026-09-07,52047,UPS,L1,8,160,148,12,92.5,2026-09-08T20:42:36.043376+00:00
2026-09-09,2026-09-07,52047,UPS,L2,8,280,0,280,0.0,2026-09-08T20:42:36.043376+00:00
2026-09-09,2026-09-07,52047,UPS,L3,8,208,0,208,0.0,2026-09-08T20:42:36.043376+00:00
2026-09-09,2026-09-07,52047,VES,L1,32,640,147,493,22.97,2026-09-08T20:42:36.043376+00:00
2026-09-09,2026-09-07,52047,VES,L2,32,1120,0,1120,0.0,2026-09-08T20:42:36.043376+00:00
2026-09-09,2026-09-07,52047,VES,L3,32,832,0,832,0.0,2026-09-08T20:42:36.043376+00:00
2026-09-09,2026-09-07,52047,VRF,L1,4,80,0,80,0.0,2026-09-08T20:42:36.043376+00:00
2026-09-09,2026-09-07,52047,VRF,L2,4,140,0,140,0.0,2026-09-08T20:42:36.043376+00:00
2026-09-09,2026-09-07,52047,VRF,L3,4,104,0,104,0.0,2026-09-08T20:42:36.043376+00:00
2026-09-09,2026-09-07,52048,ACS,L1,41,820,0,820,0.0,2026-09-08T20:42:36.043376+00:00
2026-09-09,2026-09-07,52048,ACS,L2,41,1435,0,1435,0.0,2026-09-08T20:42:36.043376+00:00
2026-09-09,2026-09-07,52048,ACS,L3,41,1066,0,1066,0.0,2026-09-08T20:42:36.043376+00:00
2026-09-09,2026-09-07,52048,AIS,L1,4,80,0,80,0.0,2026-09-08T20:42:36.043376+00:00
2026-09-09,2026-09-07,52048,AIS,L2,4,140,0,140,0.0,2026-09-08T20:42:36.043376+00:00
2026-09-09,2026-09-07,52048,AIS,L3,4,104,0,104,0.0,2026-09-08T20:42:36.043376+00:00
2026-09-09,2026-09-07,52048,ATS,L1,5,100,100,0,100.0,2026-09-08T20:42:36.043376+00:00
2026-09-09,2026-09-07,52048,ATS,L2,5,175,0,175,0.0,2026-09-08T20:42:36.043376+00:00
2026-09-09,2026-09-07,52048,ATS,L3,5,130,0,130,0.0,2026-09-08T20:42:36.043376+00:00
2026-09-09,2026-09-07,52048,BMP,L1,13,260,0,260,0.0,2026-09-08T20:42:36.043376+00:00
2026-09-09,2026-09-07,52048,BMP,L2,13,455,0,455,0.0,2026-09-08T20:42:36.043376+00:00
2026-09-09,2026-09-07,52048,BMP,L3,13,338,0,338,0.0,2026-09-08T20:42:36.043376+00:00
2026-09-09,2026-09-07,52048,BSW,L1,77,1540,0,1540,0.0,2026-09-08T20:42:36.043376+00:00
2026-09-09,2026-09-07,52048,BSW,L2,77,2695,0,2695,0.0,2026-09-08T20:42:36.043376+00:00
2026-09-09,2026-09-07,52048,BSW,L3,77,2002,0,2002,0.0,2026-09-08T20:42:36.043376+00:00
2026-09-09,2026-09-07,52048,CDU,L1,12,240,0,240,0.0,2026-09-08T20:42:36.043376+00:00
2026-09-09,2026-09-07,52048,CDU,L2,12,420,0,420,0.0,2026-09-08T20:42:36.043376+00:00
2026-09-09,2026-09-07,52048,CDU,L3,12,312,0,312,0.0,2026-09-08T20:42:36.043376+00:00
2026-09-09,2026-09-07,52048,CRA,L1,30,600,573,27,95.5,2026-09-08T20:42:36.043376+00:00
2026-09-09,2026-09-07,52048,CRA,L2,30,1050,0,1050,0.0,2026-09-08T20:42:36.043376+00:00
2026-09-09,2026-09-07,52048,CRA,L3,30,780,0,780,0.0,2026-09-08T20:42:36.043376+00:00
2026-09-09,2026-09-07,52048,CTS,L1,4,80,0,80,0.0,2026-09-08T20:42:36.043376+00:00
2026-09-09,2026-09-07,52048,CTS,L2,4,140,0,140,0.0,2026-09-08T20:42:36.043376+00:00
2026-09-09,2026-09-07,52048,CTS,L3,4,104,0,104,0.0,2026-09-08T20:42:36.043376+00:00
2026-09-09,2026-09-07,52048,DHU,L1,4,80,0,80,0.0,2026-09-08T20:42:36.043376+00:00
2026-09-09,2026-09-07,52048,DHU,L2,4,140,0,140,0.0,2026-09-08T20:42:36.043376+00:00
2026-09-09,2026-09-07,52048,DHU,L3,4,104,0,104,0.0,2026-09-08T20:42:36.043376+00:00
2026-09-09,2026-09-07,52048,DPP,L1,14,280,280,0,100.0,2026-09-08T20:42:36.043376+00:00
2026-09-09,2026-09-07,52048,DPP,L2,14,490,0,490,0.0,2026-09-08T20:42:36.043376+00:00
2026-09-09,2026-09-07,52048,DPP,L3,14,364,0,364,0.0,2026-09-08T20:42:36.043376+00:00
2026-09-09,2026-09-07,52048,DSG,L1,7,140,140,0,100.0,2026-09-08T20:42:36.043376+00:00
2026-09-09,2026-09-07,52048,DSG,L2,7,245,49,196,20.0,2026-09-08T20:42:36.043376+00:00
2026-09-09,2026-09-07,52048,DSG,L3,7,182,0,182,0.0,2026-09-08T20:42:36.043376+00:00
2026-09-09,2026-09-07,52048,ELP,L1,8,160,160,0,100.0,2026-09-08T20:42:36.043376+00:00
2026-09-09,2026-09-07,52048,ELP,L2,8,280,0,280,0.0,2026-09-08T20:42:36.043376+00:00
2026-09-09,2026-09-07,52048,ELP,L3,8,208,0,208,0.0,2026-09-08T20:42:36.043376+00:00
2026-09-09,2026-09-07,52048,EPP,L1,8,160,160,0,100.0,2026-09-08T20:42:36.043376+00:00
2026-09-09,2026-09-07,52048,EPP,L2,8,280,0,280,0.0,2026-09-08T20:42:36.043376+00:00
2026-09-09,2026-09-07,52048,EPP,L3,8,208,0,208,0.0,2026-09-08T20:42:36.043376+00:00
2026-09-09,2026-09-07,52048,EXF,L1,7,140,0,140,0.0,2026-09-08T20:42:36.043376+00:00
2026-09-09,2026-09-07,52048,EXF,L2,7,245,0,245,0.0,2026-09-08T20:42:36.043376+00:00
2026-09-09,2026-09-07,52048,EXF,L3,7,182,0,182,0.0,2026-09-08T20:42:36.043376+00:00
2026-09-09,2026-09-07,52048,EXP,L1,4,80,0,80,0.0,2026-09-08T20:42:36.043376+00:00
2026-09-09,2026-09-07,52048,EXP,L2,4,140,0,140,0.0,2026-09-08T20:42:36.043376+00:00
2026-09-09,2026-09-07,52048,EXP,L3,4,104,0,104,0.0,2026-09-08T20:42:36.043376+00:00
2026-09-09,2026-09-07,52048,GDS,L1,1,20,0,20,0.0,2026-09-08T20:42:36.043376+00:00
2026-09-09,2026-09-07,52048,GDS,L2,1,35,0,35,0.0,2026-09-08T20:42:36.043376+00:00
2026-09-09,2026-09-07,52048,GDS,L3,1,26,0,26,0.0,2026-09-08T20:42:36.043376+00:00
2026-09-09,2026-09-07,52048,GDT,L1,7,140,140,0,100.0,2026-09-08T20:42:36.043376+00:00
2026-09-09,2026-09-07,52048,GDT,L2,7,245,0,245,0.0,2026-09-08T20:42:36.043376+00:00
2026-09-09,2026-09-07,52048,GDT,L3,7,182,0,182,0.0,2026-09-08T20:42:36.043376+00:00
2026-09-09,2026-09-07,52048,GEN,L1,7,140,140,0,100.0,2026-09-08T20:42:36.043376+00:00
2026-09-09,2026-09-07,52048,GEN,L2,7,245,0,245,0.0,2026-09-08T20:42:36.043376+00:00
2026-09-09,2026-09-07,52048,GEN,L3,7,182,0,182,0.0,2026-09-08T20:42:36.043376+00:00
2026-09-09,2026-09-07,52048,GSB,L1,7,140,68,72,48.57,2026-09-08T20:42:36.043376+00:00
2026-09-09,2026-09-07,52048,GSB,L2,7,245,0,245,0.0,2026-09-08T20:42:36.043376+00:00
2026-09-09,2026-09-07,52048,GSB,L3,7,182,0,182,0.0,2026-09-08T20:42:36.043376+00:00
2026-09-09,2026-09-07,52048,MBC,L1,7,140,140,0,100.0,2026-09-08T20:42:36.043376+00:00
2026-09-09,2026-09-07,52048,MBC,L2,7,245,0,245,0.0,2026-09-08T20:42:36.043376+00:00
2026-09-09,2026-09-07,52048,MBC,L3,7,182,0,182,0.0,2026-09-08T20:42:36.043376+00:00
2026-09-09,2026-09-07,52048,MDP,L1,11,220,220,0,100.0,2026-09-08T20:42:36.043376+00:00
2026-09-09,2026-09-07,52048,MDP,L2,11,385,0,385,0.0,2026-09-08T20:42:36.043376+00:00
2026-09-09,2026-09-07,52048,MDP,L3,11,286,0,286,0.0,2026-09-08T20:42:36.043376+00:00
2026-09-09,2026-09-07,52048,MSB,L1,13,260,220,40,84.62,2026-09-08T20:42:36.043376+00:00
2026-09-09,2026-09-07,52048,MSB,L2,13,455,0,455,0.0,2026-09-08T20:42:36.043376+00:00
2026-09-09,2026-09-07,52048,MSB,L3,13,338,0,338,0.0,2026-09-08T20:42:36.043376+00:00
2026-09-09,2026-09-07,52048,MUP,L1,4,80,0,80,0.0,2026-09-08T20:42:36.043376+00:00
2026-09-09,2026-09-07,52048,MUP,L2,4,140,0,140,0.0,2026-09-08T20:42:36.043376+00:00
2026-09-09,2026-09-07,52048,MUP,L3,4,104,0,104,0.0,2026-09-08T20:42:36.043376+00:00
2026-09-09,2026-09-07,52048,PAC,L1,2,40,0,40,0.0,2026-09-08T20:42:36.043376+00:00
2026-09-09,2026-09-07,52048,PAC,L2,2,70,0,70,0.0,2026-09-08T20:42:36.043376+00:00
2026-09-09,2026-09-07,52048,PAC,L3,2,52,0,52,0.0,2026-09-08T20:42:36.043376+00:00
2026-09-09,2026-09-07,52048,PAS,L1,6,120,0,120,0.0,2026-09-08T20:42:36.043376+00:00
2026-09-09,2026-09-07,52048,PAS,L2,6,210,0,210,0.0,2026-09-08T20:42:36.043376+00:00
2026-09-09,2026-09-07,52048,PAS,L3,6,156,0,156,0.0,2026-09-08T20:42:36.043376+00:00
2026-09-09,2026-09-07,52048,RPP,L1,16,320,0,320,0.0,2026-09-08T20:42:36.043376+00:00
2026-09-09,2026-09-07,52048,RPP,L2,16,560,0,560,0.0,2026-09-08T20:42:36.043376+00:00
2026-09-09,2026-09-07,52048,RPP,L3,16,416,0,416,0.0,2026-09-08T20:42:36.043376+00:00
2026-09-09,2026-09-07,52048,TES,L1,12,240,0,240,0.0,2026-09-08T20:42:36.043376+00:00
2026-09-09,2026-09-07,52048,TES,L2,12,420,0,420,0.0,2026-09-08T20:42:36.043376+00:00
2026-09-09,2026-09-07,52048,TES,L3,12,312,0,312,0.0,2026-09-08T20:42:36.043376+00:00
2026-09-09,2026-09-07,52048,TRN,L1,7,140,140,0,100.0,2026-09-08T20:42:36.043376+00:00
2026-09-09,2026-09-07,52048,TRN,L2,7,245,49,196,20.0,2026-09-08T20:42:36.043376+00:00
2026-09-09,2026-09-07,52048,TRN,L3,7,182,14,168,7.69,2026-09-08T20:42:36.043376+00:00
2026-09-09,2026-09-07,52048,UDP,L1,6,120,120,0,100.0,2026-09-08T20:42:36.043376+00:00
2026-09-09,2026-09-07,52048,UDP,L2,6,210,0,210,0.0,2026-09-08T20:42:36.043376+00:00
2026-09-09,2026-09-07,52048,UDP,L3,6,156,0,156,0.0,2026-09-08T20:42:36.043376+00:00
2026-09-09,2026-09-07,52048,UMP,L1,1,20,20,0,100.0,2026-09-08T20:42:36.043376+00:00
2026-09-09,2026-09-07,52048,UMP,L2,1,35,0,35,0.0,2026-09-08T20:42:36.043376+00:00
2026-09-09,2026-09-07,52048,UMP,L3,1,26,0,26,0.0,2026-09-08T20:42:36.043376+00:00
2026-09-09,2026-09-07,52048,UPB,L1,7,140,0,140,0.0,2026-09-08T20:42:36.043376+00:00
2026-09-09,2026-09-07,52048,UPB,L2,7,245,0,245,0.0,2026-09-08T20:42:36.043376+00:00
2026-09-09,2026-09-07,52048,UPB,L3,7,182,0,182,0.0,2026-09-08T20:42:36.043376+00:00
2026-09-09,2026-09-07,52048,UPP,L1,8,160,140,20,87.5,2026-09-08T20:42:36.043376+00:00
2026-09-09,2026-09-07,52048,UPP,L2,8,280,0,280,0.0,2026-09-08T20:42:36.043376+00:00
2026-09-09,2026-09-07,52048,UPP,L3,8,208,0,208,0.0,2026-09-08T20:42:36.043376+00:00
2026-09-09,2026-09-07,52048,UPS,L1,7,140,42,98,30.0,2026-09-08T20:42:36.043376+00:00
2026-09-09,2026-09-07,52048,UPS,L2,7,245,0,245,0.0,2026-09-08T20:42:36.043376+00:00
2026-09-09,2026-09-07,52048,UPS,L3,7,182,0,182,0.0,2026-09-08T20:42:36.043376+00:00
2026-09-09,2026-09-07,52048,VES,L1,31,620,0,620,0.0,2026-09-08T20:42:36.043376+00:00
2026-09-09,2026-09-07,52048,VES,L2,31,1085,0,1085,0.0,2026-09-08T20:42:36.043376+00:00
2026-09-09,2026-09-07,52048,VES,L3,31,806,0,806,0.0,2026-09-08T20:42:36.043376+00:00
2026-09-09,2026-09-07,52048,VRF,L1,4,80,0,80,0.0,2026-09-08T20:42:36.043376+00:00
2026-09-09,2026-09-07,52048,VRF,L2,4,140,0,140,0.0,2026-09-08T20:42:36.043376+00:00
2026-09-09,2026-09-07,52048,VRF,L3,4,104,0,104,0.0,2026-09-08T20:42:36.043376+00:00
2026-09-10,2026-09-07,39282,ACS,L1,98,1989,1338,651,67.27,2026-09-09T20:23:23.056133+00:00
2026-09-10,2026-09-07,39282,ACS,L2,98,3430,1229,2201,35.83,2026-09-09T20:23:23.056133+00:00
2026-09-10,2026-09-07,39282,ACS,L3,98,2548,0,2548,0.0,2026-09-09T20:23:23.056133+00:00
2026-09-10,2026-09-07,39282,AHU,L1,7,147,147,0,100.0,2026-09-09T20:23:23.056133+00:00
2026-09-10,2026-09-07,39282,AHU,L2,7,245,0,245,0.0,2026-09-09T20:23:23.056133+00:00
2026-09-10,2026-09-07,39282,AHU,L3,7,182,0,182,0.0,2026-09-09T20:23:23.056133+00:00
2026-09-10,2026-09-07,39282,AIS,L1,6,122,42,80,34.43,2026-09-09T20:23:23.056133+00:00
2026-09-10,2026-09-07,39282,AIS,L2,6,210,0,210,0.0,2026-09-09T20:23:23.056133+00:00
2026-09-10,2026-09-07,39282,AIS,L3,6,156,0,156,0.0,2026-09-09T20:23:23.056133+00:00
2026-09-10,2026-09-07,39282,BMP,L1,26,528,434,94,82.2,2026-09-09T20:23:23.056133+00:00
2026-09-10,2026-09-07,39282,BMP,L2,26,1222,656,566,53.68,2026-09-09T20:23:23.056133+00:00
2026-09-10,2026-09-07,39282,BMP,L3,26,676,56,620,8.28,2026-09-09T20:23:23.056133+00:00
2026-09-10,2026-09-07,39282,BSW,L1,56,1120,480,640,42.86,2026-09-09T20:23:23.056133+00:00
2026-09-10,2026-09-07,39282,BSW,L2,56,1960,840,1120,42.86,2026-09-09T20:23:23.056133+00:00
2026-09-10,2026-09-07,39282,BSW,L3,56,1456,0,1456,0.0,2026-09-09T20:23:23.056133+00:00
2026-09-10,2026-09-07,39282,CDU,L1,12,240,234,6,97.5,2026-09-09T20:23:23.056133+00:00
2026-09-10,2026-09-07,39282,CDU,L2,12,420,0,420,0.0,2026-09-09T20:23:23.056133+00:00
2026-09-10,2026-09-07,39282,CDU,L3,12,312,0,312,0.0,2026-09-09T20:23:23.056133+00:00
2026-09-10,2026-09-07,39282,CHL,L1,8,168,168,0,100.0,2026-09-09T20:23:23.056133+00:00
2026-09-10,2026-09-07,39282,CHL,L2,8,280,56,224,20.0,2026-09-09T20:23:23.056133+00:00
2026-09-10,2026-09-07,39282,CHL,L3,8,208,0,208,0.0,2026-09-09T20:23:23.056133+00:00
2026-09-10,2026-09-07,39282,CHP,L1,8,168,168,0,100.0,2026-09-09T20:23:23.056133+00:00
2026-09-10,2026-09-07,39282,CHP,L2,8,280,0,280,0.0,2026-09-09T20:23:23.056133+00:00
2026-09-10,2026-09-07,39282,CHP,L3,8,208,0,208,0.0,2026-09-09T20:23:23.056133+00:00
2026-09-10,2026-09-07,39282,CRA,L1,28,560,554,6,98.93,2026-09-09T20:23:23.056133+00:00
2026-09-10,2026-09-07,39282,CRA,L2,28,980,0,980,0.0,2026-09-09T20:23:23.056133+00:00
2026-09-10,2026-09-07,39282,CRA,L3,28,728,0,728,0.0,2026-09-09T20:23:23.056133+00:00
2026-09-10,2026-09-07,39282,CTS,L1,6,120,25,95,20.83,2026-09-09T20:23:23.056133+00:00
2026-09-10,2026-09-07,39282,CTS,L2,6,210,0,210,0.0,2026-09-09T20:23:23.056133+00:00
2026-09-10,2026-09-07,39282,CTS,L3,6,156,0,156,0.0,2026-09-09T20:23:23.056133+00:00
2026-09-10,2026-09-07,39282,DPP,L1,54,1104,1044,60,94.57,2026-09-09T20:23:23.056133+00:00
2026-09-10,2026-09-07,39282,DPP,L2,54,2080,754,1326,36.25,2026-09-09T20:23:23.056133+00:00
2026-09-10,2026-09-07,39282,DPP,L3,54,1404,0,1404,0.0,2026-09-09T20:23:23.056133+00:00
2026-09-10,2026-09-07,39282,DSG,L1,8,168,168,0,100.0,2026-09-09T20:23:23.056133+00:00
2026-09-10,2026-09-07,39282,DSG,L2,8,592,592,0,100.0,2026-09-09T20:23:23.056133+00:00
2026-09-10,2026-09-07,39282,DSG,L3,8,208,6,202,2.88,2026-09-09T20:23:23.056133+00:00
2026-09-10,2026-09-07,39282,EPP,L1,8,164,164,0,100.0,2026-09-09T20:23:23.056133+00:00
2026-09-10,2026-09-07,39282,EPP,L2,8,363,231,132,63.64,2026-09-09T20:23:23.056133+00:00
2026-09-10,2026-09-07,39282,EPP,L3,8,208,0,208,0.0,2026-09-09T20:23:23.056133+00:00
2026-09-10,2026-09-07,39282,EXF,L1,20,400,365,35,91.25,2026-09-09T20:23:23.056133+00:00
2026-09-10,2026-09-07,39282,EXF,L2,20,700,0,700,0.0,2026-09-09T20:23:23.056133+00:00
2026-09-10,2026-09-07,39282,EXF,L3,20,520,0,520,0.0,2026-09-09T20:23:23.056133+00:00
2026-09-10,2026-09-07,39282,EXP,L1,6,122,42,80,34.43,2026-09-09T20:23:23.056133+00:00
2026-09-10,2026-09-07,39282,EXP,L2,6,210,0,210,0.0,2026-09-09T20:23:23.056133+00:00
2026-09-10,2026-09-07,39282,EXP,L3,6,156,0,156,0.0,2026-09-09T20:23:23.056133+00:00
2026-09-10,2026-09-07,39282,FWU,L1,16,336,321,15,95.54,2026-09-09T20:23:23.056133+00:00
2026-09-10,2026-09-07,39282,FWU,L2,16,560,0,560,0.0,2026-09-09T20:23:23.056133+00:00
2026-09-10,2026-09-07,39282,FWU,L3,16,416,0,416,0.0,2026-09-09T20:23:23.056133+00:00
2026-09-10,2026-09-07,39282,GDS,L1,2,40,0,40,0.0,2026-09-09T20:23:23.056133+00:00
2026-09-10,2026-09-07,39282,GDS,L2,2,70,0,70,0.0,2026-09-09T20:23:23.056133+00:00
2026-09-10,2026-09-07,39282,GDS,L3,2,52,0,52,0.0,2026-09-09T20:23:23.056133+00:00
2026-09-10,2026-09-07,39282,GDT,L1,8,168,168,0,100.0,2026-09-09T20:23:23.056133+00:00
2026-09-10,2026-09-07,39282,GDT,L2,8,280,279,1,99.64,2026-09-09T20:23:23.056133+00:00
2026-09-10,2026-09-07,39282,GDT,L3,8,208,0,208,0.0,2026-09-09T20:23:23.056133+00:00
2026-09-10,2026-09-07,39282,GEN,L1,8,168,168,0,100.0,2026-09-09T20:23:23.056133+00:00
2026-09-10,2026-09-07,39282,GEN,L2,8,320,320,0,100.0,2026-09-09T20:23:23.056133+00:00
2026-09-10,2026-09-07,39282,GEN,L3,8,208,1,207,0.48,2026-09-09T20:23:23.056133+00:00
2026-09-10,2026-09-07,39282,GSB,L1,8,168,168,0,100.0,2026-09-09T20:23:23.056133+00:00
2026-09-10,2026-09-07,39282,GSB,L2,8,320,320,0,100.0,2026-09-09T20:23:23.056133+00:00
2026-09-10,2026-09-07,39282,GSB,L3,8,208,0,208,0.0,2026-09-09T20:23:23.056133+00:00
2026-09-10,2026-09-07,39282,LBG,L1,1,21,21,0,100.0,2026-09-09T20:23:23.056133+00:00
2026-09-10,2026-09-07,39282,LBG,L2,1,35,35,0,100.0,2026-09-09T20:23:23.056133+00:00
2026-09-10,2026-09-07,39282,LBG,L3,1,26,10,16,38.46,2026-09-09T20:23:23.056133+00:00
2026-09-10,2026-09-07,39282,MBC,L1,16,336,336,0,100.0,2026-09-09T20:23:23.056133+00:00
2026-09-10,2026-09-07,39282,MBC,L2,16,674,433,241,64.24,2026-09-09T20:23:23.056133+00:00
2026-09-10,2026-09-07,39282,MBC,L3,16,416,7,409,1.68,2026-09-09T20:23:23.056133+00:00
2026-09-10,2026-09-07,39282,MDP,L1,14,293,271,22,92.49,2026-09-09T20:23:23.056133+00:00
2026-09-10,2026-09-07,39282,MDP,L2,14,793,612,181,77.18,2026-09-09T20:23:23.056133+00:00
2026-09-10,2026-09-07,39282,MDP,L3,14,364,7,357,1.92,2026-09-09T20:23:23.056133+00:00
2026-09-10,2026-09-07,39282,MSB,L1,10,210,210,0,100.0,2026-09-09T20:23:23.056133+00:00
2026-09-10,2026-09-07,39282,MSB,L2,10,672,671,1,99.85,2026-09-09T20:23:23.056133+00:00
2026-09-10,2026-09-07,39282,MSB,L3,10,260,56,204,21.54,2026-09-09T20:23:23.056133+00:00
2026-09-10,2026-09-07,39282,MUP,L1,4,80,0,80,0.0,2026-09-09T20:23:23.056133+00:00
2026-09-10,2026-09-07,39282,MUP,L2,4,140,0,140,0.0,2026-09-09T20:23:23.056133+00:00
2026-09-10,2026-09-07,39282,MUP,L3,4,104,0,104,0.0,2026-09-09T20:23:23.056133+00:00
2026-09-10,2026-09-07,39282,OAF,L1,30,630,630,0,100.0,2026-09-09T20:23:23.056133+00:00
2026-09-10,2026-09-07,39282,OAF,L2,30,1050,108,942,10.29,2026-09-09T20:23:23.056133+00:00
2026-09-10,2026-09-07,39282,OAF,L3,30,780,0,780,0.0,2026-09-09T20:23:23.056133+00:00
2026-09-10,2026-09-07,39282,PAC,L1,4,84,84,0,100.0,2026-09-09T20:23:23.056133+00:00
2026-09-10,2026-09-07,39282,PAC,L2,4,140,0,140,0.0,2026-09-09T20:23:23.056133+00:00
2026-09-10,2026-09-07,39282,PAC,L3,4,104,0,104,0.0,2026-09-09T20:23:23.056133+00:00
2026-09-10,2026-09-07,39282,PAS,L1,8,168,168,0,100.0,2026-09-09T20:23:23.056133+00:00
2026-09-10,2026-09-07,39282,PAS,L2,8,280,0,280,0.0,2026-09-09T20:23:23.056133+00:00
2026-09-10,2026-09-07,39282,PAS,L3,8,208,0,208,0.0,2026-09-09T20:23:23.056133+00:00
2026-09-10,2026-09-07,39282,PLC,L1,1,20,19,1,95.0,2026-09-09T20:23:23.056133+00:00
2026-09-10,2026-09-07,39282,PLC,L2,1,35,0,35,0.0,2026-09-09T20:23:23.056133+00:00
2026-09-10,2026-09-07,39282,PLC,L3,1,26,0,26,0.0,2026-09-09T20:23:23.056133+00:00
2026-09-10,2026-09-07,39282,RPP,L1,16,320,320,0,100.0,2026-09-09T20:23:23.056133+00:00
2026-09-10,2026-09-07,39282,RPP,L2,16,560,0,560,0.0,2026-09-09T20:23:23.056133+00:00
2026-09-10,2026-09-07,39282,RPP,L3,16,416,0,416,0.0,2026-09-09T20:23:23.056133+00:00
2026-09-10,2026-09-07,39282,STS,L1,24,480,480,0,100.0,2026-09-09T20:23:23.056133+00:00
2026-09-10,2026-09-07,39282,STS,L2,24,840,7,833,0.83,2026-09-09T20:23:23.056133+00:00
2026-09-10,2026-09-07,39282,STS,L3,24,624,0,624,0.0,2026-09-09T20:23:23.056133+00:00
2026-09-10,2026-09-07,39282,TES,L1,18,360,120,240,33.33,2026-09-09T20:23:23.056133+00:00
2026-09-10,2026-09-07,39282,TES,L2,18,630,0,630,0.0,2026-09-09T20:23:23.056133+00:00
2026-09-10,2026-09-07,39282,TES,L3,18,468,0,468,0.0,2026-09-09T20:23:23.056133+00:00
2026-09-10,2026-09-07,39282,TRN,L1,8,168,168,0,100.0,2026-09-09T20:23:23.056133+00:00
2026-09-10,2026-09-07,39282,TRN,L2,8,320,320,0,100.0,2026-09-09T20:23:23.056133+00:00
2026-09-10,2026-09-07,39282,TRN,L3,8,208,0,208,0.0,2026-09-09T20:23:23.056133+00:00
2026-09-10,2026-09-07,39282,UDP,L1,24,480,480,0,100.0,2026-09-09T20:23:23.056133+00:00
2026-09-10,2026-09-07,39282,UDP,L2,24,840,168,672,20.0,2026-09-09T20:23:23.056133+00:00
2026-09-10,2026-09-07,39282,UDP,L3,24,624,0,624,0.0,2026-09-09T20:23:23.056133+00:00
2026-09-10,2026-09-07,39282,UPB,L1,24,480,480,0,100.0,2026-09-09T20:23:23.056133+00:00
2026-09-10,2026-09-07,39282,UPB,L2,24,840,0,840,0.0,2026-09-09T20:23:23.056133+00:00
2026-09-10,2026-09-07,39282,UPB,L3,24,624,0,624,0.0,2026-09-09T20:23:23.056133+00:00
2026-09-10,2026-09-07,39282,UPS,L1,24,480,480,0,100.0,2026-09-09T20:23:23.056133+00:00
2026-09-10,2026-09-07,39282,UPS,L2,24,840,1,839,0.12,2026-09-09T20:23:23.056133+00:00
2026-09-10,2026-09-07,39282,UPS,L3,24,624,0,624,0.0,2026-09-09T20:23:23.056133+00:00
2026-09-10,2026-09-07,39282,VES,L1,59,1180,980,200,83.05,2026-09-09T20:23:23.056133+00:00
2026-09-10,2026-09-07,39282,VES,L2,59,2065,0,2065,0.0,2026-09-09T20:23:23.056133+00:00
2026-09-10,2026-09-07,39282,VES,L3,59,1534,0,1534,0.0,2026-09-09T20:23:23.056133+00:00
2026-09-10,2026-09-07,39282,VRF,L1,15,311,311,0,100.0,2026-09-09T20:23:23.056133+00:00
2026-09-10,2026-09-07,39282,VRF,L2,15,525,289,236,55.05,2026-09-09T20:23:23.056133+00:00
2026-09-10,2026-09-07,39282,VRF,L3,15,390,0,390,0.0,2026-09-09T20:23:23.056133+00:00
2026-09-10,2026-09-07,40875,ACS,L1,89,1865,1343,522,72.01,2026-09-09T20:23:23.056133+00:00
2026-09-10,2026-09-07,40875,ACS,L2,89,3360,1888,1472,56.19,2026-09-09T20:23:23.056133+00:00
2026-09-10,2026-09-07,40875,ACS,L3,89,2314,0,2314,0.0,2026-09-09T20:23:23.056133+00:00
2026-09-10,2026-09-07,40875,AIS,L1,4,84,42,42,50.0,2026-09-09T20:23:23.056133+00:00
2026-09-10,2026-09-07,40875,AIS,L2,4,160,0,160,0.0,2026-09-09T20:23:23.056133+00:00
2026-09-10,2026-09-07,40875,AIS,L3,4,104,0,104,0.0,2026-09-09T20:23:23.056133+00:00
2026-09-10,2026-09-07,40875,BMP,L1,25,517,437,80,84.53,2026-09-09T20:23:23.056133+00:00
2026-09-10,2026-09-07,40875,BMP,L2,25,1232,610,622,49.51,2026-09-09T20:23:23.056133+00:00
2026-09-10,2026-09-07,40875,BMP,L3,25,650,0,650,0.0,2026-09-09T20:23:23.056133+00:00
2026-09-10,2026-09-07,40875,BOP,L1,7,147,147,0,100.0,2026-09-09T20:23:23.056133+00:00
2026-09-10,2026-09-07,40875,BOP,L2,7,280,0,280,0.0,2026-09-09T20:23:23.056133+00:00
2026-09-10,2026-09-07,40875,BOP,L3,7,182,0,182,0.0,2026-09-09T20:23:23.056133+00:00
2026-09-10,2026-09-07,40875,BSW,L1,39,780,460,320,58.97,2026-09-09T20:23:23.056133+00:00
2026-09-10,2026-09-07,40875,BSW,L2,39,1365,805,560,58.97,2026-09-09T20:23:23.056133+00:00
2026-09-10,2026-09-07,40875,BSW,L3,39,1014,0,1014,0.0,2026-09-09T20:23:23.056133+00:00
2026-09-10,2026-09-07,40875,CDU,L1,6,126,126,0,100.0,2026-09-09T20:23:23.056133+00:00
2026-09-10,2026-09-07,40875,CDU,L2,6,240,0,240,0.0,2026-09-09T20:23:23.056133+00:00
2026-09-10,2026-09-07,40875,CDU,L3,6,156,0,156,0.0,2026-09-09T20:23:23.056133+00:00
2026-09-10,2026-09-07,40875,CHL,L1,8,168,168,0,100.0,2026-09-09T20:23:23.056133+00:00
2026-09-10,2026-09-07,40875,CHL,L2,8,320,59,261,18.44,2026-09-09T20:23:23.056133+00:00
2026-09-10,2026-09-07,40875,CHL,L3,8,208,0,208,0.0,2026-09-09T20:23:23.056133+00:00
2026-09-10,2026-09-07,40875,CHP,L1,8,168,168,0,100.0,2026-09-09T20:23:23.056133+00:00
2026-09-10,2026-09-07,40875,CHP,L2,8,320,7,313,2.19,2026-09-09T20:23:23.056133+00:00
2026-09-10,2026-09-07,40875,CHP,L3,8,208,0,208,0.0,2026-09-09T20:23:23.056133+00:00
2026-09-10,2026-09-07,40875,CRA,L1,28,588,575,13,97.79,2026-09-09T20:23:23.056133+00:00
2026-09-10,2026-09-07,40875,CRA,L2,28,1120,78,1042,6.96,2026-09-09T20:23:23.056133+00:00
2026-09-10,2026-09-07,40875,CRA,L3,28,728,0,728,0.0,2026-09-09T20:23:23.056133+00:00
2026-09-10,2026-09-07,40875,CTS,L1,4,84,14,70,16.67,2026-09-09T20:23:23.056133+00:00
2026-09-10,2026-09-07,40875,CTS,L2,4,160,0,160,0.0,2026-09-09T20:23:23.056133+00:00
2026-09-10,2026-09-07,40875,CTS,L3,4,104,0,104,0.0,2026-09-09T20:23:23.056133+00:00
2026-09-10,2026-09-07,40875,DPP,L1,63,1291,1270,21,98.37,2026-09-09T20:23:23.056133+00:00
2026-09-10,2026-09-07,40875,DPP,L2,63,2430,1389,1041,57.16,2026-09-09T20:23:23.056133+00:00
2026-09-10,2026-09-07,40875,DPP,L3,63,1638,7,1631,0.43,2026-09-09T20:23:23.056133+00:00
2026-09-10,2026-09-07,40875,DSG,L1,8,168,168,0,100.0,2026-09-09T20:23:23.056133+00:00
2026-09-10,2026-09-07,40875,DSG,L2,8,592,592,0,100.0,2026-09-09T20:23:23.056133+00:00
2026-09-10,2026-09-07,40875,DSG,L3,8,208,48,160,23.08,2026-09-09T20:23:23.056133+00:00
2026-09-10,2026-09-07,40875,EPP,L1,9,185,185,0,100.0,2026-09-09T20:23:23.056133+00:00
2026-09-10,2026-09-07,40875,EPP,L2,9,476,353,123,74.16,2026-09-09T20:23:23.056133+00:00
2026-09-10,2026-09-07,40875,EPP,L3,9,234,0,234,0.0,2026-09-09T20:23:23.056133+00:00
2026-09-10,2026-09-07,40875,EXF,L1,8,160,152,8,95.0,2026-09-09T20:23:23.056133+00:00
2026-09-10,2026-09-07,40875,EXF,L2,8,280,0,280,0.0,2026-09-09T20:23:23.056133+00:00
2026-09-10,2026-09-07,40875,EXF,L3,8,208,0,208,0.0,2026-09-09T20:23:23.056133+00:00
2026-09-10,2026-09-07,40875,EXP,L1,4,84,42,42,50.0,2026-09-09T20:23:23.056133+00:00
2026-09-10,2026-09-07,40875,EXP,L2,4,160,0,160,0.0,2026-09-09T20:23:23.056133+00:00
2026-09-10,2026-09-07,40875,EXP,L3,4,104,0,104,0.0,2026-09-09T20:23:23.056133+00:00
2026-09-10,2026-09-07,40875,FAC,L1,3,63,63,0,100.0,2026-09-09T20:23:23.056133+00:00
2026-09-10,2026-09-07,40875,FAC,L2,3,120,0,120,0.0,2026-09-09T20:23:23.056133+00:00
2026-09-10,2026-09-07,40875,FAC,L3,3,78,0,78,0.0,2026-09-09T20:23:23.056133+00:00
2026-09-10,2026-09-07,40875,FAP,L1,16,320,320,0,100.0,2026-09-09T20:23:23.056133+00:00
2026-09-10,2026-09-07,40875,FAP,L2,16,560,559,1,99.82,2026-09-09T20:23:23.056133+00:00
2026-09-10,2026-09-07,40875,FAP,L3,16,416,0,416,0.0,2026-09-09T20:23:23.056133+00:00
2026-09-10,2026-09-07,40875,FCC,L1,5,103,103,0,100.0,2026-09-09T20:23:23.056133+00:00
2026-09-10,2026-09-07,40875,FCC,L2,5,175,104,71,59.43,2026-09-09T20:23:23.056133+00:00
2026-09-10,2026-09-07,40875,FCC,L3,5,130,0,130,0.0,2026-09-09T20:23:23.056133+00:00
2026-09-10,2026-09-07,40875,FCU,L1,5,103,103,0,100.0,2026-09-09T20:23:23.056133+00:00
2026-09-10,2026-09-07,40875,FCU,L2,5,175,105,70,60.0,2026-09-09T20:23:23.056133+00:00
2026-09-10,2026-09-07,40875,FCU,L3,5,130,0,130,0.0,2026-09-09T20:23:23.056133+00:00
2026-09-10,2026-09-07,40875,FOF,L1,2,42,42,0,100.0,2026-09-09T20:23:23.056133+00:00
2026-09-10,2026-09-07,40875,FOF,L2,2,80,80,0,100.0,2026-09-09T20:23:23.056133+00:00
2026-09-10,2026-09-07,40875,FOF,L3,2,52,0,52,0.0,2026-09-09T20:23:23.056133+00:00
2026-09-10,2026-09-07,40875,FOP,L1,2,42,42,0,100.0,2026-09-09T20:23:23.056133+00:00
2026-09-10,2026-09-07,40875,FOP,L2,2,80,79,1,98.75,2026-09-09T20:23:23.056133+00:00
2026-09-10,2026-09-07,40875,FOP,L3,2,52,0,52,0.0,2026-09-09T20:23:23.056133+00:00
2026-09-10,2026-09-07,40875,FOT,L1,5,105,105,0,100.0,2026-09-09T20:23:23.056133+00:00
2026-09-10,2026-09-07,40875,FOT,L2,5,200,14,186,7.0,2026-09-09T20:23:23.056133+00:00
2026-09-10,2026-09-07,40875,FOT,L3,5,130,0,130,0.0,2026-09-09T20:23:23.056133+00:00
2026-09-10,2026-09-07,40875,FPO,L1,2,42,42,0,100.0,2026-09-09T20:23:23.056133+00:00
2026-09-10,2026-09-07,40875,FPO,L2,2,80,80,0,100.0,2026-09-09T20:23:23.056133+00:00
2026-09-10,2026-09-07,40875,FPO,L3,2,52,0,52,0.0,2026-09-09T20:23:23.056133+00:00
2026-09-10,2026-09-07,40875,FRP,L1,1,21,21,0,100.0,2026-09-09T20:23:23.056133+00:00
2026-09-10,2026-09-07,40875,FRP,L2,1,40,0,40,0.0,2026-09-09T20:23:23.056133+00:00
2026-09-10,2026-09-07,40875,FRP,L3,1,26,0,26,0.0,2026-09-09T20:23:23.056133+00:00
2026-09-10,2026-09-07,40875,FWU,L1,22,462,420,42,90.91,2026-09-09T20:23:23.056133+00:00
2026-09-10,2026-09-07,40875,FWU,L2,22,880,0,880,0.0,2026-09-09T20:23:23.056133+00:00
2026-09-10,2026-09-07,40875,FWU,L3,22,572,0,572,0.0,2026-09-09T20:23:23.056133+00:00
2026-09-10,2026-09-07,40875,GDS,L1,2,40,0,40,0.0,2026-09-09T20:23:23.056133+00:00
2026-09-10,2026-09-07,40875,GDS,L2,2,70,0,70,0.0,2026-09-09T20:23:23.056133+00:00
2026-09-10,2026-09-07,40875,GDS,L3,2,52,0,52,0.0,2026-09-09T20:23:23.056133+00:00
2026-09-10,2026-09-07,40875,GDT,L1,8,168,168,0,100.0,2026-09-09T20:23:23.056133+00:00
2026-09-10,2026-09-07,40875,GDT,L2,8,320,320,0,100.0,2026-09-09T20:23:23.056133+00:00
2026-09-10,2026-09-07,40875,GDT,L3,8,208,0,208,0.0,2026-09-09T20:23:23.056133+00:00
2026-09-10,2026-09-07,40875,GEN,L1,8,168,168,0,100.0,2026-09-09T20:23:23.056133+00:00
2026-09-10,2026-09-07,40875,GEN,L2,8,320,320,0,100.0,2026-09-09T20:23:23.056133+00:00
2026-09-10,2026-09-07,40875,GEN,L3,8,208,0,208,0.0,2026-09-09T20:23:23.056133+00:00
2026-09-10,2026-09-07,40875,GSB,L1,8,168,168,0,100.0,2026-09-09T20:23:23.056133+00:00
2026-09-10,2026-09-07,40875,GSB,L2,8,320,320,0,100.0,2026-09-09T20:23:23.056133+00:00
2026-09-10,2026-09-07,40875,GSB,L3,8,208,0,208,0.0,2026-09-09T20:23:23.056133+00:00
2026-09-10,2026-09-07,40875,MBC,L1,16,336,336,0,100.0,2026-09-09T20:23:23.056133+00:00
2026-09-10,2026-09-07,40875,MBC,L2,16,674,461,213,68.4,2026-09-09T20:23:23.056133+00:00
2026-09-10,2026-09-07,40875,MBC,L3,16,416,0,416,0.0,2026-09-09T20:23:23.056133+00:00
2026-09-10,2026-09-07,40875,MCC,L1,1,21,21,0,100.0,2026-09-09T20:23:23.056133+00:00
2026-09-10,2026-09-07,40875,MCC,L2,1,40,0,40,0.0,2026-09-09T20:23:23.056133+00:00
2026-09-10,2026-09-07,40875,MCC,L3,1,26,0,26,0.0,2026-09-09T20:23:23.056133+00:00
2026-09-10,2026-09-07,40875,MDP,L1,24,498,498,0,100.0,2026-09-09T20:23:23.056133+00:00
2026-09-10,2026-09-07,40875,MDP,L2,24,1168,604,564,51.71,2026-09-09T20:23:23.056133+00:00
2026-09-10,2026-09-07,40875,MDP,L3,24,624,0,624,0.0,2026-09-09T20:23:23.056133+00:00
2026-09-10,2026-09-07,40875,MSB,L1,10,210,210,0,100.0,2026-09-09T20:23:23.056133+00:00
2026-09-10,2026-09-07,40875,MSB,L2,10,706,706,0,100.0,2026-09-09T20:23:23.056133+00:00
2026-09-10,2026-09-07,40875,MSB,L3,10,260,0,260,0.0,2026-09-09T20:23:23.056133+00:00
2026-09-10,2026-09-07,40875,MUP,L1,2,42,0,42,0.0,2026-09-09T20:23:23.056133+00:00
2026-09-10,2026-09-07,40875,MUP,L2,2,80,0,80,0.0,2026-09-09T20:23:23.056133+00:00
2026-09-10,2026-09-07,40875,MUP,L3,2,52,0,52,0.0,2026-09-09T20:23:23.056133+00:00
2026-09-10,2026-09-07,40875,MVS,L1,2,42,42,0,100.0,2026-09-09T20:23:23.056133+00:00
2026-09-10,2026-09-07,40875,MVS,L2,2,80,80,0,100.0,2026-09-09T20:23:23.056133+00:00
2026-09-10,2026-09-07,40875,MVS,L3,2,52,14,38,26.92,2026-09-09T20:23:23.056133+00:00
2026-09-10,2026-09-07,40875,OAF,L1,19,398,398,0,100.0,2026-09-09T20:23:23.056133+00:00
2026-09-10,2026-09-07,40875,OAF,L2,19,755,0,755,0.0,2026-09-09T20:23:23.056133+00:00
2026-09-10,2026-09-07,40875,OAF,L3,19,494,0,494,0.0,2026-09-09T20:23:23.056133+00:00
2026-09-10,2026-09-07,40875,PAC,L1,4,84,84,0,100.0,2026-09-09T20:23:23.056133+00:00
2026-09-10,2026-09-07,40875,PAC,L2,4,160,0,160,0.0,2026-09-09T20:23:23.056133+00:00
2026-09-10,2026-09-07,40875,PAC,L3,4,104,0,104,0.0,2026-09-09T20:23:23.056133+00:00
2026-09-10,2026-09-07,40875,PAS,L1,8,168,168,0,100.0,2026-09-09T20:23:23.056133+00:00
2026-09-10,2026-09-07,40875,PAS,L2,8,320,0,320,0.0,2026-09-09T20:23:23.056133+00:00
2026-09-10,2026-09-07,40875,PAS,L3,8,208,0,208,0.0,2026-09-09T20:23:23.056133+00:00
2026-09-10,2026-09-07,40875,PLC,L1,1,20,18,2,90.0,2026-09-09T20:23:23.056133+00:00
2026-09-10,2026-09-07,40875,PLC,L2,1,35,0,35,0.0,2026-09-09T20:23:23.056133+00:00
2026-09-10,2026-09-07,40875,PLC,L3,1,26,0,26,0.0,2026-09-09T20:23:23.056133+00:00
2026-09-10,2026-09-07,40875,RPP,L1,56,1120,1120,0,100.0,2026-09-09T20:23:23.056133+00:00
2026-09-10,2026-09-07,40875,RPP,L2,56,1960,0,1960,0.0,2026-09-09T20:23:23.056133+00:00
2026-09-10,2026-09-07,40875,RPP,L3,56,1456,0,1456,0.0,2026-09-09T20:23:23.056133+00:00
2026-09-10,2026-09-07,40875,STS,L1,24,504,504,0,100.0,2026-09-09T20:23:23.056133+00:00
2026-09-10,2026-09-07,40875,STS,L2,24,960,188,772,19.58,2026-09-09T20:23:23.056133+00:00
2026-09-10,2026-09-07,40875,STS,L3,24,624,0,624,0.0,2026-09-09T20:23:23.056133+00:00
2026-09-10,2026-09-07,40875,TES,L1,6,126,0,126,0.0,2026-09-09T20:23:23.056133+00:00
2026-09-10,2026-09-07,40875,TES,L2,6,240,0,240,0.0,2026-09-09T20:23:23.056133+00:00
2026-09-10,2026-09-07,40875,TES,L3,6,156,0,156,0.0,2026-09-09T20:23:23.056133+00:00
2026-09-10,2026-09-07,40875,TRN,L1,8,168,168,0,100.0,2026-09-09T20:23:23.056133+00:00
2026-09-10,2026-09-07,40875,TRN,L2,8,320,320,0,100.0,2026-09-09T20:23:23.056133+00:00
2026-09-10,2026-09-07,40875,TRN,L3,8,208,0,208,0.0,2026-09-09T20:23:23.056133+00:00
2026-09-10,2026-09-07,40875,UDP,L1,24,480,480,0,100.0,2026-09-09T20:23:23.056133+00:00
2026-09-10,2026-09-07,40875,UDP,L2,24,840,119,721,14.17,2026-09-09T20:23:23.056133+00:00
2026-09-10,2026-09-07,40875,UDP,L3,24,624,0,624,0.0,2026-09-09T20:23:23.056133+00:00
2026-09-10,2026-09-07,40875,UPB,L1,24,495,495,0,100.0,2026-09-09T20:23:23.056133+00:00
2026-09-10,2026-09-07,40875,UPB,L2,24,915,133,782,14.54,2026-09-09T20:23:23.056133+00:00
2026-09-10,2026-09-07,40875,UPB,L3,24,624,0,624,0.0,2026-09-09T20:23:23.056133+00:00
2026-09-10,2026-09-07,40875,UPS,L1,26,536,536,0,100.0,2026-09-09T20:23:23.056133+00:00
2026-09-10,2026-09-07,40875,UPS,L2,26,990,266,724,26.87,2026-09-09T20:23:23.056133+00:00
2026-09-10,2026-09-07,40875,UPS,L3,26,676,0,676,0.0,2026-09-09T20:23:23.056133+00:00
2026-09-10,2026-09-07,40875,VES,L1,44,880,815,65,92.61,2026-09-09T20:23:23.056133+00:00
2026-09-10,2026-09-07,40875,VES,L2,44,1540,10,1530,0.65,2026-09-09T20:23:23.056133+00:00
2026-09-10,2026-09-07,40875,VES,L3,44,1144,0,1144,0.0,2026-09-09T20:23:23.056133+00:00
2026-09-10,2026-09-07,40875,VRF,L1,11,231,231,0,100.0,2026-09-09T20:23:23.056133+00:00
2026-09-10,2026-09-07,40875,VRF,L2,11,440,242,198,55.0,2026-09-09T20:23:23.056133+00:00
2026-09-10,2026-09-07,40875,VRF,L3,11,286,0,286,0.0,2026-09-09T20:23:23.056133+00:00
2026-09-10,2026-09-07,51203,ACS,L1,55,1100,0,1100,0.0,2026-09-09T20:23:23.056133+00:00
2026-09-10,2026-09-07,51203,ACS,L2,55,1925,0,1925,0.0,2026-09-09T20:23:23.056133+00:00
2026-09-10,2026-09-07,51203,ACS,L3,55,1430,0,1430,0.0,2026-09-09T20:23:23.056133+00:00
2026-09-10,2026-09-07,51203,AHU,L1,4,80,0,80,0.0,2026-09-09T20:23:23.056133+00:00
2026-09-10,2026-09-07,51203,AHU,L2,4,140,0,140,0.0,2026-09-09T20:23:23.056133+00:00
2026-09-10,2026-09-07,51203,AHU,L3,4,104,0,104,0.0,2026-09-09T20:23:23.056133+00:00
2026-09-10,2026-09-07,51203,AIS,L1,6,120,0,120,0.0,2026-09-09T20:23:23.056133+00:00
2026-09-10,2026-09-07,51203,AIS,L2,6,210,0,210,0.0,2026-09-09T20:23:23.056133+00:00
2026-09-10,2026-09-07,51203,AIS,L3,6,156,0,156,0.0,2026-09-09T20:23:23.056133+00:00
2026-09-10,2026-09-07,51203,ATS,L1,5,100,100,0,100.0,2026-09-09T20:23:23.056133+00:00
2026-09-10,2026-09-07,51203,ATS,L2,5,175,0,175,0.0,2026-09-09T20:23:23.056133+00:00
2026-09-10,2026-09-07,51203,ATS,L3,5,130,0,130,0.0,2026-09-09T20:23:23.056133+00:00
2026-09-10,2026-09-07,51203,BMP,L1,33,660,0,660,0.0,2026-09-09T20:23:23.056133+00:00
2026-09-10,2026-09-07,51203,BMP,L2,33,1155,0,1155,0.0,2026-09-09T20:23:23.056133+00:00
2026-09-10,2026-09-07,51203,BMP,L3,33,858,0,858,0.0,2026-09-09T20:23:23.056133+00:00
2026-09-10,2026-09-07,51203,BSW,L1,85,1700,0,1700,0.0,2026-09-09T20:23:23.056133+00:00
2026-09-10,2026-09-07,51203,BSW,L2,85,2975,0,2975,0.0,2026-09-09T20:23:23.056133+00:00
2026-09-10,2026-09-07,51203,BSW,L3,85,2210,0,2210,0.0,2026-09-09T20:23:23.056133+00:00
2026-09-10,2026-09-07,51203,CDU,L1,12,240,0,240,0.0,2026-09-09T20:23:23.056133+00:00
2026-09-10,2026-09-07,51203,CDU,L2,12,420,0,420,0.0,2026-09-09T20:23:23.056133+00:00
2026-09-10,2026-09-07,51203,CDU,L3,12,312,0,312,0.0,2026-09-09T20:23:23.056133+00:00
2026-09-10,2026-09-07,51203,CHL,L1,15,300,0,300,0.0,2026-09-09T20:23:23.056133+00:00
2026-09-10,2026-09-07,51203,CHL,L2,15,525,0,525,0.0,2026-09-09T20:23:23.056133+00:00
2026-09-10,2026-09-07,51203,CHL,L3,15,390,0,390,0.0,2026-09-09T20:23:23.056133+00:00
2026-09-10,2026-09-07,51203,CHP,L1,15,300,0,300,0.0,2026-09-09T20:23:23.056133+00:00
2026-09-10,2026-09-07,51203,CHP,L2,15,525,0,525,0.0,2026-09-09T20:23:23.056133+00:00
2026-09-10,2026-09-07,51203,CHP,L3,15,390,0,390,0.0,2026-09-09T20:23:23.056133+00:00
2026-09-10,2026-09-07,51203,CRA,L1,16,320,315,5,98.44,2026-09-09T20:23:23.056133+00:00
2026-09-10,2026-09-07,51203,CRA,L2,16,560,0,560,0.0,2026-09-09T20:23:23.056133+00:00
2026-09-10,2026-09-07,51203,CRA,L3,16,416,0,416,0.0,2026-09-09T20:23:23.056133+00:00
2026-09-10,2026-09-07,51203,CTS,L1,6,120,0,120,0.0,2026-09-09T20:23:23.056133+00:00
2026-09-10,2026-09-07,51203,CTS,L2,6,210,0,210,0.0,2026-09-09T20:23:23.056133+00:00
2026-09-10,2026-09-07,51203,CTS,L3,6,156,0,156,0.0,2026-09-09T20:23:23.056133+00:00
2026-09-10,2026-09-07,51203,DHU,L1,4,80,0,80,0.0,2026-09-09T20:23:23.056133+00:00
2026-09-10,2026-09-07,51203,DHU,L2,4,140,0,140,0.0,2026-09-09T20:23:23.056133+00:00
2026-09-10,2026-09-07,51203,DHU,L3,4,104,0,104,0.0,2026-09-09T20:23:23.056133+00:00
2026-09-10,2026-09-07,51203,DPP,L1,16,320,320,0,100.0,2026-09-09T20:23:23.056133+00:00
2026-09-10,2026-09-07,51203,DPP,L2,16,560,0,560,0.0,2026-09-09T20:23:23.056133+00:00
2026-09-10,2026-09-07,51203,DPP,L3,16,416,0,416,0.0,2026-09-09T20:23:23.056133+00:00
2026-09-10,2026-09-07,51203,DSG,L1,8,160,160,0,100.0,2026-09-09T20:23:23.056133+00:00
2026-09-10,2026-09-07,51203,DSG,L2,8,280,55,225,19.64,2026-09-09T20:23:23.056133+00:00
2026-09-10,2026-09-07,51203,DSG,L3,8,208,0,208,0.0,2026-09-09T20:23:23.056133+00:00
2026-09-10,2026-09-07,51203,ELP,L1,4,80,80,0,100.0,2026-09-09T20:23:23.056133+00:00
2026-09-10,2026-09-07,51203,ELP,L2,4,140,0,140,0.0,2026-09-09T20:23:23.056133+00:00
2026-09-10,2026-09-07,51203,ELP,L3,4,104,0,104,0.0,2026-09-09T20:23:23.056133+00:00
2026-09-10,2026-09-07,51203,EPP,L1,4,80,67,13,83.75,2026-09-09T20:23:23.056133+00:00
2026-09-10,2026-09-07,51203,EPP,L2,4,140,0,140,0.0,2026-09-09T20:23:23.056133+00:00
2026-09-10,2026-09-07,51203,EPP,L3,4,104,0,104,0.0,2026-09-09T20:23:23.056133+00:00
2026-09-10,2026-09-07,51203,EXF,L1,8,160,0,160,0.0,2026-09-09T20:23:23.056133+00:00
2026-09-10,2026-09-07,51203,EXF,L2,8,280,0,280,0.0,2026-09-09T20:23:23.056133+00:00
2026-09-10,2026-09-07,51203,EXF,L3,8,208,0,208,0.0,2026-09-09T20:23:23.056133+00:00
2026-09-10,2026-09-07,51203,EXP,L1,6,120,0,120,0.0,2026-09-09T20:23:23.056133+00:00
2026-09-10,2026-09-07,51203,EXP,L2,6,210,0,210,0.0,2026-09-09T20:23:23.056133+00:00
2026-09-10,2026-09-07,51203,EXP,L3,6,156,0,156,0.0,2026-09-09T20:23:23.056133+00:00
2026-09-10,2026-09-07,51203,FAP,L1,12,240,0,240,0.0,2026-09-09T20:23:23.056133+00:00
2026-09-10,2026-09-07,51203,FAP,L2,12,420,0,420,0.0,2026-09-09T20:23:23.056133+00:00
2026-09-10,2026-09-07,51203,FAP,L3,12,312,0,312,0.0,2026-09-09T20:23:23.056133+00:00
2026-09-10,2026-09-07,51203,FOF,L1,2,40,0,40,0.0,2026-09-09T20:23:23.056133+00:00
2026-09-10,2026-09-07,51203,FOF,L2,2,70,0,70,0.0,2026-09-09T20:23:23.056133+00:00
2026-09-10,2026-09-07,51203,FOF,L3,2,52,0,52,0.0,2026-09-09T20:23:23.056133+00:00
2026-09-10,2026-09-07,51203,FOP,L1,2,40,0,40,0.0,2026-09-09T20:23:23.056133+00:00
2026-09-10,2026-09-07,51203,FOP,L2,2,70,0,70,0.0,2026-09-09T20:23:23.056133+00:00
2026-09-10,2026-09-07,51203,FOP,L3,2,52,0,52,0.0,2026-09-09T20:23:23.056133+00:00
2026-09-10,2026-09-07,51203,FOT,L1,10,200,200,0,100.0,2026-09-09T20:23:23.056133+00:00
2026-09-10,2026-09-07,51203,FOT,L2,10,350,0,350,0.0,2026-09-09T20:23:23.056133+00:00
2026-09-10,2026-09-07,51203,FOT,L3,10,260,0,260,0.0,2026-09-09T20:23:23.056133+00:00
2026-09-10,2026-09-07,51203,FPO,L1,2,40,0,40,0.0,2026-09-09T20:23:23.056133+00:00
2026-09-10,2026-09-07,51203,FPO,L2,2,70,0,70,0.0,2026-09-09T20:23:23.056133+00:00
2026-09-10,2026-09-07,51203,FPO,L3,2,52,0,52,0.0,2026-09-09T20:23:23.056133+00:00
2026-09-10,2026-09-07,51203,FWU,L1,16,320,320,0,100.0,2026-09-09T20:23:23.056133+00:00
2026-09-10,2026-09-07,51203,FWU,L2,16,560,0,560,0.0,2026-09-09T20:23:23.056133+00:00
2026-09-10,2026-09-07,51203,FWU,L3,16,416,0,416,0.0,2026-09-09T20:23:23.056133+00:00
2026-09-10,2026-09-07,51203,GDS,L1,1,20,0,20,0.0,2026-09-09T20:23:23.056133+00:00
2026-09-10,2026-09-07,51203,GDS,L2,1,35,0,35,0.0,2026-09-09T20:23:23.056133+00:00
2026-09-10,2026-09-07,51203,GDS,L3,1,26,0,26,0.0,2026-09-09T20:23:23.056133+00:00
2026-09-10,2026-09-07,51203,GDT,L1,8,160,159,1,99.38,2026-09-09T20:23:23.056133+00:00
2026-09-10,2026-09-07,51203,GDT,L2,8,280,0,280,0.0,2026-09-09T20:23:23.056133+00:00
2026-09-10,2026-09-07,51203,GDT,L3,8,208,0,208,0.0,2026-09-09T20:23:23.056133+00:00
2026-09-10,2026-09-07,51203,GEN,L1,8,160,160,0,100.0,2026-09-09T20:23:23.056133+00:00
2026-09-10,2026-09-07,51203,GEN,L2,8,280,0,280,0.0,2026-09-09T20:23:23.056133+00:00
2026-09-10,2026-09-07,51203,GEN,L3,8,208,0,208,0.0,2026-09-09T20:23:23.056133+00:00
2026-09-10,2026-09-07,51203,GSB,L1,8,160,153,7,95.62,2026-09-09T20:23:23.056133+00:00
2026-09-10,2026-09-07,51203,GSB,L2,8,280,1,279,0.36,2026-09-09T20:23:23.056133+00:00
2026-09-10,2026-09-07,51203,GSB,L3,8,208,0,208,0.0,2026-09-09T20:23:23.056133+00:00
2026-09-10,2026-09-07,51203,LBG,L1,1,20,20,0,100.0,2026-09-09T20:23:23.056133+00:00
2026-09-10,2026-09-07,51203,LBG,L2,1,35,0,35,0.0,2026-09-09T20:23:23.056133+00:00
2026-09-10,2026-09-07,51203,LBG,L3,1,26,0,26,0.0,2026-09-09T20:23:23.056133+00:00
2026-09-10,2026-09-07,51203,MBC,L1,8,160,160,0,100.0,2026-09-09T20:23:23.056133+00:00
2026-09-10,2026-09-07,51203,MBC,L2,8,280,0,280,0.0,2026-09-09T20:23:23.056133+00:00
2026-09-10,2026-09-07,51203,MBC,L3,8,208,0,208,0.0,2026-09-09T20:23:23.056133+00:00
2026-09-10,2026-09-07,51203,MDP,L1,13,260,220,40,84.62,2026-09-09T20:23:23.056133+00:00
2026-09-10,2026-09-07,51203,MDP,L2,13,455,0,455,0.0,2026-09-09T20:23:23.056133+00:00
2026-09-10,2026-09-07,51203,MDP,L3,13,338,0,338,0.0,2026-09-09T20:23:23.056133+00:00
2026-09-10,2026-09-07,51203,MSB,L1,10,200,200,0,100.0,2026-09-09T20:23:23.056133+00:00
2026-09-10,2026-09-07,51203,MSB,L2,10,350,7,343,2.0,2026-09-09T20:23:23.056133+00:00
2026-09-10,2026-09-07,51203,MSB,L3,10,260,0,260,0.0,2026-09-09T20:23:23.056133+00:00
2026-09-10,2026-09-07,51203,MUP,L1,4,80,0,80,0.0,2026-09-09T20:23:23.056133+00:00
2026-09-10,2026-09-07,51203,MUP,L2,4,140,0,140,0.0,2026-09-09T20:23:23.056133+00:00
2026-09-10,2026-09-07,51203,MUP,L3,4,104,0,104,0.0,2026-09-09T20:23:23.056133+00:00
2026-09-10,2026-09-07,51203,MVS,L1,2,40,40,0,100.0,2026-09-09T20:23:23.056133+00:00
2026-09-10,2026-09-07,51203,MVS,L2,2,70,43,27,61.43,2026-09-09T20:23:23.056133+00:00
2026-09-10,2026-09-07,51203,MVS,L3,2,52,0,52,0.0,2026-09-09T20:23:23.056133+00:00
2026-09-10,2026-09-07,51203,PAC,L1,2,40,0,40,0.0,2026-09-09T20:23:23.056133+00:00
2026-09-10,2026-09-07,51203,PAC,L2,2,70,0,70,0.0,2026-09-09T20:23:23.056133+00:00
2026-09-10,2026-09-07,51203,PAC,L3,2,52,0,52,0.0,2026-09-09T20:23:23.056133+00:00
2026-09-10,2026-09-07,51203,PAS,L1,6,120,0,120,0.0,2026-09-09T20:23:23.056133+00:00
2026-09-10,2026-09-07,51203,PAS,L2,6,210,0,210,0.0,2026-09-09T20:23:23.056133+00:00
2026-09-10,2026-09-07,51203,PAS,L3,6,156,0,156,0.0,2026-09-09T20:23:23.056133+00:00
2026-09-10,2026-09-07,51203,RPP,L1,16,320,0,320,0.0,2026-09-09T20:23:23.056133+00:00
2026-09-10,2026-09-07,51203,RPP,L2,16,560,0,560,0.0,2026-09-09T20:23:23.056133+00:00
2026-09-10,2026-09-07,51203,RPP,L3,16,416,0,416,0.0,2026-09-09T20:23:23.056133+00:00
2026-09-10,2026-09-07,51203,TES,L1,18,360,119,241,33.06,2026-09-09T20:23:23.056133+00:00
2026-09-10,2026-09-07,51203,TES,L2,18,630,0,630,0.0,2026-09-09T20:23:23.056133+00:00
2026-09-10,2026-09-07,51203,TES,L3,18,468,0,468,0.0,2026-09-09T20:23:23.056133+00:00
2026-09-10,2026-09-07,51203,TRN,L1,8,160,160,0,100.0,2026-09-09T20:23:23.056133+00:00
2026-09-10,2026-09-07,51203,TRN,L2,8,280,56,224,20.0,2026-09-09T20:23:23.056133+00:00
2026-09-10,2026-09-07,51203,TRN,L3,8,208,7,201,3.37,2026-09-09T20:23:23.056133+00:00
2026-09-10,2026-09-07,51203,UDP,L1,6,120,120,0,100.0,2026-09-09T20:23:23.056133+00:00
2026-09-10,2026-09-07,51203,UDP,L2,6,210,0,210,0.0,2026-09-09T20:23:23.056133+00:00
2026-09-10,2026-09-07,51203,UDP,L3,6,156,0,156,0.0,2026-09-09T20:23:23.056133+00:00
2026-09-10,2026-09-07,51203,UMP,L1,1,20,20,0,100.0,2026-09-09T20:23:23.056133+00:00
2026-09-10,2026-09-07,51203,UMP,L2,1,35,0,35,0.0,2026-09-09T20:23:23.056133+00:00
2026-09-10,2026-09-07,51203,UMP,L3,1,26,0,26,0.0,2026-09-09T20:23:23.056133+00:00
2026-09-10,2026-09-07,51203,UPB,L1,8,160,160,0,100.0,2026-09-09T20:23:23.056133+00:00
2026-09-10,2026-09-07,51203,UPB,L2,8,280,0,280,0.0,2026-09-09T20:23:23.056133+00:00
2026-09-10,2026-09-07,51203,UPB,L3,8,208,0,208,0.0,2026-09-09T20:23:23.056133+00:00
2026-09-10,2026-09-07,51203,UPP,L1,7,140,140,0,100.0,2026-09-09T20:23:23.056133+00:00
2026-09-10,2026-09-07,51203,UPP,L2,7,245,0,245,0.0,2026-09-09T20:23:23.056133+00:00
2026-09-10,2026-09-07,51203,UPP,L3,7,182,0,182,0.0,2026-09-09T20:23:23.056133+00:00
2026-09-10,2026-09-07,51203,UPS,L1,8,160,160,0,100.0,2026-09-09T20:23:23.056133+00:00
2026-09-10,2026-09-07,51203,UPS,L2,8,280,0,280,0.0,2026-09-09T20:23:23.056133+00:00
2026-09-10,2026-09-07,51203,UPS,L3,8,208,0,208,0.0,2026-09-09T20:23:23.056133+00:00
2026-09-10,2026-09-07,51203,VES,L1,38,760,240,520,31.58,2026-09-09T20:23:23.056133+00:00
2026-09-10,2026-09-07,51203,VES,L2,38,1330,0,1330,0.0,2026-09-09T20:23:23.056133+00:00
2026-09-10,2026-09-07,51203,VES,L3,38,988,0,988,0.0,2026-09-09T20:23:23.056133+00:00
2026-09-10,2026-09-07,51203,VRF,L1,4,80,0,80,0.0,2026-09-09T20:23:23.056133+00:00
2026-09-10,2026-09-07,51203,VRF,L2,4,140,0,140,0.0,2026-09-09T20:23:23.056133+00:00
2026-09-10,2026-09-07,51203,VRF,L3,4,104,0,104,0.0,2026-09-09T20:23:23.056133+00:00
2026-09-10,2026-09-07,51204,ACS,L1,42,840,0,840,0.0,2026-09-09T20:23:23.056133+00:00
2026-09-10,2026-09-07,51204,ACS,L2,42,1470,0,1470,0.0,2026-09-09T20:23:23.056133+00:00
2026-09-10,2026-09-07,51204,ACS,L3,42,1092,0,1092,0.0,2026-09-09T20:23:23.056133+00:00
2026-09-10,2026-09-07,51204,AIS,L1,6,120,0,120,0.0,2026-09-09T20:23:23.056133+00:00
2026-09-10,2026-09-07,51204,AIS,L2,6,210,0,210,0.0,2026-09-09T20:23:23.056133+00:00
2026-09-10,2026-09-07,51204,AIS,L3,6,156,0,156,0.0,2026-09-09T20:23:23.056133+00:00
2026-09-10,2026-09-07,51204,ATS,L1,10,200,200,0,100.0,2026-09-09T20:23:23.056133+00:00
2026-09-10,2026-09-07,51204,ATS,L2,10,350,0,350,0.0,2026-09-09T20:23:23.056133+00:00
2026-09-10,2026-09-07,51204,ATS,L3,10,260,0,260,0.0,2026-09-09T20:23:23.056133+00:00
2026-09-10,2026-09-07,51204,BMP,L1,33,660,0,660,0.0,2026-09-09T20:23:23.056133+00:00
2026-09-10,2026-09-07,51204,BMP,L2,33,1155,0,1155,0.0,2026-09-09T20:23:23.056133+00:00
2026-09-10,2026-09-07,51204,BMP,L3,33,858,0,858,0.0,2026-09-09T20:23:23.056133+00:00
2026-09-10,2026-09-07,51204,BSW,L1,82,1640,0,1640,0.0,2026-09-09T20:23:23.056133+00:00
2026-09-10,2026-09-07,51204,BSW,L2,82,2870,0,2870,0.0,2026-09-09T20:23:23.056133+00:00
2026-09-10,2026-09-07,51204,BSW,L3,82,2132,0,2132,0.0,2026-09-09T20:23:23.056133+00:00
2026-09-10,2026-09-07,51204,CDU,L1,12,240,0,240,0.0,2026-09-09T20:23:23.056133+00:00
2026-09-10,2026-09-07,51204,CDU,L2,12,420,0,420,0.0,2026-09-09T20:23:23.056133+00:00
2026-09-10,2026-09-07,51204,CDU,L3,12,312,0,312,0.0,2026-09-09T20:23:23.056133+00:00
2026-09-10,2026-09-07,51204,CHL,L1,15,300,0,300,0.0,2026-09-09T20:23:23.056133+00:00
2026-09-10,2026-09-07,51204,CHL,L2,15,525,0,525,0.0,2026-09-09T20:23:23.056133+00:00
2026-09-10,2026-09-07,51204,CHL,L3,15,390,0,390,0.0,2026-09-09T20:23:23.056133+00:00
2026-09-10,2026-09-07,51204,CHP,L1,15,300,0,300,0.0,2026-09-09T20:23:23.056133+00:00
2026-09-10,2026-09-07,51204,CHP,L2,15,525,0,525,0.0,2026-09-09T20:23:23.056133+00:00
2026-09-10,2026-09-07,51204,CHP,L3,15,390,0,390,0.0,2026-09-09T20:23:23.056133+00:00
2026-09-10,2026-09-07,51204,CRA,L1,32,640,640,0,100.0,2026-09-09T20:23:23.056133+00:00
2026-09-10,2026-09-07,51204,CRA,L2,32,1120,0,1120,0.0,2026-09-09T20:23:23.056133+00:00
2026-09-10,2026-09-07,51204,CRA,L3,32,832,0,832,0.0,2026-09-09T20:23:23.056133+00:00
2026-09-10,2026-09-07,51204,CTS,L1,6,120,0,120,0.0,2026-09-09T20:23:23.056133+00:00
2026-09-10,2026-09-07,51204,CTS,L2,6,210,0,210,0.0,2026-09-09T20:23:23.056133+00:00
2026-09-10,2026-09-07,51204,CTS,L3,6,156,0,156,0.0,2026-09-09T20:23:23.056133+00:00
2026-09-10,2026-09-07,51204,DHU,L1,4,80,0,80,0.0,2026-09-09T20:23:23.056133+00:00
2026-09-10,2026-09-07,51204,DHU,L2,4,140,0,140,0.0,2026-09-09T20:23:23.056133+00:00
2026-09-10,2026-09-07,51204,DHU,L3,4,104,0,104,0.0,2026-09-09T20:23:23.056133+00:00
2026-09-10,2026-09-07,51204,DPP,L1,16,320,320,0,100.0,2026-09-09T20:23:23.056133+00:00
2026-09-10,2026-09-07,51204,DPP,L2,16,560,0,560,0.0,2026-09-09T20:23:23.056133+00:00
2026-09-10,2026-09-07,51204,DPP,L3,16,416,0,416,0.0,2026-09-09T20:23:23.056133+00:00
2026-09-10,2026-09-07,51204,DSG,L1,8,160,160,0,100.0,2026-09-09T20:23:23.056133+00:00
2026-09-10,2026-09-07,51204,DSG,L2,8,280,56,224,20.0,2026-09-09T20:23:23.056133+00:00
2026-09-10,2026-09-07,51204,DSG,L3,8,208,0,208,0.0,2026-09-09T20:23:23.056133+00:00
2026-09-10,2026-09-07,51204,ELP,L1,4,80,80,0,100.0,2026-09-09T20:23:23.056133+00:00
2026-09-10,2026-09-07,51204,ELP,L2,4,140,0,140,0.0,2026-09-09T20:23:23.056133+00:00
2026-09-10,2026-09-07,51204,ELP,L3,4,104,0,104,0.0,2026-09-09T20:23:23.056133+00:00
2026-09-10,2026-09-07,51204,EPP,L1,4,80,80,0,100.0,2026-09-09T20:23:23.056133+00:00
2026-09-10,2026-09-07,51204,EPP,L2,4,140,0,140,0.0,2026-09-09T20:23:23.056133+00:00
2026-09-10,2026-09-07,51204,EPP,L3,4,104,0,104,0.0,2026-09-09T20:23:23.056133+00:00
2026-09-10,2026-09-07,51204,EXF,L1,8,160,0,160,0.0,2026-09-09T20:23:23.056133+00:00
2026-09-10,2026-09-07,51204,EXF,L2,8,280,0,280,0.0,2026-09-09T20:23:23.056133+00:00
2026-09-10,2026-09-07,51204,EXF,L3,8,208,0,208,0.0,2026-09-09T20:23:23.056133+00:00
2026-09-10,2026-09-07,51204,EXP,L1,6,120,0,120,0.0,2026-09-09T20:23:23.056133+00:00
2026-09-10,2026-09-07,51204,EXP,L2,6,210,0,210,0.0,2026-09-09T20:23:23.056133+00:00
2026-09-10,2026-09-07,51204,EXP,L3,6,156,0,156,0.0,2026-09-09T20:23:23.056133+00:00
2026-09-10,2026-09-07,51204,GDS,L1,1,20,0,20,0.0,2026-09-09T20:23:23.056133+00:00
2026-09-10,2026-09-07,51204,GDS,L2,1,35,0,35,0.0,2026-09-09T20:23:23.056133+00:00
2026-09-10,2026-09-07,51204,GDS,L3,1,26,0,26,0.0,2026-09-09T20:23:23.056133+00:00
2026-09-10,2026-09-07,51204,GDT,L1,8,160,160,0,100.0,2026-09-09T20:23:23.056133+00:00
2026-09-10,2026-09-07,51204,GDT,L2,8,280,0,280,0.0,2026-09-09T20:23:23.056133+00:00
2026-09-10,2026-09-07,51204,GDT,L3,8,208,0,208,0.0,2026-09-09T20:23:23.056133+00:00
2026-09-10,2026-09-07,51204,GEN,L1,8,160,160,0,100.0,2026-09-09T20:23:23.056133+00:00
2026-09-10,2026-09-07,51204,GEN,L2,8,280,0,280,0.0,2026-09-09T20:23:23.056133+00:00
2026-09-10,2026-09-07,51204,GEN,L3,8,208,0,208,0.0,2026-09-09T20:23:23.056133+00:00
2026-09-10,2026-09-07,51204,GSB,L1,8,160,152,8,95.0,2026-09-09T20:23:23.056133+00:00
2026-09-10,2026-09-07,51204,GSB,L2,8,280,0,280,0.0,2026-09-09T20:23:23.056133+00:00
2026-09-10,2026-09-07,51204,GSB,L3,8,208,0,208,0.0,2026-09-09T20:23:23.056133+00:00
2026-09-10,2026-09-07,51204,MBC,L1,8,160,120,40,75.0,2026-09-09T20:23:23.056133+00:00
2026-09-10,2026-09-07,51204,MBC,L2,8,280,0,280,0.0,2026-09-09T20:23:23.056133+00:00
2026-09-10,2026-09-07,51204,MBC,L3,8,208,0,208,0.0,2026-09-09T20:23:23.056133+00:00
2026-09-10,2026-09-07,51204,MDP,L1,11,220,180,40,81.82,2026-09-09T20:23:23.056133+00:00
2026-09-10,2026-09-07,51204,MDP,L2,11,385,0,385,0.0,2026-09-09T20:23:23.056133+00:00
2026-09-10,2026-09-07,51204,MDP,L3,11,286,0,286,0.0,2026-09-09T20:23:23.056133+00:00
2026-09-10,2026-09-07,51204,MSB,L1,10,200,160,40,80.0,2026-09-09T20:23:23.056133+00:00
2026-09-10,2026-09-07,51204,MSB,L2,10,350,0,350,0.0,2026-09-09T20:23:23.056133+00:00
2026-09-10,2026-09-07,51204,MSB,L3,10,260,0,260,0.0,2026-09-09T20:23:23.056133+00:00
2026-09-10,2026-09-07,51204,MUP,L1,4,80,0,80,0.0,2026-09-09T20:23:23.056133+00:00
2026-09-10,2026-09-07,51204,MUP,L2,4,140,0,140,0.0,2026-09-09T20:23:23.056133+00:00
2026-09-10,2026-09-07,51204,MUP,L3,4,104,0,104,0.0,2026-09-09T20:23:23.056133+00:00
2026-09-10,2026-09-07,51204,MVS,L1,2,40,40,0,100.0,2026-09-09T20:23:23.056133+00:00
2026-09-10,2026-09-07,51204,MVS,L2,2,70,70,0,100.0,2026-09-09T20:23:23.056133+00:00
2026-09-10,2026-09-07,51204,MVS,L3,2,52,0,52,0.0,2026-09-09T20:23:23.056133+00:00
2026-09-10,2026-09-07,51204,PAC,L1,2,40,0,40,0.0,2026-09-09T20:23:23.056133+00:00
2026-09-10,2026-09-07,51204,PAC,L2,2,70,0,70,0.0,2026-09-09T20:23:23.056133+00:00
2026-09-10,2026-09-07,51204,PAC,L3,2,52,0,52,0.0,2026-09-09T20:23:23.056133+00:00
2026-09-10,2026-09-07,51204,PAS,L1,6,120,0,120,0.0,2026-09-09T20:23:23.056133+00:00
2026-09-10,2026-09-07,51204,PAS,L2,6,210,0,210,0.0,2026-09-09T20:23:23.056133+00:00
2026-09-10,2026-09-07,51204,PAS,L3,6,156,0,156,0.0,2026-09-09T20:23:23.056133+00:00
2026-09-10,2026-09-07,51204,RPP,L1,16,320,0,320,0.0,2026-09-09T20:23:23.056133+00:00
2026-09-10,2026-09-07,51204,RPP,L2,16,560,0,560,0.0,2026-09-09T20:23:23.056133+00:00
2026-09-10,2026-09-07,51204,RPP,L3,16,416,0,416,0.0,2026-09-09T20:23:23.056133+00:00
2026-09-10,2026-09-07,51204,TES,L1,18,360,120,240,33.33,2026-09-09T20:23:23.056133+00:00
2026-09-10,2026-09-07,51204,TES,L2,18,630,0,630,0.0,2026-09-09T20:23:23.056133+00:00
2026-09-10,2026-09-07,51204,TES,L3,18,468,0,468,0.0,2026-09-09T20:23:23.056133+00:00
2026-09-10,2026-09-07,51204,TRN,L1,8,160,160,0,100.0,2026-09-09T20:23:23.056133+00:00
2026-09-10,2026-09-07,51204,TRN,L2,8,280,56,224,20.0,2026-09-09T20:23:23.056133+00:00
2026-09-10,2026-09-07,51204,TRN,L3,8,208,0,208,0.0,2026-09-09T20:23:23.056133+00:00
2026-09-10,2026-09-07,51204,UDP,L1,6,120,80,40,66.67,2026-09-09T20:23:23.056133+00:00
2026-09-10,2026-09-07,51204,UDP,L2,6,210,0,210,0.0,2026-09-09T20:23:23.056133+00:00
2026-09-10,2026-09-07,51204,UDP,L3,6,156,0,156,0.0,2026-09-09T20:23:23.056133+00:00
2026-09-10,2026-09-07,51204,UMP,L1,2,40,40,0,100.0,2026-09-09T20:23:23.056133+00:00
2026-09-10,2026-09-07,51204,UMP,L2,2,70,0,70,0.0,2026-09-09T20:23:23.056133+00:00
2026-09-10,2026-09-07,51204,UMP,L3,2,52,0,52,0.0,2026-09-09T20:23:23.056133+00:00
2026-09-10,2026-09-07,51204,UPB,L1,8,160,7,153,4.38,2026-09-09T20:23:23.056133+00:00
2026-09-10,2026-09-07,51204,UPB,L2,8,280,0,280,0.0,2026-09-09T20:23:23.056133+00:00
2026-09-10,2026-09-07,51204,UPB,L3,8,208,0,208,0.0,2026-09-09T20:23:23.056133+00:00
2026-09-10,2026-09-07,51204,UPP,L1,3,60,40,20,66.67,2026-09-09T20:23:23.056133+00:00
2026-09-10,2026-09-07,51204,UPP,L2,3,105,0,105,0.0,2026-09-09T20:23:23.056133+00:00
2026-09-10,2026-09-07,51204,UPP,L3,3,78,0,78,0.0,2026-09-09T20:23:23.056133+00:00
2026-09-10,2026-09-07,51204,UPS,L1,8,160,48,112,30.0,2026-09-09T20:23:23.056133+00:00
2026-09-10,2026-09-07,51204,UPS,L2,8,280,6,274,2.14,2026-09-09T20:23:23.056133+00:00
2026-09-10,2026-09-07,51204,UPS,L3,8,208,0,208,0.0,2026-09-09T20:23:23.056133+00:00
2026-09-10,2026-09-07,51204,VES,L1,32,640,160,480,25.0,2026-09-09T20:23:23.056133+00:00
2026-09-10,2026-09-07,51204,VES,L2,32,1120,0,1120,0.0,2026-09-09T20:23:23.056133+00:00
2026-09-10,2026-09-07,51204,VES,L3,32,832,0,832,0.0,2026-09-09T20:23:23.056133+00:00
2026-09-10,2026-09-07,51204,VRF,L1,4,80,0,80,0.0,2026-09-09T20:23:23.056133+00:00
2026-09-10,2026-09-07,51204,VRF,L2,4,140,0,140,0.0,2026-09-09T20:23:23.056133+00:00
2026-09-10,2026-09-07,51204,VRF,L3,4,104,0,104,0.0,2026-09-09T20:23:23.056133+00:00
2026-09-10,2026-09-07,52047,ACS,L1,42,840,0,840,0.0,2026-09-09T20:23:23.056133+00:00
2026-09-10,2026-09-07,52047,ACS,L2,42,1470,0,1470,0.0,2026-09-09T20:23:23.056133+00:00
2026-09-10,2026-09-07,52047,ACS,L3,42,1092,0,1092,0.0,2026-09-09T20:23:23.056133+00:00
2026-09-10,2026-09-07,52047,AIS,L1,4,80,0,80,0.0,2026-09-09T20:23:23.056133+00:00
2026-09-10,2026-09-07,52047,AIS,L2,4,140,0,140,0.0,2026-09-09T20:23:23.056133+00:00
2026-09-10,2026-09-07,52047,AIS,L3,4,104,0,104,0.0,2026-09-09T20:23:23.056133+00:00
2026-09-10,2026-09-07,52047,ATS,L1,10,200,200,0,100.0,2026-09-09T20:23:23.056133+00:00
2026-09-10,2026-09-07,52047,ATS,L2,10,350,0,350,0.0,2026-09-09T20:23:23.056133+00:00
2026-09-10,2026-09-07,52047,ATS,L3,10,260,0,260,0.0,2026-09-09T20:23:23.056133+00:00
2026-09-10,2026-09-07,52047,BMP,L1,14,280,0,280,0.0,2026-09-09T20:23:23.056133+00:00
2026-09-10,2026-09-07,52047,BMP,L2,14,490,0,490,0.0,2026-09-09T20:23:23.056133+00:00
2026-09-10,2026-09-07,52047,BMP,L3,14,364,0,364,0.0,2026-09-09T20:23:23.056133+00:00
2026-09-10,2026-09-07,52047,BSW,L1,82,1640,0,1640,0.0,2026-09-09T20:23:23.056133+00:00
2026-09-10,2026-09-07,52047,BSW,L2,82,2870,0,2870,0.0,2026-09-09T20:23:23.056133+00:00
2026-09-10,2026-09-07,52047,BSW,L3,82,2132,0,2132,0.0,2026-09-09T20:23:23.056133+00:00
2026-09-10,2026-09-07,52047,CDU,L1,12,240,0,240,0.0,2026-09-09T20:23:23.056133+00:00
2026-09-10,2026-09-07,52047,CDU,L2,12,420,0,420,0.0,2026-09-09T20:23:23.056133+00:00
2026-09-10,2026-09-07,52047,CDU,L3,12,312,0,312,0.0,2026-09-09T20:23:23.056133+00:00
2026-09-10,2026-09-07,52047,CRA,L1,16,320,320,0,100.0,2026-09-09T20:23:23.056133+00:00
2026-09-10,2026-09-07,52047,CRA,L2,16,560,0,560,0.0,2026-09-09T20:23:23.056133+00:00
2026-09-10,2026-09-07,52047,CRA,L3,16,416,0,416,0.0,2026-09-09T20:23:23.056133+00:00
2026-09-10,2026-09-07,52047,CTS,L1,4,80,0,80,0.0,2026-09-09T20:23:23.056133+00:00
2026-09-10,2026-09-07,52047,CTS,L2,4,140,0,140,0.0,2026-09-09T20:23:23.056133+00:00
2026-09-10,2026-09-07,52047,CTS,L3,4,104,0,104,0.0,2026-09-09T20:23:23.056133+00:00
2026-09-10,2026-09-07,52047,DHU,L1,4,80,0,80,0.0,2026-09-09T20:23:23.056133+00:00
2026-09-10,2026-09-07,52047,DHU,L2,4,140,0,140,0.0,2026-09-09T20:23:23.056133+00:00
2026-09-10,2026-09-07,52047,DHU,L3,4,104,0,104,0.0,2026-09-09T20:23:23.056133+00:00
2026-09-10,2026-09-07,52047,DPP,L1,16,320,320,0,100.0,2026-09-09T20:23:23.056133+00:00
2026-09-10,2026-09-07,52047,DPP,L2,16,560,0,560,0.0,2026-09-09T20:23:23.056133+00:00
2026-09-10,2026-09-07,52047,DPP,L3,16,416,0,416,0.0,2026-09-09T20:23:23.056133+00:00
2026-09-10,2026-09-07,52047,DSG,L1,8,160,160,0,100.0,2026-09-09T20:23:23.056133+00:00
2026-09-10,2026-09-07,52047,DSG,L2,8,280,56,224,20.0,2026-09-09T20:23:23.056133+00:00
2026-09-10,2026-09-07,52047,DSG,L3,8,208,0,208,0.0,2026-09-09T20:23:23.056133+00:00
2026-09-10,2026-09-07,52047,ELP,L1,4,80,80,0,100.0,2026-09-09T20:23:23.056133+00:00
2026-09-10,2026-09-07,52047,ELP,L2,4,140,0,140,0.0,2026-09-09T20:23:23.056133+00:00
2026-09-10,2026-09-07,52047,ELP,L3,4,104,0,104,0.0,2026-09-09T20:23:23.056133+00:00
2026-09-10,2026-09-07,52047,EPP,L1,4,80,80,0,100.0,2026-09-09T20:23:23.056133+00:00
2026-09-10,2026-09-07,52047,EPP,L2,4,140,0,140,0.0,2026-09-09T20:23:23.056133+00:00
2026-09-10,2026-09-07,52047,EPP,L3,4,104,0,104,0.0,2026-09-09T20:23:23.056133+00:00
2026-09-10,2026-09-07,52047,EXF,L1,8,160,0,160,0.0,2026-09-09T20:23:23.056133+00:00
2026-09-10,2026-09-07,52047,EXF,L2,8,280,0,280,0.0,2026-09-09T20:23:23.056133+00:00
2026-09-10,2026-09-07,52047,EXF,L3,8,208,0,208,0.0,2026-09-09T20:23:23.056133+00:00
2026-09-10,2026-09-07,52047,EXP,L1,4,80,0,80,0.0,2026-09-09T20:23:23.056133+00:00
2026-09-10,2026-09-07,52047,EXP,L2,4,140,0,140,0.0,2026-09-09T20:23:23.056133+00:00
2026-09-10,2026-09-07,52047,EXP,L3,4,104,0,104,0.0,2026-09-09T20:23:23.056133+00:00
2026-09-10,2026-09-07,52047,FWU,L1,16,320,320,0,100.0,2026-09-09T20:23:23.056133+00:00
2026-09-10,2026-09-07,52047,FWU,L2,16,560,0,560,0.0,2026-09-09T20:23:23.056133+00:00
2026-09-10,2026-09-07,52047,FWU,L3,16,416,0,416,0.0,2026-09-09T20:23:23.056133+00:00
2026-09-10,2026-09-07,52047,GDS,L1,1,20,0,20,0.0,2026-09-09T20:23:23.056133+00:00
2026-09-10,2026-09-07,52047,GDS,L2,1,35,0,35,0.0,2026-09-09T20:23:23.056133+00:00
2026-09-10,2026-09-07,52047,GDS,L3,1,26,0,26,0.0,2026-09-09T20:23:23.056133+00:00
2026-09-10,2026-09-07,52047,GDT,L1,8,160,160,0,100.0,2026-09-09T20:23:23.056133+00:00
2026-09-10,2026-09-07,52047,GDT,L2,8,280,0,280,0.0,2026-09-09T20:23:23.056133+00:00
2026-09-10,2026-09-07,52047,GDT,L3,8,208,0,208,0.0,2026-09-09T20:23:23.056133+00:00
2026-09-10,2026-09-07,52047,GEN,L1,8,160,160,0,100.0,2026-09-09T20:23:23.056133+00:00
2026-09-10,2026-09-07,52047,GEN,L2,8,280,0,280,0.0,2026-09-09T20:23:23.056133+00:00
2026-09-10,2026-09-07,52047,GEN,L3,8,208,0,208,0.0,2026-09-09T20:23:23.056133+00:00
2026-09-10,2026-09-07,52047,GSB,L1,8,160,152,8,95.0,2026-09-09T20:23:23.056133+00:00
2026-09-10,2026-09-07,52047,GSB,L2,8,280,0,280,0.0,2026-09-09T20:23:23.056133+00:00
2026-09-10,2026-09-07,52047,GSB,L3,8,208,0,208,0.0,2026-09-09T20:23:23.056133+00:00
2026-09-10,2026-09-07,52047,MBC,L1,8,160,160,0,100.0,2026-09-09T20:23:23.056133+00:00
2026-09-10,2026-09-07,52047,MBC,L2,8,280,0,280,0.0,2026-09-09T20:23:23.056133+00:00
2026-09-10,2026-09-07,52047,MBC,L3,8,208,0,208,0.0,2026-09-09T20:23:23.056133+00:00
2026-09-10,2026-09-07,52047,MDP,L1,11,220,220,0,100.0,2026-09-09T20:23:23.056133+00:00
2026-09-10,2026-09-07,52047,MDP,L2,11,385,7,378,1.82,2026-09-09T20:23:23.056133+00:00
2026-09-10,2026-09-07,52047,MDP,L3,11,286,0,286,0.0,2026-09-09T20:23:23.056133+00:00
2026-09-10,2026-09-07,52047,MSB,L1,10,200,200,0,100.0,2026-09-09T20:23:23.056133+00:00
2026-09-10,2026-09-07,52047,MSB,L2,10,350,0,350,0.0,2026-09-09T20:23:23.056133+00:00
2026-09-10,2026-09-07,52047,MSB,L3,10,260,0,260,0.0,2026-09-09T20:23:23.056133+00:00
2026-09-10,2026-09-07,52047,MUP,L1,4,80,0,80,0.0,2026-09-09T20:23:23.056133+00:00
2026-09-10,2026-09-07,52047,MUP,L2,4,140,0,140,0.0,2026-09-09T20:23:23.056133+00:00
2026-09-10,2026-09-07,52047,MUP,L3,4,104,0,104,0.0,2026-09-09T20:23:23.056133+00:00
2026-09-10,2026-09-07,52047,PAC,L1,2,40,0,40,0.0,2026-09-09T20:23:23.056133+00:00
2026-09-10,2026-09-07,52047,PAC,L2,2,70,0,70,0.0,2026-09-09T20:23:23.056133+00:00
2026-09-10,2026-09-07,52047,PAC,L3,2,52,0,52,0.0,2026-09-09T20:23:23.056133+00:00
2026-09-10,2026-09-07,52047,PAS,L1,6,120,0,120,0.0,2026-09-09T20:23:23.056133+00:00
2026-09-10,2026-09-07,52047,PAS,L2,6,210,0,210,0.0,2026-09-09T20:23:23.056133+00:00
2026-09-10,2026-09-07,52047,PAS,L3,6,156,0,156,0.0,2026-09-09T20:23:23.056133+00:00
2026-09-10,2026-09-07,52047,RPP,L1,16,320,0,320,0.0,2026-09-09T20:23:23.056133+00:00
2026-09-10,2026-09-07,52047,RPP,L2,16,560,0,560,0.0,2026-09-09T20:23:23.056133+00:00
2026-09-10,2026-09-07,52047,RPP,L3,16,416,0,416,0.0,2026-09-09T20:23:23.056133+00:00
2026-09-10,2026-09-07,52047,TES,L1,12,240,0,240,0.0,2026-09-09T20:23:23.056133+00:00
2026-09-10,2026-09-07,52047,TES,L2,12,420,0,420,0.0,2026-09-09T20:23:23.056133+00:00
2026-09-10,2026-09-07,52047,TES,L3,12,312,0,312,0.0,2026-09-09T20:23:23.056133+00:00
2026-09-10,2026-09-07,52047,TRN,L1,8,160,160,0,100.0,2026-09-09T20:23:23.056133+00:00
2026-09-10,2026-09-07,52047,TRN,L2,8,280,56,224,20.0,2026-09-09T20:23:23.056133+00:00
2026-09-10,2026-09-07,52047,TRN,L3,8,208,0,208,0.0,2026-09-09T20:23:23.056133+00:00
2026-09-10,2026-09-07,52047,UDP,L1,6,120,119,1,99.17,2026-09-09T20:23:23.056133+00:00
2026-09-10,2026-09-07,52047,UDP,L2,6,210,0,210,0.0,2026-09-09T20:23:23.056133+00:00
2026-09-10,2026-09-07,52047,UDP,L3,6,156,0,156,0.0,2026-09-09T20:23:23.056133+00:00
2026-09-10,2026-09-07,52047,UMP,L1,2,40,40,0,100.0,2026-09-09T20:23:23.056133+00:00
2026-09-10,2026-09-07,52047,UMP,L2,2,70,0,70,0.0,2026-09-09T20:23:23.056133+00:00
2026-09-10,2026-09-07,52047,UMP,L3,2,52,0,52,0.0,2026-09-09T20:23:23.056133+00:00
2026-09-10,2026-09-07,52047,UPB,L1,8,160,160,0,100.0,2026-09-09T20:23:23.056133+00:00
2026-09-10,2026-09-07,52047,UPB,L2,8,280,0,280,0.0,2026-09-09T20:23:23.056133+00:00
2026-09-10,2026-09-07,52047,UPB,L3,8,208,0,208,0.0,2026-09-09T20:23:23.056133+00:00
2026-09-10,2026-09-07,52047,UPP,L1,2,40,40,0,100.0,2026-09-09T20:23:23.056133+00:00
2026-09-10,2026-09-07,52047,UPP,L2,2,70,0,70,0.0,2026-09-09T20:23:23.056133+00:00
2026-09-10,2026-09-07,52047,UPP,L3,2,52,0,52,0.0,2026-09-09T20:23:23.056133+00:00
2026-09-10,2026-09-07,52047,UPS,L1,8,160,148,12,92.5,2026-09-09T20:23:23.056133+00:00
2026-09-10,2026-09-07,52047,UPS,L2,8,280,0,280,0.0,2026-09-09T20:23:23.056133+00:00
2026-09-10,2026-09-07,52047,UPS,L3,8,208,0,208,0.0,2026-09-09T20:23:23.056133+00:00
2026-09-10,2026-09-07,52047,VES,L1,32,640,147,493,22.97,2026-09-09T20:23:23.056133+00:00
2026-09-10,2026-09-07,52047,VES,L2,32,1120,0,1120,0.0,2026-09-09T20:23:23.056133+00:00
2026-09-10,2026-09-07,52047,VES,L3,32,832,0,832,0.0,2026-09-09T20:23:23.056133+00:00
2026-09-10,2026-09-07,52047,VRF,L1,4,80,0,80,0.0,2026-09-09T20:23:23.056133+00:00
2026-09-10,2026-09-07,52047,VRF,L2,4,140,0,140,0.0,2026-09-09T20:23:23.056133+00:00
2026-09-10,2026-09-07,52047,VRF,L3,4,104,0,104,0.0,2026-09-09T20:23:23.056133+00:00
2026-09-10,2026-09-07,52048,ACS,L1,41,820,0,820,0.0,2026-09-09T20:23:23.056133+00:00
2026-09-10,2026-09-07,52048,ACS,L2,41,1435,0,1435,0.0,2026-09-09T20:23:23.056133+00:00
2026-09-10,2026-09-07,52048,ACS,L3,41,1066,0,1066,0.0,2026-09-09T20:23:23.056133+00:00
2026-09-10,2026-09-07,52048,AIS,L1,4,80,0,80,0.0,2026-09-09T20:23:23.056133+00:00
2026-09-10,2026-09-07,52048,AIS,L2,4,140,0,140,0.0,2026-09-09T20:23:23.056133+00:00
2026-09-10,2026-09-07,52048,AIS,L3,4,104,0,104,0.0,2026-09-09T20:23:23.056133+00:00
2026-09-10,2026-09-07,52048,ATS,L1,5,100,100,0,100.0,2026-09-09T20:23:23.056133+00:00
2026-09-10,2026-09-07,52048,ATS,L2,5,175,0,175,0.0,2026-09-09T20:23:23.056133+00:00
2026-09-10,2026-09-07,52048,ATS,L3,5,130,0,130,0.0,2026-09-09T20:23:23.056133+00:00
2026-09-10,2026-09-07,52048,BMP,L1,13,260,0,260,0.0,2026-09-09T20:23:23.056133+00:00
2026-09-10,2026-09-07,52048,BMP,L2,13,455,0,455,0.0,2026-09-09T20:23:23.056133+00:00
2026-09-10,2026-09-07,52048,BMP,L3,13,338,0,338,0.0,2026-09-09T20:23:23.056133+00:00
2026-09-10,2026-09-07,52048,BSW,L1,77,1540,0,1540,0.0,2026-09-09T20:23:23.056133+00:00
2026-09-10,2026-09-07,52048,BSW,L2,77,2695,0,2695,0.0,2026-09-09T20:23:23.056133+00:00
2026-09-10,2026-09-07,52048,BSW,L3,77,2002,0,2002,0.0,2026-09-09T20:23:23.056133+00:00
2026-09-10,2026-09-07,52048,CDU,L1,12,240,0,240,0.0,2026-09-09T20:23:23.056133+00:00
2026-09-10,2026-09-07,52048,CDU,L2,12,420,0,420,0.0,2026-09-09T20:23:23.056133+00:00
2026-09-10,2026-09-07,52048,CDU,L3,12,312,0,312,0.0,2026-09-09T20:23:23.056133+00:00
2026-09-10,2026-09-07,52048,CRA,L1,30,600,573,27,95.5,2026-09-09T20:23:23.056133+00:00
2026-09-10,2026-09-07,52048,CRA,L2,30,1050,0,1050,0.0,2026-09-09T20:23:23.056133+00:00
2026-09-10,2026-09-07,52048,CRA,L3,30,780,0,780,0.0,2026-09-09T20:23:23.056133+00:00
2026-09-10,2026-09-07,52048,CTS,L1,4,80,0,80,0.0,2026-09-09T20:23:23.056133+00:00
2026-09-10,2026-09-07,52048,CTS,L2,4,140,0,140,0.0,2026-09-09T20:23:23.056133+00:00
2026-09-10,2026-09-07,52048,CTS,L3,4,104,0,104,0.0,2026-09-09T20:23:23.056133+00:00
2026-09-10,2026-09-07,52048,DHU,L1,4,80,0,80,0.0,2026-09-09T20:23:23.056133+00:00
2026-09-10,2026-09-07,52048,DHU,L2,4,140,0,140,0.0,2026-09-09T20:23:23.056133+00:00
2026-09-10,2026-09-07,52048,DHU,L3,4,104,0,104,0.0,2026-09-09T20:23:23.056133+00:00
2026-09-10,2026-09-07,52048,DPP,L1,14,280,280,0,100.0,2026-09-09T20:23:23.056133+00:00
2026-09-10,2026-09-07,52048,DPP,L2,14,490,0,490,0.0,2026-09-09T20:23:23.056133+00:00
2026-09-10,2026-09-07,52048,DPP,L3,14,364,0,364,0.0,2026-09-09T20:23:23.056133+00:00
2026-09-10,2026-09-07,52048,DSG,L1,7,140,140,0,100.0,2026-09-09T20:23:23.056133+00:00
2026-09-10,2026-09-07,52048,DSG,L2,7,245,49,196,20.0,2026-09-09T20:23:23.056133+00:00
2026-09-10,2026-09-07,52048,DSG,L3,7,182,0,182,0.0,2026-09-09T20:23:23.056133+00:00
2026-09-10,2026-09-07,52048,ELP,L1,8,160,160,0,100.0,2026-09-09T20:23:23.056133+00:00
2026-09-10,2026-09-07,52048,ELP,L2,8,280,0,280,0.0,2026-09-09T20:23:23.056133+00:00
2026-09-10,2026-09-07,52048,ELP,L3,8,208,0,208,0.0,2026-09-09T20:23:23.056133+00:00
2026-09-10,2026-09-07,52048,EPP,L1,8,160,160,0,100.0,2026-09-09T20:23:23.056133+00:00
2026-09-10,2026-09-07,52048,EPP,L2,8,280,0,280,0.0,2026-09-09T20:23:23.056133+00:00
2026-09-10,2026-09-07,52048,EPP,L3,8,208,0,208,0.0,2026-09-09T20:23:23.056133+00:00
2026-09-10,2026-09-07,52048,EXF,L1,7,140,0,140,0.0,2026-09-09T20:23:23.056133+00:00
2026-09-10,2026-09-07,52048,EXF,L2,7,245,0,245,0.0,2026-09-09T20:23:23.056133+00:00
2026-09-10,2026-09-07,52048,EXF,L3,7,182,0,182,0.0,2026-09-09T20:23:23.056133+00:00
2026-09-10,2026-09-07,52048,EXP,L1,4,80,0,80,0.0,2026-09-09T20:23:23.056133+00:00
2026-09-10,2026-09-07,52048,EXP,L2,4,140,0,140,0.0,2026-09-09T20:23:23.056133+00:00
2026-09-10,2026-09-07,52048,EXP,L3,4,104,0,104,0.0,2026-09-09T20:23:23.056133+00:00
2026-09-10,2026-09-07,52048,GDS,L1,1,20,0,20,0.0,2026-09-09T20:23:23.056133+00:00
2026-09-10,2026-09-07,52048,GDS,L2,1,35,0,35,0.0,2026-09-09T20:23:23.056133+00:00
2026-09-10,2026-09-07,52048,GDS,L3,1,26,0,26,0.0,2026-09-09T20:23:23.056133+00:00
2026-09-10,2026-09-07,52048,GDT,L1,7,140,140,0,100.0,2026-09-09T20:23:23.056133+00:00
2026-09-10,2026-09-07,52048,GDT,L2,7,245,0,245,0.0,2026-09-09T20:23:23.056133+00:00
2026-09-10,2026-09-07,52048,GDT,L3,7,182,0,182,0.0,2026-09-09T20:23:23.056133+00:00
2026-09-10,2026-09-07,52048,GEN,L1,7,140,140,0,100.0,2026-09-09T20:23:23.056133+00:00
2026-09-10,2026-09-07,52048,GEN,L2,7,245,0,245,0.0,2026-09-09T20:23:23.056133+00:00
2026-09-10,2026-09-07,52048,GEN,L3,7,182,0,182,0.0,2026-09-09T20:23:23.056133+00:00
2026-09-10,2026-09-07,52048,GSB,L1,7,140,68,72,48.57,2026-09-09T20:23:23.056133+00:00
2026-09-10,2026-09-07,52048,GSB,L2,7,245,0,245,0.0,2026-09-09T20:23:23.056133+00:00
2026-09-10,2026-09-07,52048,GSB,L3,7,182,0,182,0.0,2026-09-09T20:23:23.056133+00:00
2026-09-10,2026-09-07,52048,MBC,L1,7,140,140,0,100.0,2026-09-09T20:23:23.056133+00:00
2026-09-10,2026-09-07,52048,MBC,L2,7,245,0,245,0.0,2026-09-09T20:23:23.056133+00:00
2026-09-10,2026-09-07,52048,MBC,L3,7,182,0,182,0.0,2026-09-09T20:23:23.056133+00:00
2026-09-10,2026-09-07,52048,MDP,L1,11,220,220,0,100.0,2026-09-09T20:23:23.056133+00:00
2026-09-10,2026-09-07,52048,MDP,L2,11,385,0,385,0.0,2026-09-09T20:23:23.056133+00:00
2026-09-10,2026-09-07,52048,MDP,L3,11,286,0,286,0.0,2026-09-09T20:23:23.056133+00:00
2026-09-10,2026-09-07,52048,MSB,L1,13,260,260,0,100.0,2026-09-09T20:23:23.056133+00:00
2026-09-10,2026-09-07,52048,MSB,L2,13,455,0,455,0.0,2026-09-09T20:23:23.056133+00:00
2026-09-10,2026-09-07,52048,MSB,L3,13,338,0,338,0.0,2026-09-09T20:23:23.056133+00:00
2026-09-10,2026-09-07,52048,MUP,L1,4,80,0,80,0.0,2026-09-09T20:23:23.056133+00:00
2026-09-10,2026-09-07,52048,MUP,L2,4,140,0,140,0.0,2026-09-09T20:23:23.056133+00:00
2026-09-10,2026-09-07,52048,MUP,L3,4,104,0,104,0.0,2026-09-09T20:23:23.056133+00:00
2026-09-10,2026-09-07,52048,PAC,L1,2,40,0,40,0.0,2026-09-09T20:23:23.056133+00:00
2026-09-10,2026-09-07,52048,PAC,L2,2,70,0,70,0.0,2026-09-09T20:23:23.056133+00:00
2026-09-10,2026-09-07,52048,PAC,L3,2,52,0,52,0.0,2026-09-09T20:23:23.056133+00:00
2026-09-10,2026-09-07,52048,PAS,L1,6,120,0,120,0.0,2026-09-09T20:23:23.056133+00:00
2026-09-10,2026-09-07,52048,PAS,L2,6,210,0,210,0.0,2026-09-09T20:23:23.056133+00:00
2026-09-10,2026-09-07,52048,PAS,L3,6,156,0,156,0.0,2026-09-09T20:23:23.056133+00:00
2026-09-10,2026-09-07,52048,RPP,L1,16,320,0,320,0.0,2026-09-09T20:23:23.056133+00:00
2026-09-10,2026-09-07,52048,RPP,L2,16,560,0,560,0.0,2026-09-09T20:23:23.056133+00:00
2026-09-10,2026-09-07,52048,RPP,L3,16,416,0,416,0.0,2026-09-09T20:23:23.056133+00:00
2026-09-10,2026-09-07,52048,TES,L1,12,240,0,240,0.0,2026-09-09T20:23:23.056133+00:00
2026-09-10,2026-09-07,52048,TES,L2,12,420,0,420,0.0,2026-09-09T20:23:23.056133+00:00
2026-09-10,2026-09-07,52048,TES,L3,12,312,0,312,0.0,2026-09-09T20:23:23.056133+00:00
2026-09-10,2026-09-07,52048,TRN,L1,7,140,140,0,100.0,2026-09-09T20:23:23.056133+00:00
2026-09-10,2026-09-07,52048,TRN,L2,7,245,49,196,20.0,2026-09-09T20:23:23.056133+00:00
2026-09-10,2026-09-07,52048,TRN,L3,7,182,14,168,7.69,2026-09-09T20:23:23.056133+00:00
2026-09-10,2026-09-07,52048,UDP,L1,6,120,120,0,100.0,2026-09-09T20:23:23.056133+00:00
2026-09-10,2026-09-07,52048,UDP,L2,6,210,0,210,0.0,2026-09-09T20:23:23.056133+00:00
2026-09-10,2026-09-07,52048,UDP,L3,6,156,0,156,0.0,2026-09-09T20:23:23.056133+00:00
2026-09-10,2026-09-07,52048,UMP,L1,1,20,20,0,100.0,2026-09-09T20:23:23.056133+00:00
2026-09-10,2026-09-07,52048,UMP,L2,1,35,0,35,0.0,2026-09-09T20:23:23.056133+00:00
2026-09-10,2026-09-07,52048,UMP,L3,1,26,0,26,0.0,2026-09-09T20:23:23.056133+00:00
2026-09-10,2026-09-07,52048,UPB,L1,7,140,0,140,0.0,2026-09-09T20:23:23.056133+00:00
2026-09-10,2026-09-07,52048,UPB,L2,7,245,0,245,0.0,2026-09-09T20:23:23.056133+00:00
2026-09-10,2026-09-07,52048,UPB,L3,7,182,0,182,0.0,2026-09-09T20:23:23.056133+00:00
2026-09-10,2026-09-07,52048,UPP,L1,8,160,140,20,87.5,2026-09-09T20:23:23.056133+00:00
2026-09-10,2026-09-07,52048,UPP,L2,8,280,0,280,0.0,2026-09-09T20:23:23.056133+00:00
2026-09-10,2026-09-07,52048,UPP,L3,8,208,0,208,0.0,2026-09-09T20:23:23.056133+00:00
2026-09-10,2026-09-07,52048,UPS,L1,7,140,42,98,30.0,2026-09-09T20:23:23.056133+00:00
2026-09-10,2026-09-07,52048,UPS,L2,7,245,0,245,0.0,2026-09-09T20:23:23.056133+00:00
2026-09-10,2026-09-07,52048,UPS,L3,7,182,0,182,0.0,2026-09-09T20:23:23.056133+00:00
2026-09-10,2026-09-07,52048,VES,L1,31,620,0,620,0.0,2026-09-09T20:23:23.056133+00:00
2026-09-10,2026-09-07,52048,VES,L2,31,1085,0,1085,0.0,2026-09-09T20:23:23.056133+00:00
2026-09-10,2026-09-07,52048,VES,L3,31,806,0,806,0.0,2026-09-09T20:23:23.056133+00:00
2026-09-10,2026-09-07,52048,VRF,L1,4,80,0,80,0.0,2026-09-09T20:23:23.056133+00:00
2026-09-10,2026-09-07,52048,VRF,L2,4,140,0,140,0.0,2026-09-09T20:23:23.056133+00:00
2026-09-10,2026-09-07,52048,VRF,L3,4,104,0,104,0.0,2026-09-09T20:23:23.056133+00:00
2026-09-11,2026-09-07,39282,ACS,L1,98,1989,1408,581,70.79,2026-09-10T20:25:39.978703+00:00
2026-09-11,2026-09-07,39282,ACS,L2,98,3430,1249,2181,36.41,2026-09-10T20:25:39.978703+00:00
2026-09-11,2026-09-07,39282,ACS,L3,98,2548,0,2548,0.0,2026-09-10T20:25:39.978703+00:00
2026-09-11,2026-09-07,39282,AHU,L1,7,147,147,0,100.0,2026-09-10T20:25:39.978703+00:00
2026-09-11,2026-09-07,39282,AHU,L2,7,245,0,245,0.0,2026-09-10T20:25:39.978703+00:00
2026-09-11,2026-09-07,39282,AHU,L3,7,182,0,182,0.0,2026-09-10T20:25:39.978703+00:00
2026-09-11,2026-09-07,39282,AIS,L1,6,122,42,80,34.43,2026-09-10T20:25:39.978703+00:00
2026-09-11,2026-09-07,39282,AIS,L2,6,210,0,210,0.0,2026-09-10T20:25:39.978703+00:00
2026-09-11,2026-09-07,39282,AIS,L3,6,156,0,156,0.0,2026-09-10T20:25:39.978703+00:00
2026-09-11,2026-09-07,39282,BMP,L1,26,528,434,94,82.2,2026-09-10T20:25:39.978703+00:00
2026-09-11,2026-09-07,39282,BMP,L2,26,1222,656,566,53.68,2026-09-10T20:25:39.978703+00:00
2026-09-11,2026-09-07,39282,BMP,L3,26,676,56,620,8.28,2026-09-10T20:25:39.978703+00:00
2026-09-11,2026-09-07,39282,BSW,L1,56,1120,480,640,42.86,2026-09-10T20:25:39.978703+00:00
2026-09-11,2026-09-07,39282,BSW,L2,56,1960,840,1120,42.86,2026-09-10T20:25:39.978703+00:00
2026-09-11,2026-09-07,39282,BSW,L3,56,1456,0,1456,0.0,2026-09-10T20:25:39.978703+00:00
2026-09-11,2026-09-07,39282,CDU,L1,12,240,234,6,97.5,2026-09-10T20:25:39.978703+00:00
2026-09-11,2026-09-07,39282,CDU,L2,12,420,0,420,0.0,2026-09-10T20:25:39.978703+00:00
2026-09-11,2026-09-07,39282,CDU,L3,12,312,0,312,0.0,2026-09-10T20:25:39.978703+00:00
2026-09-11,2026-09-07,39282,CHL,L1,8,168,168,0,100.0,2026-09-10T20:25:39.978703+00:00
2026-09-11,2026-09-07,39282,CHL,L2,8,280,56,224,20.0,2026-09-10T20:25:39.978703+00:00
2026-09-11,2026-09-07,39282,CHL,L3,8,208,0,208,0.0,2026-09-10T20:25:39.978703+00:00
2026-09-11,2026-09-07,39282,CHP,L1,8,168,168,0,100.0,2026-09-10T20:25:39.978703+00:00
2026-09-11,2026-09-07,39282,CHP,L2,8,280,0,280,0.0,2026-09-10T20:25:39.978703+00:00
2026-09-11,2026-09-07,39282,CHP,L3,8,208,0,208,0.0,2026-09-10T20:25:39.978703+00:00
2026-09-11,2026-09-07,39282,CRA,L1,28,560,554,6,98.93,2026-09-10T20:25:39.978703+00:00
2026-09-11,2026-09-07,39282,CRA,L2,28,980,0,980,0.0,2026-09-10T20:25:39.978703+00:00
2026-09-11,2026-09-07,39282,CRA,L3,28,728,0,728,0.0,2026-09-10T20:25:39.978703+00:00
2026-09-11,2026-09-07,39282,CTS,L1,6,120,25,95,20.83,2026-09-10T20:25:39.978703+00:00
2026-09-11,2026-09-07,39282,CTS,L2,6,210,0,210,0.0,2026-09-10T20:25:39.978703+00:00
2026-09-11,2026-09-07,39282,CTS,L3,6,156,0,156,0.0,2026-09-10T20:25:39.978703+00:00
2026-09-11,2026-09-07,39282,DPP,L1,54,1104,1044,60,94.57,2026-09-10T20:25:39.978703+00:00
2026-09-11,2026-09-07,39282,DPP,L2,54,2080,755,1325,36.3,2026-09-10T20:25:39.978703+00:00
2026-09-11,2026-09-07,39282,DPP,L3,54,1404,0,1404,0.0,2026-09-10T20:25:39.978703+00:00
2026-09-11,2026-09-07,39282,DSG,L1,8,168,168,0,100.0,2026-09-10T20:25:39.978703+00:00
2026-09-11,2026-09-07,39282,DSG,L2,8,592,592,0,100.0,2026-09-10T20:25:39.978703+00:00
2026-09-11,2026-09-07,39282,DSG,L3,8,208,6,202,2.88,2026-09-10T20:25:39.978703+00:00
2026-09-11,2026-09-07,39282,EPP,L1,8,164,164,0,100.0,2026-09-10T20:25:39.978703+00:00
2026-09-11,2026-09-07,39282,EPP,L2,8,363,231,132,63.64,2026-09-10T20:25:39.978703+00:00
2026-09-11,2026-09-07,39282,EPP,L3,8,208,0,208,0.0,2026-09-10T20:25:39.978703+00:00
2026-09-11,2026-09-07,39282,EXF,L1,20,400,365,35,91.25,2026-09-10T20:25:39.978703+00:00
2026-09-11,2026-09-07,39282,EXF,L2,20,700,0,700,0.0,2026-09-10T20:25:39.978703+00:00
2026-09-11,2026-09-07,39282,EXF,L3,20,520,0,520,0.0,2026-09-10T20:25:39.978703+00:00
2026-09-11,2026-09-07,39282,EXP,L1,6,122,42,80,34.43,2026-09-10T20:25:39.978703+00:00
2026-09-11,2026-09-07,39282,EXP,L2,6,210,0,210,0.0,2026-09-10T20:25:39.978703+00:00
2026-09-11,2026-09-07,39282,EXP,L3,6,156,0,156,0.0,2026-09-10T20:25:39.978703+00:00
2026-09-11,2026-09-07,39282,FWU,L1,16,336,321,15,95.54,2026-09-10T20:25:39.978703+00:00
2026-09-11,2026-09-07,39282,FWU,L2,16,560,0,560,0.0,2026-09-10T20:25:39.978703+00:00
2026-09-11,2026-09-07,39282,FWU,L3,16,416,0,416,0.0,2026-09-10T20:25:39.978703+00:00
2026-09-11,2026-09-07,39282,GDS,L1,2,40,0,40,0.0,2026-09-10T20:25:39.978703+00:00
2026-09-11,2026-09-07,39282,GDS,L2,2,70,0,70,0.0,2026-09-10T20:25:39.978703+00:00
2026-09-11,2026-09-07,39282,GDS,L3,2,52,0,52,0.0,2026-09-10T20:25:39.978703+00:00
2026-09-11,2026-09-07,39282,GDT,L1,8,168,168,0,100.0,2026-09-10T20:25:39.978703+00:00
2026-09-11,2026-09-07,39282,GDT,L2,8,280,279,1,99.64,2026-09-10T20:25:39.978703+00:00
2026-09-11,2026-09-07,39282,GDT,L3,8,208,0,208,0.0,2026-09-10T20:25:39.978703+00:00
2026-09-11,2026-09-07,39282,GEN,L1,8,168,168,0,100.0,2026-09-10T20:25:39.978703+00:00
2026-09-11,2026-09-07,39282,GEN,L2,8,320,320,0,100.0,2026-09-10T20:25:39.978703+00:00
2026-09-11,2026-09-07,39282,GEN,L3,8,208,1,207,0.48,2026-09-10T20:25:39.978703+00:00
2026-09-11,2026-09-07,39282,GSB,L1,8,168,168,0,100.0,2026-09-10T20:25:39.978703+00:00
2026-09-11,2026-09-07,39282,GSB,L2,8,320,320,0,100.0,2026-09-10T20:25:39.978703+00:00
2026-09-11,2026-09-07,39282,GSB,L3,8,208,0,208,0.0,2026-09-10T20:25:39.978703+00:00
2026-09-11,2026-09-07,39282,LBG,L1,1,21,21,0,100.0,2026-09-10T20:25:39.978703+00:00
2026-09-11,2026-09-07,39282,LBG,L2,1,35,35,0,100.0,2026-09-10T20:25:39.978703+00:00
2026-09-11,2026-09-07,39282,LBG,L3,1,26,10,16,38.46,2026-09-10T20:25:39.978703+00:00
2026-09-11,2026-09-07,39282,MBC,L1,16,336,336,0,100.0,2026-09-10T20:25:39.978703+00:00
2026-09-11,2026-09-07,39282,MBC,L2,16,674,433,241,64.24,2026-09-10T20:25:39.978703+00:00
2026-09-11,2026-09-07,39282,MBC,L3,16,416,7,409,1.68,2026-09-10T20:25:39.978703+00:00
2026-09-11,2026-09-07,39282,MDP,L1,14,293,271,22,92.49,2026-09-10T20:25:39.978703+00:00
2026-09-11,2026-09-07,39282,MDP,L2,14,793,612,181,77.18,2026-09-10T20:25:39.978703+00:00
2026-09-11,2026-09-07,39282,MDP,L3,14,364,7,357,1.92,2026-09-10T20:25:39.978703+00:00
2026-09-11,2026-09-07,39282,MSB,L1,10,210,210,0,100.0,2026-09-10T20:25:39.978703+00:00
2026-09-11,2026-09-07,39282,MSB,L2,10,672,671,1,99.85,2026-09-10T20:25:39.978703+00:00
2026-09-11,2026-09-07,39282,MSB,L3,10,260,56,204,21.54,2026-09-10T20:25:39.978703+00:00
2026-09-11,2026-09-07,39282,MUP,L1,4,80,0,80,0.0,2026-09-10T20:25:39.978703+00:00
2026-09-11,2026-09-07,39282,MUP,L2,4,140,0,140,0.0,2026-09-10T20:25:39.978703+00:00
2026-09-11,2026-09-07,39282,MUP,L3,4,104,0,104,0.0,2026-09-10T20:25:39.978703+00:00
2026-09-11,2026-09-07,39282,OAF,L1,30,630,630,0,100.0,2026-09-10T20:25:39.978703+00:00
2026-09-11,2026-09-07,39282,OAF,L2,30,1050,108,942,10.29,2026-09-10T20:25:39.978703+00:00
2026-09-11,2026-09-07,39282,OAF,L3,30,780,0,780,0.0,2026-09-10T20:25:39.978703+00:00
2026-09-11,2026-09-07,39282,PAC,L1,4,84,84,0,100.0,2026-09-10T20:25:39.978703+00:00
2026-09-11,2026-09-07,39282,PAC,L2,4,140,0,140,0.0,2026-09-10T20:25:39.978703+00:00
2026-09-11,2026-09-07,39282,PAC,L3,4,104,0,104,0.0,2026-09-10T20:25:39.978703+00:00
2026-09-11,2026-09-07,39282,PAS,L1,8,168,168,0,100.0,2026-09-10T20:25:39.978703+00:00
2026-09-11,2026-09-07,39282,PAS,L2,8,280,0,280,0.0,2026-09-10T20:25:39.978703+00:00
2026-09-11,2026-09-07,39282,PAS,L3,8,208,0,208,0.0,2026-09-10T20:25:39.978703+00:00
2026-09-11,2026-09-07,39282,PLC,L1,1,20,19,1,95.0,2026-09-10T20:25:39.978703+00:00
2026-09-11,2026-09-07,39282,PLC,L2,1,35,0,35,0.0,2026-09-10T20:25:39.978703+00:00
2026-09-11,2026-09-07,39282,PLC,L3,1,26,0,26,0.0,2026-09-10T20:25:39.978703+00:00
2026-09-11,2026-09-07,39282,RPP,L1,16,320,320,0,100.0,2026-09-10T20:25:39.978703+00:00
2026-09-11,2026-09-07,39282,RPP,L2,16,560,0,560,0.0,2026-09-10T20:25:39.978703+00:00
2026-09-11,2026-09-07,39282,RPP,L3,16,416,0,416,0.0,2026-09-10T20:25:39.978703+00:00
2026-09-11,2026-09-07,39282,STS,L1,24,480,480,0,100.0,2026-09-10T20:25:39.978703+00:00
2026-09-11,2026-09-07,39282,STS,L2,24,840,7,833,0.83,2026-09-10T20:25:39.978703+00:00
2026-09-11,2026-09-07,39282,STS,L3,24,624,0,624,0.0,2026-09-10T20:25:39.978703+00:00
2026-09-11,2026-09-07,39282,TES,L1,18,360,120,240,33.33,2026-09-10T20:25:39.978703+00:00
2026-09-11,2026-09-07,39282,TES,L2,18,630,0,630,0.0,2026-09-10T20:25:39.978703+00:00
2026-09-11,2026-09-07,39282,TES,L3,18,468,0,468,0.0,2026-09-10T20:25:39.978703+00:00
2026-09-11,2026-09-07,39282,TRN,L1,8,168,168,0,100.0,2026-09-10T20:25:39.978703+00:00
2026-09-11,2026-09-07,39282,TRN,L2,8,320,320,0,100.0,2026-09-10T20:25:39.978703+00:00
2026-09-11,2026-09-07,39282,TRN,L3,8,208,0,208,0.0,2026-09-10T20:25:39.978703+00:00
2026-09-11,2026-09-07,39282,UDP,L1,24,480,480,0,100.0,2026-09-10T20:25:39.978703+00:00
2026-09-11,2026-09-07,39282,UDP,L2,24,840,168,672,20.0,2026-09-10T20:25:39.978703+00:00
2026-09-11,2026-09-07,39282,UDP,L3,24,624,0,624,0.0,2026-09-10T20:25:39.978703+00:00
2026-09-11,2026-09-07,39282,UPB,L1,24,480,480,0,100.0,2026-09-10T20:25:39.978703+00:00
2026-09-11,2026-09-07,39282,UPB,L2,24,840,0,840,0.0,2026-09-10T20:25:39.978703+00:00
2026-09-11,2026-09-07,39282,UPB,L3,24,624,0,624,0.0,2026-09-10T20:25:39.978703+00:00
2026-09-11,2026-09-07,39282,UPS,L1,24,480,480,0,100.0,2026-09-10T20:25:39.978703+00:00
2026-09-11,2026-09-07,39282,UPS,L2,24,840,1,839,0.12,2026-09-10T20:25:39.978703+00:00
2026-09-11,2026-09-07,39282,UPS,L3,24,624,0,624,0.0,2026-09-10T20:25:39.978703+00:00
2026-09-11,2026-09-07,39282,VES,L1,59,1180,980,200,83.05,2026-09-10T20:25:39.978703+00:00
2026-09-11,2026-09-07,39282,VES,L2,59,2065,0,2065,0.0,2026-09-10T20:25:39.978703+00:00
2026-09-11,2026-09-07,39282,VES,L3,59,1534,0,1534,0.0,2026-09-10T20:25:39.978703+00:00
2026-09-11,2026-09-07,39282,VRF,L1,15,311,311,0,100.0,2026-09-10T20:25:39.978703+00:00
2026-09-11,2026-09-07,39282,VRF,L2,15,525,289,236,55.05,2026-09-10T20:25:39.978703+00:00
2026-09-11,2026-09-07,39282,VRF,L3,15,390,0,390,0.0,2026-09-10T20:25:39.978703+00:00
2026-09-11,2026-09-07,40875,ACS,L1,89,1865,1343,522,72.01,2026-09-10T20:25:39.978703+00:00
2026-09-11,2026-09-07,40875,ACS,L2,89,3360,1888,1472,56.19,2026-09-10T20:25:39.978703+00:00
2026-09-11,2026-09-07,40875,ACS,L3,89,2314,0,2314,0.0,2026-09-10T20:25:39.978703+00:00
2026-09-11,2026-09-07,40875,AIS,L1,4,84,42,42,50.0,2026-09-10T20:25:39.978703+00:00
2026-09-11,2026-09-07,40875,AIS,L2,4,160,0,160,0.0,2026-09-10T20:25:39.978703+00:00
2026-09-11,2026-09-07,40875,AIS,L3,4,104,0,104,0.0,2026-09-10T20:25:39.978703+00:00
2026-09-11,2026-09-07,40875,BMP,L1,25,517,437,80,84.53,2026-09-10T20:25:39.978703+00:00
2026-09-11,2026-09-07,40875,BMP,L2,25,1232,610,622,49.51,2026-09-10T20:25:39.978703+00:00
2026-09-11,2026-09-07,40875,BMP,L3,25,650,0,650,0.0,2026-09-10T20:25:39.978703+00:00
2026-09-11,2026-09-07,40875,BOP,L1,7,147,147,0,100.0,2026-09-10T20:25:39.978703+00:00
2026-09-11,2026-09-07,40875,BOP,L2,7,280,0,280,0.0,2026-09-10T20:25:39.978703+00:00
2026-09-11,2026-09-07,40875,BOP,L3,7,182,0,182,0.0,2026-09-10T20:25:39.978703+00:00
2026-09-11,2026-09-07,40875,BSW,L1,39,780,460,320,58.97,2026-09-10T20:25:39.978703+00:00
2026-09-11,2026-09-07,40875,BSW,L2,39,1365,805,560,58.97,2026-09-10T20:25:39.978703+00:00
2026-09-11,2026-09-07,40875,BSW,L3,39,1014,0,1014,0.0,2026-09-10T20:25:39.978703+00:00
2026-09-11,2026-09-07,40875,CDU,L1,6,126,126,0,100.0,2026-09-10T20:25:39.978703+00:00
2026-09-11,2026-09-07,40875,CDU,L2,6,240,0,240,0.0,2026-09-10T20:25:39.978703+00:00
2026-09-11,2026-09-07,40875,CDU,L3,6,156,0,156,0.0,2026-09-10T20:25:39.978703+00:00
2026-09-11,2026-09-07,40875,CHL,L1,8,168,168,0,100.0,2026-09-10T20:25:39.978703+00:00
2026-09-11,2026-09-07,40875,CHL,L2,8,320,66,254,20.62,2026-09-10T20:25:39.978703+00:00
2026-09-11,2026-09-07,40875,CHL,L3,8,208,0,208,0.0,2026-09-10T20:25:39.978703+00:00
2026-09-11,2026-09-07,40875,CHP,L1,8,168,168,0,100.0,2026-09-10T20:25:39.978703+00:00
2026-09-11,2026-09-07,40875,CHP,L2,8,320,7,313,2.19,2026-09-10T20:25:39.978703+00:00
2026-09-11,2026-09-07,40875,CHP,L3,8,208,0,208,0.0,2026-09-10T20:25:39.978703+00:00
2026-09-11,2026-09-07,40875,CRA,L1,28,588,575,13,97.79,2026-09-10T20:25:39.978703+00:00
2026-09-11,2026-09-07,40875,CRA,L2,28,1120,78,1042,6.96,2026-09-10T20:25:39.978703+00:00
2026-09-11,2026-09-07,40875,CRA,L3,28,728,0,728,0.0,2026-09-10T20:25:39.978703+00:00
2026-09-11,2026-09-07,40875,CTS,L1,4,84,14,70,16.67,2026-09-10T20:25:39.978703+00:00
2026-09-11,2026-09-07,40875,CTS,L2,4,160,0,160,0.0,2026-09-10T20:25:39.978703+00:00
2026-09-11,2026-09-07,40875,CTS,L3,4,104,0,104,0.0,2026-09-10T20:25:39.978703+00:00
2026-09-11,2026-09-07,40875,DPP,L1,63,1291,1270,21,98.37,2026-09-10T20:25:39.978703+00:00
2026-09-11,2026-09-07,40875,DPP,L2,63,2430,1390,1040,57.2,2026-09-10T20:25:39.978703+00:00
2026-09-11,2026-09-07,40875,DPP,L3,63,1638,7,1631,0.43,2026-09-10T20:25:39.978703+00:00
2026-09-11,2026-09-07,40875,DSG,L1,8,168,168,0,100.0,2026-09-10T20:25:39.978703+00:00
2026-09-11,2026-09-07,40875,DSG,L2,8,592,592,0,100.0,2026-09-10T20:25:39.978703+00:00
2026-09-11,2026-09-07,40875,DSG,L3,8,208,48,160,23.08,2026-09-10T20:25:39.978703+00:00
2026-09-11,2026-09-07,40875,EPP,L1,9,185,185,0,100.0,2026-09-10T20:25:39.978703+00:00
2026-09-11,2026-09-07,40875,EPP,L2,9,476,366,110,76.89,2026-09-10T20:25:39.978703+00:00
2026-09-11,2026-09-07,40875,EPP,L3,9,234,0,234,0.0,2026-09-10T20:25:39.978703+00:00
2026-09-11,2026-09-07,40875,EXF,L1,8,160,152,8,95.0,2026-09-10T20:25:39.978703+00:00
2026-09-11,2026-09-07,40875,EXF,L2,8,280,0,280,0.0,2026-09-10T20:25:39.978703+00:00
2026-09-11,2026-09-07,40875,EXF,L3,8,208,0,208,0.0,2026-09-10T20:25:39.978703+00:00
2026-09-11,2026-09-07,40875,EXP,L1,4,84,42,42,50.0,2026-09-10T20:25:39.978703+00:00
2026-09-11,2026-09-07,40875,EXP,L2,4,160,0,160,0.0,2026-09-10T20:25:39.978703+00:00
2026-09-11,2026-09-07,40875,EXP,L3,4,104,0,104,0.0,2026-09-10T20:25:39.978703+00:00
2026-09-11,2026-09-07,40875,FAC,L1,3,63,63,0,100.0,2026-09-10T20:25:39.978703+00:00
2026-09-11,2026-09-07,40875,FAC,L2,3,120,0,120,0.0,2026-09-10T20:25:39.978703+00:00
2026-09-11,2026-09-07,40875,FAC,L3,3,78,0,78,0.0,2026-09-10T20:25:39.978703+00:00
2026-09-11,2026-09-07,40875,FAP,L1,16,320,320,0,100.0,2026-09-10T20:25:39.978703+00:00
2026-09-11,2026-09-07,40875,FAP,L2,16,560,559,1,99.82,2026-09-10T20:25:39.978703+00:00
2026-09-11,2026-09-07,40875,FAP,L3,16,416,0,416,0.0,2026-09-10T20:25:39.978703+00:00
2026-09-11,2026-09-07,40875,FCC,L1,5,103,103,0,100.0,2026-09-10T20:25:39.978703+00:00
2026-09-11,2026-09-07,40875,FCC,L2,5,175,104,71,59.43,2026-09-10T20:25:39.978703+00:00
2026-09-11,2026-09-07,40875,FCC,L3,5,130,0,130,0.0,2026-09-10T20:25:39.978703+00:00
2026-09-11,2026-09-07,40875,FCU,L1,5,103,103,0,100.0,2026-09-10T20:25:39.978703+00:00
2026-09-11,2026-09-07,40875,FCU,L2,5,175,105,70,60.0,2026-09-10T20:25:39.978703+00:00
2026-09-11,2026-09-07,40875,FCU,L3,5,130,0,130,0.0,2026-09-10T20:25:39.978703+00:00
2026-09-11,2026-09-07,40875,FOF,L1,2,42,42,0,100.0,2026-09-10T20:25:39.978703+00:00
2026-09-11,2026-09-07,40875,FOF,L2,2,80,80,0,100.0,2026-09-10T20:25:39.978703+00:00
2026-09-11,2026-09-07,40875,FOF,L3,2,52,0,52,0.0,2026-09-10T20:25:39.978703+00:00
2026-09-11,2026-09-07,40875,FOP,L1,2,42,42,0,100.0,2026-09-10T20:25:39.978703+00:00
2026-09-11,2026-09-07,40875,FOP,L2,2,80,79,1,98.75,2026-09-10T20:25:39.978703+00:00
2026-09-11,2026-09-07,40875,FOP,L3,2,52,0,52,0.0,2026-09-10T20:25:39.978703+00:00
2026-09-11,2026-09-07,40875,FOT,L1,5,105,105,0,100.0,2026-09-10T20:25:39.978703+00:00
2026-09-11,2026-09-07,40875,FOT,L2,5,200,14,186,7.0,2026-09-10T20:25:39.978703+00:00
2026-09-11,2026-09-07,40875,FOT,L3,5,130,0,130,0.0,2026-09-10T20:25:39.978703+00:00
2026-09-11,2026-09-07,40875,FPO,L1,2,42,42,0,100.0,2026-09-10T20:25:39.978703+00:00
2026-09-11,2026-09-07,40875,FPO,L2,2,80,80,0,100.0,2026-09-10T20:25:39.978703+00:00
2026-09-11,2026-09-07,40875,FPO,L3,2,52,0,52,0.0,2026-09-10T20:25:39.978703+00:00
2026-09-11,2026-09-07,40875,FRP,L1,1,21,21,0,100.0,2026-09-10T20:25:39.978703+00:00
2026-09-11,2026-09-07,40875,FRP,L2,1,40,0,40,0.0,2026-09-10T20:25:39.978703+00:00
2026-09-11,2026-09-07,40875,FRP,L3,1,26,0,26,0.0,2026-09-10T20:25:39.978703+00:00
2026-09-11,2026-09-07,40875,FWU,L1,22,462,420,42,90.91,2026-09-10T20:25:39.978703+00:00
2026-09-11,2026-09-07,40875,FWU,L2,22,880,0,880,0.0,2026-09-10T20:25:39.978703+00:00
2026-09-11,2026-09-07,40875,FWU,L3,22,572,0,572,0.0,2026-09-10T20:25:39.978703+00:00
2026-09-11,2026-09-07,40875,GDS,L1,2,40,0,40,0.0,2026-09-10T20:25:39.978703+00:00
2026-09-11,2026-09-07,40875,GDS,L2,2,70,0,70,0.0,2026-09-10T20:25:39.978703+00:00
2026-09-11,2026-09-07,40875,GDS,L3,2,52,0,52,0.0,2026-09-10T20:25:39.978703+00:00
2026-09-11,2026-09-07,40875,GDT,L1,8,168,168,0,100.0,2026-09-10T20:25:39.978703+00:00
2026-09-11,2026-09-07,40875,GDT,L2,8,320,320,0,100.0,2026-09-10T20:25:39.978703+00:00
2026-09-11,2026-09-07,40875,GDT,L3,8,208,0,208,0.0,2026-09-10T20:25:39.978703+00:00
2026-09-11,2026-09-07,40875,GEN,L1,8,168,168,0,100.0,2026-09-10T20:25:39.978703+00:00
2026-09-11,2026-09-07,40875,GEN,L2,8,320,320,0,100.0,2026-09-10T20:25:39.978703+00:00
2026-09-11,2026-09-07,40875,GEN,L3,8,208,0,208,0.0,2026-09-10T20:25:39.978703+00:00
2026-09-11,2026-09-07,40875,GSB,L1,8,168,168,0,100.0,2026-09-10T20:25:39.978703+00:00
2026-09-11,2026-09-07,40875,GSB,L2,8,320,320,0,100.0,2026-09-10T20:25:39.978703+00:00
2026-09-11,2026-09-07,40875,GSB,L3,8,208,0,208,0.0,2026-09-10T20:25:39.978703+00:00
2026-09-11,2026-09-07,40875,MBC,L1,16,336,336,0,100.0,2026-09-10T20:25:39.978703+00:00
2026-09-11,2026-09-07,40875,MBC,L2,16,674,492,182,73.0,2026-09-10T20:25:39.978703+00:00
2026-09-11,2026-09-07,40875,MBC,L3,16,416,0,416,0.0,2026-09-10T20:25:39.978703+00:00
2026-09-11,2026-09-07,40875,MCC,L1,1,21,21,0,100.0,2026-09-10T20:25:39.978703+00:00
2026-09-11,2026-09-07,40875,MCC,L2,1,40,0,40,0.0,2026-09-10T20:25:39.978703+00:00
2026-09-11,2026-09-07,40875,MCC,L3,1,26,0,26,0.0,2026-09-10T20:25:39.978703+00:00
2026-09-11,2026-09-07,40875,MDP,L1,24,498,498,0,100.0,2026-09-10T20:25:39.978703+00:00
2026-09-11,2026-09-07,40875,MDP,L2,24,1168,626,542,53.6,2026-09-10T20:25:39.978703+00:00
2026-09-11,2026-09-07,40875,MDP,L3,24,624,0,624,0.0,2026-09-10T20:25:39.978703+00:00
2026-09-11,2026-09-07,40875,MSB,L1,10,210,210,0,100.0,2026-09-10T20:25:39.978703+00:00
2026-09-11,2026-09-07,40875,MSB,L2,10,706,706,0,100.0,2026-09-10T20:25:39.978703+00:00
2026-09-11,2026-09-07,40875,MSB,L3,10,260,0,260,0.0,2026-09-10T20:25:39.978703+00:00
2026-09-11,2026-09-07,40875,MUP,L1,2,42,0,42,0.0,2026-09-10T20:25:39.978703+00:00
2026-09-11,2026-09-07,40875,MUP,L2,2,80,0,80,0.0,2026-09-10T20:25:39.978703+00:00
2026-09-11,2026-09-07,40875,MUP,L3,2,52,0,52,0.0,2026-09-10T20:25:39.978703+00:00
2026-09-11,2026-09-07,40875,MVS,L1,2,42,42,0,100.0,2026-09-10T20:25:39.978703+00:00
2026-09-11,2026-09-07,40875,MVS,L2,2,80,80,0,100.0,2026-09-10T20:25:39.978703+00:00
2026-09-11,2026-09-07,40875,MVS,L3,2,52,15,37,28.85,2026-09-10T20:25:39.978703+00:00
2026-09-11,2026-09-07,40875,OAF,L1,19,398,398,0,100.0,2026-09-10T20:25:39.978703+00:00
2026-09-11,2026-09-07,40875,OAF,L2,19,755,0,755,0.0,2026-09-10T20:25:39.978703+00:00
2026-09-11,2026-09-07,40875,OAF,L3,19,494,0,494,0.0,2026-09-10T20:25:39.978703+00:00
2026-09-11,2026-09-07,40875,PAC,L1,4,84,84,0,100.0,2026-09-10T20:25:39.978703+00:00
2026-09-11,2026-09-07,40875,PAC,L2,4,160,0,160,0.0,2026-09-10T20:25:39.978703+00:00
2026-09-11,2026-09-07,40875,PAC,L3,4,104,0,104,0.0,2026-09-10T20:25:39.978703+00:00
2026-09-11,2026-09-07,40875,PAS,L1,8,168,168,0,100.0,2026-09-10T20:25:39.978703+00:00
2026-09-11,2026-09-07,40875,PAS,L2,8,320,0,320,0.0,2026-09-10T20:25:39.978703+00:00
2026-09-11,2026-09-07,40875,PAS,L3,8,208,0,208,0.0,2026-09-10T20:25:39.978703+00:00
2026-09-11,2026-09-07,40875,PLC,L1,1,20,18,2,90.0,2026-09-10T20:25:39.978703+00:00
2026-09-11,2026-09-07,40875,PLC,L2,1,35,0,35,0.0,2026-09-10T20:25:39.978703+00:00
2026-09-11,2026-09-07,40875,PLC,L3,1,26,0,26,0.0,2026-09-10T20:25:39.978703+00:00
2026-09-11,2026-09-07,40875,RPP,L1,56,1120,1120,0,100.0,2026-09-10T20:25:39.978703+00:00
2026-09-11,2026-09-07,40875,RPP,L2,56,1960,0,1960,0.0,2026-09-10T20:25:39.978703+00:00
2026-09-11,2026-09-07,40875,RPP,L3,56,1456,0,1456,0.0,2026-09-10T20:25:39.978703+00:00
2026-09-11,2026-09-07,40875,STS,L1,24,504,504,0,100.0,2026-09-10T20:25:39.978703+00:00
2026-09-11,2026-09-07,40875,STS,L2,24,960,188,772,19.58,2026-09-10T20:25:39.978703+00:00
2026-09-11,2026-09-07,40875,STS,L3,24,624,0,624,0.0,2026-09-10T20:25:39.978703+00:00
2026-09-11,2026-09-07,40875,TES,L1,6,126,0,126,0.0,2026-09-10T20:25:39.978703+00:00
2026-09-11,2026-09-07,40875,TES,L2,6,240,0,240,0.0,2026-09-10T20:25:39.978703+00:00
2026-09-11,2026-09-07,40875,TES,L3,6,156,0,156,0.0,2026-09-10T20:25:39.978703+00:00
2026-09-11,2026-09-07,40875,TRN,L1,8,168,168,0,100.0,2026-09-10T20:25:39.978703+00:00
2026-09-11,2026-09-07,40875,TRN,L2,8,320,320,0,100.0,2026-09-10T20:25:39.978703+00:00
2026-09-11,2026-09-07,40875,TRN,L3,8,208,0,208,0.0,2026-09-10T20:25:39.978703+00:00
2026-09-11,2026-09-07,40875,UDP,L1,24,480,480,0,100.0,2026-09-10T20:25:39.978703+00:00
2026-09-11,2026-09-07,40875,UDP,L2,24,840,119,721,14.17,2026-09-10T20:25:39.978703+00:00
2026-09-11,2026-09-07,40875,UDP,L3,24,624,0,624,0.0,2026-09-10T20:25:39.978703+00:00
2026-09-11,2026-09-07,40875,UPB,L1,24,495,495,0,100.0,2026-09-10T20:25:39.978703+00:00
2026-09-11,2026-09-07,40875,UPB,L2,24,915,216,699,23.61,2026-09-10T20:25:39.978703+00:00
2026-09-11,2026-09-07,40875,UPB,L3,24,624,0,624,0.0,2026-09-10T20:25:39.978703+00:00
2026-09-11,2026-09-07,40875,UPS,L1,26,536,536,0,100.0,2026-09-10T20:25:39.978703+00:00
2026-09-11,2026-09-07,40875,UPS,L2,26,990,326,664,32.93,2026-09-10T20:25:39.978703+00:00
2026-09-11,2026-09-07,40875,UPS,L3,26,676,0,676,0.0,2026-09-10T20:25:39.978703+00:00
2026-09-11,2026-09-07,40875,VES,L1,44,880,815,65,92.61,2026-09-10T20:25:39.978703+00:00
2026-09-11,2026-09-07,40875,VES,L2,44,1540,10,1530,0.65,2026-09-10T20:25:39.978703+00:00
2026-09-11,2026-09-07,40875,VES,L3,44,1144,0,1144,0.0,2026-09-10T20:25:39.978703+00:00
2026-09-11,2026-09-07,40875,VRF,L1,11,231,231,0,100.0,2026-09-10T20:25:39.978703+00:00
2026-09-11,2026-09-07,40875,VRF,L2,11,440,242,198,55.0,2026-09-10T20:25:39.978703+00:00
2026-09-11,2026-09-07,40875,VRF,L3,11,286,0,286,0.0,2026-09-10T20:25:39.978703+00:00
2026-09-11,2026-09-07,51203,ACS,L1,55,1100,0,1100,0.0,2026-09-10T20:25:39.978703+00:00
2026-09-11,2026-09-07,51203,ACS,L2,55,1925,0,1925,0.0,2026-09-10T20:25:39.978703+00:00
2026-09-11,2026-09-07,51203,ACS,L3,55,1430,0,1430,0.0,2026-09-10T20:25:39.978703+00:00
2026-09-11,2026-09-07,51203,AHU,L1,4,80,0,80,0.0,2026-09-10T20:25:39.978703+00:00
2026-09-11,2026-09-07,51203,AHU,L2,4,140,0,140,0.0,2026-09-10T20:25:39.978703+00:00
2026-09-11,2026-09-07,51203,AHU,L3,4,104,0,104,0.0,2026-09-10T20:25:39.978703+00:00
2026-09-11,2026-09-07,51203,AIS,L1,6,120,0,120,0.0,2026-09-10T20:25:39.978703+00:00
2026-09-11,2026-09-07,51203,AIS,L2,6,210,0,210,0.0,2026-09-10T20:25:39.978703+00:00
2026-09-11,2026-09-07,51203,AIS,L3,6,156,0,156,0.0,2026-09-10T20:25:39.978703+00:00
2026-09-11,2026-09-07,51203,ATS,L1,5,100,100,0,100.0,2026-09-10T20:25:39.978703+00:00
2026-09-11,2026-09-07,51203,ATS,L2,5,175,0,175,0.0,2026-09-10T20:25:39.978703+00:00
2026-09-11,2026-09-07,51203,ATS,L3,5,130,0,130,0.0,2026-09-10T20:25:39.978703+00:00
2026-09-11,2026-09-07,51203,BMP,L1,33,660,0,660,0.0,2026-09-10T20:25:39.978703+00:00
2026-09-11,2026-09-07,51203,BMP,L2,33,1155,0,1155,0.0,2026-09-10T20:25:39.978703+00:00
2026-09-11,2026-09-07,51203,BMP,L3,33,858,0,858,0.0,2026-09-10T20:25:39.978703+00:00
2026-09-11,2026-09-07,51203,BSW,L1,85,1700,0,1700,0.0,2026-09-10T20:25:39.978703+00:00
2026-09-11,2026-09-07,51203,BSW,L2,85,2975,0,2975,0.0,2026-09-10T20:25:39.978703+00:00
2026-09-11,2026-09-07,51203,BSW,L3,85,2210,0,2210,0.0,2026-09-10T20:25:39.978703+00:00
2026-09-11,2026-09-07,51203,CDU,L1,12,240,0,240,0.0,2026-09-10T20:25:39.978703+00:00
2026-09-11,2026-09-07,51203,CDU,L2,12,420,0,420,0.0,2026-09-10T20:25:39.978703+00:00
2026-09-11,2026-09-07,51203,CDU,L3,12,312,0,312,0.0,2026-09-10T20:25:39.978703+00:00
2026-09-11,2026-09-07,51203,CHL,L1,15,300,0,300,0.0,2026-09-10T20:25:39.978703+00:00
2026-09-11,2026-09-07,51203,CHL,L2,15,525,0,525,0.0,2026-09-10T20:25:39.978703+00:00
2026-09-11,2026-09-07,51203,CHL,L3,15,390,0,390,0.0,2026-09-10T20:25:39.978703+00:00
2026-09-11,2026-09-07,51203,CHP,L1,15,300,0,300,0.0,2026-09-10T20:25:39.978703+00:00
2026-09-11,2026-09-07,51203,CHP,L2,15,525,0,525,0.0,2026-09-10T20:25:39.978703+00:00
2026-09-11,2026-09-07,51203,CHP,L3,15,390,0,390,0.0,2026-09-10T20:25:39.978703+00:00
2026-09-11,2026-09-07,51203,CRA,L1,16,320,315,5,98.44,2026-09-10T20:25:39.978703+00:00
2026-09-11,2026-09-07,51203,CRA,L2,16,560,0,560,0.0,2026-09-10T20:25:39.978703+00:00
2026-09-11,2026-09-07,51203,CRA,L3,16,416,0,416,0.0,2026-09-10T20:25:39.978703+00:00
2026-09-11,2026-09-07,51203,CTS,L1,6,120,0,120,0.0,2026-09-10T20:25:39.978703+00:00
2026-09-11,2026-09-07,51203,CTS,L2,6,210,0,210,0.0,2026-09-10T20:25:39.978703+00:00
2026-09-11,2026-09-07,51203,CTS,L3,6,156,0,156,0.0,2026-09-10T20:25:39.978703+00:00
2026-09-11,2026-09-07,51203,DHU,L1,4,80,0,80,0.0,2026-09-10T20:25:39.978703+00:00
2026-09-11,2026-09-07,51203,DHU,L2,4,140,0,140,0.0,2026-09-10T20:25:39.978703+00:00
2026-09-11,2026-09-07,51203,DHU,L3,4,104,0,104,0.0,2026-09-10T20:25:39.978703+00:00
2026-09-11,2026-09-07,51203,DPP,L1,16,320,320,0,100.0,2026-09-10T20:25:39.978703+00:00
2026-09-11,2026-09-07,51203,DPP,L2,16,560,0,560,0.0,2026-09-10T20:25:39.978703+00:00
2026-09-11,2026-09-07,51203,DPP,L3,16,416,0,416,0.0,2026-09-10T20:25:39.978703+00:00
2026-09-11,2026-09-07,51203,DSG,L1,8,160,160,0,100.0,2026-09-10T20:25:39.978703+00:00
2026-09-11,2026-09-07,51203,DSG,L2,8,280,55,225,19.64,2026-09-10T20:25:39.978703+00:00
2026-09-11,2026-09-07,51203,DSG,L3,8,208,0,208,0.0,2026-09-10T20:25:39.978703+00:00
2026-09-11,2026-09-07,51203,ELP,L1,4,80,80,0,100.0,2026-09-10T20:25:39.978703+00:00
2026-09-11,2026-09-07,51203,ELP,L2,4,140,0,140,0.0,2026-09-10T20:25:39.978703+00:00
2026-09-11,2026-09-07,51203,ELP,L3,4,104,0,104,0.0,2026-09-10T20:25:39.978703+00:00
2026-09-11,2026-09-07,51203,EPP,L1,4,80,67,13,83.75,2026-09-10T20:25:39.978703+00:00
2026-09-11,2026-09-07,51203,EPP,L2,4,140,0,140,0.0,2026-09-10T20:25:39.978703+00:00
2026-09-11,2026-09-07,51203,EPP,L3,4,104,0,104,0.0,2026-09-10T20:25:39.978703+00:00
2026-09-11,2026-09-07,51203,EXF,L1,8,160,0,160,0.0,2026-09-10T20:25:39.978703+00:00
2026-09-11,2026-09-07,51203,EXF,L2,8,280,0,280,0.0,2026-09-10T20:25:39.978703+00:00
2026-09-11,2026-09-07,51203,EXF,L3,8,208,0,208,0.0,2026-09-10T20:25:39.978703+00:00
2026-09-11,2026-09-07,51203,EXP,L1,6,120,0,120,0.0,2026-09-10T20:25:39.978703+00:00
2026-09-11,2026-09-07,51203,EXP,L2,6,210,0,210,0.0,2026-09-10T20:25:39.978703+00:00
2026-09-11,2026-09-07,51203,EXP,L3,6,156,0,156,0.0,2026-09-10T20:25:39.978703+00:00
2026-09-11,2026-09-07,51203,FAP,L1,12,240,0,240,0.0,2026-09-10T20:25:39.978703+00:00
2026-09-11,2026-09-07,51203,FAP,L2,12,420,0,420,0.0,2026-09-10T20:25:39.978703+00:00
2026-09-11,2026-09-07,51203,FAP,L3,12,312,0,312,0.0,2026-09-10T20:25:39.978703+00:00
2026-09-11,2026-09-07,51203,FOF,L1,2,40,0,40,0.0,2026-09-10T20:25:39.978703+00:00
2026-09-11,2026-09-07,51203,FOF,L2,2,70,0,70,0.0,2026-09-10T20:25:39.978703+00:00
2026-09-11,2026-09-07,51203,FOF,L3,2,52,0,52,0.0,2026-09-10T20:25:39.978703+00:00
2026-09-11,2026-09-07,51203,FOP,L1,2,40,0,40,0.0,2026-09-10T20:25:39.978703+00:00
2026-09-11,2026-09-07,51203,FOP,L2,2,70,0,70,0.0,2026-09-10T20:25:39.978703+00:00
2026-09-11,2026-09-07,51203,FOP,L3,2,52,0,52,0.0,2026-09-10T20:25:39.978703+00:00
2026-09-11,2026-09-07,51203,FOT,L1,10,200,200,0,100.0,2026-09-10T20:25:39.978703+00:00
2026-09-11,2026-09-07,51203,FOT,L2,10,350,0,350,0.0,2026-09-10T20:25:39.978703+00:00
2026-09-11,2026-09-07,51203,FOT,L3,10,260,0,260,0.0,2026-09-10T20:25:39.978703+00:00
2026-09-11,2026-09-07,51203,FPO,L1,2,40,0,40,0.0,2026-09-10T20:25:39.978703+00:00
2026-09-11,2026-09-07,51203,FPO,L2,2,70,0,70,0.0,2026-09-10T20:25:39.978703+00:00
2026-09-11,2026-09-07,51203,FPO,L3,2,52,0,52,0.0,2026-09-10T20:25:39.978703+00:00
2026-09-11,2026-09-07,51203,FWU,L1,16,320,320,0,100.0,2026-09-10T20:25:39.978703+00:00
2026-09-11,2026-09-07,51203,FWU,L2,16,560,0,560,0.0,2026-09-10T20:25:39.978703+00:00
2026-09-11,2026-09-07,51203,FWU,L3,16,416,0,416,0.0,2026-09-10T20:25:39.978703+00:00
2026-09-11,2026-09-07,51203,GDS,L1,1,20,0,20,0.0,2026-09-10T20:25:39.978703+00:00
2026-09-11,2026-09-07,51203,GDS,L2,1,35,0,35,0.0,2026-09-10T20:25:39.978703+00:00
2026-09-11,2026-09-07,51203,GDS,L3,1,26,0,26,0.0,2026-09-10T20:25:39.978703+00:00
2026-09-11,2026-09-07,51203,GDT,L1,8,160,159,1,99.38,2026-09-10T20:25:39.978703+00:00
2026-09-11,2026-09-07,51203,GDT,L2,8,280,0,280,0.0,2026-09-10T20:25:39.978703+00:00
2026-09-11,2026-09-07,51203,GDT,L3,8,208,0,208,0.0,2026-09-10T20:25:39.978703+00:00
2026-09-11,2026-09-07,51203,GEN,L1,8,160,160,0,100.0,2026-09-10T20:25:39.978703+00:00
2026-09-11,2026-09-07,51203,GEN,L2,8,280,0,280,0.0,2026-09-10T20:25:39.978703+00:00
2026-09-11,2026-09-07,51203,GEN,L3,8,208,0,208,0.0,2026-09-10T20:25:39.978703+00:00
2026-09-11,2026-09-07,51203,GSB,L1,8,160,153,7,95.62,2026-09-10T20:25:39.978703+00:00
2026-09-11,2026-09-07,51203,GSB,L2,8,280,1,279,0.36,2026-09-10T20:25:39.978703+00:00
2026-09-11,2026-09-07,51203,GSB,L3,8,208,0,208,0.0,2026-09-10T20:25:39.978703+00:00
2026-09-11,2026-09-07,51203,LBG,L1,1,20,20,0,100.0,2026-09-10T20:25:39.978703+00:00
2026-09-11,2026-09-07,51203,LBG,L2,1,35,0,35,0.0,2026-09-10T20:25:39.978703+00:00
2026-09-11,2026-09-07,51203,LBG,L3,1,26,0,26,0.0,2026-09-10T20:25:39.978703+00:00
2026-09-11,2026-09-07,51203,MBC,L1,8,160,160,0,100.0,2026-09-10T20:25:39.978703+00:00
2026-09-11,2026-09-07,51203,MBC,L2,8,280,0,280,0.0,2026-09-10T20:25:39.978703+00:00
2026-09-11,2026-09-07,51203,MBC,L3,8,208,0,208,0.0,2026-09-10T20:25:39.978703+00:00
2026-09-11,2026-09-07,51203,MDP,L1,13,260,220,40,84.62,2026-09-10T20:25:39.978703+00:00
2026-09-11,2026-09-07,51203,MDP,L2,13,455,0,455,0.0,2026-09-10T20:25:39.978703+00:00
2026-09-11,2026-09-07,51203,MDP,L3,13,338,0,338,0.0,2026-09-10T20:25:39.978703+00:00
2026-09-11,2026-09-07,51203,MSB,L1,10,200,200,0,100.0,2026-09-10T20:25:39.978703+00:00
2026-09-11,2026-09-07,51203,MSB,L2,10,350,7,343,2.0,2026-09-10T20:25:39.978703+00:00
2026-09-11,2026-09-07,51203,MSB,L3,10,260,0,260,0.0,2026-09-10T20:25:39.978703+00:00
2026-09-11,2026-09-07,51203,MUP,L1,4,80,0,80,0.0,2026-09-10T20:25:39.978703+00:00
2026-09-11,2026-09-07,51203,MUP,L2,4,140,0,140,0.0,2026-09-10T20:25:39.978703+00:00
2026-09-11,2026-09-07,51203,MUP,L3,4,104,0,104,0.0,2026-09-10T20:25:39.978703+00:00
2026-09-11,2026-09-07,51203,MVS,L1,2,40,40,0,100.0,2026-09-10T20:25:39.978703+00:00
2026-09-11,2026-09-07,51203,MVS,L2,2,70,43,27,61.43,2026-09-10T20:25:39.978703+00:00
2026-09-11,2026-09-07,51203,MVS,L3,2,52,0,52,0.0,2026-09-10T20:25:39.978703+00:00
2026-09-11,2026-09-07,51203,PAC,L1,2,40,0,40,0.0,2026-09-10T20:25:39.978703+00:00
2026-09-11,2026-09-07,51203,PAC,L2,2,70,0,70,0.0,2026-09-10T20:25:39.978703+00:00
2026-09-11,2026-09-07,51203,PAC,L3,2,52,0,52,0.0,2026-09-10T20:25:39.978703+00:00
2026-09-11,2026-09-07,51203,PAS,L1,6,120,0,120,0.0,2026-09-10T20:25:39.978703+00:00
2026-09-11,2026-09-07,51203,PAS,L2,6,210,0,210,0.0,2026-09-10T20:25:39.978703+00:00
2026-09-11,2026-09-07,51203,PAS,L3,6,156,0,156,0.0,2026-09-10T20:25:39.978703+00:00
2026-09-11,2026-09-07,51203,RPP,L1,16,320,0,320,0.0,2026-09-10T20:25:39.978703+00:00
2026-09-11,2026-09-07,51203,RPP,L2,16,560,0,560,0.0,2026-09-10T20:25:39.978703+00:00
2026-09-11,2026-09-07,51203,RPP,L3,16,416,0,416,0.0,2026-09-10T20:25:39.978703+00:00
2026-09-11,2026-09-07,51203,TES,L1,18,360,119,241,33.06,2026-09-10T20:25:39.978703+00:00
2026-09-11,2026-09-07,51203,TES,L2,18,630,0,630,0.0,2026-09-10T20:25:39.978703+00:00
2026-09-11,2026-09-07,51203,TES,L3,18,468,0,468,0.0,2026-09-10T20:25:39.978703+00:00
2026-09-11,2026-09-07,51203,TRN,L1,8,160,160,0,100.0,2026-09-10T20:25:39.978703+00:00
2026-09-11,2026-09-07,51203,TRN,L2,8,280,56,224,20.0,2026-09-10T20:25:39.978703+00:00
2026-09-11,2026-09-07,51203,TRN,L3,8,208,7,201,3.37,2026-09-10T20:25:39.978703+00:00
2026-09-11,2026-09-07,51203,UDP,L1,6,120,120,0,100.0,2026-09-10T20:25:39.978703+00:00
2026-09-11,2026-09-07,51203,UDP,L2,6,210,0,210,0.0,2026-09-10T20:25:39.978703+00:00
2026-09-11,2026-09-07,51203,UDP,L3,6,156,0,156,0.0,2026-09-10T20:25:39.978703+00:00
2026-09-11,2026-09-07,51203,UMP,L1,1,20,20,0,100.0,2026-09-10T20:25:39.978703+00:00
2026-09-11,2026-09-07,51203,UMP,L2,1,35,0,35,0.0,2026-09-10T20:25:39.978703+00:00
2026-09-11,2026-09-07,51203,UMP,L3,1,26,0,26,0.0,2026-09-10T20:25:39.978703+00:00
2026-09-11,2026-09-07,51203,UPB,L1,8,160,160,0,100.0,2026-09-10T20:25:39.978703+00:00
2026-09-11,2026-09-07,51203,UPB,L2,8,280,0,280,0.0,2026-09-10T20:25:39.978703+00:00
2026-09-11,2026-09-07,51203,UPB,L3,8,208,0,208,0.0,2026-09-10T20:25:39.978703+00:00
2026-09-11,2026-09-07,51203,UPP,L1,7,140,140,0,100.0,2026-09-10T20:25:39.978703+00:00
2026-09-11,2026-09-07,51203,UPP,L2,7,245,0,245,0.0,2026-09-10T20:25:39.978703+00:00
2026-09-11,2026-09-07,51203,UPP,L3,7,182,0,182,0.0,2026-09-10T20:25:39.978703+00:00
2026-09-11,2026-09-07,51203,UPS,L1,8,160,160,0,100.0,2026-09-10T20:25:39.978703+00:00
2026-09-11,2026-09-07,51203,UPS,L2,8,280,0,280,0.0,2026-09-10T20:25:39.978703+00:00
2026-09-11,2026-09-07,51203,UPS,L3,8,208,0,208,0.0,2026-09-10T20:25:39.978703+00:00
2026-09-11,2026-09-07,51203,VES,L1,38,760,240,520,31.58,2026-09-10T20:25:39.978703+00:00
2026-09-11,2026-09-07,51203,VES,L2,38,1330,0,1330,0.0,2026-09-10T20:25:39.978703+00:00
2026-09-11,2026-09-07,51203,VES,L3,38,988,0,988,0.0,2026-09-10T20:25:39.978703+00:00
2026-09-11,2026-09-07,51203,VRF,L1,4,80,0,80,0.0,2026-09-10T20:25:39.978703+00:00
2026-09-11,2026-09-07,51203,VRF,L2,4,140,0,140,0.0,2026-09-10T20:25:39.978703+00:00
2026-09-11,2026-09-07,51203,VRF,L3,4,104,0,104,0.0,2026-09-10T20:25:39.978703+00:00
2026-09-11,2026-09-07,51204,ACS,L1,42,840,0,840,0.0,2026-09-10T20:25:39.978703+00:00
2026-09-11,2026-09-07,51204,ACS,L2,42,1470,0,1470,0.0,2026-09-10T20:25:39.978703+00:00
2026-09-11,2026-09-07,51204,ACS,L3,42,1092,0,1092,0.0,2026-09-10T20:25:39.978703+00:00
2026-09-11,2026-09-07,51204,AIS,L1,6,120,0,120,0.0,2026-09-10T20:25:39.978703+00:00
2026-09-11,2026-09-07,51204,AIS,L2,6,210,0,210,0.0,2026-09-10T20:25:39.978703+00:00
2026-09-11,2026-09-07,51204,AIS,L3,6,156,0,156,0.0,2026-09-10T20:25:39.978703+00:00
2026-09-11,2026-09-07,51204,ATS,L1,10,200,200,0,100.0,2026-09-10T20:25:39.978703+00:00
2026-09-11,2026-09-07,51204,ATS,L2,10,350,0,350,0.0,2026-09-10T20:25:39.978703+00:00
2026-09-11,2026-09-07,51204,ATS,L3,10,260,0,260,0.0,2026-09-10T20:25:39.978703+00:00
2026-09-11,2026-09-07,51204,BMP,L1,33,660,0,660,0.0,2026-09-10T20:25:39.978703+00:00
2026-09-11,2026-09-07,51204,BMP,L2,33,1155,0,1155,0.0,2026-09-10T20:25:39.978703+00:00
2026-09-11,2026-09-07,51204,BMP,L3,33,858,0,858,0.0,2026-09-10T20:25:39.978703+00:00
2026-09-11,2026-09-07,51204,BSW,L1,82,1640,0,1640,0.0,2026-09-10T20:25:39.978703+00:00
2026-09-11,2026-09-07,51204,BSW,L2,82,2870,0,2870,0.0,2026-09-10T20:25:39.978703+00:00
2026-09-11,2026-09-07,51204,BSW,L3,82,2132,0,2132,0.0,2026-09-10T20:25:39.978703+00:00
2026-09-11,2026-09-07,51204,CDU,L1,12,240,0,240,0.0,2026-09-10T20:25:39.978703+00:00
2026-09-11,2026-09-07,51204,CDU,L2,12,420,0,420,0.0,2026-09-10T20:25:39.978703+00:00
2026-09-11,2026-09-07,51204,CDU,L3,12,312,0,312,0.0,2026-09-10T20:25:39.978703+00:00
2026-09-11,2026-09-07,51204,CHL,L1,15,300,0,300,0.0,2026-09-10T20:25:39.978703+00:00
2026-09-11,2026-09-07,51204,CHL,L2,15,525,0,525,0.0,2026-09-10T20:25:39.978703+00:00
2026-09-11,2026-09-07,51204,CHL,L3,15,390,0,390,0.0,2026-09-10T20:25:39.978703+00:00
2026-09-11,2026-09-07,51204,CHP,L1,15,300,0,300,0.0,2026-09-10T20:25:39.978703+00:00
2026-09-11,2026-09-07,51204,CHP,L2,15,525,0,525,0.0,2026-09-10T20:25:39.978703+00:00
2026-09-11,2026-09-07,51204,CHP,L3,15,390,0,390,0.0,2026-09-10T20:25:39.978703+00:00
2026-09-11,2026-09-07,51204,CRA,L1,32,640,640,0,100.0,2026-09-10T20:25:39.978703+00:00
2026-09-11,2026-09-07,51204,CRA,L2,32,1120,0,1120,0.0,2026-09-10T20:25:39.978703+00:00
2026-09-11,2026-09-07,51204,CRA,L3,32,832,0,832,0.0,2026-09-10T20:25:39.978703+00:00
2026-09-11,2026-09-07,51204,CTS,L1,6,120,0,120,0.0,2026-09-10T20:25:39.978703+00:00
2026-09-11,2026-09-07,51204,CTS,L2,6,210,0,210,0.0,2026-09-10T20:25:39.978703+00:00
2026-09-11,2026-09-07,51204,CTS,L3,6,156,0,156,0.0,2026-09-10T20:25:39.978703+00:00
2026-09-11,2026-09-07,51204,DHU,L1,4,80,0,80,0.0,2026-09-10T20:25:39.978703+00:00
2026-09-11,2026-09-07,51204,DHU,L2,4,140,0,140,0.0,2026-09-10T20:25:39.978703+00:00
2026-09-11,2026-09-07,51204,DHU,L3,4,104,0,104,0.0,2026-09-10T20:25:39.978703+00:00
2026-09-11,2026-09-07,51204,DPP,L1,16,320,320,0,100.0,2026-09-10T20:25:39.978703+00:00
2026-09-11,2026-09-07,51204,DPP,L2,16,560,0,560,0.0,2026-09-10T20:25:39.978703+00:00
2026-09-11,2026-09-07,51204,DPP,L3,16,416,0,416,0.0,2026-09-10T20:25:39.978703+00:00
2026-09-11,2026-09-07,51204,DSG,L1,8,160,160,0,100.0,2026-09-10T20:25:39.978703+00:00
2026-09-11,2026-09-07,51204,DSG,L2,8,280,56,224,20.0,2026-09-10T20:25:39.978703+00:00
2026-09-11,2026-09-07,51204,DSG,L3,8,208,0,208,0.0,2026-09-10T20:25:39.978703+00:00
2026-09-11,2026-09-07,51204,ELP,L1,4,80,80,0,100.0,2026-09-10T20:25:39.978703+00:00
2026-09-11,2026-09-07,51204,ELP,L2,4,140,0,140,0.0,2026-09-10T20:25:39.978703+00:00
2026-09-11,2026-09-07,51204,ELP,L3,4,104,0,104,0.0,2026-09-10T20:25:39.978703+00:00
2026-09-11,2026-09-07,51204,EPP,L1,4,80,80,0,100.0,2026-09-10T20:25:39.978703+00:00
2026-09-11,2026-09-07,51204,EPP,L2,4,140,0,140,0.0,2026-09-10T20:25:39.978703+00:00
2026-09-11,2026-09-07,51204,EPP,L3,4,104,0,104,0.0,2026-09-10T20:25:39.978703+00:00
2026-09-11,2026-09-07,51204,EXF,L1,8,160,0,160,0.0,2026-09-10T20:25:39.978703+00:00
2026-09-11,2026-09-07,51204,EXF,L2,8,280,0,280,0.0,2026-09-10T20:25:39.978703+00:00
2026-09-11,2026-09-07,51204,EXF,L3,8,208,0,208,0.0,2026-09-10T20:25:39.978703+00:00
2026-09-11,2026-09-07,51204,EXP,L1,6,120,0,120,0.0,2026-09-10T20:25:39.978703+00:00
2026-09-11,2026-09-07,51204,EXP,L2,6,210,0,210,0.0,2026-09-10T20:25:39.978703+00:00
2026-09-11,2026-09-07,51204,EXP,L3,6,156,0,156,0.0,2026-09-10T20:25:39.978703+00:00
2026-09-11,2026-09-07,51204,GDS,L1,1,20,0,20,0.0,2026-09-10T20:25:39.978703+00:00
2026-09-11,2026-09-07,51204,GDS,L2,1,35,0,35,0.0,2026-09-10T20:25:39.978703+00:00
2026-09-11,2026-09-07,51204,GDS,L3,1,26,0,26,0.0,2026-09-10T20:25:39.978703+00:00
2026-09-11,2026-09-07,51204,GDT,L1,8,160,160,0,100.0,2026-09-10T20:25:39.978703+00:00
2026-09-11,2026-09-07,51204,GDT,L2,8,280,0,280,0.0,2026-09-10T20:25:39.978703+00:00
2026-09-11,2026-09-07,51204,GDT,L3,8,208,0,208,0.0,2026-09-10T20:25:39.978703+00:00
2026-09-11,2026-09-07,51204,GEN,L1,8,160,160,0,100.0,2026-09-10T20:25:39.978703+00:00
2026-09-11,2026-09-07,51204,GEN,L2,8,280,0,280,0.0,2026-09-10T20:25:39.978703+00:00
2026-09-11,2026-09-07,51204,GEN,L3,8,208,0,208,0.0,2026-09-10T20:25:39.978703+00:00
2026-09-11,2026-09-07,51204,GSB,L1,8,160,152,8,95.0,2026-09-10T20:25:39.978703+00:00
2026-09-11,2026-09-07,51204,GSB,L2,8,280,0,280,0.0,2026-09-10T20:25:39.978703+00:00
2026-09-11,2026-09-07,51204,GSB,L3,8,208,0,208,0.0,2026-09-10T20:25:39.978703+00:00
2026-09-11,2026-09-07,51204,MBC,L1,8,160,120,40,75.0,2026-09-10T20:25:39.978703+00:00
2026-09-11,2026-09-07,51204,MBC,L2,8,280,0,280,0.0,2026-09-10T20:25:39.978703+00:00
2026-09-11,2026-09-07,51204,MBC,L3,8,208,0,208,0.0,2026-09-10T20:25:39.978703+00:00
2026-09-11,2026-09-07,51204,MDP,L1,11,220,180,40,81.82,2026-09-10T20:25:39.978703+00:00
2026-09-11,2026-09-07,51204,MDP,L2,11,385,0,385,0.0,2026-09-10T20:25:39.978703+00:00
2026-09-11,2026-09-07,51204,MDP,L3,11,286,0,286,0.0,2026-09-10T20:25:39.978703+00:00
2026-09-11,2026-09-07,51204,MSB,L1,10,200,160,40,80.0,2026-09-10T20:25:39.978703+00:00
2026-09-11,2026-09-07,51204,MSB,L2,10,350,0,350,0.0,2026-09-10T20:25:39.978703+00:00
2026-09-11,2026-09-07,51204,MSB,L3,10,260,0,260,0.0,2026-09-10T20:25:39.978703+00:00
2026-09-11,2026-09-07,51204,MUP,L1,4,80,0,80,0.0,2026-09-10T20:25:39.978703+00:00
2026-09-11,2026-09-07,51204,MUP,L2,4,140,0,140,0.0,2026-09-10T20:25:39.978703+00:00
2026-09-11,2026-09-07,51204,MUP,L3,4,104,0,104,0.0,2026-09-10T20:25:39.978703+00:00
2026-09-11,2026-09-07,51204,MVS,L1,2,40,40,0,100.0,2026-09-10T20:25:39.978703+00:00
2026-09-11,2026-09-07,51204,MVS,L2,2,70,70,0,100.0,2026-09-10T20:25:39.978703+00:00
2026-09-11,2026-09-07,51204,MVS,L3,2,52,3,49,5.77,2026-09-10T20:25:39.978703+00:00
2026-09-11,2026-09-07,51204,PAC,L1,2,40,0,40,0.0,2026-09-10T20:25:39.978703+00:00
2026-09-11,2026-09-07,51204,PAC,L2,2,70,0,70,0.0,2026-09-10T20:25:39.978703+00:00
2026-09-11,2026-09-07,51204,PAC,L3,2,52,0,52,0.0,2026-09-10T20:25:39.978703+00:00
2026-09-11,2026-09-07,51204,PAS,L1,6,120,0,120,0.0,2026-09-10T20:25:39.978703+00:00
2026-09-11,2026-09-07,51204,PAS,L2,6,210,0,210,0.0,2026-09-10T20:25:39.978703+00:00
2026-09-11,2026-09-07,51204,PAS,L3,6,156,0,156,0.0,2026-09-10T20:25:39.978703+00:00
2026-09-11,2026-09-07,51204,RPP,L1,16,320,0,320,0.0,2026-09-10T20:25:39.978703+00:00
2026-09-11,2026-09-07,51204,RPP,L2,16,560,0,560,0.0,2026-09-10T20:25:39.978703+00:00
2026-09-11,2026-09-07,51204,RPP,L3,16,416,0,416,0.0,2026-09-10T20:25:39.978703+00:00
2026-09-11,2026-09-07,51204,TES,L1,18,360,120,240,33.33,2026-09-10T20:25:39.978703+00:00
2026-09-11,2026-09-07,51204,TES,L2,18,630,0,630,0.0,2026-09-10T20:25:39.978703+00:00
2026-09-11,2026-09-07,51204,TES,L3,18,468,0,468,0.0,2026-09-10T20:25:39.978703+00:00
2026-09-11,2026-09-07,51204,TRN,L1,8,160,160,0,100.0,2026-09-10T20:25:39.978703+00:00
2026-09-11,2026-09-07,51204,TRN,L2,8,280,56,224,20.0,2026-09-10T20:25:39.978703+00:00
2026-09-11,2026-09-07,51204,TRN,L3,8,208,0,208,0.0,2026-09-10T20:25:39.978703+00:00
2026-09-11,2026-09-07,51204,UDP,L1,6,120,80,40,66.67,2026-09-10T20:25:39.978703+00:00
2026-09-11,2026-09-07,51204,UDP,L2,6,210,0,210,0.0,2026-09-10T20:25:39.978703+00:00
2026-09-11,2026-09-07,51204,UDP,L3,6,156,0,156,0.0,2026-09-10T20:25:39.978703+00:00
2026-09-11,2026-09-07,51204,UMP,L1,2,40,40,0,100.0,2026-09-10T20:25:39.978703+00:00
2026-09-11,2026-09-07,51204,UMP,L2,2,70,0,70,0.0,2026-09-10T20:25:39.978703+00:00
2026-09-11,2026-09-07,51204,UMP,L3,2,52,0,52,0.0,2026-09-10T20:25:39.978703+00:00
2026-09-11,2026-09-07,51204,UPB,L1,8,160,7,153,4.38,2026-09-10T20:25:39.978703+00:00
2026-09-11,2026-09-07,51204,UPB,L2,8,280,0,280,0.0,2026-09-10T20:25:39.978703+00:00
2026-09-11,2026-09-07,51204,UPB,L3,8,208,0,208,0.0,2026-09-10T20:25:39.978703+00:00
2026-09-11,2026-09-07,51204,UPP,L1,3,60,40,20,66.67,2026-09-10T20:25:39.978703+00:00
2026-09-11,2026-09-07,51204,UPP,L2,3,105,0,105,0.0,2026-09-10T20:25:39.978703+00:00
2026-09-11,2026-09-07,51204,UPP,L3,3,78,0,78,0.0,2026-09-10T20:25:39.978703+00:00
2026-09-11,2026-09-07,51204,UPS,L1,8,160,48,112,30.0,2026-09-10T20:25:39.978703+00:00
2026-09-11,2026-09-07,51204,UPS,L2,8,280,6,274,2.14,2026-09-10T20:25:39.978703+00:00
2026-09-11,2026-09-07,51204,UPS,L3,8,208,0,208,0.0,2026-09-10T20:25:39.978703+00:00
2026-09-11,2026-09-07,51204,VES,L1,32,640,160,480,25.0,2026-09-10T20:25:39.978703+00:00
2026-09-11,2026-09-07,51204,VES,L2,32,1120,0,1120,0.0,2026-09-10T20:25:39.978703+00:00
2026-09-11,2026-09-07,51204,VES,L3,32,832,0,832,0.0,2026-09-10T20:25:39.978703+00:00
2026-09-11,2026-09-07,51204,VRF,L1,4,80,0,80,0.0,2026-09-10T20:25:39.978703+00:00
2026-09-11,2026-09-07,51204,VRF,L2,4,140,0,140,0.0,2026-09-10T20:25:39.978703+00:00
2026-09-11,2026-09-07,51204,VRF,L3,4,104,0,104,0.0,2026-09-10T20:25:39.978703+00:00
2026-09-11,2026-09-07,52047,ACS,L1,42,840,0,840,0.0,2026-09-10T20:25:39.978703+00:00
2026-09-11,2026-09-07,52047,ACS,L2,42,1470,0,1470,0.0,2026-09-10T20:25:39.978703+00:00
2026-09-11,2026-09-07,52047,ACS,L3,42,1092,0,1092,0.0,2026-09-10T20:25:39.978703+00:00
2026-09-11,2026-09-07,52047,AIS,L1,4,80,0,80,0.0,2026-09-10T20:25:39.978703+00:00
2026-09-11,2026-09-07,52047,AIS,L2,4,140,0,140,0.0,2026-09-10T20:25:39.978703+00:00
2026-09-11,2026-09-07,52047,AIS,L3,4,104,0,104,0.0,2026-09-10T20:25:39.978703+00:00
2026-09-11,2026-09-07,52047,ATS,L1,10,200,200,0,100.0,2026-09-10T20:25:39.978703+00:00
2026-09-11,2026-09-07,52047,ATS,L2,10,350,0,350,0.0,2026-09-10T20:25:39.978703+00:00
2026-09-11,2026-09-07,52047,ATS,L3,10,260,0,260,0.0,2026-09-10T20:25:39.978703+00:00
2026-09-11,2026-09-07,52047,BMP,L1,14,280,0,280,0.0,2026-09-10T20:25:39.978703+00:00
2026-09-11,2026-09-07,52047,BMP,L2,14,490,0,490,0.0,2026-09-10T20:25:39.978703+00:00
2026-09-11,2026-09-07,52047,BMP,L3,14,364,0,364,0.0,2026-09-10T20:25:39.978703+00:00
2026-09-11,2026-09-07,52047,BSW,L1,82,1640,0,1640,0.0,2026-09-10T20:25:39.978703+00:00
2026-09-11,2026-09-07,52047,BSW,L2,82,2870,0,2870,0.0,2026-09-10T20:25:39.978703+00:00
2026-09-11,2026-09-07,52047,BSW,L3,82,2132,0,2132,0.0,2026-09-10T20:25:39.978703+00:00
2026-09-11,2026-09-07,52047,CDU,L1,12,240,0,240,0.0,2026-09-10T20:25:39.978703+00:00
2026-09-11,2026-09-07,52047,CDU,L2,12,420,0,420,0.0,2026-09-10T20:25:39.978703+00:00
2026-09-11,2026-09-07,52047,CDU,L3,12,312,0,312,0.0,2026-09-10T20:25:39.978703+00:00
2026-09-11,2026-09-07,52047,CRA,L1,16,320,320,0,100.0,2026-09-10T20:25:39.978703+00:00
2026-09-11,2026-09-07,52047,CRA,L2,16,560,0,560,0.0,2026-09-10T20:25:39.978703+00:00
2026-09-11,2026-09-07,52047,CRA,L3,16,416,0,416,0.0,2026-09-10T20:25:39.978703+00:00
2026-09-11,2026-09-07,52047,CTS,L1,4,80,0,80,0.0,2026-09-10T20:25:39.978703+00:00
2026-09-11,2026-09-07,52047,CTS,L2,4,140,0,140,0.0,2026-09-10T20:25:39.978703+00:00
2026-09-11,2026-09-07,52047,CTS,L3,4,104,0,104,0.0,2026-09-10T20:25:39.978703+00:00
2026-09-11,2026-09-07,52047,DHU,L1,4,80,0,80,0.0,2026-09-10T20:25:39.978703+00:00
2026-09-11,2026-09-07,52047,DHU,L2,4,140,0,140,0.0,2026-09-10T20:25:39.978703+00:00
2026-09-11,2026-09-07,52047,DHU,L3,4,104,0,104,0.0,2026-09-10T20:25:39.978703+00:00
2026-09-11,2026-09-07,52047,DPP,L1,16,320,320,0,100.0,2026-09-10T20:25:39.978703+00:00
2026-09-11,2026-09-07,52047,DPP,L2,16,560,0,560,0.0,2026-09-10T20:25:39.978703+00:00
2026-09-11,2026-09-07,52047,DPP,L3,16,416,0,416,0.0,2026-09-10T20:25:39.978703+00:00
2026-09-11,2026-09-07,52047,DSG,L1,8,160,160,0,100.0,2026-09-10T20:25:39.978703+00:00
2026-09-11,2026-09-07,52047,DSG,L2,8,280,56,224,20.0,2026-09-10T20:25:39.978703+00:00
2026-09-11,2026-09-07,52047,DSG,L3,8,208,0,208,0.0,2026-09-10T20:25:39.978703+00:00
2026-09-11,2026-09-07,52047,ELP,L1,4,80,80,0,100.0,2026-09-10T20:25:39.978703+00:00
2026-09-11,2026-09-07,52047,ELP,L2,4,140,0,140,0.0,2026-09-10T20:25:39.978703+00:00
2026-09-11,2026-09-07,52047,ELP,L3,4,104,0,104,0.0,2026-09-10T20:25:39.978703+00:00
2026-09-11,2026-09-07,52047,EPP,L1,4,80,80,0,100.0,2026-09-10T20:25:39.978703+00:00
2026-09-11,2026-09-07,52047,EPP,L2,4,140,0,140,0.0,2026-09-10T20:25:39.978703+00:00
2026-09-11,2026-09-07,52047,EPP,L3,4,104,0,104,0.0,2026-09-10T20:25:39.978703+00:00
2026-09-11,2026-09-07,52047,EXF,L1,8,160,0,160,0.0,2026-09-10T20:25:39.978703+00:00
2026-09-11,2026-09-07,52047,EXF,L2,8,280,0,280,0.0,2026-09-10T20:25:39.978703+00:00
2026-09-11,2026-09-07,52047,EXF,L3,8,208,0,208,0.0,2026-09-10T20:25:39.978703+00:00
2026-09-11,2026-09-07,52047,EXP,L1,4,80,0,80,0.0,2026-09-10T20:25:39.978703+00:00
2026-09-11,2026-09-07,52047,EXP,L2,4,140,0,140,0.0,2026-09-10T20:25:39.978703+00:00
2026-09-11,2026-09-07,52047,EXP,L3,4,104,0,104,0.0,2026-09-10T20:25:39.978703+00:00
2026-09-11,2026-09-07,52047,FWU,L1,16,320,320,0,100.0,2026-09-10T20:25:39.978703+00:00
2026-09-11,2026-09-07,52047,FWU,L2,16,560,0,560,0.0,2026-09-10T20:25:39.978703+00:00
2026-09-11,2026-09-07,52047,FWU,L3,16,416,0,416,0.0,2026-09-10T20:25:39.978703+00:00
2026-09-11,2026-09-07,52047,GDS,L1,1,20,0,20,0.0,2026-09-10T20:25:39.978703+00:00
2026-09-11,2026-09-07,52047,GDS,L2,1,35,0,35,0.0,2026-09-10T20:25:39.978703+00:00
2026-09-11,2026-09-07,52047,GDS,L3,1,26,0,26,0.0,2026-09-10T20:25:39.978703+00:00
2026-09-11,2026-09-07,52047,GDT,L1,8,160,160,0,100.0,2026-09-10T20:25:39.978703+00:00
2026-09-11,2026-09-07,52047,GDT,L2,8,280,0,280,0.0,2026-09-10T20:25:39.978703+00:00
2026-09-11,2026-09-07,52047,GDT,L3,8,208,0,208,0.0,2026-09-10T20:25:39.978703+00:00
2026-09-11,2026-09-07,52047,GEN,L1,8,160,160,0,100.0,2026-09-10T20:25:39.978703+00:00
2026-09-11,2026-09-07,52047,GEN,L2,8,280,0,280,0.0,2026-09-10T20:25:39.978703+00:00
2026-09-11,2026-09-07,52047,GEN,L3,8,208,0,208,0.0,2026-09-10T20:25:39.978703+00:00
2026-09-11,2026-09-07,52047,GSB,L1,8,160,152,8,95.0,2026-09-10T20:25:39.978703+00:00
2026-09-11,2026-09-07,52047,GSB,L2,8,280,0,280,0.0,2026-09-10T20:25:39.978703+00:00
2026-09-11,2026-09-07,52047,GSB,L3,8,208,0,208,0.0,2026-09-10T20:25:39.978703+00:00
2026-09-11,2026-09-07,52047,MBC,L1,8,160,160,0,100.0,2026-09-10T20:25:39.978703+00:00
2026-09-11,2026-09-07,52047,MBC,L2,8,280,0,280,0.0,2026-09-10T20:25:39.978703+00:00
2026-09-11,2026-09-07,52047,MBC,L3,8,208,0,208,0.0,2026-09-10T20:25:39.978703+00:00
2026-09-11,2026-09-07,52047,MDP,L1,11,220,220,0,100.0,2026-09-10T20:25:39.978703+00:00
2026-09-11,2026-09-07,52047,MDP,L2,11,385,7,378,1.82,2026-09-10T20:25:39.978703+00:00
2026-09-11,2026-09-07,52047,MDP,L3,11,286,0,286,0.0,2026-09-10T20:25:39.978703+00:00
2026-09-11,2026-09-07,52047,MSB,L1,10,200,200,0,100.0,2026-09-10T20:25:39.978703+00:00
2026-09-11,2026-09-07,52047,MSB,L2,10,350,0,350,0.0,2026-09-10T20:25:39.978703+00:00
2026-09-11,2026-09-07,52047,MSB,L3,10,260,0,260,0.0,2026-09-10T20:25:39.978703+00:00
2026-09-11,2026-09-07,52047,MUP,L1,4,80,0,80,0.0,2026-09-10T20:25:39.978703+00:00
2026-09-11,2026-09-07,52047,MUP,L2,4,140,0,140,0.0,2026-09-10T20:25:39.978703+00:00
2026-09-11,2026-09-07,52047,MUP,L3,4,104,0,104,0.0,2026-09-10T20:25:39.978703+00:00
2026-09-11,2026-09-07,52047,PAC,L1,2,40,0,40,0.0,2026-09-10T20:25:39.978703+00:00
2026-09-11,2026-09-07,52047,PAC,L2,2,70,0,70,0.0,2026-09-10T20:25:39.978703+00:00
2026-09-11,2026-09-07,52047,PAC,L3,2,52,0,52,0.0,2026-09-10T20:25:39.978703+00:00
2026-09-11,2026-09-07,52047,PAS,L1,6,120,0,120,0.0,2026-09-10T20:25:39.978703+00:00
2026-09-11,2026-09-07,52047,PAS,L2,6,210,0,210,0.0,2026-09-10T20:25:39.978703+00:00
2026-09-11,2026-09-07,52047,PAS,L3,6,156,0,156,0.0,2026-09-10T20:25:39.978703+00:00
2026-09-11,2026-09-07,52047,RPP,L1,16,320,0,320,0.0,2026-09-10T20:25:39.978703+00:00
2026-09-11,2026-09-07,52047,RPP,L2,16,560,0,560,0.0,2026-09-10T20:25:39.978703+00:00
2026-09-11,2026-09-07,52047,RPP,L3,16,416,0,416,0.0,2026-09-10T20:25:39.978703+00:00
2026-09-11,2026-09-07,52047,TES,L1,12,240,0,240,0.0,2026-09-10T20:25:39.978703+00:00
2026-09-11,2026-09-07,52047,TES,L2,12,420,0,420,0.0,2026-09-10T20:25:39.978703+00:00
2026-09-11,2026-09-07,52047,TES,L3,12,312,0,312,0.0,2026-09-10T20:25:39.978703+00:00
2026-09-11,2026-09-07,52047,TRN,L1,8,160,160,0,100.0,2026-09-10T20:25:39.978703+00:00
2026-09-11,2026-09-07,52047,TRN,L2,8,280,56,224,20.0,2026-09-10T20:25:39.978703+00:00
2026-09-11,2026-09-07,52047,TRN,L3,8,208,0,208,0.0,2026-09-10T20:25:39.978703+00:00
2026-09-11,2026-09-07,52047,UDP,L1,6,120,119,1,99.17,2026-09-10T20:25:39.978703+00:00
2026-09-11,2026-09-07,52047,UDP,L2,6,210,0,210,0.0,2026-09-10T20:25:39.978703+00:00
2026-09-11,2026-09-07,52047,UDP,L3,6,156,0,156,0.0,2026-09-10T20:25:39.978703+00:00
2026-09-11,2026-09-07,52047,UMP,L1,2,40,40,0,100.0,2026-09-10T20:25:39.978703+00:00
2026-09-11,2026-09-07,52047,UMP,L2,2,70,0,70,0.0,2026-09-10T20:25:39.978703+00:00
2026-09-11,2026-09-07,52047,UMP,L3,2,52,0,52,0.0,2026-09-10T20:25:39.978703+00:00
2026-09-11,2026-09-07,52047,UPB,L1,8,160,160,0,100.0,2026-09-10T20:25:39.978703+00:00
2026-09-11,2026-09-07,52047,UPB,L2,8,280,0,280,0.0,2026-09-10T20:25:39.978703+00:00
2026-09-11,2026-09-07,52047,UPB,L3,8,208,0,208,0.0,2026-09-10T20:25:39.978703+00:00
2026-09-11,2026-09-07,52047,UPP,L1,2,40,40,0,100.0,2026-09-10T20:25:39.978703+00:00
2026-09-11,2026-09-07,52047,UPP,L2,2,70,0,70,0.0,2026-09-10T20:25:39.978703+00:00
2026-09-11,2026-09-07,52047,UPP,L3,2,52,0,52,0.0,2026-09-10T20:25:39.978703+00:00
2026-09-11,2026-09-07,52047,UPS,L1,8,160,148,12,92.5,2026-09-10T20:25:39.978703+00:00
2026-09-11,2026-09-07,52047,UPS,L2,8,280,0,280,0.0,2026-09-10T20:25:39.978703+00:00
2026-09-11,2026-09-07,52047,UPS,L3,8,208,0,208,0.0,2026-09-10T20:25:39.978703+00:00
2026-09-11,2026-09-07,52047,VES,L1,32,640,147,493,22.97,2026-09-10T20:25:39.978703+00:00
2026-09-11,2026-09-07,52047,VES,L2,32,1120,0,1120,0.0,2026-09-10T20:25:39.978703+00:00
2026-09-11,2026-09-07,52047,VES,L3,32,832,0,832,0.0,2026-09-10T20:25:39.978703+00:00
2026-09-11,2026-09-07,52047,VRF,L1,4,80,0,80,0.0,2026-09-10T20:25:39.978703+00:00
2026-09-11,2026-09-07,52047,VRF,L2,4,140,0,140,0.0,2026-09-10T20:25:39.978703+00:00
2026-09-11,2026-09-07,52047,VRF,L3,4,104,0,104,0.0,2026-09-10T20:25:39.978703+00:00
2026-09-11,2026-09-07,52048,ACS,L1,41,820,0,820,0.0,2026-09-10T20:25:39.978703+00:00
2026-09-11,2026-09-07,52048,ACS,L2,41,1435,0,1435,0.0,2026-09-10T20:25:39.978703+00:00
2026-09-11,2026-09-07,52048,ACS,L3,41,1066,0,1066,0.0,2026-09-10T20:25:39.978703+00:00
2026-09-11,2026-09-07,52048,AIS,L1,4,80,0,80,0.0,2026-09-10T20:25:39.978703+00:00
2026-09-11,2026-09-07,52048,AIS,L2,4,140,0,140,0.0,2026-09-10T20:25:39.978703+00:00
2026-09-11,2026-09-07,52048,AIS,L3,4,104,0,104,0.0,2026-09-10T20:25:39.978703+00:00
2026-09-11,2026-09-07,52048,ATS,L1,5,100,100,0,100.0,2026-09-10T20:25:39.978703+00:00
2026-09-11,2026-09-07,52048,ATS,L2,5,175,0,175,0.0,2026-09-10T20:25:39.978703+00:00
2026-09-11,2026-09-07,52048,ATS,L3,5,130,0,130,0.0,2026-09-10T20:25:39.978703+00:00
2026-09-11,2026-09-07,52048,BMP,L1,13,260,0,260,0.0,2026-09-10T20:25:39.978703+00:00
2026-09-11,2026-09-07,52048,BMP,L2,13,455,0,455,0.0,2026-09-10T20:25:39.978703+00:00
2026-09-11,2026-09-07,52048,BMP,L3,13,338,0,338,0.0,2026-09-10T20:25:39.978703+00:00
2026-09-11,2026-09-07,52048,BSW,L1,77,1540,0,1540,0.0,2026-09-10T20:25:39.978703+00:00
2026-09-11,2026-09-07,52048,BSW,L2,77,2695,0,2695,0.0,2026-09-10T20:25:39.978703+00:00
2026-09-11,2026-09-07,52048,BSW,L3,77,2002,0,2002,0.0,2026-09-10T20:25:39.978703+00:00
2026-09-11,2026-09-07,52048,CDU,L1,12,240,0,240,0.0,2026-09-10T20:25:39.978703+00:00
2026-09-11,2026-09-07,52048,CDU,L2,12,420,0,420,0.0,2026-09-10T20:25:39.978703+00:00
2026-09-11,2026-09-07,52048,CDU,L3,12,312,0,312,0.0,2026-09-10T20:25:39.978703+00:00
2026-09-11,2026-09-07,52048,CRA,L1,30,600,573,27,95.5,2026-09-10T20:25:39.978703+00:00
2026-09-11,2026-09-07,52048,CRA,L2,30,1050,0,1050,0.0,2026-09-10T20:25:39.978703+00:00
2026-09-11,2026-09-07,52048,CRA,L3,30,780,0,780,0.0,2026-09-10T20:25:39.978703+00:00
2026-09-11,2026-09-07,52048,CTS,L1,4,80,0,80,0.0,2026-09-10T20:25:39.978703+00:00
2026-09-11,2026-09-07,52048,CTS,L2,4,140,0,140,0.0,2026-09-10T20:25:39.978703+00:00
2026-09-11,2026-09-07,52048,CTS,L3,4,104,0,104,0.0,2026-09-10T20:25:39.978703+00:00
2026-09-11,2026-09-07,52048,DHU,L1,4,80,0,80,0.0,2026-09-10T20:25:39.978703+00:00
2026-09-11,2026-09-07,52048,DHU,L2,4,140,0,140,0.0,2026-09-10T20:25:39.978703+00:00
2026-09-11,2026-09-07,52048,DHU,L3,4,104,0,104,0.0,2026-09-10T20:25:39.978703+00:00
2026-09-11,2026-09-07,52048,DPP,L1,14,280,280,0,100.0,2026-09-10T20:25:39.978703+00:00
2026-09-11,2026-09-07,52048,DPP,L2,14,490,0,490,0.0,2026-09-10T20:25:39.978703+00:00
2026-09-11,2026-09-07,52048,DPP,L3,14,364,0,364,0.0,2026-09-10T20:25:39.978703+00:00
2026-09-11,2026-09-07,52048,DSG,L1,7,140,140,0,100.0,2026-09-10T20:25:39.978703+00:00
2026-09-11,2026-09-07,52048,DSG,L2,7,245,49,196,20.0,2026-09-10T20:25:39.978703+00:00
2026-09-11,2026-09-07,52048,DSG,L3,7,182,0,182,0.0,2026-09-10T20:25:39.978703+00:00
2026-09-11,2026-09-07,52048,ELP,L1,8,160,160,0,100.0,2026-09-10T20:25:39.978703+00:00
2026-09-11,2026-09-07,52048,ELP,L2,8,280,0,280,0.0,2026-09-10T20:25:39.978703+00:00
2026-09-11,2026-09-07,52048,ELP,L3,8,208,0,208,0.0,2026-09-10T20:25:39.978703+00:00
2026-09-11,2026-09-07,52048,EPP,L1,8,160,160,0,100.0,2026-09-10T20:25:39.978703+00:00
2026-09-11,2026-09-07,52048,EPP,L2,8,280,0,280,0.0,2026-09-10T20:25:39.978703+00:00
2026-09-11,2026-09-07,52048,EPP,L3,8,208,0,208,0.0,2026-09-10T20:25:39.978703+00:00
2026-09-11,2026-09-07,52048,EXF,L1,7,140,0,140,0.0,2026-09-10T20:25:39.978703+00:00
2026-09-11,2026-09-07,52048,EXF,L2,7,245,0,245,0.0,2026-09-10T20:25:39.978703+00:00
2026-09-11,2026-09-07,52048,EXF,L3,7,182,0,182,0.0,2026-09-10T20:25:39.978703+00:00
2026-09-11,2026-09-07,52048,EXP,L1,4,80,0,80,0.0,2026-09-10T20:25:39.978703+00:00
2026-09-11,2026-09-07,52048,EXP,L2,4,140,0,140,0.0,2026-09-10T20:25:39.978703+00:00
2026-09-11,2026-09-07,52048,EXP,L3,4,104,0,104,0.0,2026-09-10T20:25:39.978703+00:00
2026-09-11,2026-09-07,52048,GDS,L1,1,20,0,20,0.0,2026-09-10T20:25:39.978703+00:00
2026-09-11,2026-09-07,52048,GDS,L2,1,35,0,35,0.0,2026-09-10T20:25:39.978703+00:00
2026-09-11,2026-09-07,52048,GDS,L3,1,26,0,26,0.0,2026-09-10T20:25:39.978703+00:00
2026-09-11,2026-09-07,52048,GDT,L1,7,140,140,0,100.0,2026-09-10T20:25:39.978703+00:00
2026-09-11,2026-09-07,52048,GDT,L2,7,245,0,245,0.0,2026-09-10T20:25:39.978703+00:00
2026-09-11,2026-09-07,52048,GDT,L3,7,182,0,182,0.0,2026-09-10T20:25:39.978703+00:00
2026-09-11,2026-09-07,52048,GEN,L1,7,140,140,0,100.0,2026-09-10T20:25:39.978703+00:00
2026-09-11,2026-09-07,52048,GEN,L2,7,245,0,245,0.0,2026-09-10T20:25:39.978703+00:00
2026-09-11,2026-09-07,52048,GEN,L3,7,182,0,182,0.0,2026-09-10T20:25:39.978703+00:00
2026-09-11,2026-09-07,52048,GSB,L1,7,140,68,72,48.57,2026-09-10T20:25:39.978703+00:00
2026-09-11,2026-09-07,52048,GSB,L2,7,245,0,245,0.0,2026-09-10T20:25:39.978703+00:00
2026-09-11,2026-09-07,52048,GSB,L3,7,182,0,182,0.0,2026-09-10T20:25:39.978703+00:00
2026-09-11,2026-09-07,52048,MBC,L1,7,140,140,0,100.0,2026-09-10T20:25:39.978703+00:00
2026-09-11,2026-09-07,52048,MBC,L2,7,245,0,245,0.0,2026-09-10T20:25:39.978703+00:00
2026-09-11,2026-09-07,52048,MBC,L3,7,182,0,182,0.0,2026-09-10T20:25:39.978703+00:00
2026-09-11,2026-09-07,52048,MDP,L1,11,220,220,0,100.0,2026-09-10T20:25:39.978703+00:00
2026-09-11,2026-09-07,52048,MDP,L2,11,385,0,385,0.0,2026-09-10T20:25:39.978703+00:00
2026-09-11,2026-09-07,52048,MDP,L3,11,286,0,286,0.0,2026-09-10T20:25:39.978703+00:00
2026-09-11,2026-09-07,52048,MSB,L1,13,260,260,0,100.0,2026-09-10T20:25:39.978703+00:00
2026-09-11,2026-09-07,52048,MSB,L2,13,455,0,455,0.0,2026-09-10T20:25:39.978703+00:00
2026-09-11,2026-09-07,52048,MSB,L3,13,338,0,338,0.0,2026-09-10T20:25:39.978703+00:00
2026-09-11,2026-09-07,52048,MUP,L1,4,80,0,80,0.0,2026-09-10T20:25:39.978703+00:00
2026-09-11,2026-09-07,52048,MUP,L2,4,140,0,140,0.0,2026-09-10T20:25:39.978703+00:00
2026-09-11,2026-09-07,52048,MUP,L3,4,104,0,104,0.0,2026-09-10T20:25:39.978703+00:00
2026-09-11,2026-09-07,52048,PAC,L1,2,40,0,40,0.0,2026-09-10T20:25:39.978703+00:00
2026-09-11,2026-09-07,52048,PAC,L2,2,70,0,70,0.0,2026-09-10T20:25:39.978703+00:00
2026-09-11,2026-09-07,52048,PAC,L3,2,52,0,52,0.0,2026-09-10T20:25:39.978703+00:00
2026-09-11,2026-09-07,52048,PAS,L1,6,120,0,120,0.0,2026-09-10T20:25:39.978703+00:00
2026-09-11,2026-09-07,52048,PAS,L2,6,210,0,210,0.0,2026-09-10T20:25:39.978703+00:00
2026-09-11,2026-09-07,52048,PAS,L3,6,156,0,156,0.0,2026-09-10T20:25:39.978703+00:00
2026-09-11,2026-09-07,52048,RPP,L1,16,320,0,320,0.0,2026-09-10T20:25:39.978703+00:00
2026-09-11,2026-09-07,52048,RPP,L2,16,560,0,560,0.0,2026-09-10T20:25:39.978703+00:00
2026-09-11,2026-09-07,52048,RPP,L3,16,416,0,416,0.0,2026-09-10T20:25:39.978703+00:00
2026-09-11,2026-09-07,52048,TES,L1,12,240,0,240,0.0,2026-09-10T20:25:39.978703+00:00
2026-09-11,2026-09-07,52048,TES,L2,12,420,0,420,0.0,2026-09-10T20:25:39.978703+00:00
2026-09-11,2026-09-07,52048,TES,L3,12,312,0,312,0.0,2026-09-10T20:25:39.978703+00:00
2026-09-11,2026-09-07,52048,TRN,L1,7,140,140,0,100.0,2026-09-10T20:25:39.978703+00:00
2026-09-11,2026-09-07,52048,TRN,L2,7,245,49,196,20.0,2026-09-10T20:25:39.978703+00:00
2026-09-11,2026-09-07,52048,TRN,L3,7,182,14,168,7.69,2026-09-10T20:25:39.978703+00:00
2026-09-11,2026-09-07,52048,UDP,L1,6,120,120,0,100.0,2026-09-10T20:25:39.978703+00:00
2026-09-11,2026-09-07,52048,UDP,L2,6,210,0,210,0.0,2026-09-10T20:25:39.978703+00:00
2026-09-11,2026-09-07,52048,UDP,L3,6,156,0,156,0.0,2026-09-10T20:25:39.978703+00:00
2026-09-11,2026-09-07,52048,UMP,L1,1,20,20,0,100.0,2026-09-10T20:25:39.978703+00:00
2026-09-11,2026-09-07,52048,UMP,L2,1,35,0,35,0.0,2026-09-10T20:25:39.978703+00:00
2026-09-11,2026-09-07,52048,UMP,L3,1,26,0,26,0.0,2026-09-10T20:25:39.978703+00:00
2026-09-11,2026-09-07,52048,UPB,L1,7,140,0,140,0.0,2026-09-10T20:25:39.978703+00:00
2026-09-11,2026-09-07,52048,UPB,L2,7,245,0,245,0.0,2026-09-10T20:25:39.978703+00:00
2026-09-11,2026-09-07,52048,UPB,L3,7,182,0,182,0.0,2026-09-10T20:25:39.978703+00:00
2026-09-11,2026-09-07,52048,UPP,L1,8,160,140,20,87.5,2026-09-10T20:25:39.978703+00:00
2026-09-11,2026-09-07,52048,UPP,L2,8,280,0,280,0.0,2026-09-10T20:25:39.978703+00:00
2026-09-11,2026-09-07,52048,UPP,L3,8,208,0,208,0.0,2026-09-10T20:25:39.978703+00:00
2026-09-11,2026-09-07,52048,UPS,L1,7,140,42,98,30.0,2026-09-10T20:25:39.978703+00:00
2026-09-11,2026-09-07,52048,UPS,L2,7,245,0,245,0.0,2026-09-10T20:25:39.978703+00:00
2026-09-11,2026-09-07,52048,UPS,L3,7,182,0,182,0.0,2026-09-10T20:25:39.978703+00:00
2026-09-11,2026-09-07,52048,VES,L1,31,620,0,620,0.0,2026-09-10T20:25:39.978703+00:00
2026-09-11,2026-09-07,52048,VES,L2,31,1085,0,1085,0.0,2026-09-10T20:25:39.978703+00:00
2026-09-11,2026-09-07,52048,VES,L3,31,806,0,806,0.0,2026-09-10T20:25:39.978703+00:00
2026-09-11,2026-09-07,52048,VRF,L1,4,80,0,80,0.0,2026-09-10T20:25:39.978703+00:00
2026-09-11,2026-09-07,52048,VRF,L2,4,140,0,140,0.0,2026-09-10T20:25:39.978703+00:00
2026-09-11,2026-09-07,52048,VRF,L3,4,104,0,104,0.0,2026-09-10T20:25:39.978703+00:00
2026-09-12,2026-09-07,39282,ACS,L1,98,1989,1408,581,70.79,2026-09-11T20:26:01.488948+00:00
2026-09-12,2026-09-07,39282,ACS,L2,98,3430,1249,2181,36.41,2026-09-11T20:26:01.488948+00:00
2026-09-12,2026-09-07,39282,ACS,L3,98,2548,0,2548,0.0,2026-09-11T20:26:01.488948+00:00
2026-09-12,2026-09-07,39282,AHU,L1,7,147,147,0,100.0,2026-09-11T20:26:01.488948+00:00
2026-09-12,2026-09-07,39282,AHU,L2,7,245,0,245,0.0,2026-09-11T20:26:01.488948+00:00
2026-09-12,2026-09-07,39282,AHU,L3,7,182,0,182,0.0,2026-09-11T20:26:01.488948+00:00
2026-09-12,2026-09-07,39282,AIS,L1,6,122,42,80,34.43,2026-09-11T20:26:01.488948+00:00
2026-09-12,2026-09-07,39282,AIS,L2,6,210,0,210,0.0,2026-09-11T20:26:01.488948+00:00
2026-09-12,2026-09-07,39282,AIS,L3,6,156,0,156,0.0,2026-09-11T20:26:01.488948+00:00
2026-09-12,2026-09-07,39282,BMP,L1,26,528,434,94,82.2,2026-09-11T20:26:01.488948+00:00
2026-09-12,2026-09-07,39282,BMP,L2,26,1222,657,565,53.76,2026-09-11T20:26:01.488948+00:00
2026-09-12,2026-09-07,39282,BMP,L3,26,676,56,620,8.28,2026-09-11T20:26:01.488948+00:00
2026-09-12,2026-09-07,39282,BSW,L1,56,1120,480,640,42.86,2026-09-11T20:26:01.488948+00:00
2026-09-12,2026-09-07,39282,BSW,L2,56,1960,840,1120,42.86,2026-09-11T20:26:01.488948+00:00
2026-09-12,2026-09-07,39282,BSW,L3,56,1456,0,1456,0.0,2026-09-11T20:26:01.488948+00:00
2026-09-12,2026-09-07,39282,CDU,L1,12,240,234,6,97.5,2026-09-11T20:26:01.488948+00:00
2026-09-12,2026-09-07,39282,CDU,L2,12,420,0,420,0.0,2026-09-11T20:26:01.488948+00:00
2026-09-12,2026-09-07,39282,CDU,L3,12,312,0,312,0.0,2026-09-11T20:26:01.488948+00:00
2026-09-12,2026-09-07,39282,CHL,L1,8,168,168,0,100.0,2026-09-11T20:26:01.488948+00:00
2026-09-12,2026-09-07,39282,CHL,L2,8,280,83,197,29.64,2026-09-11T20:26:01.488948+00:00
2026-09-12,2026-09-07,39282,CHL,L3,8,208,0,208,0.0,2026-09-11T20:26:01.488948+00:00
2026-09-12,2026-09-07,39282,CHP,L1,8,168,168,0,100.0,2026-09-11T20:26:01.488948+00:00
2026-09-12,2026-09-07,39282,CHP,L2,8,280,34,246,12.14,2026-09-11T20:26:01.488948+00:00
2026-09-12,2026-09-07,39282,CHP,L3,8,208,0,208,0.0,2026-09-11T20:26:01.488948+00:00
2026-09-12,2026-09-07,39282,CRA,L1,28,560,554,6,98.93,2026-09-11T20:26:01.488948+00:00
2026-09-12,2026-09-07,39282,CRA,L2,28,980,0,980,0.0,2026-09-11T20:26:01.488948+00:00
2026-09-12,2026-09-07,39282,CRA,L3,28,728,0,728,0.0,2026-09-11T20:26:01.488948+00:00
2026-09-12,2026-09-07,39282,CTS,L1,6,120,25,95,20.83,2026-09-11T20:26:01.488948+00:00
2026-09-12,2026-09-07,39282,CTS,L2,6,210,0,210,0.0,2026-09-11T20:26:01.488948+00:00
2026-09-12,2026-09-07,39282,CTS,L3,6,156,0,156,0.0,2026-09-11T20:26:01.488948+00:00
2026-09-12,2026-09-07,39282,DPP,L1,54,1104,1044,60,94.57,2026-09-11T20:26:01.488948+00:00
2026-09-12,2026-09-07,39282,DPP,L2,54,2080,755,1325,36.3,2026-09-11T20:26:01.488948+00:00
2026-09-12,2026-09-07,39282,DPP,L3,54,1404,0,1404,0.0,2026-09-11T20:26:01.488948+00:00
2026-09-12,2026-09-07,39282,DSG,L1,8,168,168,0,100.0,2026-09-11T20:26:01.488948+00:00
2026-09-12,2026-09-07,39282,DSG,L2,8,592,592,0,100.0,2026-09-11T20:26:01.488948+00:00
2026-09-12,2026-09-07,39282,DSG,L3,8,208,6,202,2.88,2026-09-11T20:26:01.488948+00:00
2026-09-12,2026-09-07,39282,EPP,L1,8,164,164,0,100.0,2026-09-11T20:26:01.488948+00:00
2026-09-12,2026-09-07,39282,EPP,L2,8,363,231,132,63.64,2026-09-11T20:26:01.488948+00:00
2026-09-12,2026-09-07,39282,EPP,L3,8,208,0,208,0.0,2026-09-11T20:26:01.488948+00:00
2026-09-12,2026-09-07,39282,EXF,L1,20,400,365,35,91.25,2026-09-11T20:26:01.488948+00:00
2026-09-12,2026-09-07,39282,EXF,L2,20,700,0,700,0.0,2026-09-11T20:26:01.488948+00:00
2026-09-12,2026-09-07,39282,EXF,L3,20,520,0,520,0.0,2026-09-11T20:26:01.488948+00:00
2026-09-12,2026-09-07,39282,EXP,L1,6,122,42,80,34.43,2026-09-11T20:26:01.488948+00:00
2026-09-12,2026-09-07,39282,EXP,L2,6,210,0,210,0.0,2026-09-11T20:26:01.488948+00:00
2026-09-12,2026-09-07,39282,EXP,L3,6,156,0,156,0.0,2026-09-11T20:26:01.488948+00:00
2026-09-12,2026-09-07,39282,FWU,L1,16,336,321,15,95.54,2026-09-11T20:26:01.488948+00:00
2026-09-12,2026-09-07,39282,FWU,L2,16,560,0,560,0.0,2026-09-11T20:26:01.488948+00:00
2026-09-12,2026-09-07,39282,FWU,L3,16,416,0,416,0.0,2026-09-11T20:26:01.488948+00:00
2026-09-12,2026-09-07,39282,GDS,L1,2,40,0,40,0.0,2026-09-11T20:26:01.488948+00:00
2026-09-12,2026-09-07,39282,GDS,L2,2,70,0,70,0.0,2026-09-11T20:26:01.488948+00:00
2026-09-12,2026-09-07,39282,GDS,L3,2,52,0,52,0.0,2026-09-11T20:26:01.488948+00:00
2026-09-12,2026-09-07,39282,GDT,L1,8,168,168,0,100.0,2026-09-11T20:26:01.488948+00:00
2026-09-12,2026-09-07,39282,GDT,L2,8,280,279,1,99.64,2026-09-11T20:26:01.488948+00:00
2026-09-12,2026-09-07,39282,GDT,L3,8,208,0,208,0.0,2026-09-11T20:26:01.488948+00:00
2026-09-12,2026-09-07,39282,GEN,L1,8,168,168,0,100.0,2026-09-11T20:26:01.488948+00:00
2026-09-12,2026-09-07,39282,GEN,L2,8,320,320,0,100.0,2026-09-11T20:26:01.488948+00:00
2026-09-12,2026-09-07,39282,GEN,L3,8,208,1,207,0.48,2026-09-11T20:26:01.488948+00:00
2026-09-12,2026-09-07,39282,GSB,L1,8,168,168,0,100.0,2026-09-11T20:26:01.488948+00:00
2026-09-12,2026-09-07,39282,GSB,L2,8,320,320,0,100.0,2026-09-11T20:26:01.488948+00:00
2026-09-12,2026-09-07,39282,GSB,L3,8,208,0,208,0.0,2026-09-11T20:26:01.488948+00:00
2026-09-12,2026-09-07,39282,LBG,L1,1,21,21,0,100.0,2026-09-11T20:26:01.488948+00:00
2026-09-12,2026-09-07,39282,LBG,L2,1,35,35,0,100.0,2026-09-11T20:26:01.488948+00:00
2026-09-12,2026-09-07,39282,LBG,L3,1,26,10,16,38.46,2026-09-11T20:26:01.488948+00:00
2026-09-12,2026-09-07,39282,MBC,L1,16,336,336,0,100.0,2026-09-11T20:26:01.488948+00:00
2026-09-12,2026-09-07,39282,MBC,L2,16,674,433,241,64.24,2026-09-11T20:26:01.488948+00:00
2026-09-12,2026-09-07,39282,MBC,L3,16,416,7,409,1.68,2026-09-11T20:26:01.488948+00:00
2026-09-12,2026-09-07,39282,MDP,L1,14,293,271,22,92.49,2026-09-11T20:26:01.488948+00:00
2026-09-12,2026-09-07,39282,MDP,L2,14,793,612,181,77.18,2026-09-11T20:26:01.488948+00:00
2026-09-12,2026-09-07,39282,MDP,L3,14,364,7,357,1.92,2026-09-11T20:26:01.488948+00:00
2026-09-12,2026-09-07,39282,MSB,L1,10,210,210,0,100.0,2026-09-11T20:26:01.488948+00:00
2026-09-12,2026-09-07,39282,MSB,L2,10,672,671,1,99.85,2026-09-11T20:26:01.488948+00:00
2026-09-12,2026-09-07,39282,MSB,L3,10,260,56,204,21.54,2026-09-11T20:26:01.488948+00:00
2026-09-12,2026-09-07,39282,MUP,L1,4,80,0,80,0.0,2026-09-11T20:26:01.488948+00:00
2026-09-12,2026-09-07,39282,MUP,L2,4,140,0,140,0.0,2026-09-11T20:26:01.488948+00:00
2026-09-12,2026-09-07,39282,MUP,L3,4,104,0,104,0.0,2026-09-11T20:26:01.488948+00:00
2026-09-12,2026-09-07,39282,OAF,L1,30,630,630,0,100.0,2026-09-11T20:26:01.488948+00:00
2026-09-12,2026-09-07,39282,OAF,L2,30,1050,108,942,10.29,2026-09-11T20:26:01.488948+00:00
2026-09-12,2026-09-07,39282,OAF,L3,30,780,0,780,0.0,2026-09-11T20:26:01.488948+00:00
2026-09-12,2026-09-07,39282,PAC,L1,4,84,84,0,100.0,2026-09-11T20:26:01.488948+00:00
2026-09-12,2026-09-07,39282,PAC,L2,4,140,0,140,0.0,2026-09-11T20:26:01.488948+00:00
2026-09-12,2026-09-07,39282,PAC,L3,4,104,0,104,0.0,2026-09-11T20:26:01.488948+00:00
2026-09-12,2026-09-07,39282,PAS,L1,8,168,168,0,100.0,2026-09-11T20:26:01.488948+00:00
2026-09-12,2026-09-07,39282,PAS,L2,8,280,0,280,0.0,2026-09-11T20:26:01.488948+00:00
2026-09-12,2026-09-07,39282,PAS,L3,8,208,0,208,0.0,2026-09-11T20:26:01.488948+00:00
2026-09-12,2026-09-07,39282,PLC,L1,1,20,19,1,95.0,2026-09-11T20:26:01.488948+00:00
2026-09-12,2026-09-07,39282,PLC,L2,1,35,0,35,0.0,2026-09-11T20:26:01.488948+00:00
2026-09-12,2026-09-07,39282,PLC,L3,1,26,0,26,0.0,2026-09-11T20:26:01.488948+00:00
2026-09-12,2026-09-07,39282,RPP,L1,16,320,320,0,100.0,2026-09-11T20:26:01.488948+00:00
2026-09-12,2026-09-07,39282,RPP,L2,16,560,0,560,0.0,2026-09-11T20:26:01.488948+00:00
2026-09-12,2026-09-07,39282,RPP,L3,16,416,0,416,0.0,2026-09-11T20:26:01.488948+00:00
2026-09-12,2026-09-07,39282,STS,L1,24,480,480,0,100.0,2026-09-11T20:26:01.488948+00:00
2026-09-12,2026-09-07,39282,STS,L2,24,840,7,833,0.83,2026-09-11T20:26:01.488948+00:00
2026-09-12,2026-09-07,39282,STS,L3,24,624,0,624,0.0,2026-09-11T20:26:01.488948+00:00
2026-09-12,2026-09-07,39282,TES,L1,18,360,120,240,33.33,2026-09-11T20:26:01.488948+00:00
2026-09-12,2026-09-07,39282,TES,L2,18,630,0,630,0.0,2026-09-11T20:26:01.488948+00:00
2026-09-12,2026-09-07,39282,TES,L3,18,468,0,468,0.0,2026-09-11T20:26:01.488948+00:00
2026-09-12,2026-09-07,39282,TRN,L1,8,168,168,0,100.0,2026-09-11T20:26:01.488948+00:00
2026-09-12,2026-09-07,39282,TRN,L2,8,320,320,0,100.0,2026-09-11T20:26:01.488948+00:00
2026-09-12,2026-09-07,39282,TRN,L3,8,208,0,208,0.0,2026-09-11T20:26:01.488948+00:00
2026-09-12,2026-09-07,39282,UDP,L1,24,480,480,0,100.0,2026-09-11T20:26:01.488948+00:00
2026-09-12,2026-09-07,39282,UDP,L2,24,840,168,672,20.0,2026-09-11T20:26:01.488948+00:00
2026-09-12,2026-09-07,39282,UDP,L3,24,624,0,624,0.0,2026-09-11T20:26:01.488948+00:00
2026-09-12,2026-09-07,39282,UPB,L1,24,480,480,0,100.0,2026-09-11T20:26:01.488948+00:00
2026-09-12,2026-09-07,39282,UPB,L2,24,840,0,840,0.0,2026-09-11T20:26:01.488948+00:00
2026-09-12,2026-09-07,39282,UPB,L3,24,624,0,624,0.0,2026-09-11T20:26:01.488948+00:00
2026-09-12,2026-09-07,39282,UPS,L1,24,480,480,0,100.0,2026-09-11T20:26:01.488948+00:00
2026-09-12,2026-09-07,39282,UPS,L2,24,840,1,839,0.12,2026-09-11T20:26:01.488948+00:00
2026-09-12,2026-09-07,39282,UPS,L3,24,624,0,624,0.0,2026-09-11T20:26:01.488948+00:00
2026-09-12,2026-09-07,39282,VES,L1,59,1180,980,200,83.05,2026-09-11T20:26:01.488948+00:00
2026-09-12,2026-09-07,39282,VES,L2,59,2065,0,2065,0.0,2026-09-11T20:26:01.488948+00:00
2026-09-12,2026-09-07,39282,VES,L3,59,1534,0,1534,0.0,2026-09-11T20:26:01.488948+00:00
2026-09-12,2026-09-07,39282,VRF,L1,15,311,311,0,100.0,2026-09-11T20:26:01.488948+00:00
2026-09-12,2026-09-07,39282,VRF,L2,15,525,289,236,55.05,2026-09-11T20:26:01.488948+00:00
2026-09-12,2026-09-07,39282,VRF,L3,15,390,0,390,0.0,2026-09-11T20:26:01.488948+00:00
2026-09-12,2026-09-07,40875,ACS,L1,89,1865,1343,522,72.01,2026-09-11T20:26:01.488948+00:00
2026-09-12,2026-09-07,40875,ACS,L2,89,3360,1888,1472,56.19,2026-09-11T20:26:01.488948+00:00
2026-09-12,2026-09-07,40875,ACS,L3,89,2314,0,2314,0.0,2026-09-11T20:26:01.488948+00:00
2026-09-12,2026-09-07,40875,AIS,L1,4,84,42,42,50.0,2026-09-11T20:26:01.488948+00:00
2026-09-12,2026-09-07,40875,AIS,L2,4,160,0,160,0.0,2026-09-11T20:26:01.488948+00:00
2026-09-12,2026-09-07,40875,AIS,L3,4,104,0,104,0.0,2026-09-11T20:26:01.488948+00:00
2026-09-12,2026-09-07,40875,BMP,L1,25,517,437,80,84.53,2026-09-11T20:26:01.488948+00:00
2026-09-12,2026-09-07,40875,BMP,L2,25,1232,610,622,49.51,2026-09-11T20:26:01.488948+00:00
2026-09-12,2026-09-07,40875,BMP,L3,25,650,0,650,0.0,2026-09-11T20:26:01.488948+00:00
2026-09-12,2026-09-07,40875,BOP,L1,7,147,147,0,100.0,2026-09-11T20:26:01.488948+00:00
2026-09-12,2026-09-07,40875,BOP,L2,7,280,0,280,0.0,2026-09-11T20:26:01.488948+00:00
2026-09-12,2026-09-07,40875,BOP,L3,7,182,0,182,0.0,2026-09-11T20:26:01.488948+00:00
2026-09-12,2026-09-07,40875,BSW,L1,39,780,460,320,58.97,2026-09-11T20:26:01.488948+00:00
2026-09-12,2026-09-07,40875,BSW,L2,39,1365,805,560,58.97,2026-09-11T20:26:01.488948+00:00
2026-09-12,2026-09-07,40875,BSW,L3,39,1014,0,1014,0.0,2026-09-11T20:26:01.488948+00:00
2026-09-12,2026-09-07,40875,CDU,L1,6,126,126,0,100.0,2026-09-11T20:26:01.488948+00:00
2026-09-12,2026-09-07,40875,CDU,L2,6,240,0,240,0.0,2026-09-11T20:26:01.488948+00:00
2026-09-12,2026-09-07,40875,CDU,L3,6,156,0,156,0.0,2026-09-11T20:26:01.488948+00:00
2026-09-12,2026-09-07,40875,CHL,L1,8,168,168,0,100.0,2026-09-11T20:26:01.488948+00:00
2026-09-12,2026-09-07,40875,CHL,L2,8,320,68,252,21.25,2026-09-11T20:26:01.488948+00:00
2026-09-12,2026-09-07,40875,CHL,L3,8,208,0,208,0.0,2026-09-11T20:26:01.488948+00:00
2026-09-12,2026-09-07,40875,CHP,L1,8,168,168,0,100.0,2026-09-11T20:26:01.488948+00:00
2026-09-12,2026-09-07,40875,CHP,L2,8,320,7,313,2.19,2026-09-11T20:26:01.488948+00:00
2026-09-12,2026-09-07,40875,CHP,L3,8,208,0,208,0.0,2026-09-11T20:26:01.488948+00:00
2026-09-12,2026-09-07,40875,CRA,L1,28,588,575,13,97.79,2026-09-11T20:26:01.488948+00:00
2026-09-12,2026-09-07,40875,CRA,L2,28,1120,85,1035,7.59,2026-09-11T20:26:01.488948+00:00
2026-09-12,2026-09-07,40875,CRA,L3,28,728,0,728,0.0,2026-09-11T20:26:01.488948+00:00
2026-09-12,2026-09-07,40875,CTS,L1,4,84,14,70,16.67,2026-09-11T20:26:01.488948+00:00
2026-09-12,2026-09-07,40875,CTS,L2,4,160,0,160,0.0,2026-09-11T20:26:01.488948+00:00
2026-09-12,2026-09-07,40875,CTS,L3,4,104,0,104,0.0,2026-09-11T20:26:01.488948+00:00
2026-09-12,2026-09-07,40875,DPP,L1,63,1291,1270,21,98.37,2026-09-11T20:26:01.488948+00:00
2026-09-12,2026-09-07,40875,DPP,L2,63,2430,1392,1038,57.28,2026-09-11T20:26:01.488948+00:00
2026-09-12,2026-09-07,40875,DPP,L3,63,1638,7,1631,0.43,2026-09-11T20:26:01.488948+00:00
2026-09-12,2026-09-07,40875,DSG,L1,8,168,168,0,100.0,2026-09-11T20:26:01.488948+00:00
2026-09-12,2026-09-07,40875,DSG,L2,8,592,592,0,100.0,2026-09-11T20:26:01.488948+00:00
2026-09-12,2026-09-07,40875,DSG,L3,8,208,48,160,23.08,2026-09-11T20:26:01.488948+00:00
2026-09-12,2026-09-07,40875,EPP,L1,9,185,185,0,100.0,2026-09-11T20:26:01.488948+00:00
2026-09-12,2026-09-07,40875,EPP,L2,9,476,366,110,76.89,2026-09-11T20:26:01.488948+00:00
2026-09-12,2026-09-07,40875,EPP,L3,9,234,0,234,0.0,2026-09-11T20:26:01.488948+00:00
2026-09-12,2026-09-07,40875,EXF,L1,8,160,152,8,95.0,2026-09-11T20:26:01.488948+00:00
2026-09-12,2026-09-07,40875,EXF,L2,8,280,0,280,0.0,2026-09-11T20:26:01.488948+00:00
2026-09-12,2026-09-07,40875,EXF,L3,8,208,0,208,0.0,2026-09-11T20:26:01.488948+00:00
2026-09-12,2026-09-07,40875,EXP,L1,4,84,42,42,50.0,2026-09-11T20:26:01.488948+00:00
2026-09-12,2026-09-07,40875,EXP,L2,4,160,0,160,0.0,2026-09-11T20:26:01.488948+00:00
2026-09-12,2026-09-07,40875,EXP,L3,4,104,0,104,0.0,2026-09-11T20:26:01.488948+00:00
2026-09-12,2026-09-07,40875,FAC,L1,3,63,63,0,100.0,2026-09-11T20:26:01.488948+00:00
2026-09-12,2026-09-07,40875,FAC,L2,3,120,0,120,0.0,2026-09-11T20:26:01.488948+00:00
2026-09-12,2026-09-07,40875,FAC,L3,3,78,0,78,0.0,2026-09-11T20:26:01.488948+00:00
2026-09-12,2026-09-07,40875,FAP,L1,16,320,320,0,100.0,2026-09-11T20:26:01.488948+00:00
2026-09-12,2026-09-07,40875,FAP,L2,16,560,559,1,99.82,2026-09-11T20:26:01.488948+00:00
2026-09-12,2026-09-07,40875,FAP,L3,16,416,0,416,0.0,2026-09-11T20:26:01.488948+00:00
2026-09-12,2026-09-07,40875,FCC,L1,5,103,103,0,100.0,2026-09-11T20:26:01.488948+00:00
2026-09-12,2026-09-07,40875,FCC,L2,5,175,104,71,59.43,2026-09-11T20:26:01.488948+00:00
2026-09-12,2026-09-07,40875,FCC,L3,5,130,0,130,0.0,2026-09-11T20:26:01.488948+00:00
2026-09-12,2026-09-07,40875,FCU,L1,5,103,103,0,100.0,2026-09-11T20:26:01.488948+00:00
2026-09-12,2026-09-07,40875,FCU,L2,5,175,105,70,60.0,2026-09-11T20:26:01.488948+00:00
2026-09-12,2026-09-07,40875,FCU,L3,5,130,0,130,0.0,2026-09-11T20:26:01.488948+00:00
2026-09-12,2026-09-07,40875,FOF,L1,2,42,42,0,100.0,2026-09-11T20:26:01.488948+00:00
2026-09-12,2026-09-07,40875,FOF,L2,2,80,80,0,100.0,2026-09-11T20:26:01.488948+00:00
2026-09-12,2026-09-07,40875,FOF,L3,2,52,0,52,0.0,2026-09-11T20:26:01.488948+00:00
2026-09-12,2026-09-07,40875,FOP,L1,2,42,42,0,100.0,2026-09-11T20:26:01.488948+00:00
2026-09-12,2026-09-07,40875,FOP,L2,2,80,79,1,98.75,2026-09-11T20:26:01.488948+00:00
2026-09-12,2026-09-07,40875,FOP,L3,2,52,0,52,0.0,2026-09-11T20:26:01.488948+00:00
2026-09-12,2026-09-07,40875,FOT,L1,5,105,105,0,100.0,2026-09-11T20:26:01.488948+00:00
2026-09-12,2026-09-07,40875,FOT,L2,5,200,14,186,7.0,2026-09-11T20:26:01.488948+00:00
2026-09-12,2026-09-07,40875,FOT,L3,5,130,0,130,0.0,2026-09-11T20:26:01.488948+00:00
2026-09-12,2026-09-07,40875,FPO,L1,2,42,42,0,100.0,2026-09-11T20:26:01.488948+00:00
2026-09-12,2026-09-07,40875,FPO,L2,2,80,80,0,100.0,2026-09-11T20:26:01.488948+00:00
2026-09-12,2026-09-07,40875,FPO,L3,2,52,0,52,0.0,2026-09-11T20:26:01.488948+00:00
2026-09-12,2026-09-07,40875,FRP,L1,1,21,21,0,100.0,2026-09-11T20:26:01.488948+00:00
2026-09-12,2026-09-07,40875,FRP,L2,1,40,0,40,0.0,2026-09-11T20:26:01.488948+00:00
2026-09-12,2026-09-07,40875,FRP,L3,1,26,0,26,0.0,2026-09-11T20:26:01.488948+00:00
2026-09-12,2026-09-07,40875,FWU,L1,22,462,420,42,90.91,2026-09-11T20:26:01.488948+00:00
2026-09-12,2026-09-07,40875,FWU,L2,22,880,0,880,0.0,2026-09-11T20:26:01.488948+00:00
2026-09-12,2026-09-07,40875,FWU,L3,22,572,0,572,0.0,2026-09-11T20:26:01.488948+00:00
2026-09-12,2026-09-07,40875,GDS,L1,2,40,0,40,0.0,2026-09-11T20:26:01.488948+00:00
2026-09-12,2026-09-07,40875,GDS,L2,2,70,0,70,0.0,2026-09-11T20:26:01.488948+00:00
2026-09-12,2026-09-07,40875,GDS,L3,2,52,0,52,0.0,2026-09-11T20:26:01.488948+00:00
2026-09-12,2026-09-07,40875,GDT,L1,8,168,168,0,100.0,2026-09-11T20:26:01.488948+00:00
2026-09-12,2026-09-07,40875,GDT,L2,8,320,320,0,100.0,2026-09-11T20:26:01.488948+00:00
2026-09-12,2026-09-07,40875,GDT,L3,8,208,0,208,0.0,2026-09-11T20:26:01.488948+00:00
2026-09-12,2026-09-07,40875,GEN,L1,8,168,168,0,100.0,2026-09-11T20:26:01.488948+00:00
2026-09-12,2026-09-07,40875,GEN,L2,8,320,320,0,100.0,2026-09-11T20:26:01.488948+00:00
2026-09-12,2026-09-07,40875,GEN,L3,8,208,0,208,0.0,2026-09-11T20:26:01.488948+00:00
2026-09-12,2026-09-07,40875,GSB,L1,8,168,168,0,100.0,2026-09-11T20:26:01.488948+00:00
2026-09-12,2026-09-07,40875,GSB,L2,8,320,320,0,100.0,2026-09-11T20:26:01.488948+00:00
2026-09-12,2026-09-07,40875,GSB,L3,8,208,0,208,0.0,2026-09-11T20:26:01.488948+00:00
2026-09-12,2026-09-07,40875,MBC,L1,16,336,336,0,100.0,2026-09-11T20:26:01.488948+00:00
2026-09-12,2026-09-07,40875,MBC,L2,16,674,492,182,73.0,2026-09-11T20:26:01.488948+00:00
2026-09-12,2026-09-07,40875,MBC,L3,16,416,0,416,0.0,2026-09-11T20:26:01.488948+00:00
2026-09-12,2026-09-07,40875,MCC,L1,1,21,21,0,100.0,2026-09-11T20:26:01.488948+00:00
2026-09-12,2026-09-07,40875,MCC,L2,1,40,0,40,0.0,2026-09-11T20:26:01.488948+00:00
2026-09-12,2026-09-07,40875,MCC,L3,1,26,0,26,0.0,2026-09-11T20:26:01.488948+00:00
2026-09-12,2026-09-07,40875,MDP,L1,24,498,498,0,100.0,2026-09-11T20:26:01.488948+00:00
2026-09-12,2026-09-07,40875,MDP,L2,24,1168,631,537,54.02,2026-09-11T20:26:01.488948+00:00
2026-09-12,2026-09-07,40875,MDP,L3,24,624,0,624,0.0,2026-09-11T20:26:01.488948+00:00
2026-09-12,2026-09-07,40875,MSB,L1,10,210,210,0,100.0,2026-09-11T20:26:01.488948+00:00
2026-09-12,2026-09-07,40875,MSB,L2,10,706,706,0,100.0,2026-09-11T20:26:01.488948+00:00
2026-09-12,2026-09-07,40875,MSB,L3,10,260,0,260,0.0,2026-09-11T20:26:01.488948+00:00
2026-09-12,2026-09-07,40875,MUP,L1,2,42,0,42,0.0,2026-09-11T20:26:01.488948+00:00
2026-09-12,2026-09-07,40875,MUP,L2,2,80,0,80,0.0,2026-09-11T20:26:01.488948+00:00
2026-09-12,2026-09-07,40875,MUP,L3,2,52,0,52,0.0,2026-09-11T20:26:01.488948+00:00
2026-09-12,2026-09-07,40875,MVS,L1,2,42,42,0,100.0,2026-09-11T20:26:01.488948+00:00
2026-09-12,2026-09-07,40875,MVS,L2,2,80,80,0,100.0,2026-09-11T20:26:01.488948+00:00
2026-09-12,2026-09-07,40875,MVS,L3,2,52,15,37,28.85,2026-09-11T20:26:01.488948+00:00
2026-09-12,2026-09-07,40875,OAF,L1,19,398,398,0,100.0,2026-09-11T20:26:01.488948+00:00
2026-09-12,2026-09-07,40875,OAF,L2,19,755,0,755,0.0,2026-09-11T20:26:01.488948+00:00
2026-09-12,2026-09-07,40875,OAF,L3,19,494,0,494,0.0,2026-09-11T20:26:01.488948+00:00
2026-09-12,2026-09-07,40875,PAC,L1,4,84,84,0,100.0,2026-09-11T20:26:01.488948+00:00
2026-09-12,2026-09-07,40875,PAC,L2,4,160,0,160,0.0,2026-09-11T20:26:01.488948+00:00
2026-09-12,2026-09-07,40875,PAC,L3,4,104,0,104,0.0,2026-09-11T20:26:01.488948+00:00
2026-09-12,2026-09-07,40875,PAS,L1,8,168,168,0,100.0,2026-09-11T20:26:01.488948+00:00
2026-09-12,2026-09-07,40875,PAS,L2,8,320,0,320,0.0,2026-09-11T20:26:01.488948+00:00
2026-09-12,2026-09-07,40875,PAS,L3,8,208,0,208,0.0,2026-09-11T20:26:01.488948+00:00
2026-09-12,2026-09-07,40875,PLC,L1,1,20,18,2,90.0,2026-09-11T20:26:01.488948+00:00
2026-09-12,2026-09-07,40875,PLC,L2,1,35,0,35,0.0,2026-09-11T20:26:01.488948+00:00
2026-09-12,2026-09-07,40875,PLC,L3,1,26,0,26,0.0,2026-09-11T20:26:01.488948+00:00
2026-09-12,2026-09-07,40875,RPP,L1,56,1120,1120,0,100.0,2026-09-11T20:26:01.488948+00:00
2026-09-12,2026-09-07,40875,RPP,L2,56,1960,0,1960,0.0,2026-09-11T20:26:01.488948+00:00
2026-09-12,2026-09-07,40875,RPP,L3,56,1456,0,1456,0.0,2026-09-11T20:26:01.488948+00:00
2026-09-12,2026-09-07,40875,STS,L1,24,504,504,0,100.0,2026-09-11T20:26:01.488948+00:00
2026-09-12,2026-09-07,40875,STS,L2,24,960,188,772,19.58,2026-09-11T20:26:01.488948+00:00
2026-09-12,2026-09-07,40875,STS,L3,24,624,0,624,0.0,2026-09-11T20:26:01.488948+00:00
2026-09-12,2026-09-07,40875,TES,L1,6,126,0,126,0.0,2026-09-11T20:26:01.488948+00:00
2026-09-12,2026-09-07,40875,TES,L2,6,240,0,240,0.0,2026-09-11T20:26:01.488948+00:00
2026-09-12,2026-09-07,40875,TES,L3,6,156,0,156,0.0,2026-09-11T20:26:01.488948+00:00
2026-09-12,2026-09-07,40875,TRN,L1,8,168,168,0,100.0,2026-09-11T20:26:01.488948+00:00
2026-09-12,2026-09-07,40875,TRN,L2,8,320,320,0,100.0,2026-09-11T20:26:01.488948+00:00
2026-09-12,2026-09-07,40875,TRN,L3,8,208,0,208,0.0,2026-09-11T20:26:01.488948+00:00
2026-09-12,2026-09-07,40875,UDP,L1,24,480,480,0,100.0,2026-09-11T20:26:01.488948+00:00
2026-09-12,2026-09-07,40875,UDP,L2,24,840,119,721,14.17,2026-09-11T20:26:01.488948+00:00
2026-09-12,2026-09-07,40875,UDP,L3,24,624,0,624,0.0,2026-09-11T20:26:01.488948+00:00
2026-09-12,2026-09-07,40875,UPB,L1,24,495,495,0,100.0,2026-09-11T20:26:01.488948+00:00
2026-09-12,2026-09-07,40875,UPB,L2,24,915,219,696,23.93,2026-09-11T20:26:01.488948+00:00
2026-09-12,2026-09-07,40875,UPB,L3,24,624,0,624,0.0,2026-09-11T20:26:01.488948+00:00
2026-09-12,2026-09-07,40875,UPS,L1,26,536,536,0,100.0,2026-09-11T20:26:01.488948+00:00
2026-09-12,2026-09-07,40875,UPS,L2,26,990,326,664,32.93,2026-09-11T20:26:01.488948+00:00
2026-09-12,2026-09-07,40875,UPS,L3,26,676,0,676,0.0,2026-09-11T20:26:01.488948+00:00
2026-09-12,2026-09-07,40875,VES,L1,44,880,815,65,92.61,2026-09-11T20:26:01.488948+00:00
2026-09-12,2026-09-07,40875,VES,L2,44,1540,10,1530,0.65,2026-09-11T20:26:01.488948+00:00
2026-09-12,2026-09-07,40875,VES,L3,44,1144,0,1144,0.0,2026-09-11T20:26:01.488948+00:00
2026-09-12,2026-09-07,40875,VRF,L1,11,231,231,0,100.0,2026-09-11T20:26:01.488948+00:00
2026-09-12,2026-09-07,40875,VRF,L2,11,440,242,198,55.0,2026-09-11T20:26:01.488948+00:00
2026-09-12,2026-09-07,40875,VRF,L3,11,286,0,286,0.0,2026-09-11T20:26:01.488948+00:00
2026-09-12,2026-09-07,51203,ACS,L1,55,1100,0,1100,0.0,2026-09-11T20:26:01.488948+00:00
2026-09-12,2026-09-07,51203,ACS,L2,55,1925,0,1925,0.0,2026-09-11T20:26:01.488948+00:00
2026-09-12,2026-09-07,51203,ACS,L3,55,1430,0,1430,0.0,2026-09-11T20:26:01.488948+00:00
2026-09-12,2026-09-07,51203,AHU,L1,4,80,0,80,0.0,2026-09-11T20:26:01.488948+00:00
2026-09-12,2026-09-07,51203,AHU,L2,4,140,0,140,0.0,2026-09-11T20:26:01.488948+00:00
2026-09-12,2026-09-07,51203,AHU,L3,4,104,0,104,0.0,2026-09-11T20:26:01.488948+00:00
2026-09-12,2026-09-07,51203,AIS,L1,6,120,0,120,0.0,2026-09-11T20:26:01.488948+00:00
2026-09-12,2026-09-07,51203,AIS,L2,6,210,0,210,0.0,2026-09-11T20:26:01.488948+00:00
2026-09-12,2026-09-07,51203,AIS,L3,6,156,0,156,0.0,2026-09-11T20:26:01.488948+00:00
2026-09-12,2026-09-07,51203,ATS,L1,5,100,100,0,100.0,2026-09-11T20:26:01.488948+00:00
2026-09-12,2026-09-07,51203,ATS,L2,5,175,0,175,0.0,2026-09-11T20:26:01.488948+00:00
2026-09-12,2026-09-07,51203,ATS,L3,5,130,0,130,0.0,2026-09-11T20:26:01.488948+00:00
2026-09-12,2026-09-07,51203,BMP,L1,33,660,0,660,0.0,2026-09-11T20:26:01.488948+00:00
2026-09-12,2026-09-07,51203,BMP,L2,33,1155,0,1155,0.0,2026-09-11T20:26:01.488948+00:00
2026-09-12,2026-09-07,51203,BMP,L3,33,858,0,858,0.0,2026-09-11T20:26:01.488948+00:00
2026-09-12,2026-09-07,51203,BSW,L1,85,1700,0,1700,0.0,2026-09-11T20:26:01.488948+00:00
2026-09-12,2026-09-07,51203,BSW,L2,85,2975,0,2975,0.0,2026-09-11T20:26:01.488948+00:00
2026-09-12,2026-09-07,51203,BSW,L3,85,2210,0,2210,0.0,2026-09-11T20:26:01.488948+00:00
2026-09-12,2026-09-07,51203,CDU,L1,12,240,0,240,0.0,2026-09-11T20:26:01.488948+00:00
2026-09-12,2026-09-07,51203,CDU,L2,12,420,0,420,0.0,2026-09-11T20:26:01.488948+00:00
2026-09-12,2026-09-07,51203,CDU,L3,12,312,0,312,0.0,2026-09-11T20:26:01.488948+00:00
2026-09-12,2026-09-07,51203,CHL,L1,15,300,0,300,0.0,2026-09-11T20:26:01.488948+00:00
2026-09-12,2026-09-07,51203,CHL,L2,15,525,0,525,0.0,2026-09-11T20:26:01.488948+00:00
2026-09-12,2026-09-07,51203,CHL,L3,15,390,0,390,0.0,2026-09-11T20:26:01.488948+00:00
2026-09-12,2026-09-07,51203,CHP,L1,15,300,0,300,0.0,2026-09-11T20:26:01.488948+00:00
2026-09-12,2026-09-07,51203,CHP,L2,15,525,0,525,0.0,2026-09-11T20:26:01.488948+00:00
2026-09-12,2026-09-07,51203,CHP,L3,15,390,0,390,0.0,2026-09-11T20:26:01.488948+00:00
2026-09-12,2026-09-07,51203,CRA,L1,16,320,315,5,98.44,2026-09-11T20:26:01.488948+00:00
2026-09-12,2026-09-07,51203,CRA,L2,16,560,0,560,0.0,2026-09-11T20:26:01.488948+00:00
2026-09-12,2026-09-07,51203,CRA,L3,16,416,0,416,0.0,2026-09-11T20:26:01.488948+00:00
2026-09-12,2026-09-07,51203,CTS,L1,6,120,0,120,0.0,2026-09-11T20:26:01.488948+00:00
2026-09-12,2026-09-07,51203,CTS,L2,6,210,0,210,0.0,2026-09-11T20:26:01.488948+00:00
2026-09-12,2026-09-07,51203,CTS,L3,6,156,0,156,0.0,2026-09-11T20:26:01.488948+00:00
2026-09-12,2026-09-07,51203,DHU,L1,4,80,0,80,0.0,2026-09-11T20:26:01.488948+00:00
2026-09-12,2026-09-07,51203,DHU,L2,4,140,0,140,0.0,2026-09-11T20:26:01.488948+00:00
2026-09-12,2026-09-07,51203,DHU,L3,4,104,0,104,0.0,2026-09-11T20:26:01.488948+00:00
2026-09-12,2026-09-07,51203,DPP,L1,16,320,320,0,100.0,2026-09-11T20:26:01.488948+00:00
2026-09-12,2026-09-07,51203,DPP,L2,16,560,0,560,0.0,2026-09-11T20:26:01.488948+00:00
2026-09-12,2026-09-07,51203,DPP,L3,16,416,0,416,0.0,2026-09-11T20:26:01.488948+00:00
2026-09-12,2026-09-07,51203,DSG,L1,8,160,160,0,100.0,2026-09-11T20:26:01.488948+00:00
2026-09-12,2026-09-07,51203,DSG,L2,8,280,55,225,19.64,2026-09-11T20:26:01.488948+00:00
2026-09-12,2026-09-07,51203,DSG,L3,8,208,0,208,0.0,2026-09-11T20:26:01.488948+00:00
2026-09-12,2026-09-07,51203,ELP,L1,4,80,80,0,100.0,2026-09-11T20:26:01.488948+00:00
2026-09-12,2026-09-07,51203,ELP,L2,4,140,0,140,0.0,2026-09-11T20:26:01.488948+00:00
2026-09-12,2026-09-07,51203,ELP,L3,4,104,0,104,0.0,2026-09-11T20:26:01.488948+00:00
2026-09-12,2026-09-07,51203,EPP,L1,4,80,67,13,83.75,2026-09-11T20:26:01.488948+00:00
2026-09-12,2026-09-07,51203,EPP,L2,4,140,0,140,0.0,2026-09-11T20:26:01.488948+00:00
2026-09-12,2026-09-07,51203,EPP,L3,4,104,0,104,0.0,2026-09-11T20:26:01.488948+00:00
2026-09-12,2026-09-07,51203,EXF,L1,8,160,0,160,0.0,2026-09-11T20:26:01.488948+00:00
2026-09-12,2026-09-07,51203,EXF,L2,8,280,0,280,0.0,2026-09-11T20:26:01.488948+00:00
2026-09-12,2026-09-07,51203,EXF,L3,8,208,0,208,0.0,2026-09-11T20:26:01.488948+00:00
2026-09-12,2026-09-07,51203,EXP,L1,6,120,0,120,0.0,2026-09-11T20:26:01.488948+00:00
2026-09-12,2026-09-07,51203,EXP,L2,6,210,0,210,0.0,2026-09-11T20:26:01.488948+00:00
2026-09-12,2026-09-07,51203,EXP,L3,6,156,0,156,0.0,2026-09-11T20:26:01.488948+00:00
2026-09-12,2026-09-07,51203,FAP,L1,12,240,0,240,0.0,2026-09-11T20:26:01.488948+00:00
2026-09-12,2026-09-07,51203,FAP,L2,12,420,0,420,0.0,2026-09-11T20:26:01.488948+00:00
2026-09-12,2026-09-07,51203,FAP,L3,12,312,0,312,0.0,2026-09-11T20:26:01.488948+00:00
2026-09-12,2026-09-07,51203,FOF,L1,2,40,0,40,0.0,2026-09-11T20:26:01.488948+00:00
2026-09-12,2026-09-07,51203,FOF,L2,2,70,0,70,0.0,2026-09-11T20:26:01.488948+00:00
2026-09-12,2026-09-07,51203,FOF,L3,2,52,0,52,0.0,2026-09-11T20:26:01.488948+00:00
2026-09-12,2026-09-07,51203,FOP,L1,2,40,0,40,0.0,2026-09-11T20:26:01.488948+00:00
2026-09-12,2026-09-07,51203,FOP,L2,2,70,0,70,0.0,2026-09-11T20:26:01.488948+00:00
2026-09-12,2026-09-07,51203,FOP,L3,2,52,0,52,0.0,2026-09-11T20:26:01.488948+00:00
2026-09-12,2026-09-07,51203,FOT,L1,10,200,200,0,100.0,2026-09-11T20:26:01.488948+00:00
2026-09-12,2026-09-07,51203,FOT,L2,10,350,0,350,0.0,2026-09-11T20:26:01.488948+00:00
2026-09-12,2026-09-07,51203,FOT,L3,10,260,0,260,0.0,2026-09-11T20:26:01.488948+00:00
2026-09-12,2026-09-07,51203,FPO,L1,2,40,0,40,0.0,2026-09-11T20:26:01.488948+00:00
2026-09-12,2026-09-07,51203,FPO,L2,2,70,0,70,0.0,2026-09-11T20:26:01.488948+00:00
2026-09-12,2026-09-07,51203,FPO,L3,2,52,0,52,0.0,2026-09-11T20:26:01.488948+00:00
2026-09-12,2026-09-07,51203,FWU,L1,16,320,320,0,100.0,2026-09-11T20:26:01.488948+00:00
2026-09-12,2026-09-07,51203,FWU,L2,16,560,0,560,0.0,2026-09-11T20:26:01.488948+00:00
2026-09-12,2026-09-07,51203,FWU,L3,16,416,0,416,0.0,2026-09-11T20:26:01.488948+00:00
2026-09-12,2026-09-07,51203,GDS,L1,1,20,0,20,0.0,2026-09-11T20:26:01.488948+00:00
2026-09-12,2026-09-07,51203,GDS,L2,1,35,0,35,0.0,2026-09-11T20:26:01.488948+00:00
2026-09-12,2026-09-07,51203,GDS,L3,1,26,0,26,0.0,2026-09-11T20:26:01.488948+00:00
2026-09-12,2026-09-07,51203,GDT,L1,8,160,159,1,99.38,2026-09-11T20:26:01.488948+00:00
2026-09-12,2026-09-07,51203,GDT,L2,8,280,0,280,0.0,2026-09-11T20:26:01.488948+00:00
2026-09-12,2026-09-07,51203,GDT,L3,8,208,0,208,0.0,2026-09-11T20:26:01.488948+00:00
2026-09-12,2026-09-07,51203,GEN,L1,8,160,160,0,100.0,2026-09-11T20:26:01.488948+00:00
2026-09-12,2026-09-07,51203,GEN,L2,8,280,0,280,0.0,2026-09-11T20:26:01.488948+00:00
2026-09-12,2026-09-07,51203,GEN,L3,8,208,0,208,0.0,2026-09-11T20:26:01.488948+00:00
2026-09-12,2026-09-07,51203,GSB,L1,8,160,153,7,95.62,2026-09-11T20:26:01.488948+00:00
2026-09-12,2026-09-07,51203,GSB,L2,8,280,1,279,0.36,2026-09-11T20:26:01.488948+00:00
2026-09-12,2026-09-07,51203,GSB,L3,8,208,0,208,0.0,2026-09-11T20:26:01.488948+00:00
2026-09-12,2026-09-07,51203,LBG,L1,1,20,20,0,100.0,2026-09-11T20:26:01.488948+00:00
2026-09-12,2026-09-07,51203,LBG,L2,1,35,0,35,0.0,2026-09-11T20:26:01.488948+00:00
2026-09-12,2026-09-07,51203,LBG,L3,1,26,0,26,0.0,2026-09-11T20:26:01.488948+00:00
2026-09-12,2026-09-07,51203,MBC,L1,8,160,160,0,100.0,2026-09-11T20:26:01.488948+00:00
2026-09-12,2026-09-07,51203,MBC,L2,8,280,0,280,0.0,2026-09-11T20:26:01.488948+00:00
2026-09-12,2026-09-07,51203,MBC,L3,8,208,0,208,0.0,2026-09-11T20:26:01.488948+00:00
2026-09-12,2026-09-07,51203,MDP,L1,13,260,220,40,84.62,2026-09-11T20:26:01.488948+00:00
2026-09-12,2026-09-07,51203,MDP,L2,13,455,0,455,0.0,2026-09-11T20:26:01.488948+00:00
2026-09-12,2026-09-07,51203,MDP,L3,13,338,0,338,0.0,2026-09-11T20:26:01.488948+00:00
2026-09-12,2026-09-07,51203,MSB,L1,10,200,200,0,100.0,2026-09-11T20:26:01.488948+00:00
2026-09-12,2026-09-07,51203,MSB,L2,10,350,7,343,2.0,2026-09-11T20:26:01.488948+00:00
2026-09-12,2026-09-07,51203,MSB,L3,10,260,0,260,0.0,2026-09-11T20:26:01.488948+00:00
2026-09-12,2026-09-07,51203,MUP,L1,4,80,0,80,0.0,2026-09-11T20:26:01.488948+00:00
2026-09-12,2026-09-07,51203,MUP,L2,4,140,0,140,0.0,2026-09-11T20:26:01.488948+00:00
2026-09-12,2026-09-07,51203,MUP,L3,4,104,0,104,0.0,2026-09-11T20:26:01.488948+00:00
2026-09-12,2026-09-07,51203,MVS,L1,2,40,40,0,100.0,2026-09-11T20:26:01.488948+00:00
2026-09-12,2026-09-07,51203,MVS,L2,2,70,43,27,61.43,2026-09-11T20:26:01.488948+00:00
2026-09-12,2026-09-07,51203,MVS,L3,2,52,0,52,0.0,2026-09-11T20:26:01.488948+00:00
2026-09-12,2026-09-07,51203,PAC,L1,2,40,0,40,0.0,2026-09-11T20:26:01.488948+00:00
2026-09-12,2026-09-07,51203,PAC,L2,2,70,0,70,0.0,2026-09-11T20:26:01.488948+00:00
2026-09-12,2026-09-07,51203,PAC,L3,2,52,0,52,0.0,2026-09-11T20:26:01.488948+00:00
2026-09-12,2026-09-07,51203,PAS,L1,6,120,0,120,0.0,2026-09-11T20:26:01.488948+00:00
2026-09-12,2026-09-07,51203,PAS,L2,6,210,0,210,0.0,2026-09-11T20:26:01.488948+00:00
2026-09-12,2026-09-07,51203,PAS,L3,6,156,0,156,0.0,2026-09-11T20:26:01.488948+00:00
2026-09-12,2026-09-07,51203,RPP,L1,16,320,0,320,0.0,2026-09-11T20:26:01.488948+00:00
2026-09-12,2026-09-07,51203,RPP,L2,16,560,0,560,0.0,2026-09-11T20:26:01.488948+00:00
2026-09-12,2026-09-07,51203,RPP,L3,16,416,0,416,0.0,2026-09-11T20:26:01.488948+00:00
2026-09-12,2026-09-07,51203,TES,L1,18,360,119,241,33.06,2026-09-11T20:26:01.488948+00:00
2026-09-12,2026-09-07,51203,TES,L2,18,630,0,630,0.0,2026-09-11T20:26:01.488948+00:00
2026-09-12,2026-09-07,51203,TES,L3,18,468,0,468,0.0,2026-09-11T20:26:01.488948+00:00
2026-09-12,2026-09-07,51203,TRN,L1,8,160,160,0,100.0,2026-09-11T20:26:01.488948+00:00
2026-09-12,2026-09-07,51203,TRN,L2,8,280,56,224,20.0,2026-09-11T20:26:01.488948+00:00
2026-09-12,2026-09-07,51203,TRN,L3,8,208,7,201,3.37,2026-09-11T20:26:01.488948+00:00
2026-09-12,2026-09-07,51203,UDP,L1,6,120,120,0,100.0,2026-09-11T20:26:01.488948+00:00
2026-09-12,2026-09-07,51203,UDP,L2,6,210,0,210,0.0,2026-09-11T20:26:01.488948+00:00
2026-09-12,2026-09-07,51203,UDP,L3,6,156,0,156,0.0,2026-09-11T20:26:01.488948+00:00
2026-09-12,2026-09-07,51203,UMP,L1,1,20,20,0,100.0,2026-09-11T20:26:01.488948+00:00
2026-09-12,2026-09-07,51203,UMP,L2,1,35,0,35,0.0,2026-09-11T20:26:01.488948+00:00
2026-09-12,2026-09-07,51203,UMP,L3,1,26,0,26,0.0,2026-09-11T20:26:01.488948+00:00
2026-09-12,2026-09-07,51203,UPB,L1,8,160,160,0,100.0,2026-09-11T20:26:01.488948+00:00
2026-09-12,2026-09-07,51203,UPB,L2,8,280,0,280,0.0,2026-09-11T20:26:01.488948+00:00
2026-09-12,2026-09-07,51203,UPB,L3,8,208,0,208,0.0,2026-09-11T20:26:01.488948+00:00
2026-09-12,2026-09-07,51203,UPP,L1,7,140,140,0,100.0,2026-09-11T20:26:01.488948+00:00
2026-09-12,2026-09-07,51203,UPP,L2,7,245,0,245,0.0,2026-09-11T20:26:01.488948+00:00
2026-09-12,2026-09-07,51203,UPP,L3,7,182,0,182,0.0,2026-09-11T20:26:01.488948+00:00
2026-09-12,2026-09-07,51203,UPS,L1,8,160,160,0,100.0,2026-09-11T20:26:01.488948+00:00
2026-09-12,2026-09-07,51203,UPS,L2,8,280,0,280,0.0,2026-09-11T20:26:01.488948+00:00
2026-09-12,2026-09-07,51203,UPS,L3,8,208,0,208,0.0,2026-09-11T20:26:01.488948+00:00
2026-09-12,2026-09-07,51203,VES,L1,38,760,240,520,31.58,2026-09-11T20:26:01.488948+00:00
2026-09-12,2026-09-07,51203,VES,L2,38,1330,0,1330,0.0,2026-09-11T20:26:01.488948+00:00
2026-09-12,2026-09-07,51203,VES,L3,38,988,0,988,0.0,2026-09-11T20:26:01.488948+00:00
2026-09-12,2026-09-07,51203,VRF,L1,4,80,0,80,0.0,2026-09-11T20:26:01.488948+00:00
2026-09-12,2026-09-07,51203,VRF,L2,4,140,0,140,0.0,2026-09-11T20:26:01.488948+00:00
2026-09-12,2026-09-07,51203,VRF,L3,4,104,0,104,0.0,2026-09-11T20:26:01.488948+00:00
2026-09-12,2026-09-07,51204,ACS,L1,42,840,0,840,0.0,2026-09-11T20:26:01.488948+00:00
2026-09-12,2026-09-07,51204,ACS,L2,42,1470,0,1470,0.0,2026-09-11T20:26:01.488948+00:00
2026-09-12,2026-09-07,51204,ACS,L3,42,1092,0,1092,0.0,2026-09-11T20:26:01.488948+00:00
2026-09-12,2026-09-07,51204,AIS,L1,6,120,0,120,0.0,2026-09-11T20:26:01.488948+00:00
2026-09-12,2026-09-07,51204,AIS,L2,6,210,0,210,0.0,2026-09-11T20:26:01.488948+00:00
2026-09-12,2026-09-07,51204,AIS,L3,6,156,0,156,0.0,2026-09-11T20:26:01.488948+00:00
2026-09-12,2026-09-07,51204,ATS,L1,10,200,200,0,100.0,2026-09-11T20:26:01.488948+00:00
2026-09-12,2026-09-07,51204,ATS,L2,10,350,0,350,0.0,2026-09-11T20:26:01.488948+00:00
2026-09-12,2026-09-07,51204,ATS,L3,10,260,0,260,0.0,2026-09-11T20:26:01.488948+00:00
2026-09-12,2026-09-07,51204,BMP,L1,33,660,0,660,0.0,2026-09-11T20:26:01.488948+00:00
2026-09-12,2026-09-07,51204,BMP,L2,33,1155,0,1155,0.0,2026-09-11T20:26:01.488948+00:00
2026-09-12,2026-09-07,51204,BMP,L3,33,858,0,858,0.0,2026-09-11T20:26:01.488948+00:00
2026-09-12,2026-09-07,51204,BSW,L1,82,1640,0,1640,0.0,2026-09-11T20:26:01.488948+00:00
2026-09-12,2026-09-07,51204,BSW,L2,82,2870,0,2870,0.0,2026-09-11T20:26:01.488948+00:00
2026-09-12,2026-09-07,51204,BSW,L3,82,2132,0,2132,0.0,2026-09-11T20:26:01.488948+00:00
2026-09-12,2026-09-07,51204,CDU,L1,12,240,0,240,0.0,2026-09-11T20:26:01.488948+00:00
2026-09-12,2026-09-07,51204,CDU,L2,12,420,0,420,0.0,2026-09-11T20:26:01.488948+00:00
2026-09-12,2026-09-07,51204,CDU,L3,12,312,0,312,0.0,2026-09-11T20:26:01.488948+00:00
2026-09-12,2026-09-07,51204,CHL,L1,15,300,0,300,0.0,2026-09-11T20:26:01.488948+00:00
2026-09-12,2026-09-07,51204,CHL,L2,15,525,0,525,0.0,2026-09-11T20:26:01.488948+00:00
2026-09-12,2026-09-07,51204,CHL,L3,15,390,0,390,0.0,2026-09-11T20:26:01.488948+00:00
2026-09-12,2026-09-07,51204,CHP,L1,15,300,0,300,0.0,2026-09-11T20:26:01.488948+00:00
2026-09-12,2026-09-07,51204,CHP,L2,15,525,0,525,0.0,2026-09-11T20:26:01.488948+00:00
2026-09-12,2026-09-07,51204,CHP,L3,15,390,0,390,0.0,2026-09-11T20:26:01.488948+00:00
2026-09-12,2026-09-07,51204,CRA,L1,32,640,640,0,100.0,2026-09-11T20:26:01.488948+00:00
2026-09-12,2026-09-07,51204,CRA,L2,32,1120,0,1120,0.0,2026-09-11T20:26:01.488948+00:00
2026-09-12,2026-09-07,51204,CRA,L3,32,832,0,832,0.0,2026-09-11T20:26:01.488948+00:00
2026-09-12,2026-09-07,51204,CTS,L1,6,120,0,120,0.0,2026-09-11T20:26:01.488948+00:00
2026-09-12,2026-09-07,51204,CTS,L2,6,210,0,210,0.0,2026-09-11T20:26:01.488948+00:00
2026-09-12,2026-09-07,51204,CTS,L3,6,156,0,156,0.0,2026-09-11T20:26:01.488948+00:00
2026-09-12,2026-09-07,51204,DHU,L1,4,80,0,80,0.0,2026-09-11T20:26:01.488948+00:00
2026-09-12,2026-09-07,51204,DHU,L2,4,140,0,140,0.0,2026-09-11T20:26:01.488948+00:00
2026-09-12,2026-09-07,51204,DHU,L3,4,104,0,104,0.0,2026-09-11T20:26:01.488948+00:00
2026-09-12,2026-09-07,51204,DPP,L1,16,320,320,0,100.0,2026-09-11T20:26:01.488948+00:00
2026-09-12,2026-09-07,51204,DPP,L2,16,560,0,560,0.0,2026-09-11T20:26:01.488948+00:00
2026-09-12,2026-09-07,51204,DPP,L3,16,416,0,416,0.0,2026-09-11T20:26:01.488948+00:00
2026-09-12,2026-09-07,51204,DSG,L1,8,160,160,0,100.0,2026-09-11T20:26:01.488948+00:00
2026-09-12,2026-09-07,51204,DSG,L2,8,280,56,224,20.0,2026-09-11T20:26:01.488948+00:00
2026-09-12,2026-09-07,51204,DSG,L3,8,208,0,208,0.0,2026-09-11T20:26:01.488948+00:00
2026-09-12,2026-09-07,51204,ELP,L1,4,80,80,0,100.0,2026-09-11T20:26:01.488948+00:00
2026-09-12,2026-09-07,51204,ELP,L2,4,140,0,140,0.0,2026-09-11T20:26:01.488948+00:00
2026-09-12,2026-09-07,51204,ELP,L3,4,104,0,104,0.0,2026-09-11T20:26:01.488948+00:00
2026-09-12,2026-09-07,51204,EPP,L1,4,80,80,0,100.0,2026-09-11T20:26:01.488948+00:00
2026-09-12,2026-09-07,51204,EPP,L2,4,140,0,140,0.0,2026-09-11T20:26:01.488948+00:00
2026-09-12,2026-09-07,51204,EPP,L3,4,104,0,104,0.0,2026-09-11T20:26:01.488948+00:00
2026-09-12,2026-09-07,51204,EXF,L1,8,160,0,160,0.0,2026-09-11T20:26:01.488948+00:00
2026-09-12,2026-09-07,51204,EXF,L2,8,280,0,280,0.0,2026-09-11T20:26:01.488948+00:00
2026-09-12,2026-09-07,51204,EXF,L3,8,208,0,208,0.0,2026-09-11T20:26:01.488948+00:00
2026-09-12,2026-09-07,51204,EXP,L1,6,120,0,120,0.0,2026-09-11T20:26:01.488948+00:00
2026-09-12,2026-09-07,51204,EXP,L2,6,210,0,210,0.0,2026-09-11T20:26:01.488948+00:00
2026-09-12,2026-09-07,51204,EXP,L3,6,156,0,156,0.0,2026-09-11T20:26:01.488948+00:00
2026-09-12,2026-09-07,51204,GDS,L1,1,20,0,20,0.0,2026-09-11T20:26:01.488948+00:00
2026-09-12,2026-09-07,51204,GDS,L2,1,35,0,35,0.0,2026-09-11T20:26:01.488948+00:00
2026-09-12,2026-09-07,51204,GDS,L3,1,26,0,26,0.0,2026-09-11T20:26:01.488948+00:00
2026-09-12,2026-09-07,51204,GDT,L1,8,160,160,0,100.0,2026-09-11T20:26:01.488948+00:00
2026-09-12,2026-09-07,51204,GDT,L2,8,280,0,280,0.0,2026-09-11T20:26:01.488948+00:00
2026-09-12,2026-09-07,51204,GDT,L3,8,208,0,208,0.0,2026-09-11T20:26:01.488948+00:00
2026-09-12,2026-09-07,51204,GEN,L1,8,160,160,0,100.0,2026-09-11T20:26:01.488948+00:00
2026-09-12,2026-09-07,51204,GEN,L2,8,280,0,280,0.0,2026-09-11T20:26:01.488948+00:00
2026-09-12,2026-09-07,51204,GEN,L3,8,208,0,208,0.0,2026-09-11T20:26:01.488948+00:00
2026-09-12,2026-09-07,51204,GSB,L1,8,160,152,8,95.0,2026-09-11T20:26:01.488948+00:00
2026-09-12,2026-09-07,51204,GSB,L2,8,280,0,280,0.0,2026-09-11T20:26:01.488948+00:00
2026-09-12,2026-09-07,51204,GSB,L3,8,208,0,208,0.0,2026-09-11T20:26:01.488948+00:00
2026-09-12,2026-09-07,51204,MBC,L1,8,160,120,40,75.0,2026-09-11T20:26:01.488948+00:00
2026-09-12,2026-09-07,51204,MBC,L2,8,280,0,280,0.0,2026-09-11T20:26:01.488948+00:00
2026-09-12,2026-09-07,51204,MBC,L3,8,208,0,208,0.0,2026-09-11T20:26:01.488948+00:00
2026-09-12,2026-09-07,51204,MDP,L1,11,220,180,40,81.82,2026-09-11T20:26:01.488948+00:00
2026-09-12,2026-09-07,51204,MDP,L2,11,385,0,385,0.0,2026-09-11T20:26:01.488948+00:00
2026-09-12,2026-09-07,51204,MDP,L3,11,286,0,286,0.0,2026-09-11T20:26:01.488948+00:00
2026-09-12,2026-09-07,51204,MSB,L1,10,200,160,40,80.0,2026-09-11T20:26:01.488948+00:00
2026-09-12,2026-09-07,51204,MSB,L2,10,350,0,350,0.0,2026-09-11T20:26:01.488948+00:00
2026-09-12,2026-09-07,51204,MSB,L3,10,260,0,260,0.0,2026-09-11T20:26:01.488948+00:00
2026-09-12,2026-09-07,51204,MUP,L1,4,80,0,80,0.0,2026-09-11T20:26:01.488948+00:00
2026-09-12,2026-09-07,51204,MUP,L2,4,140,0,140,0.0,2026-09-11T20:26:01.488948+00:00
2026-09-12,2026-09-07,51204,MUP,L3,4,104,0,104,0.0,2026-09-11T20:26:01.488948+00:00
2026-09-12,2026-09-07,51204,MVS,L1,2,40,40,0,100.0,2026-09-11T20:26:01.488948+00:00
2026-09-12,2026-09-07,51204,MVS,L2,2,70,70,0,100.0,2026-09-11T20:26:01.488948+00:00
2026-09-12,2026-09-07,51204,MVS,L3,2,52,3,49,5.77,2026-09-11T20:26:01.488948+00:00
2026-09-12,2026-09-07,51204,PAC,L1,2,40,0,40,0.0,2026-09-11T20:26:01.488948+00:00
2026-09-12,2026-09-07,51204,PAC,L2,2,70,0,70,0.0,2026-09-11T20:26:01.488948+00:00
2026-09-12,2026-09-07,51204,PAC,L3,2,52,0,52,0.0,2026-09-11T20:26:01.488948+00:00
2026-09-12,2026-09-07,51204,PAS,L1,6,120,0,120,0.0,2026-09-11T20:26:01.488948+00:00
2026-09-12,2026-09-07,51204,PAS,L2,6,210,0,210,0.0,2026-09-11T20:26:01.488948+00:00
2026-09-12,2026-09-07,51204,PAS,L3,6,156,0,156,0.0,2026-09-11T20:26:01.488948+00:00
2026-09-12,2026-09-07,51204,RPP,L1,16,320,0,320,0.0,2026-09-11T20:26:01.488948+00:00
2026-09-12,2026-09-07,51204,RPP,L2,16,560,0,560,0.0,2026-09-11T20:26:01.488948+00:00
2026-09-12,2026-09-07,51204,RPP,L3,16,416,0,416,0.0,2026-09-11T20:26:01.488948+00:00
2026-09-12,2026-09-07,51204,TES,L1,18,360,120,240,33.33,2026-09-11T20:26:01.488948+00:00
2026-09-12,2026-09-07,51204,TES,L2,18,630,0,630,0.0,2026-09-11T20:26:01.488948+00:00
2026-09-12,2026-09-07,51204,TES,L3,18,468,0,468,0.0,2026-09-11T20:26:01.488948+00:00
2026-09-12,2026-09-07,51204,TRN,L1,8,160,160,0,100.0,2026-09-11T20:26:01.488948+00:00
2026-09-12,2026-09-07,51204,TRN,L2,8,280,56,224,20.0,2026-09-11T20:26:01.488948+00:00
2026-09-12,2026-09-07,51204,TRN,L3,8,208,0,208,0.0,2026-09-11T20:26:01.488948+00:00
2026-09-12,2026-09-07,51204,UDP,L1,6,120,80,40,66.67,2026-09-11T20:26:01.488948+00:00
2026-09-12,2026-09-07,51204,UDP,L2,6,210,0,210,0.0,2026-09-11T20:26:01.488948+00:00
2026-09-12,2026-09-07,51204,UDP,L3,6,156,0,156,0.0,2026-09-11T20:26:01.488948+00:00
2026-09-12,2026-09-07,51204,UMP,L1,2,40,40,0,100.0,2026-09-11T20:26:01.488948+00:00
2026-09-12,2026-09-07,51204,UMP,L2,2,70,0,70,0.0,2026-09-11T20:26:01.488948+00:00
2026-09-12,2026-09-07,51204,UMP,L3,2,52,0,52,0.0,2026-09-11T20:26:01.488948+00:00
2026-09-12,2026-09-07,51204,UPB,L1,8,160,7,153,4.38,2026-09-11T20:26:01.488948+00:00
2026-09-12,2026-09-07,51204,UPB,L2,8,280,0,280,0.0,2026-09-11T20:26:01.488948+00:00
2026-09-12,2026-09-07,51204,UPB,L3,8,208,0,208,0.0,2026-09-11T20:26:01.488948+00:00
2026-09-12,2026-09-07,51204,UPP,L1,3,60,40,20,66.67,2026-09-11T20:26:01.488948+00:00
2026-09-12,2026-09-07,51204,UPP,L2,3,105,0,105,0.0,2026-09-11T20:26:01.488948+00:00
2026-09-12,2026-09-07,51204,UPP,L3,3,78,0,78,0.0,2026-09-11T20:26:01.488948+00:00
2026-09-12,2026-09-07,51204,UPS,L1,8,160,48,112,30.0,2026-09-11T20:26:01.488948+00:00
2026-09-12,2026-09-07,51204,UPS,L2,8,280,6,274,2.14,2026-09-11T20:26:01.488948+00:00
2026-09-12,2026-09-07,51204,UPS,L3,8,208,0,208,0.0,2026-09-11T20:26:01.488948+00:00
2026-09-12,2026-09-07,51204,VES,L1,32,640,160,480,25.0,2026-09-11T20:26:01.488948+00:00
2026-09-12,2026-09-07,51204,VES,L2,32,1120,0,1120,0.0,2026-09-11T20:26:01.488948+00:00
2026-09-12,2026-09-07,51204,VES,L3,32,832,0,832,0.0,2026-09-11T20:26:01.488948+00:00
2026-09-12,2026-09-07,51204,VRF,L1,4,80,0,80,0.0,2026-09-11T20:26:01.488948+00:00
2026-09-12,2026-09-07,51204,VRF,L2,4,140,0,140,0.0,2026-09-11T20:26:01.488948+00:00
2026-09-12,2026-09-07,51204,VRF,L3,4,104,0,104,0.0,2026-09-11T20:26:01.488948+00:00
2026-09-12,2026-09-07,52047,ACS,L1,42,840,0,840,0.0,2026-09-11T20:26:01.488948+00:00
2026-09-12,2026-09-07,52047,ACS,L2,42,1470,0,1470,0.0,2026-09-11T20:26:01.488948+00:00
2026-09-12,2026-09-07,52047,ACS,L3,42,1092,0,1092,0.0,2026-09-11T20:26:01.488948+00:00
2026-09-12,2026-09-07,52047,AIS,L1,4,80,0,80,0.0,2026-09-11T20:26:01.488948+00:00
2026-09-12,2026-09-07,52047,AIS,L2,4,140,0,140,0.0,2026-09-11T20:26:01.488948+00:00
2026-09-12,2026-09-07,52047,AIS,L3,4,104,0,104,0.0,2026-09-11T20:26:01.488948+00:00
2026-09-12,2026-09-07,52047,ATS,L1,10,200,200,0,100.0,2026-09-11T20:26:01.488948+00:00
2026-09-12,2026-09-07,52047,ATS,L2,10,350,0,350,0.0,2026-09-11T20:26:01.488948+00:00
2026-09-12,2026-09-07,52047,ATS,L3,10,260,0,260,0.0,2026-09-11T20:26:01.488948+00:00
2026-09-12,2026-09-07,52047,BMP,L1,14,280,0,280,0.0,2026-09-11T20:26:01.488948+00:00
2026-09-12,2026-09-07,52047,BMP,L2,14,490,0,490,0.0,2026-09-11T20:26:01.488948+00:00
2026-09-12,2026-09-07,52047,BMP,L3,14,364,0,364,0.0,2026-09-11T20:26:01.488948+00:00
2026-09-12,2026-09-07,52047,BSW,L1,82,1640,0,1640,0.0,2026-09-11T20:26:01.488948+00:00
2026-09-12,2026-09-07,52047,BSW,L2,82,2870,0,2870,0.0,2026-09-11T20:26:01.488948+00:00
2026-09-12,2026-09-07,52047,BSW,L3,82,2132,0,2132,0.0,2026-09-11T20:26:01.488948+00:00
2026-09-12,2026-09-07,52047,CDU,L1,12,240,0,240,0.0,2026-09-11T20:26:01.488948+00:00
2026-09-12,2026-09-07,52047,CDU,L2,12,420,0,420,0.0,2026-09-11T20:26:01.488948+00:00
2026-09-12,2026-09-07,52047,CDU,L3,12,312,0,312,0.0,2026-09-11T20:26:01.488948+00:00
2026-09-12,2026-09-07,52047,CRA,L1,16,320,320,0,100.0,2026-09-11T20:26:01.488948+00:00
2026-09-12,2026-09-07,52047,CRA,L2,16,560,0,560,0.0,2026-09-11T20:26:01.488948+00:00
2026-09-12,2026-09-07,52047,CRA,L3,16,416,0,416,0.0,2026-09-11T20:26:01.488948+00:00
2026-09-12,2026-09-07,52047,CTS,L1,4,80,0,80,0.0,2026-09-11T20:26:01.488948+00:00
2026-09-12,2026-09-07,52047,CTS,L2,4,140,0,140,0.0,2026-09-11T20:26:01.488948+00:00
2026-09-12,2026-09-07,52047,CTS,L3,4,104,0,104,0.0,2026-09-11T20:26:01.488948+00:00
2026-09-12,2026-09-07,52047,DHU,L1,4,80,0,80,0.0,2026-09-11T20:26:01.488948+00:00
2026-09-12,2026-09-07,52047,DHU,L2,4,140,0,140,0.0,2026-09-11T20:26:01.488948+00:00
2026-09-12,2026-09-07,52047,DHU,L3,4,104,0,104,0.0,2026-09-11T20:26:01.488948+00:00
2026-09-12,2026-09-07,52047,DPP,L1,16,320,320,0,100.0,2026-09-11T20:26:01.488948+00:00
2026-09-12,2026-09-07,52047,DPP,L2,16,560,0,560,0.0,2026-09-11T20:26:01.488948+00:00
2026-09-12,2026-09-07,52047,DPP,L3,16,416,0,416,0.0,2026-09-11T20:26:01.488948+00:00
2026-09-12,2026-09-07,52047,DSG,L1,8,160,160,0,100.0,2026-09-11T20:26:01.488948+00:00
2026-09-12,2026-09-07,52047,DSG,L2,8,280,56,224,20.0,2026-09-11T20:26:01.488948+00:00
2026-09-12,2026-09-07,52047,DSG,L3,8,208,0,208,0.0,2026-09-11T20:26:01.488948+00:00
2026-09-12,2026-09-07,52047,ELP,L1,4,80,80,0,100.0,2026-09-11T20:26:01.488948+00:00
2026-09-12,2026-09-07,52047,ELP,L2,4,140,0,140,0.0,2026-09-11T20:26:01.488948+00:00
2026-09-12,2026-09-07,52047,ELP,L3,4,104,0,104,0.0,2026-09-11T20:26:01.488948+00:00
2026-09-12,2026-09-07,52047,EPP,L1,4,80,80,0,100.0,2026-09-11T20:26:01.488948+00:00
2026-09-12,2026-09-07,52047,EPP,L2,4,140,0,140,0.0,2026-09-11T20:26:01.488948+00:00
2026-09-12,2026-09-07,52047,EPP,L3,4,104,0,104,0.0,2026-09-11T20:26:01.488948+00:00
2026-09-12,2026-09-07,52047,EXF,L1,8,160,0,160,0.0,2026-09-11T20:26:01.488948+00:00
2026-09-12,2026-09-07,52047,EXF,L2,8,280,0,280,0.0,2026-09-11T20:26:01.488948+00:00
2026-09-12,2026-09-07,52047,EXF,L3,8,208,0,208,0.0,2026-09-11T20:26:01.488948+00:00
2026-09-12,2026-09-07,52047,EXP,L1,4,80,0,80,0.0,2026-09-11T20:26:01.488948+00:00
2026-09-12,2026-09-07,52047,EXP,L2,4,140,0,140,0.0,2026-09-11T20:26:01.488948+00:00
2026-09-12,2026-09-07,52047,EXP,L3,4,104,0,104,0.0,2026-09-11T20:26:01.488948+00:00
2026-09-12,2026-09-07,52047,FWU,L1,16,320,320,0,100.0,2026-09-11T20:26:01.488948+00:00
2026-09-12,2026-09-07,52047,FWU,L2,16,560,0,560,0.0,2026-09-11T20:26:01.488948+00:00
2026-09-12,2026-09-07,52047,FWU,L3,16,416,0,416,0.0,2026-09-11T20:26:01.488948+00:00
2026-09-12,2026-09-07,52047,GDS,L1,1,20,0,20,0.0,2026-09-11T20:26:01.488948+00:00
2026-09-12,2026-09-07,52047,GDS,L2,1,35,0,35,0.0,2026-09-11T20:26:01.488948+00:00
2026-09-12,2026-09-07,52047,GDS,L3,1,26,0,26,0.0,2026-09-11T20:26:01.488948+00:00
2026-09-12,2026-09-07,52047,GDT,L1,8,160,160,0,100.0,2026-09-11T20:26:01.488948+00:00
2026-09-12,2026-09-07,52047,GDT,L2,8,280,0,280,0.0,2026-09-11T20:26:01.488948+00:00
2026-09-12,2026-09-07,52047,GDT,L3,8,208,0,208,0.0,2026-09-11T20:26:01.488948+00:00
2026-09-12,2026-09-07,52047,GEN,L1,8,160,160,0,100.0,2026-09-11T20:26:01.488948+00:00
2026-09-12,2026-09-07,52047,GEN,L2,8,280,0,280,0.0,2026-09-11T20:26:01.488948+00:00
2026-09-12,2026-09-07,52047,GEN,L3,8,208,0,208,0.0,2026-09-11T20:26:01.488948+00:00
2026-09-12,2026-09-07,52047,GSB,L1,8,160,152,8,95.0,2026-09-11T20:26:01.488948+00:00
2026-09-12,2026-09-07,52047,GSB,L2,8,280,0,280,0.0,2026-09-11T20:26:01.488948+00:00
2026-09-12,2026-09-07,52047,GSB,L3,8,208,0,208,0.0,2026-09-11T20:26:01.488948+00:00
2026-09-12,2026-09-07,52047,MBC,L1,8,160,160,0,100.0,2026-09-11T20:26:01.488948+00:00
2026-09-12,2026-09-07,52047,MBC,L2,8,280,0,280,0.0,2026-09-11T20:26:01.488948+00:00
2026-09-12,2026-09-07,52047,MBC,L3,8,208,0,208,0.0,2026-09-11T20:26:01.488948+00:00
2026-09-12,2026-09-07,52047,MDP,L1,11,220,220,0,100.0,2026-09-11T20:26:01.488948+00:00
2026-09-12,2026-09-07,52047,MDP,L2,11,385,7,378,1.82,2026-09-11T20:26:01.488948+00:00
2026-09-12,2026-09-07,52047,MDP,L3,11,286,0,286,0.0,2026-09-11T20:26:01.488948+00:00
2026-09-12,2026-09-07,52047,MSB,L1,10,200,200,0,100.0,2026-09-11T20:26:01.488948+00:00
2026-09-12,2026-09-07,52047,MSB,L2,10,350,0,350,0.0,2026-09-11T20:26:01.488948+00:00
2026-09-12,2026-09-07,52047,MSB,L3,10,260,0,260,0.0,2026-09-11T20:26:01.488948+00:00
2026-09-12,2026-09-07,52047,MUP,L1,4,80,0,80,0.0,2026-09-11T20:26:01.488948+00:00
2026-09-12,2026-09-07,52047,MUP,L2,4,140,0,140,0.0,2026-09-11T20:26:01.488948+00:00
2026-09-12,2026-09-07,52047,MUP,L3,4,104,0,104,0.0,2026-09-11T20:26:01.488948+00:00
2026-09-12,2026-09-07,52047,PAC,L1,2,40,0,40,0.0,2026-09-11T20:26:01.488948+00:00
2026-09-12,2026-09-07,52047,PAC,L2,2,70,0,70,0.0,2026-09-11T20:26:01.488948+00:00
2026-09-12,2026-09-07,52047,PAC,L3,2,52,0,52,0.0,2026-09-11T20:26:01.488948+00:00
2026-09-12,2026-09-07,52047,PAS,L1,6,120,0,120,0.0,2026-09-11T20:26:01.488948+00:00
2026-09-12,2026-09-07,52047,PAS,L2,6,210,0,210,0.0,2026-09-11T20:26:01.488948+00:00
2026-09-12,2026-09-07,52047,PAS,L3,6,156,0,156,0.0,2026-09-11T20:26:01.488948+00:00
2026-09-12,2026-09-07,52047,RPP,L1,16,320,0,320,0.0,2026-09-11T20:26:01.488948+00:00
2026-09-12,2026-09-07,52047,RPP,L2,16,560,0,560,0.0,2026-09-11T20:26:01.488948+00:00
2026-09-12,2026-09-07,52047,RPP,L3,16,416,0,416,0.0,2026-09-11T20:26:01.488948+00:00
2026-09-12,2026-09-07,52047,TES,L1,12,240,0,240,0.0,2026-09-11T20:26:01.488948+00:00
2026-09-12,2026-09-07,52047,TES,L2,12,420,0,420,0.0,2026-09-11T20:26:01.488948+00:00
2026-09-12,2026-09-07,52047,TES,L3,12,312,0,312,0.0,2026-09-11T20:26:01.488948+00:00
2026-09-12,2026-09-07,52047,TRN,L1,8,160,160,0,100.0,2026-09-11T20:26:01.488948+00:00
2026-09-12,2026-09-07,52047,TRN,L2,8,280,56,224,20.0,2026-09-11T20:26:01.488948+00:00
2026-09-12,2026-09-07,52047,TRN,L3,8,208,0,208,0.0,2026-09-11T20:26:01.488948+00:00
2026-09-12,2026-09-07,52047,UDP,L1,6,120,119,1,99.17,2026-09-11T20:26:01.488948+00:00
2026-09-12,2026-09-07,52047,UDP,L2,6,210,0,210,0.0,2026-09-11T20:26:01.488948+00:00
2026-09-12,2026-09-07,52047,UDP,L3,6,156,0,156,0.0,2026-09-11T20:26:01.488948+00:00
2026-09-12,2026-09-07,52047,UMP,L1,2,40,40,0,100.0,2026-09-11T20:26:01.488948+00:00
2026-09-12,2026-09-07,52047,UMP,L2,2,70,0,70,0.0,2026-09-11T20:26:01.488948+00:00
2026-09-12,2026-09-07,52047,UMP,L3,2,52,0,52,0.0,2026-09-11T20:26:01.488948+00:00
2026-09-12,2026-09-07,52047,UPB,L1,8,160,160,0,100.0,2026-09-11T20:26:01.488948+00:00
2026-09-12,2026-09-07,52047,UPB,L2,8,280,0,280,0.0,2026-09-11T20:26:01.488948+00:00
2026-09-12,2026-09-07,52047,UPB,L3,8,208,0,208,0.0,2026-09-11T20:26:01.488948+00:00
2026-09-12,2026-09-07,52047,UPP,L1,2,40,40,0,100.0,2026-09-11T20:26:01.488948+00:00
2026-09-12,2026-09-07,52047,UPP,L2,2,70,0,70,0.0,2026-09-11T20:26:01.488948+00:00
2026-09-12,2026-09-07,52047,UPP,L3,2,52,0,52,0.0,2026-09-11T20:26:01.488948+00:00
2026-09-12,2026-09-07,52047,UPS,L1,8,160,148,12,92.5,2026-09-11T20:26:01.488948+00:00
2026-09-12,2026-09-07,52047,UPS,L2,8,280,0,280,0.0,2026-09-11T20:26:01.488948+00:00
2026-09-12,2026-09-07,52047,UPS,L3,8,208,0,208,0.0,2026-09-11T20:26:01.488948+00:00
2026-09-12,2026-09-07,52047,VES,L1,32,640,147,493,22.97,2026-09-11T20:26:01.488948+00:00
2026-09-12,2026-09-07,52047,VES,L2,32,1120,0,1120,0.0,2026-09-11T20:26:01.488948+00:00
2026-09-12,2026-09-07,52047,VES,L3,32,832,0,832,0.0,2026-09-11T20:26:01.488948+00:00
2026-09-12,2026-09-07,52047,VRF,L1,4,80,0,80,0.0,2026-09-11T20:26:01.488948+00:00
2026-09-12,2026-09-07,52047,VRF,L2,4,140,0,140,0.0,2026-09-11T20:26:01.488948+00:00
2026-09-12,2026-09-07,52047,VRF,L3,4,104,0,104,0.0,2026-09-11T20:26:01.488948+00:00
2026-09-12,2026-09-07,52048,ACS,L1,41,820,0,820,0.0,2026-09-11T20:26:01.488948+00:00
2026-09-12,2026-09-07,52048,ACS,L2,41,1435,0,1435,0.0,2026-09-11T20:26:01.488948+00:00
2026-09-12,2026-09-07,52048,ACS,L3,41,1066,0,1066,0.0,2026-09-11T20:26:01.488948+00:00
2026-09-12,2026-09-07,52048,AIS,L1,4,80,0,80,0.0,2026-09-11T20:26:01.488948+00:00
2026-09-12,2026-09-07,52048,AIS,L2,4,140,0,140,0.0,2026-09-11T20:26:01.488948+00:00
2026-09-12,2026-09-07,52048,AIS,L3,4,104,0,104,0.0,2026-09-11T20:26:01.488948+00:00
2026-09-12,2026-09-07,52048,ATS,L1,5,100,100,0,100.0,2026-09-11T20:26:01.488948+00:00
2026-09-12,2026-09-07,52048,ATS,L2,5,175,0,175,0.0,2026-09-11T20:26:01.488948+00:00
2026-09-12,2026-09-07,52048,ATS,L3,5,130,0,130,0.0,2026-09-11T20:26:01.488948+00:00
2026-09-12,2026-09-07,52048,BMP,L1,13,260,0,260,0.0,2026-09-11T20:26:01.488948+00:00
2026-09-12,2026-09-07,52048,BMP,L2,13,455,0,455,0.0,2026-09-11T20:26:01.488948+00:00
2026-09-12,2026-09-07,52048,BMP,L3,13,338,0,338,0.0,2026-09-11T20:26:01.488948+00:00
2026-09-12,2026-09-07,52048,BSW,L1,77,1540,0,1540,0.0,2026-09-11T20:26:01.488948+00:00
2026-09-12,2026-09-07,52048,BSW,L2,77,2695,0,2695,0.0,2026-09-11T20:26:01.488948+00:00
2026-09-12,2026-09-07,52048,BSW,L3,77,2002,0,2002,0.0,2026-09-11T20:26:01.488948+00:00
2026-09-12,2026-09-07,52048,CDU,L1,12,240,0,240,0.0,2026-09-11T20:26:01.488948+00:00
2026-09-12,2026-09-07,52048,CDU,L2,12,420,0,420,0.0,2026-09-11T20:26:01.488948+00:00
2026-09-12,2026-09-07,52048,CDU,L3,12,312,0,312,0.0,2026-09-11T20:26:01.488948+00:00
2026-09-12,2026-09-07,52048,CRA,L1,30,600,573,27,95.5,2026-09-11T20:26:01.488948+00:00
2026-09-12,2026-09-07,52048,CRA,L2,30,1050,0,1050,0.0,2026-09-11T20:26:01.488948+00:00
2026-09-12,2026-09-07,52048,CRA,L3,30,780,0,780,0.0,2026-09-11T20:26:01.488948+00:00
2026-09-12,2026-09-07,52048,CTS,L1,4,80,0,80,0.0,2026-09-11T20:26:01.488948+00:00
2026-09-12,2026-09-07,52048,CTS,L2,4,140,0,140,0.0,2026-09-11T20:26:01.488948+00:00
2026-09-12,2026-09-07,52048,CTS,L3,4,104,0,104,0.0,2026-09-11T20:26:01.488948+00:00
2026-09-12,2026-09-07,52048,DHU,L1,4,80,0,80,0.0,2026-09-11T20:26:01.488948+00:00
2026-09-12,2026-09-07,52048,DHU,L2,4,140,0,140,0.0,2026-09-11T20:26:01.488948+00:00
2026-09-12,2026-09-07,52048,DHU,L3,4,104,0,104,0.0,2026-09-11T20:26:01.488948+00:00
2026-09-12,2026-09-07,52048,DPP,L1,14,280,280,0,100.0,2026-09-11T20:26:01.488948+00:00
2026-09-12,2026-09-07,52048,DPP,L2,14,490,0,490,0.0,2026-09-11T20:26:01.488948+00:00
2026-09-12,2026-09-07,52048,DPP,L3,14,364,0,364,0.0,2026-09-11T20:26:01.488948+00:00
2026-09-12,2026-09-07,52048,DSG,L1,7,140,140,0,100.0,2026-09-11T20:26:01.488948+00:00
2026-09-12,2026-09-07,52048,DSG,L2,7,245,49,196,20.0,2026-09-11T20:26:01.488948+00:00
2026-09-12,2026-09-07,52048,DSG,L3,7,182,0,182,0.0,2026-09-11T20:26:01.488948+00:00
2026-09-12,2026-09-07,52048,ELP,L1,8,160,160,0,100.0,2026-09-11T20:26:01.488948+00:00
2026-09-12,2026-09-07,52048,ELP,L2,8,280,0,280,0.0,2026-09-11T20:26:01.488948+00:00
2026-09-12,2026-09-07,52048,ELP,L3,8,208,0,208,0.0,2026-09-11T20:26:01.488948+00:00
2026-09-12,2026-09-07,52048,EPP,L1,8,160,160,0,100.0,2026-09-11T20:26:01.488948+00:00
2026-09-12,2026-09-07,52048,EPP,L2,8,280,0,280,0.0,2026-09-11T20:26:01.488948+00:00
2026-09-12,2026-09-07,52048,EPP,L3,8,208,0,208,0.0,2026-09-11T20:26:01.488948+00:00
2026-09-12,2026-09-07,52048,EXF,L1,7,140,0,140,0.0,2026-09-11T20:26:01.488948+00:00
2026-09-12,2026-09-07,52048,EXF,L2,7,245,0,245,0.0,2026-09-11T20:26:01.488948+00:00
2026-09-12,2026-09-07,52048,EXF,L3,7,182,0,182,0.0,2026-09-11T20:26:01.488948+00:00
2026-09-12,2026-09-07,52048,EXP,L1,4,80,0,80,0.0,2026-09-11T20:26:01.488948+00:00
2026-09-12,2026-09-07,52048,EXP,L2,4,140,0,140,0.0,2026-09-11T20:26:01.488948+00:00
2026-09-12,2026-09-07,52048,EXP,L3,4,104,0,104,0.0,2026-09-11T20:26:01.488948+00:00
2026-09-12,2026-09-07,52048,GDS,L1,1,20,0,20,0.0,2026-09-11T20:26:01.488948+00:00
2026-09-12,2026-09-07,52048,GDS,L2,1,35,0,35,0.0,2026-09-11T20:26:01.488948+00:00
2026-09-12,2026-09-07,52048,GDS,L3,1,26,0,26,0.0,2026-09-11T20:26:01.488948+00:00
2026-09-12,2026-09-07,52048,GDT,L1,7,140,140,0,100.0,2026-09-11T20:26:01.488948+00:00
2026-09-12,2026-09-07,52048,GDT,L2,7,245,0,245,0.0,2026-09-11T20:26:01.488948+00:00
2026-09-12,2026-09-07,52048,GDT,L3,7,182,0,182,0.0,2026-09-11T20:26:01.488948+00:00
2026-09-12,2026-09-07,52048,GEN,L1,7,140,140,0,100.0,2026-09-11T20:26:01.488948+00:00
2026-09-12,2026-09-07,52048,GEN,L2,7,245,0,245,0.0,2026-09-11T20:26:01.488948+00:00
2026-09-12,2026-09-07,52048,GEN,L3,7,182,0,182,0.0,2026-09-11T20:26:01.488948+00:00
2026-09-12,2026-09-07,52048,GSB,L1,7,140,68,72,48.57,2026-09-11T20:26:01.488948+00:00
2026-09-12,2026-09-07,52048,GSB,L2,7,245,0,245,0.0,2026-09-11T20:26:01.488948+00:00
2026-09-12,2026-09-07,52048,GSB,L3,7,182,0,182,0.0,2026-09-11T20:26:01.488948+00:00
2026-09-12,2026-09-07,52048,MBC,L1,7,140,140,0,100.0,2026-09-11T20:26:01.488948+00:00
2026-09-12,2026-09-07,52048,MBC,L2,7,245,0,245,0.0,2026-09-11T20:26:01.488948+00:00
2026-09-12,2026-09-07,52048,MBC,L3,7,182,0,182,0.0,2026-09-11T20:26:01.488948+00:00
2026-09-12,2026-09-07,52048,MDP,L1,11,220,220,0,100.0,2026-09-11T20:26:01.488948+00:00
2026-09-12,2026-09-07,52048,MDP,L2,11,385,0,385,0.0,2026-09-11T20:26:01.488948+00:00
2026-09-12,2026-09-07,52048,MDP,L3,11,286,0,286,0.0,2026-09-11T20:26:01.488948+00:00
2026-09-12,2026-09-07,52048,MSB,L1,13,260,260,0,100.0,2026-09-11T20:26:01.488948+00:00
2026-09-12,2026-09-07,52048,MSB,L2,13,455,0,455,0.0,2026-09-11T20:26:01.488948+00:00
2026-09-12,2026-09-07,52048,MSB,L3,13,338,0,338,0.0,2026-09-11T20:26:01.488948+00:00
2026-09-12,2026-09-07,52048,MUP,L1,4,80,0,80,0.0,2026-09-11T20:26:01.488948+00:00
2026-09-12,2026-09-07,52048,MUP,L2,4,140,0,140,0.0,2026-09-11T20:26:01.488948+00:00
2026-09-12,2026-09-07,52048,MUP,L3,4,104,0,104,0.0,2026-09-11T20:26:01.488948+00:00
2026-09-12,2026-09-07,52048,PAC,L1,2,40,0,40,0.0,2026-09-11T20:26:01.488948+00:00
2026-09-12,2026-09-07,52048,PAC,L2,2,70,0,70,0.0,2026-09-11T20:26:01.488948+00:00
2026-09-12,2026-09-07,52048,PAC,L3,2,52,0,52,0.0,2026-09-11T20:26:01.488948+00:00
2026-09-12,2026-09-07,52048,PAS,L1,6,120,0,120,0.0,2026-09-11T20:26:01.488948+00:00
2026-09-12,2026-09-07,52048,PAS,L2,6,210,0,210,0.0,2026-09-11T20:26:01.488948+00:00
2026-09-12,2026-09-07,52048,PAS,L3,6,156,0,156,0.0,2026-09-11T20:26:01.488948+00:00
2026-09-12,2026-09-07,52048,RPP,L1,16,320,0,320,0.0,2026-09-11T20:26:01.488948+00:00
2026-09-12,2026-09-07,52048,RPP,L2,16,560,0,560,0.0,2026-09-11T20:26:01.488948+00:00
2026-09-12,2026-09-07,52048,RPP,L3,16,416,0,416,0.0,2026-09-11T20:26:01.488948+00:00
2026-09-12,2026-09-07,52048,TES,L1,12,240,0,240,0.0,2026-09-11T20:26:01.488948+00:00
2026-09-12,2026-09-07,52048,TES,L2,12,420,0,420,0.0,2026-09-11T20:26:01.488948+00:00
2026-09-12,2026-09-07,52048,TES,L3,12,312,0,312,0.0,2026-09-11T20:26:01.488948+00:00
2026-09-12,2026-09-07,52048,TRN,L1,7,140,140,0,100.0,2026-09-11T20:26:01.488948+00:00
2026-09-12,2026-09-07,52048,TRN,L2,7,245,49,196,20.0,2026-09-11T20:26:01.488948+00:00
2026-09-12,2026-09-07,52048,TRN,L3,7,182,14,168,7.69,2026-09-11T20:26:01.488948+00:00
2026-09-12,2026-09-07,52048,UDP,L1,6,120,120,0,100.0,2026-09-11T20:26:01.488948+00:00
2026-09-12,2026-09-07,52048,UDP,L2,6,210,0,210,0.0,2026-09-11T20:26:01.488948+00:00
2026-09-12,2026-09-07,52048,UDP,L3,6,156,0,156,0.0,2026-09-11T20:26:01.488948+00:00
2026-09-12,2026-09-07,52048,UMP,L1,1,20,20,0,100.0,2026-09-11T20:26:01.488948+00:00
2026-09-12,2026-09-07,52048,UMP,L2,1,35,0,35,0.0,2026-09-11T20:26:01.488948+00:00
2026-09-12,2026-09-07,52048,UMP,L3,1,26,0,26,0.0,2026-09-11T20:26:01.488948+00:00
2026-09-12,2026-09-07,52048,UPB,L1,7,140,0,140,0.0,2026-09-11T20:26:01.488948+00:00
2026-09-12,2026-09-07,52048,UPB,L2,7,245,0,245,0.0,2026-09-11T20:26:01.488948+00:00
2026-09-12,2026-09-07,52048,UPB,L3,7,182,0,182,0.0,2026-09-11T20:26:01.488948+00:00
2026-09-12,2026-09-07,52048,UPP,L1,8,160,140,20,87.5,2026-09-11T20:26:01.488948+00:00
2026-09-12,2026-09-07,52048,UPP,L2,8,280,0,280,0.0,2026-09-11T20:26:01.488948+00:00
2026-09-12,2026-09-07,52048,UPP,L3,8,208,0,208,0.0,2026-09-11T20:26:01.488948+00:00
2026-09-12,2026-09-07,52048,UPS,L1,7,140,42,98,30.0,2026-09-11T20:26:01.488948+00:00
2026-09-12,2026-09-07,52048,UPS,L2,7,245,0,245,0.0,2026-09-11T20:26:01.488948+00:00
2026-09-12,2026-09-07,52048,UPS,L3,7,182,0,182,0.0,2026-09-11T20:26:01.488948+00:00
2026-09-12,2026-09-07,52048,VES,L1,31,620,0,620,0.0,2026-09-11T20:26:01.488948+00:00
2026-09-12,2026-09-07,52048,VES,L2,31,1085,0,1085,0.0,2026-09-11T20:26:01.488948+00:00
2026-09-12,2026-09-07,52048,VES,L3,31,806,0,806,0.0,2026-09-11T20:26:01.488948+00:00
2026-09-12,2026-09-07,52048,VRF,L1,4,80,0,80,0.0,2026-09-11T20:26:01.488948+00:00
2026-09-12,2026-09-07,52048,VRF,L2,4,140,0,140,0.0,2026-09-11T20:26:01.488948+00:00
2026-09-12,2026-09-07,52048,VRF,L3,4,104,0,104,0.0,2026-09-11T20:26:01.488948+00:00
2026-09-13,2026-09-07,39282,ACS,L1,98,1989,1408,581,70.79,2026-09-12T20:10:25.613305+00:00
2026-09-13,2026-09-07,39282,ACS,L2,98,3430,1249,2181,36.41,2026-09-12T20:10:25.613305+00:00
2026-09-13,2026-09-07,39282,ACS,L3,98,2548,0,2548,0.0,2026-09-12T20:10:25.613305+00:00
2026-09-13,2026-09-07,39282,AHU,L1,7,147,147,0,100.0,2026-09-12T20:10:25.613305+00:00
2026-09-13,2026-09-07,39282,AHU,L2,7,245,0,245,0.0,2026-09-12T20:10:25.613305+00:00
2026-09-13,2026-09-07,39282,AHU,L3,7,182,0,182,0.0,2026-09-12T20:10:25.613305+00:00
2026-09-13,2026-09-07,39282,AIS,L1,6,122,42,80,34.43,2026-09-12T20:10:25.613305+00:00
2026-09-13,2026-09-07,39282,AIS,L2,6,210,0,210,0.0,2026-09-12T20:10:25.613305+00:00
2026-09-13,2026-09-07,39282,AIS,L3,6,156,0,156,0.0,2026-09-12T20:10:25.613305+00:00
2026-09-13,2026-09-07,39282,BMP,L1,26,528,434,94,82.2,2026-09-12T20:10:25.613305+00:00
2026-09-13,2026-09-07,39282,BMP,L2,26,1222,657,565,53.76,2026-09-12T20:10:25.613305+00:00
2026-09-13,2026-09-07,39282,BMP,L3,26,676,56,620,8.28,2026-09-12T20:10:25.613305+00:00
2026-09-13,2026-09-07,39282,BSW,L1,56,1120,480,640,42.86,2026-09-12T20:10:25.613305+00:00
2026-09-13,2026-09-07,39282,BSW,L2,56,1960,840,1120,42.86,2026-09-12T20:10:25.613305+00:00
2026-09-13,2026-09-07,39282,BSW,L3,56,1456,0,1456,0.0,2026-09-12T20:10:25.613305+00:00
2026-09-13,2026-09-07,39282,CDU,L1,12,240,234,6,97.5,2026-09-12T20:10:25.613305+00:00
2026-09-13,2026-09-07,39282,CDU,L2,12,420,0,420,0.0,2026-09-12T20:10:25.613305+00:00
2026-09-13,2026-09-07,39282,CDU,L3,12,312,0,312,0.0,2026-09-12T20:10:25.613305+00:00
2026-09-13,2026-09-07,39282,CHL,L1,8,168,168,0,100.0,2026-09-12T20:10:25.613305+00:00
2026-09-13,2026-09-07,39282,CHL,L2,8,280,83,197,29.64,2026-09-12T20:10:25.613305+00:00
2026-09-13,2026-09-07,39282,CHL,L3,8,208,0,208,0.0,2026-09-12T20:10:25.613305+00:00
2026-09-13,2026-09-07,39282,CHP,L1,8,168,168,0,100.0,2026-09-12T20:10:25.613305+00:00
2026-09-13,2026-09-07,39282,CHP,L2,8,280,34,246,12.14,2026-09-12T20:10:25.613305+00:00
2026-09-13,2026-09-07,39282,CHP,L3,8,208,0,208,0.0,2026-09-12T20:10:25.613305+00:00
2026-09-13,2026-09-07,39282,CRA,L1,28,560,554,6,98.93,2026-09-12T20:10:25.613305+00:00
2026-09-13,2026-09-07,39282,CRA,L2,28,980,0,980,0.0,2026-09-12T20:10:25.613305+00:00
2026-09-13,2026-09-07,39282,CRA,L3,28,728,0,728,0.0,2026-09-12T20:10:25.613305+00:00
2026-09-13,2026-09-07,39282,CTS,L1,6,120,25,95,20.83,2026-09-12T20:10:25.613305+00:00
2026-09-13,2026-09-07,39282,CTS,L2,6,210,0,210,0.0,2026-09-12T20:10:25.613305+00:00
2026-09-13,2026-09-07,39282,CTS,L3,6,156,0,156,0.0,2026-09-12T20:10:25.613305+00:00
2026-09-13,2026-09-07,39282,DPP,L1,54,1104,1044,60,94.57,2026-09-12T20:10:25.613305+00:00
2026-09-13,2026-09-07,39282,DPP,L2,54,2080,755,1325,36.3,2026-09-12T20:10:25.613305+00:00
2026-09-13,2026-09-07,39282,DPP,L3,54,1404,0,1404,0.0,2026-09-12T20:10:25.613305+00:00
2026-09-13,2026-09-07,39282,DSG,L1,8,168,168,0,100.0,2026-09-12T20:10:25.613305+00:00
2026-09-13,2026-09-07,39282,DSG,L2,8,592,592,0,100.0,2026-09-12T20:10:25.613305+00:00
2026-09-13,2026-09-07,39282,DSG,L3,8,208,6,202,2.88,2026-09-12T20:10:25.613305+00:00
2026-09-13,2026-09-07,39282,EPP,L1,8,164,164,0,100.0,2026-09-12T20:10:25.613305+00:00
2026-09-13,2026-09-07,39282,EPP,L2,8,363,231,132,63.64,2026-09-12T20:10:25.613305+00:00
2026-09-13,2026-09-07,39282,EPP,L3,8,208,0,208,0.0,2026-09-12T20:10:25.613305+00:00
2026-09-13,2026-09-07,39282,EXF,L1,20,400,365,35,91.25,2026-09-12T20:10:25.613305+00:00
2026-09-13,2026-09-07,39282,EXF,L2,20,700,0,700,0.0,2026-09-12T20:10:25.613305+00:00
2026-09-13,2026-09-07,39282,EXF,L3,20,520,0,520,0.0,2026-09-12T20:10:25.613305+00:00
2026-09-13,2026-09-07,39282,EXP,L1,6,122,42,80,34.43,2026-09-12T20:10:25.613305+00:00
2026-09-13,2026-09-07,39282,EXP,L2,6,210,0,210,0.0,2026-09-12T20:10:25.613305+00:00
2026-09-13,2026-09-07,39282,EXP,L3,6,156,0,156,0.0,2026-09-12T20:10:25.613305+00:00
2026-09-13,2026-09-07,39282,FWU,L1,16,336,321,15,95.54,2026-09-12T20:10:25.613305+00:00
2026-09-13,2026-09-07,39282,FWU,L2,16,560,0,560,0.0,2026-09-12T20:10:25.613305+00:00
2026-09-13,2026-09-07,39282,FWU,L3,16,416,0,416,0.0,2026-09-12T20:10:25.613305+00:00
2026-09-13,2026-09-07,39282,GDS,L1,2,40,0,40,0.0,2026-09-12T20:10:25.613305+00:00
2026-09-13,2026-09-07,39282,GDS,L2,2,70,0,70,0.0,2026-09-12T20:10:25.613305+00:00
2026-09-13,2026-09-07,39282,GDS,L3,2,52,0,52,0.0,2026-09-12T20:10:25.613305+00:00
2026-09-13,2026-09-07,39282,GDT,L1,8,168,168,0,100.0,2026-09-12T20:10:25.613305+00:00
2026-09-13,2026-09-07,39282,GDT,L2,8,280,279,1,99.64,2026-09-12T20:10:25.613305+00:00
2026-09-13,2026-09-07,39282,GDT,L3,8,208,0,208,0.0,2026-09-12T20:10:25.613305+00:00
2026-09-13,2026-09-07,39282,GEN,L1,8,168,168,0,100.0,2026-09-12T20:10:25.613305+00:00
2026-09-13,2026-09-07,39282,GEN,L2,8,320,320,0,100.0,2026-09-12T20:10:25.613305+00:00
2026-09-13,2026-09-07,39282,GEN,L3,8,208,1,207,0.48,2026-09-12T20:10:25.613305+00:00
2026-09-13,2026-09-07,39282,GSB,L1,8,168,168,0,100.0,2026-09-12T20:10:25.613305+00:00
2026-09-13,2026-09-07,39282,GSB,L2,8,320,320,0,100.0,2026-09-12T20:10:25.613305+00:00
2026-09-13,2026-09-07,39282,GSB,L3,8,208,0,208,0.0,2026-09-12T20:10:25.613305+00:00
2026-09-13,2026-09-07,39282,LBG,L1,1,21,21,0,100.0,2026-09-12T20:10:25.613305+00:00
2026-09-13,2026-09-07,39282,LBG,L2,1,35,35,0,100.0,2026-09-12T20:10:25.613305+00:00
2026-09-13,2026-09-07,39282,LBG,L3,1,26,10,16,38.46,2026-09-12T20:10:25.613305+00:00
2026-09-13,2026-09-07,39282,MBC,L1,16,336,336,0,100.0,2026-09-12T20:10:25.613305+00:00
2026-09-13,2026-09-07,39282,MBC,L2,16,674,433,241,64.24,2026-09-12T20:10:25.613305+00:00
2026-09-13,2026-09-07,39282,MBC,L3,16,416,7,409,1.68,2026-09-12T20:10:25.613305+00:00
2026-09-13,2026-09-07,39282,MDP,L1,14,293,271,22,92.49,2026-09-12T20:10:25.613305+00:00
2026-09-13,2026-09-07,39282,MDP,L2,14,793,612,181,77.18,2026-09-12T20:10:25.613305+00:00
2026-09-13,2026-09-07,39282,MDP,L3,14,364,7,357,1.92,2026-09-12T20:10:25.613305+00:00
2026-09-13,2026-09-07,39282,MSB,L1,10,210,210,0,100.0,2026-09-12T20:10:25.613305+00:00
2026-09-13,2026-09-07,39282,MSB,L2,10,672,671,1,99.85,2026-09-12T20:10:25.613305+00:00
2026-09-13,2026-09-07,39282,MSB,L3,10,260,56,204,21.54,2026-09-12T20:10:25.613305+00:00
2026-09-13,2026-09-07,39282,MUP,L1,4,80,0,80,0.0,2026-09-12T20:10:25.613305+00:00
2026-09-13,2026-09-07,39282,MUP,L2,4,140,0,140,0.0,2026-09-12T20:10:25.613305+00:00
2026-09-13,2026-09-07,39282,MUP,L3,4,104,0,104,0.0,2026-09-12T20:10:25.613305+00:00
2026-09-13,2026-09-07,39282,OAF,L1,30,630,630,0,100.0,2026-09-12T20:10:25.613305+00:00
2026-09-13,2026-09-07,39282,OAF,L2,30,1050,108,942,10.29,2026-09-12T20:10:25.613305+00:00
2026-09-13,2026-09-07,39282,OAF,L3,30,780,0,780,0.0,2026-09-12T20:10:25.613305+00:00
2026-09-13,2026-09-07,39282,PAC,L1,4,84,84,0,100.0,2026-09-12T20:10:25.613305+00:00
2026-09-13,2026-09-07,39282,PAC,L2,4,140,0,140,0.0,2026-09-12T20:10:25.613305+00:00
2026-09-13,2026-09-07,39282,PAC,L3,4,104,0,104,0.0,2026-09-12T20:10:25.613305+00:00
2026-09-13,2026-09-07,39282,PAS,L1,8,168,168,0,100.0,2026-09-12T20:10:25.613305+00:00
2026-09-13,2026-09-07,39282,PAS,L2,8,280,0,280,0.0,2026-09-12T20:10:25.613305+00:00
2026-09-13,2026-09-07,39282,PAS,L3,8,208,0,208,0.0,2026-09-12T20:10:25.613305+00:00
2026-09-13,2026-09-07,39282,PLC,L1,1,20,19,1,95.0,2026-09-12T20:10:25.613305+00:00
2026-09-13,2026-09-07,39282,PLC,L2,1,35,0,35,0.0,2026-09-12T20:10:25.613305+00:00
2026-09-13,2026-09-07,39282,PLC,L3,1,26,0,26,0.0,2026-09-12T20:10:25.613305+00:00
2026-09-13,2026-09-07,39282,RPP,L1,16,320,320,0,100.0,2026-09-12T20:10:25.613305+00:00
2026-09-13,2026-09-07,39282,RPP,L2,16,560,0,560,0.0,2026-09-12T20:10:25.613305+00:00
2026-09-13,2026-09-07,39282,RPP,L3,16,416,0,416,0.0,2026-09-12T20:10:25.613305+00:00
2026-09-13,2026-09-07,39282,STS,L1,24,480,480,0,100.0,2026-09-12T20:10:25.613305+00:00
2026-09-13,2026-09-07,39282,STS,L2,24,840,7,833,0.83,2026-09-12T20:10:25.613305+00:00
2026-09-13,2026-09-07,39282,STS,L3,24,624,0,624,0.0,2026-09-12T20:10:25.613305+00:00
2026-09-13,2026-09-07,39282,TES,L1,18,360,120,240,33.33,2026-09-12T20:10:25.613305+00:00
2026-09-13,2026-09-07,39282,TES,L2,18,630,0,630,0.0,2026-09-12T20:10:25.613305+00:00
2026-09-13,2026-09-07,39282,TES,L3,18,468,0,468,0.0,2026-09-12T20:10:25.613305+00:00
2026-09-13,2026-09-07,39282,TRN,L1,8,168,168,0,100.0,2026-09-12T20:10:25.613305+00:00
2026-09-13,2026-09-07,39282,TRN,L2,8,320,320,0,100.0,2026-09-12T20:10:25.613305+00:00
2026-09-13,2026-09-07,39282,TRN,L3,8,208,0,208,0.0,2026-09-12T20:10:25.613305+00:00
2026-09-13,2026-09-07,39282,UDP,L1,24,480,480,0,100.0,2026-09-12T20:10:25.613305+00:00
2026-09-13,2026-09-07,39282,UDP,L2,24,840,168,672,20.0,2026-09-12T20:10:25.613305+00:00
2026-09-13,2026-09-07,39282,UDP,L3,24,624,0,624,0.0,2026-09-12T20:10:25.613305+00:00
2026-09-13,2026-09-07,39282,UPB,L1,24,480,480,0,100.0,2026-09-12T20:10:25.613305+00:00
2026-09-13,2026-09-07,39282,UPB,L2,24,840,0,840,0.0,2026-09-12T20:10:25.613305+00:00
2026-09-13,2026-09-07,39282,UPB,L3,24,624,0,624,0.0,2026-09-12T20:10:25.613305+00:00
2026-09-13,2026-09-07,39282,UPS,L1,24,480,480,0,100.0,2026-09-12T20:10:25.613305+00:00
2026-09-13,2026-09-07,39282,UPS,L2,24,840,1,839,0.12,2026-09-12T20:10:25.613305+00:00
2026-09-13,2026-09-07,39282,UPS,L3,24,624,0,624,0.0,2026-09-12T20:10:25.613305+00:00
2026-09-13,2026-09-07,39282,VES,L1,59,1180,980,200,83.05,2026-09-12T20:10:25.613305+00:00
2026-09-13,2026-09-07,39282,VES,L2,59,2065,0,2065,0.0,2026-09-12T20:10:25.613305+00:00
2026-09-13,2026-09-07,39282,VES,L3,59,1534,0,1534,0.0,2026-09-12T20:10:25.613305+00:00
2026-09-13,2026-09-07,39282,VRF,L1,15,311,311,0,100.0,2026-09-12T20:10:25.613305+00:00
2026-09-13,2026-09-07,39282,VRF,L2,15,525,289,236,55.05,2026-09-12T20:10:25.613305+00:00
2026-09-13,2026-09-07,39282,VRF,L3,15,390,0,390,0.0,2026-09-12T20:10:25.613305+00:00
2026-09-13,2026-09-07,40875,ACS,L1,89,1865,1343,522,72.01,2026-09-12T20:10:25.613305+00:00
2026-09-13,2026-09-07,40875,ACS,L2,89,3360,1888,1472,56.19,2026-09-12T20:10:25.613305+00:00
2026-09-13,2026-09-07,40875,ACS,L3,89,2314,0,2314,0.0,2026-09-12T20:10:25.613305+00:00
2026-09-13,2026-09-07,40875,AIS,L1,4,84,42,42,50.0,2026-09-12T20:10:25.613305+00:00
2026-09-13,2026-09-07,40875,AIS,L2,4,160,0,160,0.0,2026-09-12T20:10:25.613305+00:00
2026-09-13,2026-09-07,40875,AIS,L3,4,104,0,104,0.0,2026-09-12T20:10:25.613305+00:00
2026-09-13,2026-09-07,40875,BMP,L1,25,517,437,80,84.53,2026-09-12T20:10:25.613305+00:00
2026-09-13,2026-09-07,40875,BMP,L2,25,1232,610,622,49.51,2026-09-12T20:10:25.613305+00:00
2026-09-13,2026-09-07,40875,BMP,L3,25,650,0,650,0.0,2026-09-12T20:10:25.613305+00:00
2026-09-13,2026-09-07,40875,BOP,L1,7,147,147,0,100.0,2026-09-12T20:10:25.613305+00:00
2026-09-13,2026-09-07,40875,BOP,L2,7,280,0,280,0.0,2026-09-12T20:10:25.613305+00:00
2026-09-13,2026-09-07,40875,BOP,L3,7,182,0,182,0.0,2026-09-12T20:10:25.613305+00:00
2026-09-13,2026-09-07,40875,BSW,L1,39,780,460,320,58.97,2026-09-12T20:10:25.613305+00:00
2026-09-13,2026-09-07,40875,BSW,L2,39,1365,805,560,58.97,2026-09-12T20:10:25.613305+00:00
2026-09-13,2026-09-07,40875,BSW,L3,39,1014,0,1014,0.0,2026-09-12T20:10:25.613305+00:00
2026-09-13,2026-09-07,40875,CDU,L1,6,126,126,0,100.0,2026-09-12T20:10:25.613305+00:00
2026-09-13,2026-09-07,40875,CDU,L2,6,240,0,240,0.0,2026-09-12T20:10:25.613305+00:00
2026-09-13,2026-09-07,40875,CDU,L3,6,156,0,156,0.0,2026-09-12T20:10:25.613305+00:00
2026-09-13,2026-09-07,40875,CHL,L1,8,168,168,0,100.0,2026-09-12T20:10:25.613305+00:00
2026-09-13,2026-09-07,40875,CHL,L2,8,320,68,252,21.25,2026-09-12T20:10:25.613305+00:00
2026-09-13,2026-09-07,40875,CHL,L3,8,208,0,208,0.0,2026-09-12T20:10:25.613305+00:00
2026-09-13,2026-09-07,40875,CHP,L1,8,168,168,0,100.0,2026-09-12T20:10:25.613305+00:00
2026-09-13,2026-09-07,40875,CHP,L2,8,320,7,313,2.19,2026-09-12T20:10:25.613305+00:00
2026-09-13,2026-09-07,40875,CHP,L3,8,208,0,208,0.0,2026-09-12T20:10:25.613305+00:00
2026-09-13,2026-09-07,40875,CRA,L1,28,588,575,13,97.79,2026-09-12T20:10:25.613305+00:00
2026-09-13,2026-09-07,40875,CRA,L2,28,1120,85,1035,7.59,2026-09-12T20:10:25.613305+00:00
2026-09-13,2026-09-07,40875,CRA,L3,28,728,0,728,0.0,2026-09-12T20:10:25.613305+00:00
2026-09-13,2026-09-07,40875,CTS,L1,4,84,14,70,16.67,2026-09-12T20:10:25.613305+00:00
2026-09-13,2026-09-07,40875,CTS,L2,4,160,0,160,0.0,2026-09-12T20:10:25.613305+00:00
2026-09-13,2026-09-07,40875,CTS,L3,4,104,0,104,0.0,2026-09-12T20:10:25.613305+00:00
2026-09-13,2026-09-07,40875,DPP,L1,63,1291,1270,21,98.37,2026-09-12T20:10:25.613305+00:00
2026-09-13,2026-09-07,40875,DPP,L2,63,2430,1392,1038,57.28,2026-09-12T20:10:25.613305+00:00
2026-09-13,2026-09-07,40875,DPP,L3,63,1638,7,1631,0.43,2026-09-12T20:10:25.613305+00:00
2026-09-13,2026-09-07,40875,DSG,L1,8,168,168,0,100.0,2026-09-12T20:10:25.613305+00:00
2026-09-13,2026-09-07,40875,DSG,L2,8,592,592,0,100.0,2026-09-12T20:10:25.613305+00:00
2026-09-13,2026-09-07,40875,DSG,L3,8,208,48,160,23.08,2026-09-12T20:10:25.613305+00:00
2026-09-13,2026-09-07,40875,EPP,L1,9,185,185,0,100.0,2026-09-12T20:10:25.613305+00:00
2026-09-13,2026-09-07,40875,EPP,L2,9,476,366,110,76.89,2026-09-12T20:10:25.613305+00:00
2026-09-13,2026-09-07,40875,EPP,L3,9,234,0,234,0.0,2026-09-12T20:10:25.613305+00:00
2026-09-13,2026-09-07,40875,EXF,L1,8,160,152,8,95.0,2026-09-12T20:10:25.613305+00:00
2026-09-13,2026-09-07,40875,EXF,L2,8,280,0,280,0.0,2026-09-12T20:10:25.613305+00:00
2026-09-13,2026-09-07,40875,EXF,L3,8,208,0,208,0.0,2026-09-12T20:10:25.613305+00:00
2026-09-13,2026-09-07,40875,EXP,L1,4,84,42,42,50.0,2026-09-12T20:10:25.613305+00:00
2026-09-13,2026-09-07,40875,EXP,L2,4,160,0,160,0.0,2026-09-12T20:10:25.613305+00:00
2026-09-13,2026-09-07,40875,EXP,L3,4,104,0,104,0.0,2026-09-12T20:10:25.613305+00:00
2026-09-13,2026-09-07,40875,FAC,L1,3,63,63,0,100.0,2026-09-12T20:10:25.613305+00:00
2026-09-13,2026-09-07,40875,FAC,L2,3,120,0,120,0.0,2026-09-12T20:10:25.613305+00:00
2026-09-13,2026-09-07,40875,FAC,L3,3,78,0,78,0.0,2026-09-12T20:10:25.613305+00:00
2026-09-13,2026-09-07,40875,FAP,L1,16,320,320,0,100.0,2026-09-12T20:10:25.613305+00:00
2026-09-13,2026-09-07,40875,FAP,L2,16,560,559,1,99.82,2026-09-12T20:10:25.613305+00:00
2026-09-13,2026-09-07,40875,FAP,L3,16,416,0,416,0.0,2026-09-12T20:10:25.613305+00:00
2026-09-13,2026-09-07,40875,FCC,L1,5,103,103,0,100.0,2026-09-12T20:10:25.613305+00:00
2026-09-13,2026-09-07,40875,FCC,L2,5,175,104,71,59.43,2026-09-12T20:10:25.613305+00:00
2026-09-13,2026-09-07,40875,FCC,L3,5,130,0,130,0.0,2026-09-12T20:10:25.613305+00:00
2026-09-13,2026-09-07,40875,FCU,L1,5,103,103,0,100.0,2026-09-12T20:10:25.613305+00:00
2026-09-13,2026-09-07,40875,FCU,L2,5,175,105,70,60.0,2026-09-12T20:10:25.613305+00:00
2026-09-13,2026-09-07,40875,FCU,L3,5,130,0,130,0.0,2026-09-12T20:10:25.613305+00:00
2026-09-13,2026-09-07,40875,FOF,L1,2,42,42,0,100.0,2026-09-12T20:10:25.613305+00:00
2026-09-13,2026-09-07,40875,FOF,L2,2,80,80,0,100.0,2026-09-12T20:10:25.613305+00:00
2026-09-13,2026-09-07,40875,FOF,L3,2,52,0,52,0.0,2026-09-12T20:10:25.613305+00:00
2026-09-13,2026-09-07,40875,FOP,L1,2,42,42,0,100.0,2026-09-12T20:10:25.613305+00:00
2026-09-13,2026-09-07,40875,FOP,L2,2,80,79,1,98.75,2026-09-12T20:10:25.613305+00:00
2026-09-13,2026-09-07,40875,FOP,L3,2,52,0,52,0.0,2026-09-12T20:10:25.613305+00:00
2026-09-13,2026-09-07,40875,FOT,L1,5,105,105,0,100.0,2026-09-12T20:10:25.613305+00:00
2026-09-13,2026-09-07,40875,FOT,L2,5,200,14,186,7.0,2026-09-12T20:10:25.613305+00:00
2026-09-13,2026-09-07,40875,FOT,L3,5,130,0,130,0.0,2026-09-12T20:10:25.613305+00:00
2026-09-13,2026-09-07,40875,FPO,L1,2,42,42,0,100.0,2026-09-12T20:10:25.613305+00:00
2026-09-13,2026-09-07,40875,FPO,L2,2,80,80,0,100.0,2026-09-12T20:10:25.613305+00:00
2026-09-13,2026-09-07,40875,FPO,L3,2,52,0,52,0.0,2026-09-12T20:10:25.613305+00:00
2026-09-13,2026-09-07,40875,FRP,L1,1,21,21,0,100.0,2026-09-12T20:10:25.613305+00:00
2026-09-13,2026-09-07,40875,FRP,L2,1,40,0,40,0.0,2026-09-12T20:10:25.613305+00:00
2026-09-13,2026-09-07,40875,FRP,L3,1,26,0,26,0.0,2026-09-12T20:10:25.613305+00:00
2026-09-13,2026-09-07,40875,FWU,L1,22,462,420,42,90.91,2026-09-12T20:10:25.613305+00:00
2026-09-13,2026-09-07,40875,FWU,L2,22,880,0,880,0.0,2026-09-12T20:10:25.613305+00:00
2026-09-13,2026-09-07,40875,FWU,L3,22,572,0,572,0.0,2026-09-12T20:10:25.613305+00:00
2026-09-13,2026-09-07,40875,GDS,L1,2,40,0,40,0.0,2026-09-12T20:10:25.613305+00:00
2026-09-13,2026-09-07,40875,GDS,L2,2,70,0,70,0.0,2026-09-12T20:10:25.613305+00:00
2026-09-13,2026-09-07,40875,GDS,L3,2,52,0,52,0.0,2026-09-12T20:10:25.613305+00:00
2026-09-13,2026-09-07,40875,GDT,L1,8,168,168,0,100.0,2026-09-12T20:10:25.613305+00:00
2026-09-13,2026-09-07,40875,GDT,L2,8,320,320,0,100.0,2026-09-12T20:10:25.613305+00:00
2026-09-13,2026-09-07,40875,GDT,L3,8,208,0,208,0.0,2026-09-12T20:10:25.613305+00:00
2026-09-13,2026-09-07,40875,GEN,L1,8,168,168,0,100.0,2026-09-12T20:10:25.613305+00:00
2026-09-13,2026-09-07,40875,GEN,L2,8,320,320,0,100.0,2026-09-12T20:10:25.613305+00:00
2026-09-13,2026-09-07,40875,GEN,L3,8,208,0,208,0.0,2026-09-12T20:10:25.613305+00:00
2026-09-13,2026-09-07,40875,GSB,L1,8,168,168,0,100.0,2026-09-12T20:10:25.613305+00:00
2026-09-13,2026-09-07,40875,GSB,L2,8,320,320,0,100.0,2026-09-12T20:10:25.613305+00:00
2026-09-13,2026-09-07,40875,GSB,L3,8,208,0,208,0.0,2026-09-12T20:10:25.613305+00:00
2026-09-13,2026-09-07,40875,MBC,L1,16,336,336,0,100.0,2026-09-12T20:10:25.613305+00:00
2026-09-13,2026-09-07,40875,MBC,L2,16,674,522,152,77.45,2026-09-12T20:10:25.613305+00:00
2026-09-13,2026-09-07,40875,MBC,L3,16,416,0,416,0.0,2026-09-12T20:10:25.613305+00:00
2026-09-13,2026-09-07,40875,MCC,L1,1,21,21,0,100.0,2026-09-12T20:10:25.613305+00:00
2026-09-13,2026-09-07,40875,MCC,L2,1,40,0,40,0.0,2026-09-12T20:10:25.613305+00:00
2026-09-13,2026-09-07,40875,MCC,L3,1,26,0,26,0.0,2026-09-12T20:10:25.613305+00:00
2026-09-13,2026-09-07,40875,MDP,L1,24,498,498,0,100.0,2026-09-12T20:10:25.613305+00:00
2026-09-13,2026-09-07,40875,MDP,L2,24,1168,631,537,54.02,2026-09-12T20:10:25.613305+00:00
2026-09-13,2026-09-07,40875,MDP,L3,24,624,0,624,0.0,2026-09-12T20:10:25.613305+00:00
2026-09-13,2026-09-07,40875,MSB,L1,10,210,210,0,100.0,2026-09-12T20:10:25.613305+00:00
2026-09-13,2026-09-07,40875,MSB,L2,10,706,706,0,100.0,2026-09-12T20:10:25.613305+00:00
2026-09-13,2026-09-07,40875,MSB,L3,10,260,0,260,0.0,2026-09-12T20:10:25.613305+00:00
2026-09-13,2026-09-07,40875,MUP,L1,2,42,0,42,0.0,2026-09-12T20:10:25.613305+00:00
2026-09-13,2026-09-07,40875,MUP,L2,2,80,0,80,0.0,2026-09-12T20:10:25.613305+00:00
2026-09-13,2026-09-07,40875,MUP,L3,2,52,0,52,0.0,2026-09-12T20:10:25.613305+00:00
2026-09-13,2026-09-07,40875,MVS,L1,2,42,42,0,100.0,2026-09-12T20:10:25.613305+00:00
2026-09-13,2026-09-07,40875,MVS,L2,2,80,80,0,100.0,2026-09-12T20:10:25.613305+00:00
2026-09-13,2026-09-07,40875,MVS,L3,2,52,15,37,28.85,2026-09-12T20:10:25.613305+00:00
2026-09-13,2026-09-07,40875,OAF,L1,19,398,398,0,100.0,2026-09-12T20:10:25.613305+00:00
2026-09-13,2026-09-07,40875,OAF,L2,19,755,0,755,0.0,2026-09-12T20:10:25.613305+00:00
2026-09-13,2026-09-07,40875,OAF,L3,19,494,0,494,0.0,2026-09-12T20:10:25.613305+00:00
2026-09-13,2026-09-07,40875,PAC,L1,4,84,84,0,100.0,2026-09-12T20:10:25.613305+00:00
2026-09-13,2026-09-07,40875,PAC,L2,4,160,0,160,0.0,2026-09-12T20:10:25.613305+00:00
2026-09-13,2026-09-07,40875,PAC,L3,4,104,0,104,0.0,2026-09-12T20:10:25.613305+00:00
2026-09-13,2026-09-07,40875,PAS,L1,8,168,168,0,100.0,2026-09-12T20:10:25.613305+00:00
2026-09-13,2026-09-07,40875,PAS,L2,8,320,0,320,0.0,2026-09-12T20:10:25.613305+00:00
2026-09-13,2026-09-07,40875,PAS,L3,8,208,0,208,0.0,2026-09-12T20:10:25.613305+00:00
2026-09-13,2026-09-07,40875,PLC,L1,1,20,18,2,90.0,2026-09-12T20:10:25.613305+00:00
2026-09-13,2026-09-07,40875,PLC,L2,1,35,0,35,0.0,2026-09-12T20:10:25.613305+00:00
2026-09-13,2026-09-07,40875,PLC,L3,1,26,0,26,0.0,2026-09-12T20:10:25.613305+00:00
2026-09-13,2026-09-07,40875,RPP,L1,56,1120,1120,0,100.0,2026-09-12T20:10:25.613305+00:00
2026-09-13,2026-09-07,40875,RPP,L2,56,1960,0,1960,0.0,2026-09-12T20:10:25.613305+00:00
2026-09-13,2026-09-07,40875,RPP,L3,56,1456,0,1456,0.0,2026-09-12T20:10:25.613305+00:00
2026-09-13,2026-09-07,40875,STS,L1,24,504,504,0,100.0,2026-09-12T20:10:25.613305+00:00
2026-09-13,2026-09-07,40875,STS,L2,24,960,188,772,19.58,2026-09-12T20:10:25.613305+00:00
2026-09-13,2026-09-07,40875,STS,L3,24,624,0,624,0.0,2026-09-12T20:10:25.613305+00:00
2026-09-13,2026-09-07,40875,TES,L1,6,126,0,126,0.0,2026-09-12T20:10:25.613305+00:00
2026-09-13,2026-09-07,40875,TES,L2,6,240,0,240,0.0,2026-09-12T20:10:25.613305+00:00
2026-09-13,2026-09-07,40875,TES,L3,6,156,0,156,0.0,2026-09-12T20:10:25.613305+00:00
2026-09-13,2026-09-07,40875,TRN,L1,8,168,168,0,100.0,2026-09-12T20:10:25.613305+00:00
2026-09-13,2026-09-07,40875,TRN,L2,8,320,320,0,100.0,2026-09-12T20:10:25.613305+00:00
2026-09-13,2026-09-07,40875,TRN,L3,8,208,0,208,0.0,2026-09-12T20:10:25.613305+00:00
2026-09-13,2026-09-07,40875,UDP,L1,24,480,480,0,100.0,2026-09-12T20:10:25.613305+00:00
2026-09-13,2026-09-07,40875,UDP,L2,24,840,119,721,14.17,2026-09-12T20:10:25.613305+00:00
2026-09-13,2026-09-07,40875,UDP,L3,24,624,0,624,0.0,2026-09-12T20:10:25.613305+00:00
2026-09-13,2026-09-07,40875,UPB,L1,24,495,495,0,100.0,2026-09-12T20:10:25.613305+00:00
2026-09-13,2026-09-07,40875,UPB,L2,24,915,251,664,27.43,2026-09-12T20:10:25.613305+00:00
2026-09-13,2026-09-07,40875,UPB,L3,24,624,0,624,0.0,2026-09-12T20:10:25.613305+00:00
2026-09-13,2026-09-07,40875,UPS,L1,26,536,536,0,100.0,2026-09-12T20:10:25.613305+00:00
2026-09-13,2026-09-07,40875,UPS,L2,26,990,454,536,45.86,2026-09-12T20:10:25.613305+00:00
2026-09-13,2026-09-07,40875,UPS,L3,26,676,0,676,0.0,2026-09-12T20:10:25.613305+00:00
2026-09-13,2026-09-07,40875,VES,L1,44,880,815,65,92.61,2026-09-12T20:10:25.613305+00:00
2026-09-13,2026-09-07,40875,VES,L2,44,1540,10,1530,0.65,2026-09-12T20:10:25.613305+00:00
2026-09-13,2026-09-07,40875,VES,L3,44,1144,0,1144,0.0,2026-09-12T20:10:25.613305+00:00
2026-09-13,2026-09-07,40875,VRF,L1,11,231,231,0,100.0,2026-09-12T20:10:25.613305+00:00
2026-09-13,2026-09-07,40875,VRF,L2,11,440,242,198,55.0,2026-09-12T20:10:25.613305+00:00
2026-09-13,2026-09-07,40875,VRF,L3,11,286,0,286,0.0,2026-09-12T20:10:25.613305+00:00
2026-09-13,2026-09-07,51203,ACS,L1,55,1100,0,1100,0.0,2026-09-12T20:10:25.613305+00:00
2026-09-13,2026-09-07,51203,ACS,L2,55,1925,0,1925,0.0,2026-09-12T20:10:25.613305+00:00
2026-09-13,2026-09-07,51203,ACS,L3,55,1430,0,1430,0.0,2026-09-12T20:10:25.613305+00:00
2026-09-13,2026-09-07,51203,AHU,L1,4,80,0,80,0.0,2026-09-12T20:10:25.613305+00:00
2026-09-13,2026-09-07,51203,AHU,L2,4,140,0,140,0.0,2026-09-12T20:10:25.613305+00:00
2026-09-13,2026-09-07,51203,AHU,L3,4,104,0,104,0.0,2026-09-12T20:10:25.613305+00:00
2026-09-13,2026-09-07,51203,AIS,L1,6,120,0,120,0.0,2026-09-12T20:10:25.613305+00:00
2026-09-13,2026-09-07,51203,AIS,L2,6,210,0,210,0.0,2026-09-12T20:10:25.613305+00:00
2026-09-13,2026-09-07,51203,AIS,L3,6,156,0,156,0.0,2026-09-12T20:10:25.613305+00:00
2026-09-13,2026-09-07,51203,ATS,L1,5,100,100,0,100.0,2026-09-12T20:10:25.613305+00:00
2026-09-13,2026-09-07,51203,ATS,L2,5,175,0,175,0.0,2026-09-12T20:10:25.613305+00:00
2026-09-13,2026-09-07,51203,ATS,L3,5,130,0,130,0.0,2026-09-12T20:10:25.613305+00:00
2026-09-13,2026-09-07,51203,BMP,L1,33,660,0,660,0.0,2026-09-12T20:10:25.613305+00:00
2026-09-13,2026-09-07,51203,BMP,L2,33,1155,0,1155,0.0,2026-09-12T20:10:25.613305+00:00
2026-09-13,2026-09-07,51203,BMP,L3,33,858,0,858,0.0,2026-09-12T20:10:25.613305+00:00
2026-09-13,2026-09-07,51203,BSW,L1,85,1700,0,1700,0.0,2026-09-12T20:10:25.613305+00:00
2026-09-13,2026-09-07,51203,BSW,L2,85,2975,0,2975,0.0,2026-09-12T20:10:25.613305+00:00
2026-09-13,2026-09-07,51203,BSW,L3,85,2210,0,2210,0.0,2026-09-12T20:10:25.613305+00:00
2026-09-13,2026-09-07,51203,CDU,L1,12,240,0,240,0.0,2026-09-12T20:10:25.613305+00:00
2026-09-13,2026-09-07,51203,CDU,L2,12,420,0,420,0.0,2026-09-12T20:10:25.613305+00:00
2026-09-13,2026-09-07,51203,CDU,L3,12,312,0,312,0.0,2026-09-12T20:10:25.613305+00:00
2026-09-13,2026-09-07,51203,CHL,L1,15,300,0,300,0.0,2026-09-12T20:10:25.613305+00:00
2026-09-13,2026-09-07,51203,CHL,L2,15,525,0,525,0.0,2026-09-12T20:10:25.613305+00:00
2026-09-13,2026-09-07,51203,CHL,L3,15,390,0,390,0.0,2026-09-12T20:10:25.613305+00:00
2026-09-13,2026-09-07,51203,CHP,L1,15,300,0,300,0.0,2026-09-12T20:10:25.613305+00:00
2026-09-13,2026-09-07,51203,CHP,L2,15,525,0,525,0.0,2026-09-12T20:10:25.613305+00:00
2026-09-13,2026-09-07,51203,CHP,L3,15,390,0,390,0.0,2026-09-12T20:10:25.613305+00:00
2026-09-13,2026-09-07,51203,CRA,L1,16,320,315,5,98.44,2026-09-12T20:10:25.613305+00:00
2026-09-13,2026-09-07,51203,CRA,L2,16,560,0,560,0.0,2026-09-12T20:10:25.613305+00:00
2026-09-13,2026-09-07,51203,CRA,L3,16,416,0,416,0.0,2026-09-12T20:10:25.613305+00:00
2026-09-13,2026-09-07,51203,CTS,L1,6,120,0,120,0.0,2026-09-12T20:10:25.613305+00:00
2026-09-13,2026-09-07,51203,CTS,L2,6,210,0,210,0.0,2026-09-12T20:10:25.613305+00:00
2026-09-13,2026-09-07,51203,CTS,L3,6,156,0,156,0.0,2026-09-12T20:10:25.613305+00:00
2026-09-13,2026-09-07,51203,DHU,L1,4,80,0,80,0.0,2026-09-12T20:10:25.613305+00:00
2026-09-13,2026-09-07,51203,DHU,L2,4,140,0,140,0.0,2026-09-12T20:10:25.613305+00:00
2026-09-13,2026-09-07,51203,DHU,L3,4,104,0,104,0.0,2026-09-12T20:10:25.613305+00:00
2026-09-13,2026-09-07,51203,DPP,L1,16,320,320,0,100.0,2026-09-12T20:10:25.613305+00:00
2026-09-13,2026-09-07,51203,DPP,L2,16,560,0,560,0.0,2026-09-12T20:10:25.613305+00:00
2026-09-13,2026-09-07,51203,DPP,L3,16,416,0,416,0.0,2026-09-12T20:10:25.613305+00:00
2026-09-13,2026-09-07,51203,DSG,L1,8,160,160,0,100.0,2026-09-12T20:10:25.613305+00:00
2026-09-13,2026-09-07,51203,DSG,L2,8,280,55,225,19.64,2026-09-12T20:10:25.613305+00:00
2026-09-13,2026-09-07,51203,DSG,L3,8,208,0,208,0.0,2026-09-12T20:10:25.613305+00:00
2026-09-13,2026-09-07,51203,ELP,L1,4,80,80,0,100.0,2026-09-12T20:10:25.613305+00:00
2026-09-13,2026-09-07,51203,ELP,L2,4,140,0,140,0.0,2026-09-12T20:10:25.613305+00:00
2026-09-13,2026-09-07,51203,ELP,L3,4,104,0,104,0.0,2026-09-12T20:10:25.613305+00:00
2026-09-13,2026-09-07,51203,EPP,L1,4,80,67,13,83.75,2026-09-12T20:10:25.613305+00:00
2026-09-13,2026-09-07,51203,EPP,L2,4,140,0,140,0.0,2026-09-12T20:10:25.613305+00:00
2026-09-13,2026-09-07,51203,EPP,L3,4,104,0,104,0.0,2026-09-12T20:10:25.613305+00:00
2026-09-13,2026-09-07,51203,EXF,L1,8,160,0,160,0.0,2026-09-12T20:10:25.613305+00:00
2026-09-13,2026-09-07,51203,EXF,L2,8,280,0,280,0.0,2026-09-12T20:10:25.613305+00:00
2026-09-13,2026-09-07,51203,EXF,L3,8,208,0,208,0.0,2026-09-12T20:10:25.613305+00:00
2026-09-13,2026-09-07,51203,EXP,L1,6,120,0,120,0.0,2026-09-12T20:10:25.613305+00:00
2026-09-13,2026-09-07,51203,EXP,L2,6,210,0,210,0.0,2026-09-12T20:10:25.613305+00:00
2026-09-13,2026-09-07,51203,EXP,L3,6,156,0,156,0.0,2026-09-12T20:10:25.613305+00:00
2026-09-13,2026-09-07,51203,FAP,L1,12,240,0,240,0.0,2026-09-12T20:10:25.613305+00:00
2026-09-13,2026-09-07,51203,FAP,L2,12,420,0,420,0.0,2026-09-12T20:10:25.613305+00:00
2026-09-13,2026-09-07,51203,FAP,L3,12,312,0,312,0.0,2026-09-12T20:10:25.613305+00:00
2026-09-13,2026-09-07,51203,FOF,L1,2,40,0,40,0.0,2026-09-12T20:10:25.613305+00:00
2026-09-13,2026-09-07,51203,FOF,L2,2,70,0,70,0.0,2026-09-12T20:10:25.613305+00:00
2026-09-13,2026-09-07,51203,FOF,L3,2,52,0,52,0.0,2026-09-12T20:10:25.613305+00:00
2026-09-13,2026-09-07,51203,FOP,L1,2,40,0,40,0.0,2026-09-12T20:10:25.613305+00:00
2026-09-13,2026-09-07,51203,FOP,L2,2,70,0,70,0.0,2026-09-12T20:10:25.613305+00:00
2026-09-13,2026-09-07,51203,FOP,L3,2,52,0,52,0.0,2026-09-12T20:10:25.613305+00:00
2026-09-13,2026-09-07,51203,FOT,L1,10,200,200,0,100.0,2026-09-12T20:10:25.613305+00:00
2026-09-13,2026-09-07,51203,FOT,L2,10,350,0,350,0.0,2026-09-12T20:10:25.613305+00:00
2026-09-13,2026-09-07,51203,FOT,L3,10,260,0,260,0.0,2026-09-12T20:10:25.613305+00:00
2026-09-13,2026-09-07,51203,FPO,L1,2,40,0,40,0.0,2026-09-12T20:10:25.613305+00:00
2026-09-13,2026-09-07,51203,FPO,L2,2,70,0,70,0.0,2026-09-12T20:10:25.613305+00:00
2026-09-13,2026-09-07,51203,FPO,L3,2,52,0,52,0.0,2026-09-12T20:10:25.613305+00:00
2026-09-13,2026-09-07,51203,FWU,L1,16,320,320,0,100.0,2026-09-12T20:10:25.613305+00:00
2026-09-13,2026-09-07,51203,FWU,L2,16,560,0,560,0.0,2026-09-12T20:10:25.613305+00:00
2026-09-13,2026-09-07,51203,FWU,L3,16,416,0,416,0.0,2026-09-12T20:10:25.613305+00:00
2026-09-13,2026-09-07,51203,GDS,L1,1,20,0,20,0.0,2026-09-12T20:10:25.613305+00:00
2026-09-13,2026-09-07,51203,GDS,L2,1,35,0,35,0.0,2026-09-12T20:10:25.613305+00:00
2026-09-13,2026-09-07,51203,GDS,L3,1,26,0,26,0.0,2026-09-12T20:10:25.613305+00:00
2026-09-13,2026-09-07,51203,GDT,L1,8,160,159,1,99.38,2026-09-12T20:10:25.613305+00:00
2026-09-13,2026-09-07,51203,GDT,L2,8,280,0,280,0.0,2026-09-12T20:10:25.613305+00:00
2026-09-13,2026-09-07,51203,GDT,L3,8,208,0,208,0.0,2026-09-12T20:10:25.613305+00:00
2026-09-13,2026-09-07,51203,GEN,L1,8,160,160,0,100.0,2026-09-12T20:10:25.613305+00:00
2026-09-13,2026-09-07,51203,GEN,L2,8,280,0,280,0.0,2026-09-12T20:10:25.613305+00:00
2026-09-13,2026-09-07,51203,GEN,L3,8,208,0,208,0.0,2026-09-12T20:10:25.613305+00:00
2026-09-13,2026-09-07,51203,GSB,L1,8,160,153,7,95.62,2026-09-12T20:10:25.613305+00:00
2026-09-13,2026-09-07,51203,GSB,L2,8,280,1,279,0.36,2026-09-12T20:10:25.613305+00:00
2026-09-13,2026-09-07,51203,GSB,L3,8,208,0,208,0.0,2026-09-12T20:10:25.613305+00:00
2026-09-13,2026-09-07,51203,LBG,L1,1,20,20,0,100.0,2026-09-12T20:10:25.613305+00:00
2026-09-13,2026-09-07,51203,LBG,L2,1,35,0,35,0.0,2026-09-12T20:10:25.613305+00:00
2026-09-13,2026-09-07,51203,LBG,L3,1,26,0,26,0.0,2026-09-12T20:10:25.613305+00:00
2026-09-13,2026-09-07,51203,MBC,L1,8,160,160,0,100.0,2026-09-12T20:10:25.613305+00:00
2026-09-13,2026-09-07,51203,MBC,L2,8,280,0,280,0.0,2026-09-12T20:10:25.613305+00:00
2026-09-13,2026-09-07,51203,MBC,L3,8,208,0,208,0.0,2026-09-12T20:10:25.613305+00:00
2026-09-13,2026-09-07,51203,MDP,L1,13,260,220,40,84.62,2026-09-12T20:10:25.613305+00:00
2026-09-13,2026-09-07,51203,MDP,L2,13,455,0,455,0.0,2026-09-12T20:10:25.613305+00:00
2026-09-13,2026-09-07,51203,MDP,L3,13,338,0,338,0.0,2026-09-12T20:10:25.613305+00:00
2026-09-13,2026-09-07,51203,MSB,L1,10,200,200,0,100.0,2026-09-12T20:10:25.613305+00:00
2026-09-13,2026-09-07,51203,MSB,L2,10,350,7,343,2.0,2026-09-12T20:10:25.613305+00:00
2026-09-13,2026-09-07,51203,MSB,L3,10,260,0,260,0.0,2026-09-12T20:10:25.613305+00:00
2026-09-13,2026-09-07,51203,MUP,L1,4,80,0,80,0.0,2026-09-12T20:10:25.613305+00:00
2026-09-13,2026-09-07,51203,MUP,L2,4,140,0,140,0.0,2026-09-12T20:10:25.613305+00:00
2026-09-13,2026-09-07,51203,MUP,L3,4,104,0,104,0.0,2026-09-12T20:10:25.613305+00:00
2026-09-13,2026-09-07,51203,MVS,L1,2,40,40,0,100.0,2026-09-12T20:10:25.613305+00:00
2026-09-13,2026-09-07,51203,MVS,L2,2,70,43,27,61.43,2026-09-12T20:10:25.613305+00:00
2026-09-13,2026-09-07,51203,MVS,L3,2,52,0,52,0.0,2026-09-12T20:10:25.613305+00:00
2026-09-13,2026-09-07,51203,PAC,L1,2,40,0,40,0.0,2026-09-12T20:10:25.613305+00:00
2026-09-13,2026-09-07,51203,PAC,L2,2,70,0,70,0.0,2026-09-12T20:10:25.613305+00:00
2026-09-13,2026-09-07,51203,PAC,L3,2,52,0,52,0.0,2026-09-12T20:10:25.613305+00:00
2026-09-13,2026-09-07,51203,PAS,L1,6,120,0,120,0.0,2026-09-12T20:10:25.613305+00:00
2026-09-13,2026-09-07,51203,PAS,L2,6,210,0,210,0.0,2026-09-12T20:10:25.613305+00:00
2026-09-13,2026-09-07,51203,PAS,L3,6,156,0,156,0.0,2026-09-12T20:10:25.613305+00:00
2026-09-13,2026-09-07,51203,RPP,L1,16,320,0,320,0.0,2026-09-12T20:10:25.613305+00:00
2026-09-13,2026-09-07,51203,RPP,L2,16,560,0,560,0.0,2026-09-12T20:10:25.613305+00:00
2026-09-13,2026-09-07,51203,RPP,L3,16,416,0,416,0.0,2026-09-12T20:10:25.613305+00:00
2026-09-13,2026-09-07,51203,TES,L1,18,360,119,241,33.06,2026-09-12T20:10:25.613305+00:00
2026-09-13,2026-09-07,51203,TES,L2,18,630,0,630,0.0,2026-09-12T20:10:25.613305+00:00
2026-09-13,2026-09-07,51203,TES,L3,18,468,0,468,0.0,2026-09-12T20:10:25.613305+00:00
2026-09-13,2026-09-07,51203,TRN,L1,8,160,160,0,100.0,2026-09-12T20:10:25.613305+00:00
2026-09-13,2026-09-07,51203,TRN,L2,8,280,56,224,20.0,2026-09-12T20:10:25.613305+00:00
2026-09-13,2026-09-07,51203,TRN,L3,8,208,14,194,6.73,2026-09-12T20:10:25.613305+00:00
2026-09-13,2026-09-07,51203,UDP,L1,6,120,120,0,100.0,2026-09-12T20:10:25.613305+00:00
2026-09-13,2026-09-07,51203,UDP,L2,6,210,0,210,0.0,2026-09-12T20:10:25.613305+00:00
2026-09-13,2026-09-07,51203,UDP,L3,6,156,0,156,0.0,2026-09-12T20:10:25.613305+00:00
2026-09-13,2026-09-07,51203,UMP,L1,1,20,20,0,100.0,2026-09-12T20:10:25.613305+00:00
2026-09-13,2026-09-07,51203,UMP,L2,1,35,0,35,0.0,2026-09-12T20:10:25.613305+00:00
2026-09-13,2026-09-07,51203,UMP,L3,1,26,0,26,0.0,2026-09-12T20:10:25.613305+00:00
2026-09-13,2026-09-07,51203,UPB,L1,8,160,160,0,100.0,2026-09-12T20:10:25.613305+00:00
2026-09-13,2026-09-07,51203,UPB,L2,8,280,0,280,0.0,2026-09-12T20:10:25.613305+00:00
2026-09-13,2026-09-07,51203,UPB,L3,8,208,0,208,0.0,2026-09-12T20:10:25.613305+00:00
2026-09-13,2026-09-07,51203,UPP,L1,7,140,140,0,100.0,2026-09-12T20:10:25.613305+00:00
2026-09-13,2026-09-07,51203,UPP,L2,7,245,0,245,0.0,2026-09-12T20:10:25.613305+00:00
2026-09-13,2026-09-07,51203,UPP,L3,7,182,0,182,0.0,2026-09-12T20:10:25.613305+00:00
2026-09-13,2026-09-07,51203,UPS,L1,8,160,160,0,100.0,2026-09-12T20:10:25.613305+00:00
2026-09-13,2026-09-07,51203,UPS,L2,8,280,0,280,0.0,2026-09-12T20:10:25.613305+00:00
2026-09-13,2026-09-07,51203,UPS,L3,8,208,0,208,0.0,2026-09-12T20:10:25.613305+00:00
2026-09-13,2026-09-07,51203,VES,L1,38,760,240,520,31.58,2026-09-12T20:10:25.613305+00:00
2026-09-13,2026-09-07,51203,VES,L2,38,1330,0,1330,0.0,2026-09-12T20:10:25.613305+00:00
2026-09-13,2026-09-07,51203,VES,L3,38,988,0,988,0.0,2026-09-12T20:10:25.613305+00:00
2026-09-13,2026-09-07,51203,VRF,L1,4,80,0,80,0.0,2026-09-12T20:10:25.613305+00:00
2026-09-13,2026-09-07,51203,VRF,L2,4,140,0,140,0.0,2026-09-12T20:10:25.613305+00:00
2026-09-13,2026-09-07,51203,VRF,L3,4,104,0,104,0.0,2026-09-12T20:10:25.613305+00:00
2026-09-13,2026-09-07,51204,ACS,L1,42,840,0,840,0.0,2026-09-12T20:10:25.613305+00:00
2026-09-13,2026-09-07,51204,ACS,L2,42,1470,0,1470,0.0,2026-09-12T20:10:25.613305+00:00
2026-09-13,2026-09-07,51204,ACS,L3,42,1092,0,1092,0.0,2026-09-12T20:10:25.613305+00:00
2026-09-13,2026-09-07,51204,AIS,L1,6,120,0,120,0.0,2026-09-12T20:10:25.613305+00:00
2026-09-13,2026-09-07,51204,AIS,L2,6,210,0,210,0.0,2026-09-12T20:10:25.613305+00:00
2026-09-13,2026-09-07,51204,AIS,L3,6,156,0,156,0.0,2026-09-12T20:10:25.613305+00:00
2026-09-13,2026-09-07,51204,ATS,L1,10,200,200,0,100.0,2026-09-12T20:10:25.613305+00:00
2026-09-13,2026-09-07,51204,ATS,L2,10,350,0,350,0.0,2026-09-12T20:10:25.613305+00:00
2026-09-13,2026-09-07,51204,ATS,L3,10,260,0,260,0.0,2026-09-12T20:10:25.613305+00:00
2026-09-13,2026-09-07,51204,BMP,L1,33,660,0,660,0.0,2026-09-12T20:10:25.613305+00:00
2026-09-13,2026-09-07,51204,BMP,L2,33,1155,0,1155,0.0,2026-09-12T20:10:25.613305+00:00
2026-09-13,2026-09-07,51204,BMP,L3,33,858,0,858,0.0,2026-09-12T20:10:25.613305+00:00
2026-09-13,2026-09-07,51204,BSW,L1,82,1640,0,1640,0.0,2026-09-12T20:10:25.613305+00:00
2026-09-13,2026-09-07,51204,BSW,L2,82,2870,0,2870,0.0,2026-09-12T20:10:25.613305+00:00
2026-09-13,2026-09-07,51204,BSW,L3,82,2132,0,2132,0.0,2026-09-12T20:10:25.613305+00:00
2026-09-13,2026-09-07,51204,CDU,L1,12,240,0,240,0.0,2026-09-12T20:10:25.613305+00:00
2026-09-13,2026-09-07,51204,CDU,L2,12,420,0,420,0.0,2026-09-12T20:10:25.613305+00:00
2026-09-13,2026-09-07,51204,CDU,L3,12,312,0,312,0.0,2026-09-12T20:10:25.613305+00:00
2026-09-13,2026-09-07,51204,CHL,L1,15,300,0,300,0.0,2026-09-12T20:10:25.613305+00:00
2026-09-13,2026-09-07,51204,CHL,L2,15,525,0,525,0.0,2026-09-12T20:10:25.613305+00:00
2026-09-13,2026-09-07,51204,CHL,L3,15,390,0,390,0.0,2026-09-12T20:10:25.613305+00:00
2026-09-13,2026-09-07,51204,CHP,L1,15,300,0,300,0.0,2026-09-12T20:10:25.613305+00:00
2026-09-13,2026-09-07,51204,CHP,L2,15,525,0,525,0.0,2026-09-12T20:10:25.613305+00:00
2026-09-13,2026-09-07,51204,CHP,L3,15,390,0,390,0.0,2026-09-12T20:10:25.613305+00:00
2026-09-13,2026-09-07,51204,CRA,L1,32,640,640,0,100.0,2026-09-12T20:10:25.613305+00:00
2026-09-13,2026-09-07,51204,CRA,L2,32,1120,0,1120,0.0,2026-09-12T20:10:25.613305+00:00
2026-09-13,2026-09-07,51204,CRA,L3,32,832,0,832,0.0,2026-09-12T20:10:25.613305+00:00
2026-09-13,2026-09-07,51204,CTS,L1,6,120,0,120,0.0,2026-09-12T20:10:25.613305+00:00
2026-09-13,2026-09-07,51204,CTS,L2,6,210,0,210,0.0,2026-09-12T20:10:25.613305+00:00
2026-09-13,2026-09-07,51204,CTS,L3,6,156,0,156,0.0,2026-09-12T20:10:25.613305+00:00
2026-09-13,2026-09-07,51204,DHU,L1,4,80,0,80,0.0,2026-09-12T20:10:25.613305+00:00
2026-09-13,2026-09-07,51204,DHU,L2,4,140,0,140,0.0,2026-09-12T20:10:25.613305+00:00
2026-09-13,2026-09-07,51204,DHU,L3,4,104,0,104,0.0,2026-09-12T20:10:25.613305+00:00
2026-09-13,2026-09-07,51204,DPP,L1,16,320,320,0,100.0,2026-09-12T20:10:25.613305+00:00
2026-09-13,2026-09-07,51204,DPP,L2,16,560,0,560,0.0,2026-09-12T20:10:25.613305+00:00
2026-09-13,2026-09-07,51204,DPP,L3,16,416,0,416,0.0,2026-09-12T20:10:25.613305+00:00
2026-09-13,2026-09-07,51204,DSG,L1,8,160,160,0,100.0,2026-09-12T20:10:25.613305+00:00
2026-09-13,2026-09-07,51204,DSG,L2,8,280,56,224,20.0,2026-09-12T20:10:25.613305+00:00
2026-09-13,2026-09-07,51204,DSG,L3,8,208,0,208,0.0,2026-09-12T20:10:25.613305+00:00
2026-09-13,2026-09-07,51204,ELP,L1,4,80,80,0,100.0,2026-09-12T20:10:25.613305+00:00
2026-09-13,2026-09-07,51204,ELP,L2,4,140,0,140,0.0,2026-09-12T20:10:25.613305+00:00
2026-09-13,2026-09-07,51204,ELP,L3,4,104,0,104,0.0,2026-09-12T20:10:25.613305+00:00
2026-09-13,2026-09-07,51204,EPP,L1,4,80,80,0,100.0,2026-09-12T20:10:25.613305+00:00
2026-09-13,2026-09-07,51204,EPP,L2,4,140,0,140,0.0,2026-09-12T20:10:25.613305+00:00
2026-09-13,2026-09-07,51204,EPP,L3,4,104,0,104,0.0,2026-09-12T20:10:25.613305+00:00
2026-09-13,2026-09-07,51204,EXF,L1,8,160,0,160,0.0,2026-09-12T20:10:25.613305+00:00
2026-09-13,2026-09-07,51204,EXF,L2,8,280,0,280,0.0,2026-09-12T20:10:25.613305+00:00
2026-09-13,2026-09-07,51204,EXF,L3,8,208,0,208,0.0,2026-09-12T20:10:25.613305+00:00
2026-09-13,2026-09-07,51204,EXP,L1,6,120,0,120,0.0,2026-09-12T20:10:25.613305+00:00
2026-09-13,2026-09-07,51204,EXP,L2,6,210,0,210,0.0,2026-09-12T20:10:25.613305+00:00
2026-09-13,2026-09-07,51204,EXP,L3,6,156,0,156,0.0,2026-09-12T20:10:25.613305+00:00
2026-09-13,2026-09-07,51204,GDS,L1,1,20,0,20,0.0,2026-09-12T20:10:25.613305+00:00
2026-09-13,2026-09-07,51204,GDS,L2,1,35,0,35,0.0,2026-09-12T20:10:25.613305+00:00
2026-09-13,2026-09-07,51204,GDS,L3,1,26,0,26,0.0,2026-09-12T20:10:25.613305+00:00
2026-09-13,2026-09-07,51204,GDT,L1,8,160,160,0,100.0,2026-09-12T20:10:25.613305+00:00
2026-09-13,2026-09-07,51204,GDT,L2,8,280,0,280,0.0,2026-09-12T20:10:25.613305+00:00
2026-09-13,2026-09-07,51204,GDT,L3,8,208,0,208,0.0,2026-09-12T20:10:25.613305+00:00
2026-09-13,2026-09-07,51204,GEN,L1,8,160,160,0,100.0,2026-09-12T20:10:25.613305+00:00
2026-09-13,2026-09-07,51204,GEN,L2,8,280,0,280,0.0,2026-09-12T20:10:25.613305+00:00
2026-09-13,2026-09-07,51204,GEN,L3,8,208,0,208,0.0,2026-09-12T20:10:25.613305+00:00
2026-09-13,2026-09-07,51204,GSB,L1,8,160,152,8,95.0,2026-09-12T20:10:25.613305+00:00
2026-09-13,2026-09-07,51204,GSB,L2,8,280,0,280,0.0,2026-09-12T20:10:25.613305+00:00
2026-09-13,2026-09-07,51204,GSB,L3,8,208,0,208,0.0,2026-09-12T20:10:25.613305+00:00
2026-09-13,2026-09-07,51204,MBC,L1,8,160,120,40,75.0,2026-09-12T20:10:25.613305+00:00
2026-09-13,2026-09-07,51204,MBC,L2,8,280,0,280,0.0,2026-09-12T20:10:25.613305+00:00
2026-09-13,2026-09-07,51204,MBC,L3,8,208,0,208,0.0,2026-09-12T20:10:25.613305+00:00
2026-09-13,2026-09-07,51204,MDP,L1,11,220,180,40,81.82,2026-09-12T20:10:25.613305+00:00
2026-09-13,2026-09-07,51204,MDP,L2,11,385,0,385,0.0,2026-09-12T20:10:25.613305+00:00
2026-09-13,2026-09-07,51204,MDP,L3,11,286,0,286,0.0,2026-09-12T20:10:25.613305+00:00
2026-09-13,2026-09-07,51204,MSB,L1,10,200,160,40,80.0,2026-09-12T20:10:25.613305+00:00
2026-09-13,2026-09-07,51204,MSB,L2,10,350,0,350,0.0,2026-09-12T20:10:25.613305+00:00
2026-09-13,2026-09-07,51204,MSB,L3,10,260,0,260,0.0,2026-09-12T20:10:25.613305+00:00
2026-09-13,2026-09-07,51204,MUP,L1,4,80,0,80,0.0,2026-09-12T20:10:25.613305+00:00
2026-09-13,2026-09-07,51204,MUP,L2,4,140,0,140,0.0,2026-09-12T20:10:25.613305+00:00
2026-09-13,2026-09-07,51204,MUP,L3,4,104,0,104,0.0,2026-09-12T20:10:25.613305+00:00
2026-09-13,2026-09-07,51204,MVS,L1,2,40,40,0,100.0,2026-09-12T20:10:25.613305+00:00
2026-09-13,2026-09-07,51204,MVS,L2,2,70,70,0,100.0,2026-09-12T20:10:25.613305+00:00
2026-09-13,2026-09-07,51204,MVS,L3,2,52,3,49,5.77,2026-09-12T20:10:25.613305+00:00
2026-09-13,2026-09-07,51204,PAC,L1,2,40,0,40,0.0,2026-09-12T20:10:25.613305+00:00
2026-09-13,2026-09-07,51204,PAC,L2,2,70,0,70,0.0,2026-09-12T20:10:25.613305+00:00
2026-09-13,2026-09-07,51204,PAC,L3,2,52,0,52,0.0,2026-09-12T20:10:25.613305+00:00
2026-09-13,2026-09-07,51204,PAS,L1,6,120,0,120,0.0,2026-09-12T20:10:25.613305+00:00
2026-09-13,2026-09-07,51204,PAS,L2,6,210,0,210,0.0,2026-09-12T20:10:25.613305+00:00
2026-09-13,2026-09-07,51204,PAS,L3,6,156,0,156,0.0,2026-09-12T20:10:25.613305+00:00
2026-09-13,2026-09-07,51204,RPP,L1,16,320,0,320,0.0,2026-09-12T20:10:25.613305+00:00
2026-09-13,2026-09-07,51204,RPP,L2,16,560,0,560,0.0,2026-09-12T20:10:25.613305+00:00
2026-09-13,2026-09-07,51204,RPP,L3,16,416,0,416,0.0,2026-09-12T20:10:25.613305+00:00
2026-09-13,2026-09-07,51204,TES,L1,18,360,120,240,33.33,2026-09-12T20:10:25.613305+00:00
2026-09-13,2026-09-07,51204,TES,L2,18,630,0,630,0.0,2026-09-12T20:10:25.613305+00:00
2026-09-13,2026-09-07,51204,TES,L3,18,468,0,468,0.0,2026-09-12T20:10:25.613305+00:00
2026-09-13,2026-09-07,51204,TRN,L1,8,160,160,0,100.0,2026-09-12T20:10:25.613305+00:00
2026-09-13,2026-09-07,51204,TRN,L2,8,280,56,224,20.0,2026-09-12T20:10:25.613305+00:00
2026-09-13,2026-09-07,51204,TRN,L3,8,208,0,208,0.0,2026-09-12T20:10:25.613305+00:00
2026-09-13,2026-09-07,51204,UDP,L1,6,120,80,40,66.67,2026-09-12T20:10:25.613305+00:00
2026-09-13,2026-09-07,51204,UDP,L2,6,210,0,210,0.0,2026-09-12T20:10:25.613305+00:00
2026-09-13,2026-09-07,51204,UDP,L3,6,156,0,156,0.0,2026-09-12T20:10:25.613305+00:00
2026-09-13,2026-09-07,51204,UMP,L1,2,40,40,0,100.0,2026-09-12T20:10:25.613305+00:00
2026-09-13,2026-09-07,51204,UMP,L2,2,70,0,70,0.0,2026-09-12T20:10:25.613305+00:00
2026-09-13,2026-09-07,51204,UMP,L3,2,52,0,52,0.0,2026-09-12T20:10:25.613305+00:00
2026-09-13,2026-09-07,51204,UPB,L1,8,160,7,153,4.38,2026-09-12T20:10:25.613305+00:00
2026-09-13,2026-09-07,51204,UPB,L2,8,280,0,280,0.0,2026-09-12T20:10:25.613305+00:00
2026-09-13,2026-09-07,51204,UPB,L3,8,208,0,208,0.0,2026-09-12T20:10:25.613305+00:00
2026-09-13,2026-09-07,51204,UPP,L1,3,60,40,20,66.67,2026-09-12T20:10:25.613305+00:00
2026-09-13,2026-09-07,51204,UPP,L2,3,105,0,105,0.0,2026-09-12T20:10:25.613305+00:00
2026-09-13,2026-09-07,51204,UPP,L3,3,78,0,78,0.0,2026-09-12T20:10:25.613305+00:00
2026-09-13,2026-09-07,51204,UPS,L1,8,160,48,112,30.0,2026-09-12T20:10:25.613305+00:00
2026-09-13,2026-09-07,51204,UPS,L2,8,280,6,274,2.14,2026-09-12T20:10:25.613305+00:00
2026-09-13,2026-09-07,51204,UPS,L3,8,208,0,208,0.0,2026-09-12T20:10:25.613305+00:00
2026-09-13,2026-09-07,51204,VES,L1,32,640,160,480,25.0,2026-09-12T20:10:25.613305+00:00
2026-09-13,2026-09-07,51204,VES,L2,32,1120,0,1120,0.0,2026-09-12T20:10:25.613305+00:00
2026-09-13,2026-09-07,51204,VES,L3,32,832,0,832,0.0,2026-09-12T20:10:25.613305+00:00
2026-09-13,2026-09-07,51204,VRF,L1,4,80,0,80,0.0,2026-09-12T20:10:25.613305+00:00
2026-09-13,2026-09-07,51204,VRF,L2,4,140,0,140,0.0,2026-09-12T20:10:25.613305+00:00
2026-09-13,2026-09-07,51204,VRF,L3,4,104,0,104,0.0,2026-09-12T20:10:25.613305+00:00
2026-09-13,2026-09-07,52047,ACS,L1,42,840,0,840,0.0,2026-09-12T20:10:25.613305+00:00
2026-09-13,2026-09-07,52047,ACS,L2,42,1470,0,1470,0.0,2026-09-12T20:10:25.613305+00:00
2026-09-13,2026-09-07,52047,ACS,L3,42,1092,0,1092,0.0,2026-09-12T20:10:25.613305+00:00
2026-09-13,2026-09-07,52047,AIS,L1,4,80,0,80,0.0,2026-09-12T20:10:25.613305+00:00
2026-09-13,2026-09-07,52047,AIS,L2,4,140,0,140,0.0,2026-09-12T20:10:25.613305+00:00
2026-09-13,2026-09-07,52047,AIS,L3,4,104,0,104,0.0,2026-09-12T20:10:25.613305+00:00
2026-09-13,2026-09-07,52047,ATS,L1,10,200,200,0,100.0,2026-09-12T20:10:25.613305+00:00
2026-09-13,2026-09-07,52047,ATS,L2,10,350,0,350,0.0,2026-09-12T20:10:25.613305+00:00
2026-09-13,2026-09-07,52047,ATS,L3,10,260,0,260,0.0,2026-09-12T20:10:25.613305+00:00
2026-09-13,2026-09-07,52047,BMP,L1,14,280,0,280,0.0,2026-09-12T20:10:25.613305+00:00
2026-09-13,2026-09-07,52047,BMP,L2,14,490,0,490,0.0,2026-09-12T20:10:25.613305+00:00
2026-09-13,2026-09-07,52047,BMP,L3,14,364,0,364,0.0,2026-09-12T20:10:25.613305+00:00
2026-09-13,2026-09-07,52047,BSW,L1,82,1640,0,1640,0.0,2026-09-12T20:10:25.613305+00:00
2026-09-13,2026-09-07,52047,BSW,L2,82,2870,0,2870,0.0,2026-09-12T20:10:25.613305+00:00
2026-09-13,2026-09-07,52047,BSW,L3,82,2132,0,2132,0.0,2026-09-12T20:10:25.613305+00:00
2026-09-13,2026-09-07,52047,CDU,L1,12,240,0,240,0.0,2026-09-12T20:10:25.613305+00:00
2026-09-13,2026-09-07,52047,CDU,L2,12,420,0,420,0.0,2026-09-12T20:10:25.613305+00:00
2026-09-13,2026-09-07,52047,CDU,L3,12,312,0,312,0.0,2026-09-12T20:10:25.613305+00:00
2026-09-13,2026-09-07,52047,CRA,L1,16,320,320,0,100.0,2026-09-12T20:10:25.613305+00:00
2026-09-13,2026-09-07,52047,CRA,L2,16,560,0,560,0.0,2026-09-12T20:10:25.613305+00:00
2026-09-13,2026-09-07,52047,CRA,L3,16,416,0,416,0.0,2026-09-12T20:10:25.613305+00:00
2026-09-13,2026-09-07,52047,CTS,L1,4,80,0,80,0.0,2026-09-12T20:10:25.613305+00:00
2026-09-13,2026-09-07,52047,CTS,L2,4,140,0,140,0.0,2026-09-12T20:10:25.613305+00:00
2026-09-13,2026-09-07,52047,CTS,L3,4,104,0,104,0.0,2026-09-12T20:10:25.613305+00:00
2026-09-13,2026-09-07,52047,DHU,L1,4,80,0,80,0.0,2026-09-12T20:10:25.613305+00:00
2026-09-13,2026-09-07,52047,DHU,L2,4,140,0,140,0.0,2026-09-12T20:10:25.613305+00:00
2026-09-13,2026-09-07,52047,DHU,L3,4,104,0,104,0.0,2026-09-12T20:10:25.613305+00:00
2026-09-13,2026-09-07,52047,DPP,L1,16,320,320,0,100.0,2026-09-12T20:10:25.613305+00:00
2026-09-13,2026-09-07,52047,DPP,L2,16,560,0,560,0.0,2026-09-12T20:10:25.613305+00:00
2026-09-13,2026-09-07,52047,DPP,L3,16,416,0,416,0.0,2026-09-12T20:10:25.613305+00:00
2026-09-13,2026-09-07,52047,DSG,L1,8,160,160,0,100.0,2026-09-12T20:10:25.613305+00:00
2026-09-13,2026-09-07,52047,DSG,L2,8,280,56,224,20.0,2026-09-12T20:10:25.613305+00:00
2026-09-13,2026-09-07,52047,DSG,L3,8,208,0,208,0.0,2026-09-12T20:10:25.613305+00:00
2026-09-13,2026-09-07,52047,ELP,L1,4,80,80,0,100.0,2026-09-12T20:10:25.613305+00:00
2026-09-13,2026-09-07,52047,ELP,L2,4,140,0,140,0.0,2026-09-12T20:10:25.613305+00:00
2026-09-13,2026-09-07,52047,ELP,L3,4,104,0,104,0.0,2026-09-12T20:10:25.613305+00:00
2026-09-13,2026-09-07,52047,EPP,L1,4,80,80,0,100.0,2026-09-12T20:10:25.613305+00:00
2026-09-13,2026-09-07,52047,EPP,L2,4,140,0,140,0.0,2026-09-12T20:10:25.613305+00:00
2026-09-13,2026-09-07,52047,EPP,L3,4,104,0,104,0.0,2026-09-12T20:10:25.613305+00:00
2026-09-13,2026-09-07,52047,EXF,L1,8,160,0,160,0.0,2026-09-12T20:10:25.613305+00:00
2026-09-13,2026-09-07,52047,EXF,L2,8,280,0,280,0.0,2026-09-12T20:10:25.613305+00:00
2026-09-13,2026-09-07,52047,EXF,L3,8,208,0,208,0.0,2026-09-12T20:10:25.613305+00:00
2026-09-13,2026-09-07,52047,EXP,L1,4,80,0,80,0.0,2026-09-12T20:10:25.613305+00:00
2026-09-13,2026-09-07,52047,EXP,L2,4,140,0,140,0.0,2026-09-12T20:10:25.613305+00:00
2026-09-13,2026-09-07,52047,EXP,L3,4,104,0,104,0.0,2026-09-12T20:10:25.613305+00:00
2026-09-13,2026-09-07,52047,FWU,L1,16,320,320,0,100.0,2026-09-12T20:10:25.613305+00:00
2026-09-13,2026-09-07,52047,FWU,L2,16,560,0,560,0.0,2026-09-12T20:10:25.613305+00:00
2026-09-13,2026-09-07,52047,FWU,L3,16,416,0,416,0.0,2026-09-12T20:10:25.613305+00:00
2026-09-13,2026-09-07,52047,GDS,L1,1,20,0,20,0.0,2026-09-12T20:10:25.613305+00:00
2026-09-13,2026-09-07,52047,GDS,L2,1,35,0,35,0.0,2026-09-12T20:10:25.613305+00:00
2026-09-13,2026-09-07,52047,GDS,L3,1,26,0,26,0.0,2026-09-12T20:10:25.613305+00:00
2026-09-13,2026-09-07,52047,GDT,L1,8,160,160,0,100.0,2026-09-12T20:10:25.613305+00:00
2026-09-13,2026-09-07,52047,GDT,L2,8,280,0,280,0.0,2026-09-12T20:10:25.613305+00:00
2026-09-13,2026-09-07,52047,GDT,L3,8,208,0,208,0.0,2026-09-12T20:10:25.613305+00:00
2026-09-13,2026-09-07,52047,GEN,L1,8,160,160,0,100.0,2026-09-12T20:10:25.613305+00:00
2026-09-13,2026-09-07,52047,GEN,L2,8,280,0,280,0.0,2026-09-12T20:10:25.613305+00:00
2026-09-13,2026-09-07,52047,GEN,L3,8,208,0,208,0.0,2026-09-12T20:10:25.613305+00:00
2026-09-13,2026-09-07,52047,GSB,L1,8,160,152,8,95.0,2026-09-12T20:10:25.613305+00:00
2026-09-13,2026-09-07,52047,GSB,L2,8,280,0,280,0.0,2026-09-12T20:10:25.613305+00:00
2026-09-13,2026-09-07,52047,GSB,L3,8,208,0,208,0.0,2026-09-12T20:10:25.613305+00:00
2026-09-13,2026-09-07,52047,MBC,L1,8,160,160,0,100.0,2026-09-12T20:10:25.613305+00:00
2026-09-13,2026-09-07,52047,MBC,L2,8,280,0,280,0.0,2026-09-12T20:10:25.613305+00:00
2026-09-13,2026-09-07,52047,MBC,L3,8,208,0,208,0.0,2026-09-12T20:10:25.613305+00:00
2026-09-13,2026-09-07,52047,MDP,L1,11,220,220,0,100.0,2026-09-12T20:10:25.613305+00:00
2026-09-13,2026-09-07,52047,MDP,L2,11,385,7,378,1.82,2026-09-12T20:10:25.613305+00:00
2026-09-13,2026-09-07,52047,MDP,L3,11,286,0,286,0.0,2026-09-12T20:10:25.613305+00:00
2026-09-13,2026-09-07,52047,MSB,L1,10,200,200,0,100.0,2026-09-12T20:10:25.613305+00:00
2026-09-13,2026-09-07,52047,MSB,L2,10,350,0,350,0.0,2026-09-12T20:10:25.613305+00:00
2026-09-13,2026-09-07,52047,MSB,L3,10,260,0,260,0.0,2026-09-12T20:10:25.613305+00:00
2026-09-13,2026-09-07,52047,MUP,L1,4,80,0,80,0.0,2026-09-12T20:10:25.613305+00:00
2026-09-13,2026-09-07,52047,MUP,L2,4,140,0,140,0.0,2026-09-12T20:10:25.613305+00:00
2026-09-13,2026-09-07,52047,MUP,L3,4,104,0,104,0.0,2026-09-12T20:10:25.613305+00:00
2026-09-13,2026-09-07,52047,PAC,L1,2,40,0,40,0.0,2026-09-12T20:10:25.613305+00:00
2026-09-13,2026-09-07,52047,PAC,L2,2,70,0,70,0.0,2026-09-12T20:10:25.613305+00:00
2026-09-13,2026-09-07,52047,PAC,L3,2,52,0,52,0.0,2026-09-12T20:10:25.613305+00:00
2026-09-13,2026-09-07,52047,PAS,L1,6,120,0,120,0.0,2026-09-12T20:10:25.613305+00:00
2026-09-13,2026-09-07,52047,PAS,L2,6,210,0,210,0.0,2026-09-12T20:10:25.613305+00:00
2026-09-13,2026-09-07,52047,PAS,L3,6,156,0,156,0.0,2026-09-12T20:10:25.613305+00:00
2026-09-13,2026-09-07,52047,RPP,L1,16,320,0,320,0.0,2026-09-12T20:10:25.613305+00:00
2026-09-13,2026-09-07,52047,RPP,L2,16,560,0,560,0.0,2026-09-12T20:10:25.613305+00:00
2026-09-13,2026-09-07,52047,RPP,L3,16,416,0,416,0.0,2026-09-12T20:10:25.613305+00:00
2026-09-13,2026-09-07,52047,TES,L1,12,240,0,240,0.0,2026-09-12T20:10:25.613305+00:00
2026-09-13,2026-09-07,52047,TES,L2,12,420,0,420,0.0,2026-09-12T20:10:25.613305+00:00
2026-09-13,2026-09-07,52047,TES,L3,12,312,0,312,0.0,2026-09-12T20:10:25.613305+00:00
2026-09-13,2026-09-07,52047,TRN,L1,8,160,160,0,100.0,2026-09-12T20:10:25.613305+00:00
2026-09-13,2026-09-07,52047,TRN,L2,8,280,56,224,20.0,2026-09-12T20:10:25.613305+00:00
2026-09-13,2026-09-07,52047,TRN,L3,8,208,0,208,0.0,2026-09-12T20:10:25.613305+00:00
2026-09-13,2026-09-07,52047,UDP,L1,6,120,119,1,99.17,2026-09-12T20:10:25.613305+00:00
2026-09-13,2026-09-07,52047,UDP,L2,6,210,0,210,0.0,2026-09-12T20:10:25.613305+00:00
2026-09-13,2026-09-07,52047,UDP,L3,6,156,0,156,0.0,2026-09-12T20:10:25.613305+00:00
2026-09-13,2026-09-07,52047,UMP,L1,2,40,40,0,100.0,2026-09-12T20:10:25.613305+00:00
2026-09-13,2026-09-07,52047,UMP,L2,2,70,0,70,0.0,2026-09-12T20:10:25.613305+00:00
2026-09-13,2026-09-07,52047,UMP,L3,2,52,0,52,0.0,2026-09-12T20:10:25.613305+00:00
2026-09-13,2026-09-07,52047,UPB,L1,8,160,160,0,100.0,2026-09-12T20:10:25.613305+00:00
2026-09-13,2026-09-07,52047,UPB,L2,8,280,0,280,0.0,2026-09-12T20:10:25.613305+00:00
2026-09-13,2026-09-07,52047,UPB,L3,8,208,0,208,0.0,2026-09-12T20:10:25.613305+00:00
2026-09-13,2026-09-07,52047,UPP,L1,2,40,40,0,100.0,2026-09-12T20:10:25.613305+00:00
2026-09-13,2026-09-07,52047,UPP,L2,2,70,0,70,0.0,2026-09-12T20:10:25.613305+00:00
2026-09-13,2026-09-07,52047,UPP,L3,2,52,0,52,0.0,2026-09-12T20:10:25.613305+00:00
2026-09-13,2026-09-07,52047,UPS,L1,8,160,148,12,92.5,2026-09-12T20:10:25.613305+00:00
2026-09-13,2026-09-07,52047,UPS,L2,8,280,0,280,0.0,2026-09-12T20:10:25.613305+00:00
2026-09-13,2026-09-07,52047,UPS,L3,8,208,0,208,0.0,2026-09-12T20:10:25.613305+00:00
2026-09-13,2026-09-07,52047,VES,L1,32,640,147,493,22.97,2026-09-12T20:10:25.613305+00:00
2026-09-13,2026-09-07,52047,VES,L2,32,1120,0,1120,0.0,2026-09-12T20:10:25.613305+00:00
2026-09-13,2026-09-07,52047,VES,L3,32,832,0,832,0.0,2026-09-12T20:10:25.613305+00:00
2026-09-13,2026-09-07,52047,VRF,L1,4,80,0,80,0.0,2026-09-12T20:10:25.613305+00:00
2026-09-13,2026-09-07,52047,VRF,L2,4,140,0,140,0.0,2026-09-12T20:10:25.613305+00:00
2026-09-13,2026-09-07,52047,VRF,L3,4,104,0,104,0.0,2026-09-12T20:10:25.613305+00:00
2026-09-13,2026-09-07,52048,ACS,L1,41,820,0,820,0.0,2026-09-12T20:10:25.613305+00:00
2026-09-13,2026-09-07,52048,ACS,L2,41,1435,0,1435,0.0,2026-09-12T20:10:25.613305+00:00
2026-09-13,2026-09-07,52048,ACS,L3,41,1066,0,1066,0.0,2026-09-12T20:10:25.613305+00:00
2026-09-13,2026-09-07,52048,AIS,L1,4,80,0,80,0.0,2026-09-12T20:10:25.613305+00:00
2026-09-13,2026-09-07,52048,AIS,L2,4,140,0,140,0.0,2026-09-12T20:10:25.613305+00:00
2026-09-13,2026-09-07,52048,AIS,L3,4,104,0,104,0.0,2026-09-12T20:10:25.613305+00:00
2026-09-13,2026-09-07,52048,ATS,L1,5,100,100,0,100.0,2026-09-12T20:10:25.613305+00:00
2026-09-13,2026-09-07,52048,ATS,L2,5,175,0,175,0.0,2026-09-12T20:10:25.613305+00:00
2026-09-13,2026-09-07,52048,ATS,L3,5,130,0,130,0.0,2026-09-12T20:10:25.613305+00:00
2026-09-13,2026-09-07,52048,BMP,L1,13,260,0,260,0.0,2026-09-12T20:10:25.613305+00:00
2026-09-13,2026-09-07,52048,BMP,L2,13,455,0,455,0.0,2026-09-12T20:10:25.613305+00:00
2026-09-13,2026-09-07,52048,BMP,L3,13,338,0,338,0.0,2026-09-12T20:10:25.613305+00:00
2026-09-13,2026-09-07,52048,BSW,L1,77,1540,0,1540,0.0,2026-09-12T20:10:25.613305+00:00
2026-09-13,2026-09-07,52048,BSW,L2,77,2695,0,2695,0.0,2026-09-12T20:10:25.613305+00:00
2026-09-13,2026-09-07,52048,BSW,L3,77,2002,0,2002,0.0,2026-09-12T20:10:25.613305+00:00
2026-09-13,2026-09-07,52048,CDU,L1,12,240,0,240,0.0,2026-09-12T20:10:25.613305+00:00
2026-09-13,2026-09-07,52048,CDU,L2,12,420,0,420,0.0,2026-09-12T20:10:25.613305+00:00
2026-09-13,2026-09-07,52048,CDU,L3,12,312,0,312,0.0,2026-09-12T20:10:25.613305+00:00
2026-09-13,2026-09-07,52048,CRA,L1,30,600,573,27,95.5,2026-09-12T20:10:25.613305+00:00
2026-09-13,2026-09-07,52048,CRA,L2,30,1050,0,1050,0.0,2026-09-12T20:10:25.613305+00:00
2026-09-13,2026-09-07,52048,CRA,L3,30,780,0,780,0.0,2026-09-12T20:10:25.613305+00:00
2026-09-13,2026-09-07,52048,CTS,L1,4,80,0,80,0.0,2026-09-12T20:10:25.613305+00:00
2026-09-13,2026-09-07,52048,CTS,L2,4,140,0,140,0.0,2026-09-12T20:10:25.613305+00:00
2026-09-13,2026-09-07,52048,CTS,L3,4,104,0,104,0.0,2026-09-12T20:10:25.613305+00:00
2026-09-13,2026-09-07,52048,DHU,L1,4,80,0,80,0.0,2026-09-12T20:10:25.613305+00:00
2026-09-13,2026-09-07,52048,DHU,L2,4,140,0,140,0.0,2026-09-12T20:10:25.613305+00:00
2026-09-13,2026-09-07,52048,DHU,L3,4,104,0,104,0.0,2026-09-12T20:10:25.613305+00:00
2026-09-13,2026-09-07,52048,DPP,L1,14,280,280,0,100.0,2026-09-12T20:10:25.613305+00:00
2026-09-13,2026-09-07,52048,DPP,L2,14,490,0,490,0.0,2026-09-12T20:10:25.613305+00:00
2026-09-13,2026-09-07,52048,DPP,L3,14,364,0,364,0.0,2026-09-12T20:10:25.613305+00:00
2026-09-13,2026-09-07,52048,DSG,L1,7,140,140,0,100.0,2026-09-12T20:10:25.613305+00:00
2026-09-13,2026-09-07,52048,DSG,L2,7,245,49,196,20.0,2026-09-12T20:10:25.613305+00:00
2026-09-13,2026-09-07,52048,DSG,L3,7,182,0,182,0.0,2026-09-12T20:10:25.613305+00:00
2026-09-13,2026-09-07,52048,ELP,L1,8,160,160,0,100.0,2026-09-12T20:10:25.613305+00:00
2026-09-13,2026-09-07,52048,ELP,L2,8,280,0,280,0.0,2026-09-12T20:10:25.613305+00:00
2026-09-13,2026-09-07,52048,ELP,L3,8,208,0,208,0.0,2026-09-12T20:10:25.613305+00:00
2026-09-13,2026-09-07,52048,EPP,L1,8,160,160,0,100.0,2026-09-12T20:10:25.613305+00:00
2026-09-13,2026-09-07,52048,EPP,L2,8,280,0,280,0.0,2026-09-12T20:10:25.613305+00:00
2026-09-13,2026-09-07,52048,EPP,L3,8,208,0,208,0.0,2026-09-12T20:10:25.613305+00:00
2026-09-13,2026-09-07,52048,EXF,L1,7,140,0,140,0.0,2026-09-12T20:10:25.613305+00:00
2026-09-13,2026-09-07,52048,EXF,L2,7,245,0,245,0.0,2026-09-12T20:10:25.613305+00:00
2026-09-13,2026-09-07,52048,EXF,L3,7,182,0,182,0.0,2026-09-12T20:10:25.613305+00:00
2026-09-13,2026-09-07,52048,EXP,L1,4,80,0,80,0.0,2026-09-12T20:10:25.613305+00:00
2026-09-13,2026-09-07,52048,EXP,L2,4,140,0,140,0.0,2026-09-12T20:10:25.613305+00:00
2026-09-13,2026-09-07,52048,EXP,L3,4,104,0,104,0.0,2026-09-12T20:10:25.613305+00:00
2026-09-13,2026-09-07,52048,GDS,L1,1,20,0,20,0.0,2026-09-12T20:10:25.613305+00:00
2026-09-13,2026-09-07,52048,GDS,L2,1,35,0,35,0.0,2026-09-12T20:10:25.613305+00:00
2026-09-13,2026-09-07,52048,GDS,L3,1,26,0,26,0.0,2026-09-12T20:10:25.613305+00:00
2026-09-13,2026-09-07,52048,GDT,L1,7,140,140,0,100.0,2026-09-12T20:10:25.613305+00:00
2026-09-13,2026-09-07,52048,GDT,L2,7,245,0,245,0.0,2026-09-12T20:10:25.613305+00:00
2026-09-13,2026-09-07,52048,GDT,L3,7,182,0,182,0.0,2026-09-12T20:10:25.613305+00:00
2026-09-13,2026-09-07,52048,GEN,L1,7,140,140,0,100.0,2026-09-12T20:10:25.613305+00:00
2026-09-13,2026-09-07,52048,GEN,L2,7,245,0,245,0.0,2026-09-12T20:10:25.613305+00:00
2026-09-13,2026-09-07,52048,GEN,L3,7,182,0,182,0.0,2026-09-12T20:10:25.613305+00:00
2026-09-13,2026-09-07,52048,GSB,L1,7,140,68,72,48.57,2026-09-12T20:10:25.613305+00:00
2026-09-13,2026-09-07,52048,GSB,L2,7,245,0,245,0.0,2026-09-12T20:10:25.613305+00:00
2026-09-13,2026-09-07,52048,GSB,L3,7,182,0,182,0.0,2026-09-12T20:10:25.613305+00:00
2026-09-13,2026-09-07,52048,MBC,L1,7,140,140,0,100.0,2026-09-12T20:10:25.613305+00:00
2026-09-13,2026-09-07,52048,MBC,L2,7,245,0,245,0.0,2026-09-12T20:10:25.613305+00:00
2026-09-13,2026-09-07,52048,MBC,L3,7,182,0,182,0.0,2026-09-12T20:10:25.613305+00:00
2026-09-13,2026-09-07,52048,MDP,L1,11,220,220,0,100.0,2026-09-12T20:10:25.613305+00:00
2026-09-13,2026-09-07,52048,MDP,L2,11,385,0,385,0.0,2026-09-12T20:10:25.613305+00:00
2026-09-13,2026-09-07,52048,MDP,L3,11,286,0,286,0.0,2026-09-12T20:10:25.613305+00:00
2026-09-13,2026-09-07,52048,MSB,L1,13,260,260,0,100.0,2026-09-12T20:10:25.613305+00:00
2026-09-13,2026-09-07,52048,MSB,L2,13,455,0,455,0.0,2026-09-12T20:10:25.613305+00:00
2026-09-13,2026-09-07,52048,MSB,L3,13,338,0,338,0.0,2026-09-12T20:10:25.613305+00:00
2026-09-13,2026-09-07,52048,MUP,L1,4,80,0,80,0.0,2026-09-12T20:10:25.613305+00:00
2026-09-13,2026-09-07,52048,MUP,L2,4,140,0,140,0.0,2026-09-12T20:10:25.613305+00:00
2026-09-13,2026-09-07,52048,MUP,L3,4,104,0,104,0.0,2026-09-12T20:10:25.613305+00:00
2026-09-13,2026-09-07,52048,PAC,L1,2,40,0,40,0.0,2026-09-12T20:10:25.613305+00:00
2026-09-13,2026-09-07,52048,PAC,L2,2,70,0,70,0.0,2026-09-12T20:10:25.613305+00:00
2026-09-13,2026-09-07,52048,PAC,L3,2,52,0,52,0.0,2026-09-12T20:10:25.613305+00:00
2026-09-13,2026-09-07,52048,PAS,L1,6,120,0,120,0.0,2026-09-12T20:10:25.613305+00:00
2026-09-13,2026-09-07,52048,PAS,L2,6,210,0,210,0.0,2026-09-12T20:10:25.613305+00:00
2026-09-13,2026-09-07,52048,PAS,L3,6,156,0,156,0.0,2026-09-12T20:10:25.613305+00:00
2026-09-13,2026-09-07,52048,RPP,L1,16,320,0,320,0.0,2026-09-12T20:10:25.613305+00:00
2026-09-13,2026-09-07,52048,RPP,L2,16,560,0,560,0.0,2026-09-12T20:10:25.613305+00:00
2026-09-13,2026-09-07,52048,RPP,L3,16,416,0,416,0.0,2026-09-12T20:10:25.613305+00:00
2026-09-13,2026-09-07,52048,TES,L1,12,240,0,240,0.0,2026-09-12T20:10:25.613305+00:00
2026-09-13,2026-09-07,52048,TES,L2,12,420,0,420,0.0,2026-09-12T20:10:25.613305+00:00
2026-09-13,2026-09-07,52048,TES,L3,12,312,0,312,0.0,2026-09-12T20:10:25.613305+00:00
2026-09-13,2026-09-07,52048,TRN,L1,7,140,140,0,100.0,2026-09-12T20:10:25.613305+00:00
2026-09-13,2026-09-07,52048,TRN,L2,7,245,49,196,20.0,2026-09-12T20:10:25.613305+00:00
2026-09-13,2026-09-07,52048,TRN,L3,7,182,14,168,7.69,2026-09-12T20:10:25.613305+00:00
2026-09-13,2026-09-07,52048,UDP,L1,6,120,120,0,100.0,2026-09-12T20:10:25.613305+00:00
2026-09-13,2026-09-07,52048,UDP,L2,6,210,0,210,0.0,2026-09-12T20:10:25.613305+00:00
2026-09-13,2026-09-07,52048,UDP,L3,6,156,0,156,0.0,2026-09-12T20:10:25.613305+00:00
2026-09-13,2026-09-07,52048,UMP,L1,1,20,20,0,100.0,2026-09-12T20:10:25.613305+00:00
2026-09-13,2026-09-07,52048,UMP,L2,1,35,0,35,0.0,2026-09-12T20:10:25.613305+00:00
2026-09-13,2026-09-07,52048,UMP,L3,1,26,0,26,0.0,2026-09-12T20:10:25.613305+00:00
2026-09-13,2026-09-07,52048,UPB,L1,7,140,0,140,0.0,2026-09-12T20:10:25.613305+00:00
2026-09-13,2026-09-07,52048,UPB,L2,7,245,0,245,0.0,2026-09-12T20:10:25.613305+00:00
2026-09-13,2026-09-07,52048,UPB,L3,7,182,0,182,0.0,2026-09-12T20:10:25.613305+00:00
2026-09-13,2026-09-07,52048,UPP,L1,8,160,140,20,87.5,2026-09-12T20:10:25.613305+00:00
2026-09-13,2026-09-07,52048,UPP,L2,8,280,0,280,0.0,2026-09-12T20:10:25.613305+00:00
2026-09-13,2026-09-07,52048,UPP,L3,8,208,0,208,0.0,2026-09-12T20:10:25.613305+00:00
2026-09-13,2026-09-07,52048,UPS,L1,7,140,42,98,30.0,2026-09-12T20:10:25.613305+00:00
2026-09-13,2026-09-07,52048,UPS,L2,7,245,0,245,0.0,2026-09-12T20:10:25.613305+00:00
2026-09-13,2026-09-07,52048,UPS,L3,7,182,0,182,0.0,2026-09-12T20:10:25.613305+00:00
2026-09-13,2026-09-07,52048,VES,L1,31,620,0,620,0.0,2026-09-12T20:10:25.613305+00:00
2026-09-13,2026-09-07,52048,VES,L2,31,1085,0,1085,0.0,2026-09-12T20:10:25.613305+00:00
2026-09-13,2026-09-07,52048,VES,L3,31,806,0,806,0.0,2026-09-12T20:10:25.613305+00:00
2026-09-13,2026-09-07,52048,VRF,L1,4,80,0,80,0.0,2026-09-12T20:10:25.613305+00:00
2026-09-13,2026-09-07,52048,VRF,L2,4,140,0,140,0.0,2026-09-12T20:10:25.613305+00:00
2026-09-13,2026-09-07,52048,VRF,L3,4,104,0,104,0.0,2026-09-12T20:10:25.613305+00:00
