snapshot_date,week_start,project_id,asset_key,asset_name,commissioning_level,total_lines,completed_lines,completion_pct
2026-09-08,2026-09-07,39282,10988295,EDCKUL21VRF02600,L1,21,21,100.0
2026-09-08,2026-09-07,39282,10988295,EDCKUL21VRF02600,L2,35,9,25.71
2026-09-08,2026-09-07,39282,10988295,EDCKUL21VRF02600,L3,26,0,0.0
2026-09-08,2026-09-07,39282,11095312,EDCKUL21TESA0100,L1,20,20,100.0
2026-09-08,2026-09-07,39282,11095312,EDCKUL21TESA0100,L2,35,0,0.0
2026-09-08,2026-09-07,39282,11095312,EDCKUL21TESA0100,L3,26,0,0.0
2026-09-08,2026-09-07,39282,11095313,EDCKUL21TESA0200,L1,20,20,100.0
2026-09-08,2026-09-07,39282,11095313,EDCKUL21TESA0200,L2,35,0,0.0
2026-09-08,2026-09-07,39282,11095313,EDCKUL21TESA0200,L3,26,0,0.0
2026-09-08,2026-09-07,39282,11095314,EDCKUL21TESA0300,L1,20,20,100.0
2026-09-08,2026-09-07,39282,11095314,EDCKUL21TESA0300,L2,35,0,0.0
2026-09-08,2026-09-07,39282,11095314,EDCKUL21TESA0300,L3,26,0,0.0
2026-09-08,2026-09-07,39282,11095315,EDCKUL21TESA0400,L1,20,20,100.0
2026-09-08,2026-09-07,39282,11095315,EDCKUL21TESA0400,L2,35,0,0.0
2026-09-08,2026-09-07,39282,11095315,EDCKUL21TESA0400,L3,26,0,0.0
2026-09-08,2026-09-07,39282,11095316,EDCKUL21TESA0500,L1,20,20,100.0
2026-09-08,2026-09-07,39282,11095316,EDCKUL21TESA0500,L2,35,0,0.0
2026-09-08,2026-09-07,39282,11095316,EDCKUL21TESA0500,L3,26,0,0.0
2026-09-08,2026-09-07,39282,11095317,EDCKUL21TESA0600,L1,20,20,100.0
2026-09-08,2026-09-07,39282,11095317,EDCKUL21TESA0600,L2,35,0,0.0
2026-09-08,2026-09-07,39282,11095317,EDCKUL21TESA0600,L3,26,0,0.0
2026-09-08,2026-09-07,39282,11604941,EDCKUL21CDUA0107,L1,20,20,100.0
2026-09-08,2026-09-07,39282,11604941,EDCKUL21CDUA0107,L2,35,0,0.0
2026-09-08,2026-09-07,39282,11604941,EDCKUL21CDUA0107,L3,26,0,0.0
2026-09-08,2026-09-07,39282,11604942,EDCKUL21CDUA0207,L1,20,20,100.0
2026-09-08,2026-09-07,39282,11604942,EDCKUL21CDUA0207,L2,35,0,0.0
2026-09-08,2026-09-07,39282,11604942,EDCKUL21CDUA0207,L3,26,0,0.0
2026-09-08,2026-09-07,39282,11604943,EDCKUL21CDUA0307,L1,20,20,100.0
2026-09-08,2026-09-07,39282,11604943,EDCKUL21CDUA0307,L2,35,0,0.0
2026-09-08,2026-09-07,39282,11604943,EDCKUL21CDUA0307,L3,26,0,0.0
2026-09-08,2026-09-07,39282,11604944,EDCKUL21CDUA0407,L1,20,20,100.0
2026-09-08,2026-09-07,39282,11604944,EDCKUL21CDUA0407,L2,35,0,0.0
2026-09-08,2026-09-07,39282,11604944,EDCKUL21CDUA0407,L3,26,0,0.0
2026-09-08,2026-09-07,39282,11604945,EDCKUL21CDUA0507,L1,20,20,100.0
2026-09-08,2026-09-07,39282,11604945,EDCKUL21CDUA0507,L2,35,0,0.0
2026-09-08,2026-09-07,39282,11604945,EDCKUL21CDUA0507,L3,26,0,0.0
2026-09-08,2026-09-07,39282,11604946,EDCKUL21CDUA0607,L1,20,20,100.0
2026-09-08,2026-09-07,39282,11604946,EDCKUL21CDUA0607,L2,35,0,0.0
2026-09-08,2026-09-07,39282,11604946,EDCKUL21CDUA0607,L3,26,0,0.0
2026-09-08,2026-09-07,39282,11604947,EDCKUL21CDUA010A,L1,20,19,95.0
2026-09-08,2026-09-07,39282,11604947,EDCKUL21CDUA010A,L2,35,0,0.0
2026-09-08,2026-09-07,39282,11604947,EDCKUL21CDUA010A,L3,26,0,0.0
2026-09-08,2026-09-07,39282,11604948,EDCKUL21CDUA020A,L1,20,19,95.0
2026-09-08,2026-09-07,39282,11604948,EDCKUL21CDUA020A,L2,35,0,0.0
2026-09-08,2026-09-07,39282,11604948,EDCKUL21CDUA020A,L3,26,0,0.0
2026-09-08,2026-09-07,39282,11604949,EDCKUL21CDUA030A,L1,20,19,95.0
2026-09-08,2026-09-07,39282,11604949,EDCKUL21CDUA030A,L2,35,0,0.0
2026-09-08,2026-09-07,39282,11604949,EDCKUL21CDUA030A,L3,26,0,0.0
2026-09-08,2026-09-07,39282,11604950,EDCKUL21CDUA040A,L1,20,19,95.0
2026-09-08,2026-09-07,39282,11604950,EDCKUL21CDUA040A,L2,35,0,0.0
2026-09-08,2026-09-07,39282,11604950,EDCKUL21CDUA040A,L3,26,0,0.0
2026-09-08,2026-09-07,39282,11604951,EDCKUL21CDUA050A,L1,20,19,95.0
2026-09-08,2026-09-07,39282,11604951,EDCKUL21CDUA050A,L2,35,0,0.0
2026-09-08,2026-09-07,39282,11604951,EDCKUL21CDUA050A,L3,26,0,0.0
2026-09-08,2026-09-07,39282,11604952,EDCKUL21CDUA060A,L1,20,19,95.0
2026-09-08,2026-09-07,39282,11604952,EDCKUL21CDUA060A,L2,35,0,0.0
2026-09-08,2026-09-07,39282,11604952,EDCKUL21CDUA060A,L3,26,0,0.0
2026-09-08,2026-09-07,39282,11604953,EDCKUL21EXPA0107,L1,20,0,0.0
2026-09-08,2026-09-07,39282,11604953,EDCKUL21EXPA0107,L2,35,0,0.0
2026-09-08,2026-09-07,39282,11604953,EDCKUL21EXPA0107,L3,26,0,0.0
2026-09-08,2026-09-07,39282,11604954,EDCKUL21EXPA0207,L1,20,0,0.0
2026-09-08,2026-09-07,39282,11604954,EDCKUL21EXPA0207,L2,35,0,0.0
2026-09-08,2026-09-07,39282,11604954,EDCKUL21EXPA0207,L3,26,0,0.0
2026-09-08,2026-09-07,39282,11604955,EDCKUL21CTSA0107,L1,20,0,0.0
2026-09-08,2026-09-07,39282,11604955,EDCKUL21CTSA0107,L2,35,0,0.0
2026-09-08,2026-09-07,39282,11604955,EDCKUL21CTSA0107,L3,26,0,0.0
2026-09-08,2026-09-07,39282,11604956,EDCKUL21CTSA0207,L1,20,0,0.0
2026-09-08,2026-09-07,39282,11604956,EDCKUL21CTSA0207,L2,35,0,0.0
2026-09-08,2026-09-07,39282,11604956,EDCKUL21CTSA0207,L3,26,0,0.0
2026-09-08,2026-09-07,39282,11604957,EDCKUL21TESA0107,L1,20,0,0.0
2026-09-08,2026-09-07,39282,11604957,EDCKUL21TESA0107,L2,35,0,0.0
2026-09-08,2026-09-07,39282,11604957,EDCKUL21TESA0107,L3,26,0,0.0
2026-09-08,2026-09-07,39282,11604958,EDCKUL21TESA0207,L1,20,0,0.0
2026-09-08,2026-09-07,39282,11604958,EDCKUL21TESA0207,L2,35,0,0.0
2026-09-08,2026-09-07,39282,11604958,EDCKUL21TESA0207,L3,26,0,0.0
2026-09-08,2026-09-07,39282,11604959,EDCKUL21MUPA0107,L1,20,0,0.0
2026-09-08,2026-09-07,39282,11604959,EDCKUL21MUPA0107,L2,35,0,0.0
2026-09-08,2026-09-07,39282,11604959,EDCKUL21MUPA0107,L3,26,0,0.0
2026-09-08,2026-09-07,39282,11604960,EDCKUL21MUPA0207,L1,20,0,0.0
2026-09-08,2026-09-07,39282,11604960,EDCKUL21MUPA0207,L2,35,0,0.0
2026-09-08,2026-09-07,39282,11604960,EDCKUL21MUPA0207,L3,26,0,0.0
2026-09-08,2026-09-07,39282,11604961,EDCKUL21AISA0107,L1,20,0,0.0
2026-09-08,2026-09-07,39282,11604961,EDCKUL21AISA0107,L2,35,0,0.0
2026-09-08,2026-09-07,39282,11604961,EDCKUL21AISA0107,L3,26,0,0.0
2026-09-08,2026-09-07,39282,11604962,EDCKUL21AISA0207,L1,20,0,0.0
2026-09-08,2026-09-07,39282,11604962,EDCKUL21AISA0207,L2,35,0,0.0
2026-09-08,2026-09-07,39282,11604962,EDCKUL21AISA0207,L3,26,0,0.0
2026-09-08,2026-09-07,39282,11604963,EDCKUL21EXPA010A,L1,20,0,0.0
2026-09-08,2026-09-07,39282,11604963,EDCKUL21EXPA010A,L2,35,0,0.0
2026-09-08,2026-09-07,39282,11604963,EDCKUL21EXPA010A,L3,26,0,0.0
2026-09-08,2026-09-07,39282,11604964,EDCKUL21EXPA020A,L1,20,0,0.0
2026-09-08,2026-09-07,39282,11604964,EDCKUL21EXPA020A,L2,35,0,0.0
2026-09-08,2026-09-07,39282,11604964,EDCKUL21EXPA020A,L3,26,0,0.0
2026-09-08,2026-09-07,39282,11604965,EDCKUL21CTSA010A,L1,20,0,0.0
2026-09-08,2026-09-07,39282,11604965,EDCKUL21CTSA010A,L2,35,0,0.0
2026-09-08,2026-09-07,39282,11604965,EDCKUL21CTSA010A,L3,26,0,0.0
2026-09-08,2026-09-07,39282,11604966,EDCKUL21CTSA020A,L1,20,0,0.0
2026-09-08,2026-09-07,39282,11604966,EDCKUL21CTSA020A,L2,35,0,0.0
2026-09-08,2026-09-07,39282,11604966,EDCKUL21CTSA020A,L3,26,0,0.0
2026-09-08,2026-09-07,39282,11604967,EDCKUL21TESA010A,L1,20,0,0.0
2026-09-08,2026-09-07,39282,11604967,EDCKUL21TESA010A,L2,35,0,0.0
2026-09-08,2026-09-07,39282,11604967,EDCKUL21TESA010A,L3,26,0,0.0
2026-09-08,2026-09-07,39282,11604968,EDCKUL21TESA020A,L1,20,0,0.0
2026-09-08,2026-09-07,39282,11604968,EDCKUL21TESA020A,L2,35,0,0.0
2026-09-08,2026-09-07,39282,11604968,EDCKUL21TESA020A,L3,26,0,0.0
2026-09-08,2026-09-07,39282,11604969,EDCKUL21MUPA010A,L1,20,0,0.0
2026-09-08,2026-09-07,39282,11604969,EDCKUL21MUPA010A,L2,35,0,0.0
2026-09-08,2026-09-07,39282,11604969,EDCKUL21MUPA010A,L3,26,0,0.0
2026-09-08,2026-09-07,39282,11604970,EDCKUL21MUPA020A,L1,20,0,0.0
2026-09-08,2026-09-07,39282,11604970,EDCKUL21MUPA020A,L2,35,0,0.0
2026-09-08,2026-09-07,39282,11604970,EDCKUL21MUPA020A,L3,26,0,0.0
2026-09-08,2026-09-07,39282,11604971,EDCKUL21AISA010A,L1,20,0,0.0
2026-09-08,2026-09-07,39282,11604971,EDCKUL21AISA010A,L2,35,0,0.0
2026-09-08,2026-09-07,39282,11604971,EDCKUL21AISA010A,L3,26,0,0.0
2026-09-08,2026-09-07,39282,11604972,EDCKUL21AISA020A,L1,20,0,0.0
2026-09-08,2026-09-07,39282,11604972,EDCKUL21AISA020A,L2,35,0,0.0
2026-09-08,2026-09-07,39282,11604972,EDCKUL21AISA020A,L3,26,0,0.0
2026-09-08,2026-09-07,39282,11604973,EDCKUL21CRAA1500,L1,20,20,100.0
2026-09-08,2026-09-07,39282,11604973,EDCKUL21CRAA1500,L2,35,0,0.0
2026-09-08,2026-09-07,39282,11604973,EDCKUL21CRAA1500,L3,26,0,0.0
2026-09-08,2026-09-07,39282,11604974,EDCKUL21CRAA1600,L1,20,19,95.0
2026-09-08,2026-09-07,39282,11604974,EDCKUL21CRAA1600,L2,35,0,0.0
2026-09-08,2026-09-07,39282,11604974,EDCKUL21CRAA1600,L3,26,0,0.0
2026-09-08,2026-09-07,39282,11604975,EDCKUL21CRAA1700,L1,20,20,100.0
2026-09-08,2026-09-07,39282,11604975,EDCKUL21CRAA1700,L2,35,0,0.0
2026-09-08,2026-09-07,39282,11604975,EDCKUL21CRAA1700,L3,26,0,0.0
2026-09-08,2026-09-07,39282,11604976,EDCKUL21CRAA1800,L1,20,20,100.0
2026-09-08,2026-09-07,39282,11604976,EDCKUL21CRAA1800,L2,35,0,0.0
2026-09-08,2026-09-07,39282,11604976,EDCKUL21CRAA1800,L3,26,0,0.0
2026-09-08,2026-09-07,39282,11604977,EDCKUL21CRAA1900,L1,20,20,100.0
2026-09-08,2026-09-07,39282,11604977,EDCKUL21CRAA1900,L2,35,0,0.0
2026-09-08,2026-09-07,39282,11604977,EDCKUL21CRAA1900,L3,26,0,0.0
2026-09-08,2026-09-07,39282,11604978,EDCKUL21CRAA2000,L1,20,20,100.0
2026-09-08,2026-09-07,39282,11604978,EDCKUL21CRAA2000,L2,35,0,0.0
2026-09-08,2026-09-07,39282,11604978,EDCKUL21CRAA2000,L3,26,0,0.0
2026-09-08,2026-09-07,39282,11604979,EDCKUL21CRAA0100,L1,20,19,95.0
2026-09-08,2026-09-07,39282,11604979,EDCKUL21CRAA0100,L2,35,0,0.0
2026-09-08,2026-09-07,39282,11604979,EDCKUL21CRAA0100,L3,26,0,0.0
2026-09-08,2026-09-07,39282,11604980,EDCKUL21CRAA0200,L1,20,19,95.0
2026-09-08,2026-09-07,39282,11604980,EDCKUL21CRAA0200,L2,35,0,0.0
2026-09-08,2026-09-07,39282,11604980,EDCKUL21CRAA0200,L3,26,0,0.0
2026-09-08,2026-09-07,39282,11604981,EDCKUL21CRAA0300,L1,20,19,95.0
2026-09-08,2026-09-07,39282,11604981,EDCKUL21CRAA0300,L2,35,0,0.0
2026-09-08,2026-09-07,39282,11604981,EDCKUL21CRAA0300,L3,26,0,0.0
2026-09-08,2026-09-07,39282,11604982,EDCKUL21CRAA0400,L1,20,20,100.0
2026-09-08,2026-09-07,39282,11604982,EDCKUL21CRAA0400,L2,35,0,0.0
2026-09-08,2026-09-07,39282,11604982,EDCKUL21CRAA0400,L3,26,0,0.0
2026-09-08,2026-09-07,39282,11604983,EDCKUL21CRAA0500,L1,20,19,95.0
2026-09-08,2026-09-07,39282,11604983,EDCKUL21CRAA0500,L2,35,0,0.0
2026-09-08,2026-09-07,39282,11604983,EDCKUL21CRAA0500,L3,26,0,0.0
2026-09-08,2026-09-07,39282,11604984,EDCKUL21CRAA0600,L1,20,19,95.0
2026-09-08,2026-09-07,39282,11604984,EDCKUL21CRAA0600,L2,35,0,0.0
2026-09-08,2026-09-07,39282,11604984,EDCKUL21CRAA0600,L3,26,0,0.0
2026-09-08,2026-09-07,39282,11604985,EDCKUL21MBCAA210,L1,21,21,100.0
2026-09-08,2026-09-07,39282,11604985,EDCKUL21MBCAA210,L2,40,40,100.0
2026-09-08,2026-09-07,39282,11604985,EDCKUL21MBCAA210,L3,26,0,0.0
2026-09-08,2026-09-07,39282,11604986,EDCKUL21MBCAB210,L1,21,21,100.0
2026-09-08,2026-09-07,39282,11604986,EDCKUL21MBCAB210,L2,40,39,97.5
2026-09-08,2026-09-07,39282,11604986,EDCKUL21MBCAB210,L3,26,7,26.92
2026-09-08,2026-09-07,39282,11604987,EDCKUL21MBCAC210,L1,21,21,100.0
2026-09-08,2026-09-07,39282,11604987,EDCKUL21MBCAC210,L2,40,40,100.0
2026-09-08,2026-09-07,39282,11604987,EDCKUL21MBCAC210,L3,26,0,0.0
2026-09-08,2026-09-07,39282,11604988,EDCKUL21MBCAD210,L1,21,21,100.0
2026-09-08,2026-09-07,39282,11604988,EDCKUL21MBCAD210,L2,40,40,100.0
2026-09-08,2026-09-07,39282,11604988,EDCKUL21MBCAD210,L3,26,0,0.0
2026-09-08,2026-09-07,39282,11604989,EDCKUL21MBCAE210,L1,21,21,100.0
2026-09-08,2026-09-07,39282,11604989,EDCKUL21MBCAE210,L2,40,40,100.0
2026-09-08,2026-09-07,39282,11604989,EDCKUL21MBCAE210,L3,26,0,0.0
2026-09-08,2026-09-07,39282,11604990,EDCKUL21MBCAF210,L1,21,21,100.0
2026-09-08,2026-09-07,39282,11604990,EDCKUL21MBCAF210,L2,40,18,45.0
2026-09-08,2026-09-07,39282,11604990,EDCKUL21MBCAF210,L3,26,0,0.0
2026-09-08,2026-09-07,39282,11604991,EDCKUL21MBCAZ210,L1,21,21,100.0
2026-09-08,2026-09-07,39282,11604991,EDCKUL21MBCAZ210,L2,40,13,32.5
2026-09-08,2026-09-07,39282,11604991,EDCKUL21MBCAZ210,L3,26,0,0.0
2026-09-08,2026-09-07,39282,11604992,EDCKUL21STSAA310,L1,20,20,100.0
2026-09-08,2026-09-07,39282,11604992,EDCKUL21STSAA310,L2,35,0,0.0
2026-09-08,2026-09-07,39282,11604992,EDCKUL21STSAA310,L3,26,0,0.0
2026-09-08,2026-09-07,39282,11604993,EDCKUL21STSAA410,L1,20,20,100.0
2026-09-08,2026-09-07,39282,11604993,EDCKUL21STSAA410,L2,35,0,0.0
2026-09-08,2026-09-07,39282,11604993,EDCKUL21STSAA410,L3,26,0,0.0
2026-09-08,2026-09-07,39282,11604994,EDCKUL21STSAB310,L1,20,20,100.0
2026-09-08,2026-09-07,39282,11604994,EDCKUL21STSAB310,L2,35,0,0.0
2026-09-08,2026-09-07,39282,11604994,EDCKUL21STSAB310,L3,26,0,0.0
2026-09-08,2026-09-07,39282,11604995,EDCKUL21STSAB410,L1,20,20,100.0
2026-09-08,2026-09-07,39282,11604995,EDCKUL21STSAB410,L2,35,0,0.0
2026-09-08,2026-09-07,39282,11604995,EDCKUL21STSAB410,L3,26,0,0.0
2026-09-08,2026-09-07,39282,11604996,EDCKUL21STSAC310,L1,20,20,100.0
2026-09-08,2026-09-07,39282,11604996,EDCKUL21STSAC310,L2,35,0,0.0
2026-09-08,2026-09-07,39282,11604996,EDCKUL21STSAC310,L3,26,0,0.0
2026-09-08,2026-09-07,39282,11604997,EDCKUL21STSAC410,L1,20,20,100.0
2026-09-08,2026-09-07,39282,11604997,EDCKUL21STSAC410,L2,35,0,0.0
2026-09-08,2026-09-07,39282,11604997,EDCKUL21STSAC410,L3,26,0,0.0
2026-09-08,2026-09-07,39282,11604998,EDCKUL21STSAD310,L1,20,20,100.0
2026-09-08,2026-09-07,39282,11604998,EDCKUL21STSAD310,L2,35,0,0.0
2026-09-08,2026-09-07,39282,11604998,EDCKUL21STSAD310,L3,26,0,0.0
2026-09-08,2026-09-07,39282,11604999,EDCKUL21STSAD410,L1,20,20,100.0
2026-09-08,2026-09-07,39282,11604999,EDCKUL21STSAD410,L2,35,0,0.0
2026-09-08,2026-09-07,39282,11604999,EDCKUL21STSAD410,L3,26,0,0.0
2026-09-08,2026-09-07,39282,11605000,EDCKUL21STSAE310,L1,20,20,100.0
2026-09-08,2026-09-07,39282,11605000,EDCKUL21STSAE310,L2,35,0,0.0
2026-09-08,2026-09-07,39282,11605000,EDCKUL21STSAE310,L3,26,0,0.0
2026-09-08,2026-09-07,39282,11605001,EDCKUL21STSAE410,L1,20,20,100.0
2026-09-08,2026-09-07,39282,11605001,EDCKUL21STSAE410,L2,35,0,0.0
2026-09-08,2026-09-07,39282,11605001,EDCKUL21STSAE410,L3,26,0,0.0
2026-09-08,2026-09-07,39282,11605002,EDCKUL21STSAF310,L1,20,20,100.0
2026-09-08,2026-09-07,39282,11605002,EDCKUL21STSAF310,L2,35,0,0.0
2026-09-08,2026-09-07,39282,11605002,EDCKUL21STSAF310,L3,26,0,0.0
2026-09-08,2026-09-07,39282,11605003,EDCKUL21STSAF410,L1,20,20,100.0
2026-09-08,2026-09-07,39282,11605003,EDCKUL21STSAF410,L2,35,0,0.0
2026-09-08,2026-09-07,39282,11605003,EDCKUL21STSAF410,L3,26,0,0.0
2026-09-08,2026-09-07,39282,11605004,EDCKUL21RPPAA127,L1,20,20,100.0
2026-09-08,2026-09-07,39282,11605004,EDCKUL21RPPAA127,L2,35,0,0.0
2026-09-08,2026-09-07,39282,11605004,EDCKUL21RPPAA127,L3,26,0,0.0
2026-09-08,2026-09-07,39282,11605005,EDCKUL21RPPAC127,L1,20,20,100.0
2026-09-08,2026-09-07,39282,11605005,EDCKUL21RPPAC127,L2,35,0,0.0
2026-09-08,2026-09-07,39282,11605005,EDCKUL21RPPAC127,L3,26,0,0.0
2026-09-08,2026-09-07,39282,11605006,EDCKUL21RPPAA137,L1,20,20,100.0
2026-09-08,2026-09-07,39282,11605006,EDCKUL21RPPAA137,L2,35,0,0.0
2026-09-08,2026-09-07,39282,11605006,EDCKUL21RPPAA137,L3,26,0,0.0
2026-09-08,2026-09-07,39282,11605007,EDCKUL21RPPAC137,L1,20,20,100.0
2026-09-08,2026-09-07,39282,11605007,EDCKUL21RPPAC137,L2,35,0,0.0
2026-09-08,2026-09-07,39282,11605007,EDCKUL21RPPAC137,L3,26,0,0.0
2026-09-08,2026-09-07,39282,11605008,EDCKUL21RPPAD12A,L1,20,20,100.0
2026-09-08,2026-09-07,39282,11605008,EDCKUL21RPPAD12A,L2,35,0,0.0
2026-09-08,2026-09-07,39282,11605008,EDCKUL21RPPAD12A,L3,26,0,0.0
2026-09-08,2026-09-07,39282,11605009,EDCKUL21RPPAF12A,L1,20,20,100.0
2026-09-08,2026-09-07,39282,11605009,EDCKUL21RPPAF12A,L2,35,0,0.0
2026-09-08,2026-09-07,39282,11605009,EDCKUL21RPPAF12A,L3,26,0,0.0
2026-09-08,2026-09-07,39282,11605010,EDCKUL21RPPAD13A,L1,20,20,100.0
2026-09-08,2026-09-07,39282,11605010,EDCKUL21RPPAD13A,L2,35,0,0.0
2026-09-08,2026-09-07,39282,11605010,EDCKUL21RPPAD13A,L3,26,0,0.0
2026-09-08,2026-09-07,39282,11605011,EDCKUL21RPPAF13A,L1,20,20,100.0
2026-09-08,2026-09-07,39282,11605011,EDCKUL21RPPAF13A,L2,35,0,0.0
2026-09-08,2026-09-07,39282,11605011,EDCKUL21RPPAF13A,L3,26,0,0.0
2026-09-08,2026-09-07,39282,11605012,EDCKUL21UPBAA310,L1,20,20,100.0
2026-09-08,2026-09-07,39282,11605012,EDCKUL21UPBAA310,L2,35,0,0.0
2026-09-08,2026-09-07,39282,11605012,EDCKUL21UPBAA310,L3,26,0,0.0
2026-09-08,2026-09-07,39282,11605013,EDCKUL21UPBAB310,L1,20,20,100.0
2026-09-08,2026-09-07,39282,11605013,EDCKUL21UPBAB310,L2,35,0,0.0
2026-09-08,2026-09-07,39282,11605013,EDCKUL21UPBAB310,L3,26,0,0.0
2026-09-08,2026-09-07,39282,11605014,EDCKUL21UPBAC310,L1,20,20,100.0
2026-09-08,2026-09-07,39282,11605014,EDCKUL21UPBAC310,L2,35,0,0.0
2026-09-08,2026-09-07,39282,11605014,EDCKUL21UPBAC310,L3,26,0,0.0
2026-09-08,2026-09-07,39282,11605015,EDCKUL21UPBAD310,L1,20,20,100.0
2026-09-08,2026-09-07,39282,11605015,EDCKUL21UPBAD310,L2,35,0,0.0
2026-09-08,2026-09-07,39282,11605015,EDCKUL21UPBAD310,L3,26,0,0.0
2026-09-08,2026-09-07,39282,11605016,EDCKUL21UPBAE310,L1,20,20,100.0
2026-09-08,2026-09-07,39282,11605016,EDCKUL21UPBAE310,L2,35,0,0.0
2026-09-08,2026-09-07,39282,11605016,EDCKUL21UPBAE310,L3,26,0,0.0
2026-09-08,2026-09-07,39282,11605017,EDCKUL21UPBAF310,L1,20,20,100.0
2026-09-08,2026-09-07,39282,11605017,EDCKUL21UPBAF310,L2,35,0,0.0
2026-09-08,2026-09-07,39282,11605017,EDCKUL21UPBAF310,L3,26,0,0.0
2026-09-08,2026-09-07,39282,11605018,EDCKUL21UPBAH210,L1,20,20,100.0
2026-09-08,2026-09-07,39282,11605018,EDCKUL21UPBAH210,L2,35,0,0.0
2026-09-08,2026-09-07,39282,11605018,EDCKUL21UPBAH210,L3,26,0,0.0
2026-09-08,2026-09-07,39282,11605019,EDCKUL21UPBAH310,L1,20,20,100.0
2026-09-08,2026-09-07,39282,11605019,EDCKUL21UPBAH310,L2,35,0,0.0
2026-09-08,2026-09-07,39282,11605019,EDCKUL21UPBAH310,L3,26,0,0.0
2026-09-08,2026-09-07,39282,11605020,EDCKUL21UPBAZ310,L1,20,20,100.0
2026-09-08,2026-09-07,39282,11605020,EDCKUL21UPBAZ310,L2,35,0,0.0
2026-09-08,2026-09-07,39282,11605020,EDCKUL21UPBAZ310,L3,26,0,0.0
2026-09-08,2026-09-07,39282,11605021,EDCKUL21UPSAA310,L1,20,20,100.0
2026-09-08,2026-09-07,39282,11605021,EDCKUL21UPSAA310,L2,35,0,0.0
2026-09-08,2026-09-07,39282,11605021,EDCKUL21UPSAA310,L3,26,0,0.0
2026-09-08,2026-09-07,39282,11605022,EDCKUL21UPSAB310,L1,20,20,100.0
2026-09-08,2026-09-07,39282,11605022,EDCKUL21UPSAB310,L2,35,0,0.0
2026-09-08,2026-09-07,39282,11605022,EDCKUL21UPSAB310,L3,26,0,0.0
2026-09-08,2026-09-07,39282,11605023,EDCKUL21UPSAC310,L1,20,20,100.0
2026-09-08,2026-09-07,39282,11605023,EDCKUL21UPSAC310,L2,35,0,0.0
2026-09-08,2026-09-07,39282,11605023,EDCKUL21UPSAC310,L3,26,0,0.0
2026-09-08,2026-09-07,39282,11605024,EDCKUL21UPSAD310,L1,20,20,100.0
2026-09-08,2026-09-07,39282,11605024,EDCKUL21UPSAD310,L2,35,0,0.0
2026-09-08,2026-09-07,39282,11605024,EDCKUL21UPSAD310,L3,26,0,0.0
2026-09-08,2026-09-07,39282,11605025,EDCKUL21UPSAE310,L1,20,20,100.0
2026-09-08,2026-09-07,39282,11605025,EDCKUL21UPSAE310,L2,35,0,0.0
2026-09-08,2026-09-07,39282,11605025,EDCKUL21UPSAE310,L3,26,0,0.0
2026-09-08,2026-09-07,39282,11605026,EDCKUL21UPSAF310,L1,20,20,100.0
2026-09-08,2026-09-07,39282,11605026,EDCKUL21UPSAF310,L2,35,0,0.0
2026-09-08,2026-09-07,39282,11605026,EDCKUL21UPSAF310,L3,26,0,0.0
2026-09-08,2026-09-07,39282,11605027,EDCKUL21UPSAZ310,L1,20,20,100.0
2026-09-08,2026-09-07,39282,11605027,EDCKUL21UPSAZ310,L2,35,0,0.0
2026-09-08,2026-09-07,39282,11605027,EDCKUL21UPSAZ310,L3,26,0,0.0
2026-09-08,2026-09-07,39282,11605028,EDCKUL21UPSAH210,L1,20,20,100.0
2026-09-08,2026-09-07,39282,11605028,EDCKUL21UPSAH210,L2,35,0,0.0
2026-09-08,2026-09-07,39282,11605028,EDCKUL21UPSAH210,L3,26,0,0.0
2026-09-08,2026-09-07,39282,11605029,EDCKUL21UPSAH310,L1,20,20,100.0
2026-09-08,2026-09-07,39282,11605029,EDCKUL21UPSAH310,L2,35,0,0.0
2026-09-08,2026-09-07,39282,11605029,EDCKUL21UPSAH310,L3,26,0,0.0
2026-09-08,2026-09-07,39282,11605198,EDCKUL21CRAA2800,L1,20,20,100.0
2026-09-08,2026-09-07,39282,11605198,EDCKUL21CRAA2800,L2,35,0,0.0
2026-09-08,2026-09-07,39282,11605198,EDCKUL21CRAA2800,L3,26,0,0.0
2026-09-08,2026-09-07,39282,11605215,EDCKUL21ACS01950,L1,20,0,0.0
2026-09-08,2026-09-07,39282,11605215,EDCKUL21ACS01950,L2,35,0,0.0
2026-09-08,2026-09-07,39282,11605215,EDCKUL21ACS01950,L3,26,0,0.0
2026-09-08,2026-09-07,39282,11605216,EDCKUL21ACS02310,L1,20,20,100.0
2026-09-08,2026-09-07,39282,11605216,EDCKUL21ACS02310,L2,35,9,25.71
2026-09-08,2026-09-07,39282,11605216,EDCKUL21ACS02310,L3,26,0,0.0
2026-09-08,2026-09-07,39282,11605217,EDCKUL21ACS02320,L1,20,20,100.0
2026-09-08,2026-09-07,39282,11605217,EDCKUL21ACS02320,L2,35,9,25.71
2026-09-08,2026-09-07,39282,11605217,EDCKUL21ACS02320,L3,26,0,0.0
2026-09-08,2026-09-07,39282,11605218,EDCKUL21ACS02330,L1,20,20,100.0
2026-09-08,2026-09-07,39282,11605218,EDCKUL21ACS02330,L2,35,9,25.71
2026-09-08,2026-09-07,39282,11605218,EDCKUL21ACS02330,L3,26,0,0.0
2026-09-08,2026-09-07,39282,11605219,EDCKUL21ACS02340,L1,20,20,100.0
2026-09-08,2026-09-07,39282,11605219,EDCKUL21ACS02340,L2,35,9,25.71
2026-09-08,2026-09-07,39282,11605219,EDCKUL21ACS02340,L3,26,0,0.0
2026-09-08,2026-09-07,39282,11605220,EDCKUL21ACS02410,L1,20,20,100.0
2026-09-08,2026-09-07,39282,11605220,EDCKUL21ACS02410,L2,35,9,25.71
2026-09-08,2026-09-07,39282,11605220,EDCKUL21ACS02410,L3,26,0,0.0
2026-09-08,2026-09-07,39282,11605221,EDCKUL21ACS02420,L1,20,20,100.0
2026-09-08,2026-09-07,39282,11605221,EDCKUL21ACS02420,L2,35,9,25.71
2026-09-08,2026-09-07,39282,11605221,EDCKUL21ACS02420,L3,26,0,0.0
2026-09-08,2026-09-07,39282,11605222,EDCKUL21ACS02430,L1,20,20,100.0
2026-09-08,2026-09-07,39282,11605222,EDCKUL21ACS02430,L2,35,9,25.71
2026-09-08,2026-09-07,39282,11605222,EDCKUL21ACS02430,L3,26,0,0.0
2026-09-08,2026-09-07,39282,11605223,EDCKUL21ACS02440,L1,20,20,100.0
2026-09-08,2026-09-07,39282,11605223,EDCKUL21ACS02440,L2,35,9,25.71
2026-09-08,2026-09-07,39282,11605223,EDCKUL21ACS02440,L3,26,0,0.0
2026-09-08,2026-09-07,39282,11605224,EDCKUL21ACS02510,L1,20,20,100.0
2026-09-08,2026-09-07,39282,11605224,EDCKUL21ACS02510,L2,35,9,25.71
2026-09-08,2026-09-07,39282,11605224,EDCKUL21ACS02510,L3,26,0,0.0
2026-09-08,2026-09-07,39282,11605225,EDCKUL21ACS02520,L1,20,20,100.0
2026-09-08,2026-09-07,39282,11605225,EDCKUL21ACS02520,L2,35,9,25.71
2026-09-08,2026-09-07,39282,11605225,EDCKUL21ACS02520,L3,26,0,0.0
2026-09-08,2026-09-07,39282,11605226,EDCKUL21ACS02530,L1,20,20,100.0
2026-09-08,2026-09-07,39282,11605226,EDCKUL21ACS02530,L2,35,9,25.71
2026-09-08,2026-09-07,39282,11605226,EDCKUL21ACS02530,L3,26,0,0.0
2026-09-08,2026-09-07,39282,11605227,EDCKUL21ACS02540,L1,20,20,100.0
2026-09-08,2026-09-07,39282,11605227,EDCKUL21ACS02540,L2,35,9,25.71
2026-09-08,2026-09-07,39282,11605227,EDCKUL21ACS02540,L3,26,0,0.0
2026-09-08,2026-09-07,39282,11605228,EDCKUL21ACS02610,L1,20,0,0.0
2026-09-08,2026-09-07,39282,11605228,EDCKUL21ACS02610,L2,35,0,0.0
2026-09-08,2026-09-07,39282,11605228,EDCKUL21ACS02610,L3,26,0,0.0
2026-09-08,2026-09-07,39282,11605229,EDCKUL21ACS02620,L1,20,0,0.0
2026-09-08,2026-09-07,39282,11605229,EDCKUL21ACS02620,L2,35,0,0.0
2026-09-08,2026-09-07,39282,11605229,EDCKUL21ACS02620,L3,26,0,0.0
2026-09-08,2026-09-07,39282,11605230,EDCKUL21ACS02630,L1,20,0,0.0
2026-09-08,2026-09-07,39282,11605230,EDCKUL21ACS02630,L2,35,0,0.0
2026-09-08,2026-09-07,39282,11605230,EDCKUL21ACS02630,L3,26,0,0.0
2026-09-08,2026-09-07,39282,11605231,EDCKUL21ACS02640,L1,20,0,0.0
2026-09-08,2026-09-07,39282,11605231,EDCKUL21ACS02640,L2,35,0,0.0
2026-09-08,2026-09-07,39282,11605231,EDCKUL21ACS02640,L3,26,0,0.0
2026-09-08,2026-09-07,39282,11605274,EDCKUL21VRF02300,L1,20,20,100.0
2026-09-08,2026-09-07,39282,11605274,EDCKUL21VRF02300,L2,35,35,100.0
2026-09-08,2026-09-07,39282,11605274,EDCKUL21VRF02300,L3,26,0,0.0
2026-09-08,2026-09-07,39282,11605275,EDCKUL21VRF02400,L1,20,20,100.0
2026-09-08,2026-09-07,39282,11605275,EDCKUL21VRF02400,L2,35,35,100.0
2026-09-08,2026-09-07,39282,11605275,EDCKUL21VRF02400,L3,26,0,0.0
2026-09-08,2026-09-07,39282,11605276,EDCKUL21VRF02500,L1,20,20,100.0
2026-09-08,2026-09-07,39282,11605276,EDCKUL21VRF02500,L2,35,35,100.0
2026-09-08,2026-09-07,39282,11605276,EDCKUL21VRF02500,L3,26,0,0.0
2026-09-08,2026-09-07,39282,11605277,EDCKUL21VRF02200,L1,20,20,100.0
2026-09-08,2026-09-07,39282,11605277,EDCKUL21VRF02200,L2,35,35,100.0
2026-09-08,2026-09-07,39282,11605277,EDCKUL21VRF02200,L3,26,0,0.0
2026-09-08,2026-09-07,39282,11605280,EDCKUL21TESA0307,L1,20,0,0.0
2026-09-08,2026-09-07,39282,11605280,EDCKUL21TESA0307,L2,35,0,0.0
2026-09-08,2026-09-07,39282,11605280,EDCKUL21TESA0307,L3,26,0,0.0
2026-09-08,2026-09-07,39282,11605281,EDCKUL21TESA0407,L1,20,0,0.0
2026-09-08,2026-09-07,39282,11605281,EDCKUL21TESA0407,L2,35,0,0.0
2026-09-08,2026-09-07,39282,11605281,EDCKUL21TESA0407,L3,26,0,0.0
2026-09-08,2026-09-07,39282,11605282,EDCKUL21TESA0507,L1,20,0,0.0
2026-09-08,2026-09-07,39282,11605282,EDCKUL21TESA0507,L2,35,0,0.0
2026-09-08,2026-09-07,39282,11605282,EDCKUL21TESA0507,L3,26,0,0.0
2026-09-08,2026-09-07,39282,11605283,EDCKUL21TESA0607,L1,20,0,0.0
2026-09-08,2026-09-07,39282,11605283,EDCKUL21TESA0607,L2,35,0,0.0
2026-09-08,2026-09-07,39282,11605283,EDCKUL21TESA0607,L3,26,0,0.0
2026-09-08,2026-09-07,39282,11605286,EDCKUL21TESA030A,L1,20,0,0.0
2026-09-08,2026-09-07,39282,11605286,EDCKUL21TESA030A,L2,35,0,0.0
2026-09-08,2026-09-07,39282,11605286,EDCKUL21TESA030A,L3,26,0,0.0
2026-09-08,2026-09-07,39282,11605287,EDCKUL21TESA040A,L1,20,0,0.0
2026-09-08,2026-09-07,39282,11605287,EDCKUL21TESA040A,L2,35,0,0.0
2026-09-08,2026-09-07,39282,11605287,EDCKUL21TESA040A,L3,26,0,0.0
2026-09-08,2026-09-07,39282,11605288,EDCKUL21TESA050A,L1,20,0,0.0
2026-09-08,2026-09-07,39282,11605288,EDCKUL21TESA050A,L2,35,0,0.0
2026-09-08,2026-09-07,39282,11605288,EDCKUL21TESA050A,L3,26,0,0.0
2026-09-08,2026-09-07,39282,11605289,EDCKUL21TESA060A,L1,20,0,0.0
2026-09-08,2026-09-07,39282,11605289,EDCKUL21TESA060A,L2,35,0,0.0
2026-09-08,2026-09-07,39282,11605289,EDCKUL21TESA060A,L3,26,0,0.0
2026-09-08,2026-09-07,39282,11605589,EDCKUL21MBCAH210,L1,21,21,100.0
2026-09-08,2026-09-07,39282,11605589,EDCKUL21MBCAH210,L2,40,40,100.0
2026-09-08,2026-09-07,39282,11605589,EDCKUL21MBCAH210,L3,26,0,0.0
2026-09-08,2026-09-07,39282,11605590,EDCKUL21UDPAA110,L1,20,20,100.0
2026-09-08,2026-09-07,39282,11605590,EDCKUL21UDPAA110,L2,35,7,20.0
2026-09-08,2026-09-07,39282,11605590,EDCKUL21UDPAA110,L3,26,0,0.0
2026-09-08,2026-09-07,39282,11605591,EDCKUL21UDPAA220,L1,20,20,100.0
2026-09-08,2026-09-07,39282,11605591,EDCKUL21UDPAA220,L2,35,7,20.0
2026-09-08,2026-09-07,39282,11605591,EDCKUL21UDPAA220,L3,26,0,0.0
2026-09-08,2026-09-07,39282,11605592,EDCKUL21UDPAA330,L1,20,20,100.0
2026-09-08,2026-09-07,39282,11605592,EDCKUL21UDPAA330,L2,35,7,20.0
2026-09-08,2026-09-07,39282,11605592,EDCKUL21UDPAA330,L3,26,0,0.0
2026-09-08,2026-09-07,39282,11605593,EDCKUL21UDPAA440,L1,20,20,100.0
2026-09-08,2026-09-07,39282,11605593,EDCKUL21UDPAA440,L2,35,7,20.0
2026-09-08,2026-09-07,39282,11605593,EDCKUL21UDPAA440,L3,26,0,0.0
2026-09-08,2026-09-07,39282,11605594,EDCKUL21UDPAB110,L1,20,20,100.0
2026-09-08,2026-09-07,39282,11605594,EDCKUL21UDPAB110,L2,35,7,20.0
2026-09-08,2026-09-07,39282,11605594,EDCKUL21UDPAB110,L3,26,0,0.0
2026-09-08,2026-09-07,39282,11605595,EDCKUL21UDPAB220,L1,20,20,100.0
2026-09-08,2026-09-07,39282,11605595,EDCKUL21UDPAB220,L2,35,7,20.0
2026-09-08,2026-09-07,39282,11605595,EDCKUL21UDPAB220,L3,26,0,0.0
2026-09-08,2026-09-07,39282,11605596,EDCKUL21UDPAB330,L1,20,20,100.0
2026-09-08,2026-09-07,39282,11605596,EDCKUL21UDPAB330,L2,35,7,20.0
2026-09-08,2026-09-07,39282,11605596,EDCKUL21UDPAB330,L3,26,0,0.0
2026-09-08,2026-09-07,39282,11605597,EDCKUL21UDPAB440,L1,20,20,100.0
2026-09-08,2026-09-07,39282,11605597,EDCKUL21UDPAB440,L2,35,7,20.0
2026-09-08,2026-09-07,39282,11605597,EDCKUL21UDPAB440,L3,26,0,0.0
2026-09-08,2026-09-07,39282,11605598,EDCKUL21UDPAC110,L1,20,20,100.0
2026-09-08,2026-09-07,39282,11605598,EDCKUL21UDPAC110,L2,35,7,20.0
2026-09-08,2026-09-07,39282,11605598,EDCKUL21UDPAC110,L3,26,0,0.0
2026-09-08,2026-09-07,39282,11605599,EDCKUL21UDPAC220,L1,20,20,100.0
2026-09-08,2026-09-07,39282,11605599,EDCKUL21UDPAC220,L2,35,7,20.0
2026-09-08,2026-09-07,39282,11605599,EDCKUL21UDPAC220,L3,26,0,0.0
2026-09-08,2026-09-07,39282,11605600,EDCKUL21UDPAC330,L1,20,20,100.0
2026-09-08,2026-09-07,39282,11605600,EDCKUL21UDPAC330,L2,35,7,20.0
2026-09-08,2026-09-07,39282,11605600,EDCKUL21UDPAC330,L3,26,0,0.0
2026-09-08,2026-09-07,39282,11605601,EDCKUL21UDPAC440,L1,20,20,100.0
2026-09-08,2026-09-07,39282,11605601,EDCKUL21UDPAC440,L2,35,7,20.0
2026-09-08,2026-09-07,39282,11605601,EDCKUL21UDPAC440,L3,26,0,0.0
2026-09-08,2026-09-07,39282,11605602,EDCKUL21UDPAD110,L1,20,20,100.0
2026-09-08,2026-09-07,39282,11605602,EDCKUL21UDPAD110,L2,35,7,20.0
2026-09-08,2026-09-07,39282,11605602,EDCKUL21UDPAD110,L3,26,0,0.0
2026-09-08,2026-09-07,39282,11605603,EDCKUL21UDPAD220,L1,20,20,100.0
2026-09-08,2026-09-07,39282,11605603,EDCKUL21UDPAD220,L2,35,7,20.0
2026-09-08,2026-09-07,39282,11605603,EDCKUL21UDPAD220,L3,26,0,0.0
2026-09-08,2026-09-07,39282,11605604,EDCKUL21UDPAD330,L1,20,20,100.0
2026-09-08,2026-09-07,39282,11605604,EDCKUL21UDPAD330,L2,35,7,20.0
2026-09-08,2026-09-07,39282,11605604,EDCKUL21UDPAD330,L3,26,0,0.0
2026-09-08,2026-09-07,39282,11605605,EDCKUL21UDPAD440,L1,20,20,100.0
2026-09-08,2026-09-07,39282,11605605,EDCKUL21UDPAD440,L2,35,7,20.0
2026-09-08,2026-09-07,39282,11605605,EDCKUL21UDPAD440,L3,26,0,0.0
2026-09-08,2026-09-07,39282,11605606,EDCKUL21UDPAE110,L1,20,20,100.0
2026-09-08,2026-09-07,39282,11605606,EDCKUL21UDPAE110,L2,35,7,20.0
2026-09-08,2026-09-07,39282,11605606,EDCKUL21UDPAE110,L3,26,0,0.0
2026-09-08,2026-09-07,39282,11605607,EDCKUL21UDPAE220,L1,20,20,100.0
2026-09-08,2026-09-07,39282,11605607,EDCKUL21UDPAE220,L2,35,7,20.0
2026-09-08,2026-09-07,39282,11605607,EDCKUL21UDPAE220,L3,26,0,0.0
2026-09-08,2026-09-07,39282,11605608,EDCKUL21UDPAE330,L1,20,20,100.0
2026-09-08,2026-09-07,39282,11605608,EDCKUL21UDPAE330,L2,35,7,20.0
2026-09-08,2026-09-07,39282,11605608,EDCKUL21UDPAE330,L3,26,0,0.0
2026-09-08,2026-09-07,39282,11605609,EDCKUL21UDPAE440,L1,20,20,100.0
2026-09-08,2026-09-07,39282,11605609,EDCKUL21UDPAE440,L2,35,7,20.0
2026-09-08,2026-09-07,39282,11605609,EDCKUL21UDPAE440,L3,26,0,0.0
2026-09-08,2026-09-07,39282,11605610,EDCKUL21UDPAF110,L1,20,20,100.0
2026-09-08,2026-09-07,39282,11605610,EDCKUL21UDPAF110,L2,35,7,20.0
2026-09-08,2026-09-07,39282,11605610,EDCKUL21UDPAF110,L3,26,0,0.0
2026-09-08,2026-09-07,39282,11605611,EDCKUL21UDPAF220,L1,20,20,100.0
2026-09-08,2026-09-07,39282,11605611,EDCKUL21UDPAF220,L2,35,7,20.0
2026-09-08,2026-09-07,39282,11605611,EDCKUL21UDPAF220,L3,26,0,0.0
2026-09-08,2026-09-07,39282,11605612,EDCKUL21UDPAF330,L1,20,20,100.0
2026-09-08,2026-09-07,39282,11605612,EDCKUL21UDPAF330,L2,35,7,20.0
2026-09-08,2026-09-07,39282,11605612,EDCKUL21UDPAF330,L3,26,0,0.0
2026-09-08,2026-09-07,39282,11605613,EDCKUL21UDPAF440,L1,20,20,100.0
2026-09-08,2026-09-07,39282,11605613,EDCKUL21UDPAF440,L2,35,7,20.0
2026-09-08,2026-09-07,39282,11605613,EDCKUL21UDPAF440,L3,26,0,0.0
2026-09-08,2026-09-07,39282,11755607,EDCKUL21VES00107,L1,20,20,100.0
2026-09-08,2026-09-07,39282,11755607,EDCKUL21VES00107,L2,35,0,0.0
2026-09-08,2026-09-07,39282,11755607,EDCKUL21VES00107,L3,26,0,0.0
2026-09-08,2026-09-07,39282,11755608,EDCKUL21VES00207,L1,20,20,100.0
2026-09-08,2026-09-07,39282,11755608,EDCKUL21VES00207,L2,35,0,0.0
2026-09-08,2026-09-07,39282,11755608,EDCKUL21VES00207,L3,26,0,0.0
2026-09-08,2026-09-07,39282,11755609,EDCKUL21VES00307,L1,20,20,100.0
2026-09-08,2026-09-07,39282,11755609,EDCKUL21VES00307,L2,35,0,0.0
2026-09-08,2026-09-07,39282,11755609,EDCKUL21VES00307,L3,26,0,0.0
2026-09-08,2026-09-07,39282,11755610,EDCKUL21VES00407,L1,20,20,100.0
2026-09-08,2026-09-07,39282,11755610,EDCKUL21VES00407,L2,35,0,0.0
2026-09-08,2026-09-07,39282,11755610,EDCKUL21VES00407,L3,26,0,0.0
2026-09-08,2026-09-07,39282,11755611,EDCKUL21VES00507,L1,20,20,100.0
2026-09-08,2026-09-07,39282,11755611,EDCKUL21VES00507,L2,35,0,0.0
2026-09-08,2026-09-07,39282,11755611,EDCKUL21VES00507,L3,26,0,0.0
2026-09-08,2026-09-07,39282,11755612,EDCKUL21VES00607,L1,20,20,100.0
2026-09-08,2026-09-07,39282,11755612,EDCKUL21VES00607,L2,35,0,0.0
2026-09-08,2026-09-07,39282,11755612,EDCKUL21VES00607,L3,26,0,0.0
2026-09-08,2026-09-07,39282,11755613,EDCKUL21VES00707,L1,20,20,100.0
2026-09-08,2026-09-07,39282,11755613,EDCKUL21VES00707,L2,35,0,0.0
2026-09-08,2026-09-07,39282,11755613,EDCKUL21VES00707,L3,26,0,0.0
2026-09-08,2026-09-07,39282,11755614,EDCKUL21VES00807,L1,20,20,100.0
2026-09-08,2026-09-07,39282,11755614,EDCKUL21VES00807,L2,35,0,0.0
2026-09-08,2026-09-07,39282,11755614,EDCKUL21VES00807,L3,26,0,0.0
2026-09-08,2026-09-07,39282,11755615,EDCKUL21VES00907,L1,20,20,100.0
2026-09-08,2026-09-07,39282,11755615,EDCKUL21VES00907,L2,35,0,0.0
2026-09-08,2026-09-07,39282,11755615,EDCKUL21VES00907,L3,26,0,0.0
2026-09-08,2026-09-07,39282,11755616,EDCKUL21VES01007,L1,20,20,100.0
2026-09-08,2026-09-07,39282,11755616,EDCKUL21VES01007,L2,35,0,0.0
2026-09-08,2026-09-07,39282,11755616,EDCKUL21VES01007,L3,26,0,0.0
2026-09-08,2026-09-07,39282,11755617,EDCKUL21VES01107,L1,20,20,100.0
2026-09-08,2026-09-07,39282,11755617,EDCKUL21VES01107,L2,35,0,0.0
2026-09-08,2026-09-07,39282,11755617,EDCKUL21VES01107,L3,26,0,0.0
2026-09-08,2026-09-07,39282,11755618,EDCKUL21VES01207,L1,20,20,100.0
2026-09-08,2026-09-07,39282,11755618,EDCKUL21VES01207,L2,35,0,0.0
2026-09-08,2026-09-07,39282,11755618,EDCKUL21VES01207,L3,26,0,0.0
2026-09-08,2026-09-07,39282,11755619,EDCKUL21VES01307,L1,20,20,100.0
2026-09-08,2026-09-07,39282,11755619,EDCKUL21VES01307,L2,35,0,0.0
2026-09-08,2026-09-07,39282,11755619,EDCKUL21VES01307,L3,26,0,0.0
2026-09-08,2026-09-07,39282,11755620,EDCKUL21VES0010A,L1,20,20,100.0
2026-09-08,2026-09-07,39282,11755620,EDCKUL21VES0010A,L2,35,0,0.0
2026-09-08,2026-09-07,39282,11755620,EDCKUL21VES0010A,L3,26,0,0.0
2026-09-08,2026-09-07,39282,11755621,EDCKUL21VES0020A,L1,20,20,100.0
2026-09-08,2026-09-07,39282,11755621,EDCKUL21VES0020A,L2,35,0,0.0
2026-09-08,2026-09-07,39282,11755621,EDCKUL21VES0020A,L3,26,0,0.0
2026-09-08,2026-09-07,39282,11755622,EDCKUL21VES0030A,L1,20,20,100.0
2026-09-08,2026-09-07,39282,11755622,EDCKUL21VES0030A,L2,35,0,0.0
2026-09-08,2026-09-07,39282,11755622,EDCKUL21VES0030A,L3,26,0,0.0
2026-09-08,2026-09-07,39282,11755623,EDCKUL21VES0040A,L1,20,20,100.0
2026-09-08,2026-09-07,39282,11755623,EDCKUL21VES0040A,L2,35,0,0.0
2026-09-08,2026-09-07,39282,11755623,EDCKUL21VES0040A,L3,26,0,0.0
2026-09-08,2026-09-07,39282,11755624,EDCKUL21VES0050A,L1,20,20,100.0
2026-09-08,2026-09-07,39282,11755624,EDCKUL21VES0050A,L2,35,0,0.0
2026-09-08,2026-09-07,39282,11755624,EDCKUL21VES0050A,L3,26,0,0.0
2026-09-08,2026-09-07,39282,11755625,EDCKUL21VES0060A,L1,20,20,100.0
2026-09-08,2026-09-07,39282,11755625,EDCKUL21VES0060A,L2,35,0,0.0
2026-09-08,2026-09-07,39282,11755625,EDCKUL21VES0060A,L3,26,0,0.0
2026-09-08,2026-09-07,39282,11755626,EDCKUL21VES0070A,L1,20,20,100.0
2026-09-08,2026-09-07,39282,11755626,EDCKUL21VES0070A,L2,35,0,0.0
2026-09-08,2026-09-07,39282,11755626,EDCKUL21VES0070A,L3,26,0,0.0
2026-09-08,2026-09-07,39282,11755627,EDCKUL21VES0080A,L1,20,20,100.0
2026-09-08,2026-09-07,39282,11755627,EDCKUL21VES0080A,L2,35,0,0.0
2026-09-08,2026-09-07,39282,11755627,EDCKUL21VES0080A,L3,26,0,0.0
2026-09-08,2026-09-07,39282,11755628,EDCKUL21VES0090A,L1,20,20,100.0
2026-09-08,2026-09-07,39282,11755628,EDCKUL21VES0090A,L2,35,0,0.0
2026-09-08,2026-09-07,39282,11755628,EDCKUL21VES0090A,L3,26,0,0.0
2026-09-08,2026-09-07,39282,11755629,EDCKUL21VES0100A,L1,20,20,100.0
2026-09-08,2026-09-07,39282,11755629,EDCKUL21VES0100A,L2,35,0,0.0
2026-09-08,2026-09-07,39282,11755629,EDCKUL21VES0100A,L3,26,0,0.0
2026-09-08,2026-09-07,39282,11755630,EDCKUL21VES0110A,L1,20,20,100.0
2026-09-08,2026-09-07,39282,11755630,EDCKUL21VES0110A,L2,35,0,0.0
2026-09-08,2026-09-07,39282,11755630,EDCKUL21VES0110A,L3,26,0,0.0
2026-09-08,2026-09-07,39282,11755631,EDCKUL21VES0120A,L1,20,20,100.0
2026-09-08,2026-09-07,39282,11755631,EDCKUL21VES0120A,L2,35,0,0.0
2026-09-08,2026-09-07,39282,11755631,EDCKUL21VES0120A,L3,26,0,0.0
2026-09-08,2026-09-07,39282,11755632,EDCKUL21VES0130A,L1,20,20,100.0
2026-09-08,2026-09-07,39282,11755632,EDCKUL21VES0130A,L2,35,0,0.0
2026-09-08,2026-09-07,39282,11755632,EDCKUL21VES0130A,L3,26,0,0.0
2026-09-08,2026-09-07,39282,11755633,EDCKUL21VES0140A,L1,20,20,100.0
2026-09-08,2026-09-07,39282,11755633,EDCKUL21VES0140A,L2,35,0,0.0
2026-09-08,2026-09-07,39282,11755633,EDCKUL21VES0140A,L3,26,0,0.0
2026-09-08,2026-09-07,39282,11755634,EDCKUL21VES01700,L1,20,20,100.0
2026-09-08,2026-09-07,39282,11755634,EDCKUL21VES01700,L2,35,0,0.0
2026-09-08,2026-09-07,39282,11755634,EDCKUL21VES01700,L3,26,0,0.0
2026-09-08,2026-09-07,39282,11755635,EDCKUL21VES01800,L1,20,20,100.0
2026-09-08,2026-09-07,39282,11755635,EDCKUL21VES01800,L2,35,0,0.0
2026-09-08,2026-09-07,39282,11755635,EDCKUL21VES01800,L3,26,0,0.0
2026-09-08,2026-09-07,39282,11755636,EDCKUL21VES01900,L1,20,20,100.0
2026-09-08,2026-09-07,39282,11755636,EDCKUL21VES01900,L2,35,0,0.0
2026-09-08,2026-09-07,39282,11755636,EDCKUL21VES01900,L3,26,0,0.0
2026-09-08,2026-09-07,39282,11755637,EDCKUL21VES02000,L1,20,20,100.0
2026-09-08,2026-09-07,39282,11755637,EDCKUL21VES02000,L2,35,0,0.0
2026-09-08,2026-09-07,39282,11755637,EDCKUL21VES02000,L3,26,0,0.0
2026-09-08,2026-09-07,39282,11755638,EDCKUL21VES02100,L1,20,20,100.0
2026-09-08,2026-09-07,39282,11755638,EDCKUL21VES02100,L2,35,0,0.0
2026-09-08,2026-09-07,39282,11755638,EDCKUL21VES02100,L3,26,0,0.0
2026-09-08,2026-09-07,39282,11755639,EDCKUL21VES02200,L1,20,20,100.0
2026-09-08,2026-09-07,39282,11755639,EDCKUL21VES02200,L2,35,0,0.0
2026-09-08,2026-09-07,39282,11755639,EDCKUL21VES02200,L3,26,0,0.0
2026-09-08,2026-09-07,39282,11755640,EDCKUL21VES02300,L1,20,20,100.0
2026-09-08,2026-09-07,39282,11755640,EDCKUL21VES02300,L2,35,0,0.0
2026-09-08,2026-09-07,39282,11755640,EDCKUL21VES02300,L3,26,0,0.0
2026-09-08,2026-09-07,39282,11755641,EDCKUL21VES02400,L1,20,20,100.0
2026-09-08,2026-09-07,39282,11755641,EDCKUL21VES02400,L2,35,0,0.0
2026-09-08,2026-09-07,39282,11755641,EDCKUL21VES02400,L3,26,0,0.0
2026-09-08,2026-09-07,39282,11755642,EDCKUL21VES02500,L1,20,20,100.0
2026-09-08,2026-09-07,39282,11755642,EDCKUL21VES02500,L2,35,0,0.0
2026-09-08,2026-09-07,39282,11755642,EDCKUL21VES02500,L3,26,0,0.0
2026-09-08,2026-09-07,39282,11755643,EDCKUL21VES02600,L1,20,20,100.0
2026-09-08,2026-09-07,39282,11755643,EDCKUL21VES02600,L2,35,0,0.0
2026-09-08,2026-09-07,39282,11755643,EDCKUL21VES02600,L3,26,0,0.0
2026-09-08,2026-09-07,39282,11755644,EDCKUL21VES02700,L1,20,20,100.0
2026-09-08,2026-09-07,39282,11755644,EDCKUL21VES02700,L2,35,0,0.0
2026-09-08,2026-09-07,39282,11755644,EDCKUL21VES02700,L3,26,0,0.0
2026-09-08,2026-09-07,39282,11755645,EDCKUL21VES02800,L1,20,20,100.0
2026-09-08,2026-09-07,39282,11755645,EDCKUL21VES02800,L2,35,0,0.0
2026-09-08,2026-09-07,39282,11755645,EDCKUL21VES02800,L3,26,0,0.0
2026-09-08,2026-09-07,39282,11755646,EDCKUL21VES02900,L1,20,20,100.0
2026-09-08,2026-09-07,39282,11755646,EDCKUL21VES02900,L2,35,0,0.0
2026-09-08,2026-09-07,39282,11755646,EDCKUL21VES02900,L3,26,0,0.0
2026-09-08,2026-09-07,39282,11755647,EDCKUL21VES03000,L1,20,20,100.0
2026-09-08,2026-09-07,39282,11755647,EDCKUL21VES03000,L2,35,0,0.0
2026-09-08,2026-09-07,39282,11755647,EDCKUL21VES03000,L3,26,0,0.0
2026-09-08,2026-09-07,39282,11755648,EDCKUL21VES03100,L1,20,20,100.0
2026-09-08,2026-09-07,39282,11755648,EDCKUL21VES03100,L2,35,0,0.0
2026-09-08,2026-09-07,39282,11755648,EDCKUL21VES03100,L3,26,0,0.0
2026-09-08,2026-09-07,39282,11755649,EDCKUL21VES03200,L1,20,20,100.0
2026-09-08,2026-09-07,39282,11755649,EDCKUL21VES03200,L2,35,0,0.0
2026-09-08,2026-09-07,39282,11755649,EDCKUL21VES03200,L3,26,0,0.0
2026-09-08,2026-09-07,39282,11964145,EDCKUL21DPPAH920,L1,21,21,100.0
2026-09-08,2026-09-07,39282,11964145,EDCKUL21DPPAH920,L2,40,40,100.0
2026-09-08,2026-09-07,39282,11964145,EDCKUL21DPPAH920,L3,26,0,0.0
2026-09-08,2026-09-07,39282,11997351,EDCKUL21BMP0010A,L1,20,20,100.0
2026-09-08,2026-09-07,39282,11997351,EDCKUL21BMP0010A,L2,35,0,0.0
2026-09-08,2026-09-07,39282,11997351,EDCKUL21BMP0010A,L3,26,0,0.0
2026-09-08,2026-09-07,39282,11997352,EDCKUL21BMP0020A,L1,20,20,100.0
2026-09-08,2026-09-07,39282,11997352,EDCKUL21BMP0020A,L2,35,0,0.0
2026-09-08,2026-09-07,39282,11997352,EDCKUL21BMP0020A,L3,26,0,0.0
2026-09-08,2026-09-07,39282,11997353,EDCKUL21BMP00107,L1,20,20,100.0
2026-09-08,2026-09-07,39282,11997353,EDCKUL21BMP00107,L2,35,0,0.0
2026-09-08,2026-09-07,39282,11997353,EDCKUL21BMP00107,L3,26,0,0.0
2026-09-08,2026-09-07,39282,11997354,EDCKUL21BMP00207,L1,20,20,100.0
2026-09-08,2026-09-07,39282,11997354,EDCKUL21BMP00207,L2,35,0,0.0
2026-09-08,2026-09-07,39282,11997354,EDCKUL21BMP00207,L3,26,0,0.0
2026-09-08,2026-09-07,39282,12224408,EDCKUL21GDS00300,L1,20,0,0.0
2026-09-08,2026-09-07,39282,12224408,EDCKUL21GDS00300,L2,35,0,0.0
2026-09-08,2026-09-07,39282,12224408,EDCKUL21GDS00300,L3,26,0,0.0
2026-09-08,2026-09-07,39282,12224409,EDCKUL21GDS00400,L1,20,0,0.0
2026-09-08,2026-09-07,39282,12224409,EDCKUL21GDS00400,L2,35,0,0.0
2026-09-08,2026-09-07,39282,12224409,EDCKUL21GDS00400,L3,26,0,0.0
2026-09-08,2026-09-07,39282,12224410,EDCKUL21DPPAH820,L1,20,0,0.0
2026-09-08,2026-09-07,39282,12224410,EDCKUL21DPPAH820,L2,35,0,0.0
2026-09-08,2026-09-07,39282,12224410,EDCKUL21DPPAH820,L3,26,0,0.0
2026-09-08,2026-09-07,39282,12224411,EDCKUL21DPPAHA20,L1,20,0,0.0
2026-09-08,2026-09-07,39282,12224411,EDCKUL21DPPAHA20,L2,35,0,0.0
2026-09-08,2026-09-07,39282,12224411,EDCKUL21DPPAHA20,L3,26,0,0.0
2026-09-08,2026-09-07,39282,12224412,EDCKUL21DPPAHB20,L1,20,0,0.0
2026-09-08,2026-09-07,39282,12224412,EDCKUL21DPPAHB20,L2,35,0,0.0
2026-09-08,2026-09-07,39282,12224412,EDCKUL21DPPAHB20,L3,26,0,0.0
2026-09-08,2026-09-07,39282,12224413,EDCKUL21EPPAH710,L1,20,20,100.0
2026-09-08,2026-09-07,39282,12224413,EDCKUL21EPPAH710,L2,35,0,0.0
2026-09-08,2026-09-07,39282,12224413,EDCKUL21EPPAH710,L3,26,0,0.0
2026-09-08,2026-09-07,39282,12548264,EDCKUL21EXF02200,L1,20,19,95.0
2026-09-08,2026-09-07,39282,12548264,EDCKUL21EXF02200,L2,35,0,0.0
2026-09-08,2026-09-07,39282,12548264,EDCKUL21EXF02200,L3,26,0,0.0
2026-09-08,2026-09-07,39282,12548265,EDCKUL21EXF02300,L1,20,19,95.0
2026-09-08,2026-09-07,39282,12548265,EDCKUL21EXF02300,L2,35,0,0.0
2026-09-08,2026-09-07,39282,12548265,EDCKUL21EXF02300,L3,26,0,0.0
2026-09-08,2026-09-07,39282,12548266,EDCKUL21EXF02400,L1,20,19,95.0
2026-09-08,2026-09-07,39282,12548266,EDCKUL21EXF02400,L2,35,0,0.0
2026-09-08,2026-09-07,39282,12548266,EDCKUL21EXF02400,L3,26,0,0.0
2026-09-08,2026-09-07,39282,12548267,EDCKUL21EXF03000,L1,20,19,95.0
2026-09-08,2026-09-07,39282,12548267,EDCKUL21EXF03000,L2,35,0,0.0
2026-09-08,2026-09-07,39282,12548267,EDCKUL21EXF03000,L3,26,0,0.0
2026-09-08,2026-09-07,39282,12548268,EDCKUL21EXF02500,L1,20,19,95.0
2026-09-08,2026-09-07,39282,12548268,EDCKUL21EXF02500,L2,35,0,0.0
2026-09-08,2026-09-07,39282,12548268,EDCKUL21EXF02500,L3,26,0,0.0
2026-09-08,2026-09-07,39282,12548269,EDCKUL21EXF02600,L1,20,19,95.0
2026-09-08,2026-09-07,39282,12548269,EDCKUL21EXF02600,L2,35,0,0.0
2026-09-08,2026-09-07,39282,12548269,EDCKUL21EXF02600,L3,26,0,0.0
2026-09-08,2026-09-07,39282,12548270,EDCKUL21EXF02700,L1,20,19,95.0
2026-09-08,2026-09-07,39282,12548270,EDCKUL21EXF02700,L2,35,0,0.0
2026-09-08,2026-09-07,39282,12548270,EDCKUL21EXF02700,L3,26,0,0.0
2026-09-08,2026-09-07,39282,12548271,EDCKUL21EXF02800,L1,20,19,95.0
2026-09-08,2026-09-07,39282,12548271,EDCKUL21EXF02800,L2,35,0,0.0
2026-09-08,2026-09-07,39282,12548271,EDCKUL21EXF02800,L3,26,0,0.0
2026-09-08,2026-09-07,39282,12548272,EDCKUL21BSWAZ100,L1,20,20,100.0
2026-09-08,2026-09-07,39282,12548272,EDCKUL21BSWAZ100,L2,35,35,100.0
2026-09-08,2026-09-07,39282,12548272,EDCKUL21BSWAZ100,L3,26,0,0.0
2026-09-08,2026-09-07,39282,12548273,EDCKUL21BSWAZ200,L1,20,20,100.0
2026-09-08,2026-09-07,39282,12548273,EDCKUL21BSWAZ200,L2,35,35,100.0
2026-09-08,2026-09-07,39282,12548273,EDCKUL21BSWAZ200,L3,26,0,0.0
2026-09-08,2026-09-07,39282,12548274,EDCKUL21BSW00100,L1,20,20,100.0
2026-09-08,2026-09-07,39282,12548274,EDCKUL21BSW00100,L2,35,35,100.0
2026-09-08,2026-09-07,39282,12548274,EDCKUL21BSW00100,L3,26,0,0.0
2026-09-08,2026-09-07,39282,12548275,EDCKUL21BSWAA137,L1,20,0,0.0
2026-09-08,2026-09-07,39282,12548275,EDCKUL21BSWAA137,L2,35,0,0.0
2026-09-08,2026-09-07,39282,12548275,EDCKUL21BSWAA137,L3,26,0,0.0
2026-09-08,2026-09-07,39282,12548276,EDCKUL21BSWAA147,L1,20,0,0.0
2026-09-08,2026-09-07,39282,12548276,EDCKUL21BSWAA147,L2,35,0,0.0
2026-09-08,2026-09-07,39282,12548276,EDCKUL21BSWAA147,L3,26,0,0.0
2026-09-08,2026-09-07,39282,12548277,EDCKUL21BSWAD13A,L1,20,0,0.0
2026-09-08,2026-09-07,39282,12548277,EDCKUL21BSWAD13A,L2,35,0,0.0
2026-09-08,2026-09-07,39282,12548277,EDCKUL21BSWAD13A,L3,26,0,0.0
2026-09-08,2026-09-07,39282,12548278,EDCKUL21BSWAB117,L1,20,0,0.0
2026-09-08,2026-09-07,39282,12548278,EDCKUL21BSWAB117,L2,35,0,0.0
2026-09-08,2026-09-07,39282,12548278,EDCKUL21BSWAB117,L3,26,0,0.0
2026-09-08,2026-09-07,39282,12548279,EDCKUL21BSWAB217,L1,20,0,0.0
2026-09-08,2026-09-07,39282,12548279,EDCKUL21BSWAB217,L2,35,0,0.0
2026-09-08,2026-09-07,39282,12548279,EDCKUL21BSWAB217,L3,26,0,0.0
2026-09-08,2026-09-07,39282,12548280,EDCKUL21BSWAB127,L1,20,0,0.0
2026-09-08,2026-09-07,39282,12548280,EDCKUL21BSWAB127,L2,35,0,0.0
2026-09-08,2026-09-07,39282,12548280,EDCKUL21BSWAB127,L3,26,0,0.0
2026-09-08,2026-09-07,39282,12548281,EDCKUL21BSWAB227,L1,20,0,0.0
2026-09-08,2026-09-07,39282,12548281,EDCKUL21BSWAB227,L2,35,0,0.0
2026-09-08,2026-09-07,39282,12548281,EDCKUL21BSWAB227,L3,26,0,0.0
2026-09-08,2026-09-07,39282,12548282,EDCKUL21BSWAB137,L1,20,0,0.0
2026-09-08,2026-09-07,39282,12548282,EDCKUL21BSWAB137,L2,35,0,0.0
2026-09-08,2026-09-07,39282,12548282,EDCKUL21BSWAB137,L3,26,0,0.0
2026-09-08,2026-09-07,39282,12548283,EDCKUL21BSWAB147,L1,20,0,0.0
2026-09-08,2026-09-07,39282,12548283,EDCKUL21BSWAB147,L2,35,0,0.0
2026-09-08,2026-09-07,39282,12548283,EDCKUL21BSWAB147,L3,26,0,0.0
2026-09-08,2026-09-07,39282,12548284,EDCKUL21BSWAC117,L1,20,0,0.0
2026-09-08,2026-09-07,39282,12548284,EDCKUL21BSWAC117,L2,35,0,0.0
2026-09-08,2026-09-07,39282,12548284,EDCKUL21BSWAC117,L3,26,0,0.0
2026-09-08,2026-09-07,39282,12548285,EDCKUL21BSWAC217,L1,20,0,0.0
2026-09-08,2026-09-07,39282,12548285,EDCKUL21BSWAC217,L2,35,0,0.0
2026-09-08,2026-09-07,39282,12548285,EDCKUL21BSWAC217,L3,26,0,0.0
2026-09-08,2026-09-07,39282,12548286,EDCKUL21BSWAC127,L1,20,0,0.0
2026-09-08,2026-09-07,39282,12548286,EDCKUL21BSWAC127,L2,35,0,0.0
2026-09-08,2026-09-07,39282,12548286,EDCKUL21BSWAC127,L3,26,0,0.0
2026-09-08,2026-09-07,39282,12548287,EDCKUL21BSWAC137,L1,20,0,0.0
2026-09-08,2026-09-07,39282,12548287,EDCKUL21BSWAC137,L2,35,0,0.0
2026-09-08,2026-09-07,39282,12548287,EDCKUL21BSWAC137,L3,26,0,0.0
2026-09-08,2026-09-07,39282,12548288,EDCKUL21BSWAC147,L1,20,0,0.0
2026-09-08,2026-09-07,39282,12548288,EDCKUL21BSWAC147,L2,35,0,0.0
2026-09-08,2026-09-07,39282,12548288,EDCKUL21BSWAC147,L3,26,0,0.0
2026-09-08,2026-09-07,39282,12548289,EDCKUL21BSWAD11A,L1,20,0,0.0
2026-09-08,2026-09-07,39282,12548289,EDCKUL21BSWAD11A,L2,35,0,0.0
2026-09-08,2026-09-07,39282,12548289,EDCKUL21BSWAD11A,L3,26,0,0.0
2026-09-08,2026-09-07,39282,12548290,EDCKUL21BSWAD21A,L1,20,0,0.0
2026-09-08,2026-09-07,39282,12548290,EDCKUL21BSWAD21A,L2,35,0,0.0
2026-09-08,2026-09-07,39282,12548290,EDCKUL21BSWAD21A,L3,26,0,0.0
2026-09-08,2026-09-07,39282,12548291,EDCKUL21BSWAD12A,L1,20,0,0.0
2026-09-08,2026-09-07,39282,12548291,EDCKUL21BSWAD12A,L2,35,0,0.0
2026-09-08,2026-09-07,39282,12548291,EDCKUL21BSWAD12A,L3,26,0,0.0
2026-09-08,2026-09-07,39282,12548292,EDCKUL21BSWAD14A,L1,20,0,0.0
2026-09-08,2026-09-07,39282,12548292,EDCKUL21BSWAD14A,L2,35,0,0.0
2026-09-08,2026-09-07,39282,12548292,EDCKUL21BSWAD14A,L3,26,0,0.0
2026-09-08,2026-09-07,39282,12548293,EDCKUL21BSWAE11A,L1,20,0,0.0
2026-09-08,2026-09-07,39282,12548293,EDCKUL21BSWAE11A,L2,35,0,0.0
2026-09-08,2026-09-07,39282,12548293,EDCKUL21BSWAE11A,L3,26,0,0.0
2026-09-08,2026-09-07,39282,12548294,EDCKUL21BSWAE21A,L1,20,0,0.0
2026-09-08,2026-09-07,39282,12548294,EDCKUL21BSWAE21A,L2,35,0,0.0
2026-09-08,2026-09-07,39282,12548294,EDCKUL21BSWAE21A,L3,26,0,0.0
2026-09-08,2026-09-07,39282,12548295,EDCKUL21BSWAE12A,L1,20,0,0.0
2026-09-08,2026-09-07,39282,12548295,EDCKUL21BSWAE12A,L2,35,0,0.0
2026-09-08,2026-09-07,39282,12548295,EDCKUL21BSWAE12A,L3,26,0,0.0
2026-09-08,2026-09-07,39282,12548296,EDCKUL21BSWAE22A,L1,20,0,0.0
2026-09-08,2026-09-07,39282,12548296,EDCKUL21BSWAE22A,L2,35,0,0.0
2026-09-08,2026-09-07,39282,12548296,EDCKUL21BSWAE22A,L3,26,0,0.0
2026-09-08,2026-09-07,39282,12548297,EDCKUL21BSWAE13A,L1,20,0,0.0
2026-09-08,2026-09-07,39282,12548297,EDCKUL21BSWAE13A,L2,35,0,0.0
2026-09-08,2026-09-07,39282,12548297,EDCKUL21BSWAE13A,L3,26,0,0.0
2026-09-08,2026-09-07,39282,12548298,EDCKUL21BSWAE14A,L1,20,0,0.0
2026-09-08,2026-09-07,39282,12548298,EDCKUL21BSWAE14A,L2,35,0,0.0
2026-09-08,2026-09-07,39282,12548298,EDCKUL21BSWAE14A,L3,26,0,0.0
2026-09-08,2026-09-07,39282,12548299,EDCKUL21BSWAF11A,L1,20,0,0.0
2026-09-08,2026-09-07,39282,12548299,EDCKUL21BSWAF11A,L2,35,0,0.0
2026-09-08,2026-09-07,39282,12548299,EDCKUL21BSWAF11A,L3,26,0,0.0
2026-09-08,2026-09-07,39282,12548300,EDCKUL21BSWAF21A,L1,20,0,0.0
2026-09-08,2026-09-07,39282,12548300,EDCKUL21BSWAF21A,L2,35,0,0.0
2026-09-08,2026-09-07,39282,12548300,EDCKUL21BSWAF21A,L3,26,0,0.0
2026-09-08,2026-09-07,39282,12548301,EDCKUL21BSWAF12A,L1,20,0,0.0
2026-09-08,2026-09-07,39282,12548301,EDCKUL21BSWAF12A,L2,35,0,0.0
2026-09-08,2026-09-07,39282,12548301,EDCKUL21BSWAF12A,L3,26,0,0.0
2026-09-08,2026-09-07,39282,12548302,EDCKUL21BSWAF13A,L1,20,0,0.0
2026-09-08,2026-09-07,39282,12548302,EDCKUL21BSWAF13A,L2,35,0,0.0
2026-09-08,2026-09-07,39282,12548302,EDCKUL21BSWAF13A,L3,26,0,0.0
2026-09-08,2026-09-07,39282,12548303,EDCKUL21BSWAF14A,L1,20,0,0.0
2026-09-08,2026-09-07,39282,12548303,EDCKUL21BSWAF14A,L2,35,0,0.0
2026-09-08,2026-09-07,39282,12548303,EDCKUL21BSWAF14A,L3,26,0,0.0
2026-09-08,2026-09-07,39282,12548304,EDCKUL21BSWAA100,L1,20,20,100.0
2026-09-08,2026-09-07,39282,12548304,EDCKUL21BSWAA100,L2,35,35,100.0
2026-09-08,2026-09-07,39282,12548304,EDCKUL21BSWAA100,L3,26,0,0.0
2026-09-08,2026-09-07,39282,12548305,EDCKUL21BSWAA200,L1,20,20,100.0
2026-09-08,2026-09-07,39282,12548305,EDCKUL21BSWAA200,L2,35,35,100.0
2026-09-08,2026-09-07,39282,12548305,EDCKUL21BSWAA200,L3,26,0,0.0
2026-09-08,2026-09-07,39282,12548306,EDCKUL21BSWAA300,L1,20,20,100.0
2026-09-08,2026-09-07,39282,12548306,EDCKUL21BSWAA300,L2,35,35,100.0
2026-09-08,2026-09-07,39282,12548306,EDCKUL21BSWAA300,L3,26,0,0.0
2026-09-08,2026-09-07,39282,12548307,EDCKUL21BSWAB100,L1,20,20,100.0
2026-09-08,2026-09-07,39282,12548307,EDCKUL21BSWAB100,L2,35,35,100.0
2026-09-08,2026-09-07,39282,12548307,EDCKUL21BSWAB100,L3,26,0,0.0
2026-09-08,2026-09-07,39282,12548308,EDCKUL21BSWAB200,L1,20,20,100.0
2026-09-08,2026-09-07,39282,12548308,EDCKUL21BSWAB200,L2,35,35,100.0
2026-09-08,2026-09-07,39282,12548308,EDCKUL21BSWAB200,L3,26,0,0.0
2026-09-08,2026-09-07,39282,12548309,EDCKUL21BSWAB300,L1,20,20,100.0
2026-09-08,2026-09-07,39282,12548309,EDCKUL21BSWAB300,L2,35,35,100.0
2026-09-08,2026-09-07,39282,12548309,EDCKUL21BSWAB300,L3,26,0,0.0
2026-09-08,2026-09-07,39282,12548310,EDCKUL21BSWAC100,L1,20,20,100.0
2026-09-08,2026-09-07,39282,12548310,EDCKUL21BSWAC100,L2,35,35,100.0
2026-09-08,2026-09-07,39282,12548310,EDCKUL21BSWAC100,L3,26,0,0.0
2026-09-08,2026-09-07,39282,12548311,EDCKUL21BSWAC200,L1,20,20,100.0
2026-09-08,2026-09-07,39282,12548311,EDCKUL21BSWAC200,L2,35,35,100.0
2026-09-08,2026-09-07,39282,12548311,EDCKUL21BSWAC200,L3,26,0,0.0
2026-09-08,2026-09-07,39282,12548312,EDCKUL21BSWAC300,L1,20,20,100.0
2026-09-08,2026-09-07,39282,12548312,EDCKUL21BSWAC300,L2,35,35,100.0
2026-09-08,2026-09-07,39282,12548312,EDCKUL21BSWAC300,L3,26,0,0.0
2026-09-08,2026-09-07,39282,12548313,EDCKUL21BSWAD100,L1,20,20,100.0
2026-09-08,2026-09-07,39282,12548313,EDCKUL21BSWAD100,L2,35,35,100.0
2026-09-08,2026-09-07,39282,12548313,EDCKUL21BSWAD100,L3,26,0,0.0
2026-09-08,2026-09-07,39282,12548314,EDCKUL21BSWAD200,L1,20,20,100.0
2026-09-08,2026-09-07,39282,12548314,EDCKUL21BSWAD200,L2,35,35,100.0
2026-09-08,2026-09-07,39282,12548314,EDCKUL21BSWAD200,L3,26,0,0.0
2026-09-08,2026-09-07,39282,12548315,EDCKUL21BSWAD300,L1,20,20,100.0
2026-09-08,2026-09-07,39282,12548315,EDCKUL21BSWAD300,L2,35,35,100.0
2026-09-08,2026-09-07,39282,12548315,EDCKUL21BSWAD300,L3,26,0,0.0
2026-09-08,2026-09-07,39282,12548316,EDCKUL21BSWAE100,L1,20,20,100.0
2026-09-08,2026-09-07,39282,12548316,EDCKUL21BSWAE100,L2,35,35,100.0
2026-09-08,2026-09-07,39282,12548316,EDCKUL21BSWAE100,L3,26,0,0.0
2026-09-08,2026-09-07,39282,12548317,EDCKUL21BSWAE200,L1,20,20,100.0
2026-09-08,2026-09-07,39282,12548317,EDCKUL21BSWAE200,L2,35,35,100.0
2026-09-08,2026-09-07,39282,12548317,EDCKUL21BSWAE200,L3,26,0,0.0
2026-09-08,2026-09-07,39282,12548318,EDCKUL21BSWAE300,L1,20,20,100.0
2026-09-08,2026-09-07,39282,12548318,EDCKUL21BSWAE300,L2,35,35,100.0
2026-09-08,2026-09-07,39282,12548318,EDCKUL21BSWAE300,L3,26,0,0.0
2026-09-08,2026-09-07,39282,12548319,EDCKUL21BSWAF100,L1,20,20,100.0
2026-09-08,2026-09-07,39282,12548319,EDCKUL21BSWAF100,L2,35,35,100.0
2026-09-08,2026-09-07,39282,12548319,EDCKUL21BSWAF100,L3,26,0,0.0
2026-09-08,2026-09-07,39282,12548320,EDCKUL21BSWAF200,L1,20,20,100.0
2026-09-08,2026-09-07,39282,12548320,EDCKUL21BSWAF200,L2,35,35,100.0
2026-09-08,2026-09-07,39282,12548320,EDCKUL21BSWAF200,L3,26,0,0.0
2026-09-08,2026-09-07,39282,12548321,EDCKUL21BSWAF300,L1,20,20,100.0
2026-09-08,2026-09-07,39282,12548321,EDCKUL21BSWAF300,L2,35,35,100.0
2026-09-08,2026-09-07,39282,12548321,EDCKUL21BSWAF300,L3,26,0,0.0
2026-09-08,2026-09-07,39282,12548322,EDCKUL21BSWAA117,L1,20,0,0.0
2026-09-08,2026-09-07,39282,12548322,EDCKUL21BSWAA117,L2,35,0,0.0
2026-09-08,2026-09-07,39282,12548322,EDCKUL21BSWAA117,L3,26,0,0.0
2026-09-08,2026-09-07,39282,12548323,EDCKUL21BSWAA217,L1,20,0,0.0
2026-09-08,2026-09-07,39282,12548323,EDCKUL21BSWAA217,L2,35,0,0.0
2026-09-08,2026-09-07,39282,12548323,EDCKUL21BSWAA217,L3,26,0,0.0
2026-09-08,2026-09-07,39282,12548324,EDCKUL21BSWAA127,L1,20,0,0.0
2026-09-08,2026-09-07,39282,12548324,EDCKUL21BSWAA127,L2,35,0,0.0
2026-09-08,2026-09-07,39282,12548324,EDCKUL21BSWAA127,L3,26,0,0.0
2026-09-08,2026-09-07,39282,12548329,EDCKUL21RPPAA227,L1,20,20,100.0
2026-09-08,2026-09-07,39282,12548329,EDCKUL21RPPAA227,L2,35,0,0.0
2026-09-08,2026-09-07,39282,12548329,EDCKUL21RPPAA227,L3,26,0,0.0
2026-09-08,2026-09-07,39282,12548330,EDCKUL21RPPAC227,L1,20,20,100.0
2026-09-08,2026-09-07,39282,12548330,EDCKUL21RPPAC227,L2,35,0,0.0
2026-09-08,2026-09-07,39282,12548330,EDCKUL21RPPAC227,L3,26,0,0.0
2026-09-08,2026-09-07,39282,12548331,EDCKUL21RPPAA237,L1,20,20,100.0
2026-09-08,2026-09-07,39282,12548331,EDCKUL21RPPAA237,L2,35,0,0.0
2026-09-08,2026-09-07,39282,12548331,EDCKUL21RPPAA237,L3,26,0,0.0
2026-09-08,2026-09-07,39282,12548332,EDCKUL21RPPAC237,L1,20,20,100.0
2026-09-08,2026-09-07,39282,12548332,EDCKUL21RPPAC237,L2,35,0,0.0
2026-09-08,2026-09-07,39282,12548332,EDCKUL21RPPAC237,L3,26,0,0.0
2026-09-08,2026-09-07,39282,12548333,EDCKUL21RPPAD22A,L1,20,20,100.0
2026-09-08,2026-09-07,39282,12548333,EDCKUL21RPPAD22A,L2,35,0,0.0
2026-09-08,2026-09-07,39282,12548333,EDCKUL21RPPAD22A,L3,26,0,0.0
2026-09-08,2026-09-07,39282,12548334,EDCKUL21RPPAF22A,L1,20,20,100.0
2026-09-08,2026-09-07,39282,12548334,EDCKUL21RPPAF22A,L2,35,0,0.0
2026-09-08,2026-09-07,39282,12548334,EDCKUL21RPPAF22A,L3,26,0,0.0
2026-09-08,2026-09-07,39282,12548335,EDCKUL21RPPAD23A,L1,20,20,100.0
2026-09-08,2026-09-07,39282,12548335,EDCKUL21RPPAD23A,L2,35,0,0.0
2026-09-08,2026-09-07,39282,12548335,EDCKUL21RPPAD23A,L3,26,0,0.0
2026-09-08,2026-09-07,39282,12548336,EDCKUL21RPPAF23A,L1,20,20,100.0
2026-09-08,2026-09-07,39282,12548336,EDCKUL21RPPAF23A,L2,35,0,0.0
2026-09-08,2026-09-07,39282,12548336,EDCKUL21RPPAF23A,L3,26,0,0.0
2026-09-08,2026-09-07,39282,13193498,EDCKUL21PLCA0100,L1,20,19,95.0
2026-09-08,2026-09-07,39282,13193498,EDCKUL21PLCA0100,L2,35,0,0.0
2026-09-08,2026-09-07,39282,13193498,EDCKUL21PLCA0100,L3,26,0,0.0
2026-09-08,2026-09-07,39282,13193499,EDCKUL21DPPAA510,L1,20,20,100.0
2026-09-08,2026-09-07,39282,13193499,EDCKUL21DPPAA510,L2,35,0,0.0
2026-09-08,2026-09-07,39282,13193499,EDCKUL21DPPAA510,L3,26,0,0.0
2026-09-08,2026-09-07,39282,13193500,EDCKUL21DPPAB510,L1,20,20,100.0
2026-09-08,2026-09-07,39282,13193500,EDCKUL21DPPAB510,L2,35,0,0.0
2026-09-08,2026-09-07,39282,13193500,EDCKUL21DPPAB510,L3,26,0,0.0
2026-09-08,2026-09-07,39282,13193501,EDCKUL21DPPAC510,L1,20,20,100.0
2026-09-08,2026-09-07,39282,13193501,EDCKUL21DPPAC510,L2,35,0,0.0
2026-09-08,2026-09-07,39282,13193501,EDCKUL21DPPAC510,L3,26,0,0.0
2026-09-08,2026-09-07,39282,13193502,EDCKUL21DPPAD510,L1,20,20,100.0
2026-09-08,2026-09-07,39282,13193502,EDCKUL21DPPAD510,L2,35,0,0.0
2026-09-08,2026-09-07,39282,13193502,EDCKUL21DPPAD510,L3,26,0,0.0
2026-09-08,2026-09-07,39282,13193503,EDCKUL21DPPAE510,L1,20,20,100.0
2026-09-08,2026-09-07,39282,13193503,EDCKUL21DPPAE510,L2,35,0,0.0
2026-09-08,2026-09-07,39282,13193503,EDCKUL21DPPAE510,L3,26,0,0.0
2026-09-08,2026-09-07,39282,13193504,EDCKUL21DPPAF510,L1,20,20,100.0
2026-09-08,2026-09-07,39282,13193504,EDCKUL21DPPAF510,L2,35,0,0.0
2026-09-08,2026-09-07,39282,13193504,EDCKUL21DPPAF510,L3,26,0,0.0
2026-09-08,2026-09-07,39282,13193505,EDCKUL21DPPAZ510,L1,20,20,100.0
2026-09-08,2026-09-07,39282,13193505,EDCKUL21DPPAZ510,L2,35,0,0.0
2026-09-08,2026-09-07,39282,13193505,EDCKUL21DPPAZ510,L3,26,0,0.0
2026-09-08,2026-09-07,39282,13439758,EDCKUL21DPPAH210,L1,20,20,100.0
2026-09-08,2026-09-07,39282,13439758,EDCKUL21DPPAH210,L2,35,0,0.0
2026-09-08,2026-09-07,39282,13439758,EDCKUL21DPPAH210,L3,26,0,0.0
2026-09-08,2026-09-07,39282,13450400,EDCKUL21ACS01280,L1,20,20,100.0
2026-09-08,2026-09-07,39282,13450400,EDCKUL21ACS01280,L2,35,35,100.0
2026-09-08,2026-09-07,39282,13450400,EDCKUL21ACS01280,L3,26,0,0.0
2026-09-08,2026-09-07,39282,13450401,EDCKUL21ACS015B0,L1,20,0,0.0
2026-09-08,2026-09-07,39282,13450401,EDCKUL21ACS015B0,L2,35,0,0.0
2026-09-08,2026-09-07,39282,13450401,EDCKUL21ACS015B0,L3,26,0,0.0
2026-09-08,2026-09-07,39282,13450402,EDCKUL21ACS01680,L1,20,20,100.0
2026-09-08,2026-09-07,39282,13450402,EDCKUL21ACS01680,L2,35,0,0.0
2026-09-08,2026-09-07,39282,13450402,EDCKUL21ACS01680,L3,26,0,0.0
2026-09-08,2026-09-07,39282,13450403,EDCKUL21ACS01690,L1,20,20,100.0
2026-09-08,2026-09-07,39282,13450403,EDCKUL21ACS01690,L2,35,0,0.0
2026-09-08,2026-09-07,39282,13450403,EDCKUL21ACS01690,L3,26,0,0.0
2026-09-08,2026-09-07,39282,13450404,EDCKUL21ACS016A0,L1,20,20,100.0
2026-09-08,2026-09-07,39282,13450404,EDCKUL21ACS016A0,L2,35,0,0.0
2026-09-08,2026-09-07,39282,13450404,EDCKUL21ACS016A0,L3,26,0,0.0
2026-09-08,2026-09-07,39282,13450405,EDCKUL21ACS016B0,L1,20,20,100.0
2026-09-08,2026-09-07,39282,13450405,EDCKUL21ACS016B0,L2,35,0,0.0
2026-09-08,2026-09-07,39282,13450405,EDCKUL21ACS016B0,L3,26,0,0.0
2026-09-08,2026-09-07,39282,13450406,EDCKUL21ACS017A0,L1,20,20,100.0
2026-09-08,2026-09-07,39282,13450406,EDCKUL21ACS017A0,L2,35,35,100.0
2026-09-08,2026-09-07,39282,13450406,EDCKUL21ACS017A0,L3,26,0,0.0
2026-09-08,2026-09-07,39282,13450407,EDCKUL21ACS02160,L1,20,0,0.0
2026-09-08,2026-09-07,39282,13450407,EDCKUL21ACS02160,L2,35,0,0.0
2026-09-08,2026-09-07,39282,13450407,EDCKUL21ACS02160,L3,26,0,0.0
2026-09-08,2026-09-07,39282,13450408,EDCKUL21ACS02170,L1,20,0,0.0
2026-09-08,2026-09-07,39282,13450408,EDCKUL21ACS02170,L2,35,0,0.0
2026-09-08,2026-09-07,39282,13450408,EDCKUL21ACS02170,L3,26,0,0.0
2026-09-08,2026-09-07,39282,13450411,EDCKUL21BSWAH200,L1,20,20,100.0
2026-09-08,2026-09-07,39282,13450411,EDCKUL21BSWAH200,L2,35,35,100.0
2026-09-08,2026-09-07,39282,13450411,EDCKUL21BSWAH200,L3,26,0,0.0
2026-09-08,2026-09-07,39282,13450412,EDCKUL21BSWAZ300,L1,20,20,100.0
2026-09-08,2026-09-07,39282,13450412,EDCKUL21BSWAZ300,L2,35,35,100.0
2026-09-08,2026-09-07,39282,13450412,EDCKUL21BSWAZ300,L3,26,0,0.0
2026-09-08,2026-09-07,39282,13594084,EDCKUL21BSWAH100,L1,20,20,100.0
2026-09-08,2026-09-07,39282,13594084,EDCKUL21BSWAH100,L2,35,35,100.0
2026-09-08,2026-09-07,39282,13594084,EDCKUL21BSWAH100,L3,26,0,0.0
2026-09-08,2026-09-07,39282,13594087,EDCKUL21VES07600,L1,20,0,0.0
2026-09-08,2026-09-07,39282,13594087,EDCKUL21VES07600,L2,35,0,0.0
2026-09-08,2026-09-07,39282,13594087,EDCKUL21VES07600,L3,26,0,0.0
2026-09-08,2026-09-07,39282,13594088,EDCKUL21VES07700,L1,20,0,0.0
2026-09-08,2026-09-07,39282,13594088,EDCKUL21VES07700,L2,35,0,0.0
2026-09-08,2026-09-07,39282,13594088,EDCKUL21VES07700,L3,26,0,0.0
2026-09-08,2026-09-07,39282,13594089,EDCKUL21VES07800,L1,20,20,100.0
2026-09-08,2026-09-07,39282,13594089,EDCKUL21VES07800,L2,35,0,0.0
2026-09-08,2026-09-07,39282,13594089,EDCKUL21VES07800,L3,26,0,0.0
2026-09-08,2026-09-07,39282,13594090,EDCKUL21VES07900,L1,20,20,100.0
2026-09-08,2026-09-07,39282,13594090,EDCKUL21VES07900,L2,35,0,0.0
2026-09-08,2026-09-07,39282,13594090,EDCKUL21VES07900,L3,26,0,0.0
2026-09-08,2026-09-07,39282,13594091,EDCKUL21VES08000,L1,20,20,100.0
2026-09-08,2026-09-07,39282,13594091,EDCKUL21VES08000,L2,35,0,0.0
2026-09-08,2026-09-07,39282,13594091,EDCKUL21VES08000,L3,26,0,0.0
2026-09-08,2026-09-07,39282,13594092,EDCKUL21VES08100,L1,20,20,100.0
2026-09-08,2026-09-07,39282,13594092,EDCKUL21VES08100,L2,35,0,0.0
2026-09-08,2026-09-07,39282,13594092,EDCKUL21VES08100,L3,26,0,0.0
2026-09-08,2026-09-07,39282,13594093,EDCKUL21VES08200,L1,20,0,0.0
2026-09-08,2026-09-07,39282,13594093,EDCKUL21VES08200,L2,35,0,0.0
2026-09-08,2026-09-07,39282,13594093,EDCKUL21VES08200,L3,26,0,0.0
2026-09-08,2026-09-07,39282,13594094,EDCKUL21VES08300,L1,20,0,0.0
2026-09-08,2026-09-07,39282,13594094,EDCKUL21VES08300,L2,35,0,0.0
2026-09-08,2026-09-07,39282,13594094,EDCKUL21VES08300,L3,26,0,0.0
2026-09-08,2026-09-07,39282,13594095,EDCKUL21VES08400,L1,20,20,100.0
2026-09-08,2026-09-07,39282,13594095,EDCKUL21VES08400,L2,35,0,0.0
2026-09-08,2026-09-07,39282,13594095,EDCKUL21VES08400,L3,26,0,0.0
2026-09-08,2026-09-07,39282,13594096,EDCKUL21VES08500,L1,20,20,100.0
2026-09-08,2026-09-07,39282,13594096,EDCKUL21VES08500,L2,35,0,0.0
2026-09-08,2026-09-07,39282,13594096,EDCKUL21VES08500,L3,26,0,0.0
2026-09-08,2026-09-07,39282,13594097,EDCKUL21VES08600,L1,20,0,0.0
2026-09-08,2026-09-07,39282,13594097,EDCKUL21VES08600,L2,35,0,0.0
2026-09-08,2026-09-07,39282,13594097,EDCKUL21VES08600,L3,26,0,0.0
2026-09-08,2026-09-07,39282,13594098,EDCKUL21VES08700,L1,20,0,0.0
2026-09-08,2026-09-07,39282,13594098,EDCKUL21VES08700,L2,35,0,0.0
2026-09-08,2026-09-07,39282,13594098,EDCKUL21VES08700,L3,26,0,0.0
2026-09-08,2026-09-07,39282,13594099,EDCKUL21VES08800,L1,20,0,0.0
2026-09-08,2026-09-07,39282,13594099,EDCKUL21VES08800,L2,35,0,0.0
2026-09-08,2026-09-07,39282,13594099,EDCKUL21VES08800,L3,26,0,0.0
2026-09-08,2026-09-07,39282,13594100,EDCKUL21VES08900,L1,20,0,0.0
2026-09-08,2026-09-07,39282,13594100,EDCKUL21VES08900,L2,35,0,0.0
2026-09-08,2026-09-07,39282,13594100,EDCKUL21VES08900,L3,26,0,0.0
2026-09-08,2026-09-07,39282,13594101,EDCKUL21VES09000,L1,20,0,0.0
2026-09-08,2026-09-07,39282,13594101,EDCKUL21VES09000,L2,35,0,0.0
2026-09-08,2026-09-07,39282,13594101,EDCKUL21VES09000,L3,26,0,0.0
2026-09-08,2026-09-07,39282,13594102,EDCKUL21VES09100,L1,20,0,0.0
2026-09-08,2026-09-07,39282,13594102,EDCKUL21VES09100,L2,35,0,0.0
2026-09-08,2026-09-07,39282,13594102,EDCKUL21VES09100,L3,26,0,0.0
2026-09-08,2026-09-07,39282,13594103,EDCKUL21EXF00300,L1,20,19,95.0
2026-09-08,2026-09-07,39282,13594103,EDCKUL21EXF00300,L2,35,0,0.0
2026-09-08,2026-09-07,39282,13594103,EDCKUL21EXF00300,L3,26,0,0.0
2026-09-08,2026-09-07,39282,13594104,EDCKUL21EXF00400,L1,20,20,100.0
2026-09-08,2026-09-07,39282,13594104,EDCKUL21EXF00400,L2,35,0,0.0
2026-09-08,2026-09-07,39282,13594104,EDCKUL21EXF00400,L3,26,0,0.0
2026-09-08,2026-09-07,39282,13594105,EDCKUL21EXF00500,L1,20,20,100.0
2026-09-08,2026-09-07,39282,13594105,EDCKUL21EXF00500,L2,35,0,0.0
2026-09-08,2026-09-07,39282,13594105,EDCKUL21EXF00500,L3,26,0,0.0
2026-09-08,2026-09-07,39282,13594106,EDCKUL21EXF00600,L1,20,19,95.0
2026-09-08,2026-09-07,39282,13594106,EDCKUL21EXF00600,L2,35,0,0.0
2026-09-08,2026-09-07,39282,13594106,EDCKUL21EXF00600,L3,26,0,0.0
2026-09-08,2026-09-07,39282,13594107,EDCKUL21EXF00700,L1,20,19,95.0
2026-09-08,2026-09-07,39282,13594107,EDCKUL21EXF00700,L2,35,0,0.0
2026-09-08,2026-09-07,39282,13594107,EDCKUL21EXF00700,L3,26,0,0.0
2026-09-08,2026-09-07,39282,13594108,EDCKUL21EXF00800,L1,20,19,95.0
2026-09-08,2026-09-07,39282,13594108,EDCKUL21EXF00800,L2,35,0,0.0
2026-09-08,2026-09-07,39282,13594108,EDCKUL21EXF00800,L3,26,0,0.0
2026-09-08,2026-09-07,39282,13594109,EDCKUL21EXF00900,L1,20,19,95.0
2026-09-08,2026-09-07,39282,13594109,EDCKUL21EXF00900,L2,35,0,0.0
2026-09-08,2026-09-07,39282,13594109,EDCKUL21EXF00900,L3,26,0,0.0
2026-09-08,2026-09-07,39282,13594110,EDCKUL21EXF01000,L1,20,19,95.0
2026-09-08,2026-09-07,39282,13594110,EDCKUL21EXF01000,L2,35,0,0.0
2026-09-08,2026-09-07,39282,13594110,EDCKUL21EXF01000,L3,26,0,0.0
2026-09-08,2026-09-07,39282,13594111,EDCKUL21EXF01100,L1,20,19,95.0
2026-09-08,2026-09-07,39282,13594111,EDCKUL21EXF01100,L2,35,0,0.0
2026-09-08,2026-09-07,39282,13594111,EDCKUL21EXF01100,L3,26,0,0.0
2026-09-08,2026-09-07,39282,13594112,EDCKUL21EXF01200,L1,20,10,50.0
2026-09-08,2026-09-07,39282,13594112,EDCKUL21EXF01200,L2,35,0,0.0
2026-09-08,2026-09-07,39282,13594112,EDCKUL21EXF01200,L3,26,0,0.0
2026-09-08,2026-09-07,39282,13594113,EDCKUL21EXF01300,L1,20,10,50.0
2026-09-08,2026-09-07,39282,13594113,EDCKUL21EXF01300,L2,35,0,0.0
2026-09-08,2026-09-07,39282,13594113,EDCKUL21EXF01300,L3,26,0,0.0
2026-09-08,2026-09-07,39282,13594114,EDCKUL21EXF01400,L1,20,20,100.0
2026-09-08,2026-09-07,39282,13594114,EDCKUL21EXF01400,L2,35,0,0.0
2026-09-08,2026-09-07,39282,13594114,EDCKUL21EXF01400,L3,26,0,0.0
2026-09-08,2026-09-07,39282,13839002,EDCKUL21BMPAH110,L1,20,6,30.0
2026-09-08,2026-09-07,39282,13839002,EDCKUL21BMPAH110,L2,35,9,25.71
2026-09-08,2026-09-07,39282,13839002,EDCKUL21BMPAH110,L3,26,0,0.0
2026-09-08,2026-09-07,39282,13839003,EDCKUL21BMPTCS1A,L1,20,0,0.0
2026-09-08,2026-09-07,39282,13839003,EDCKUL21BMPTCS1A,L2,35,0,0.0
2026-09-08,2026-09-07,39282,13839003,EDCKUL21BMPTCS1A,L3,26,0,0.0
2026-09-08,2026-09-07,39282,13839004,EDCKUL21BMPTCS2A,L1,20,0,0.0
2026-09-08,2026-09-07,39282,13839004,EDCKUL21BMPTCS2A,L2,35,0,0.0
2026-09-08,2026-09-07,39282,13839004,EDCKUL21BMPTCS2A,L3,26,0,0.0
2026-09-08,2026-09-07,39282,13839005,EDCKUL21BMPTCS17,L1,20,0,0.0
2026-09-08,2026-09-07,39282,13839005,EDCKUL21BMPTCS17,L2,35,0,0.0
2026-09-08,2026-09-07,39282,13839005,EDCKUL21BMPTCS17,L3,26,0,0.0
2026-09-08,2026-09-07,39282,13839006,EDCKUL21BMPTCS27,L1,20,0,0.0
2026-09-08,2026-09-07,39282,13839006,EDCKUL21BMPTCS27,L2,35,0,0.0
2026-09-08,2026-09-07,39282,13839006,EDCKUL21BMPTCS27,L3,26,0,0.0
2026-09-08,2026-09-07,39282,13841576,EDCKUL21EPPAH810,L1,20,20,100.0
2026-09-08,2026-09-07,39282,13841576,EDCKUL21EPPAH810,L2,35,0,0.0
2026-09-08,2026-09-07,39282,13841576,EDCKUL21EPPAH810,L3,26,0,0.0
2026-09-08,2026-09-07,39282,13841577,EDCKUL21EPPAH910,L1,20,20,100.0
2026-09-08,2026-09-07,39282,13841577,EDCKUL21EPPAH910,L2,35,0,0.0
2026-09-08,2026-09-07,39282,13841577,EDCKUL21EPPAH910,L3,26,0,0.0
2026-09-08,2026-09-07,39282,8741712,EDCKUL21AHU00100,L1,21,21,100.0
2026-09-08,2026-09-07,39282,8741712,EDCKUL21AHU00100,L2,35,0,0.0
2026-09-08,2026-09-07,39282,8741712,EDCKUL21AHU00100,L3,26,0,0.0
2026-09-08,2026-09-07,39282,8741713,EDCKUL21AHU00200,L1,21,21,100.0
2026-09-08,2026-09-07,39282,8741713,EDCKUL21AHU00200,L2,35,0,0.0
2026-09-08,2026-09-07,39282,8741713,EDCKUL21AHU00200,L3,26,0,0.0
2026-09-08,2026-09-07,39282,8741714,EDCKUL21AHU00300,L1,21,21,100.0
2026-09-08,2026-09-07,39282,8741714,EDCKUL21AHU00300,L2,35,0,0.0
2026-09-08,2026-09-07,39282,8741714,EDCKUL21AHU00300,L3,26,0,0.0
2026-09-08,2026-09-07,39282,8741715,EDCKUL21AHU00400,L1,21,21,100.0
2026-09-08,2026-09-07,39282,8741715,EDCKUL21AHU00400,L2,35,0,0.0
2026-09-08,2026-09-07,39282,8741715,EDCKUL21AHU00400,L3,26,0,0.0
2026-09-08,2026-09-07,39282,8741716,EDCKUL21AHU00500,L1,21,21,100.0
2026-09-08,2026-09-07,39282,8741716,EDCKUL21AHU00500,L2,35,0,0.0
2026-09-08,2026-09-07,39282,8741716,EDCKUL21AHU00500,L3,26,0,0.0
2026-09-08,2026-09-07,39282,8741717,EDCKUL21AHU00600,L1,21,21,100.0
2026-09-08,2026-09-07,39282,8741717,EDCKUL21AHU00600,L2,35,0,0.0
2026-09-08,2026-09-07,39282,8741717,EDCKUL21AHU00600,L3,26,0,0.0
2026-09-08,2026-09-07,39282,8741718,EDCKUL21AHU00700,L1,21,21,100.0
2026-09-08,2026-09-07,39282,8741718,EDCKUL21AHU00700,L2,35,0,0.0
2026-09-08,2026-09-07,39282,8741718,EDCKUL21AHU00700,L3,26,0,0.0
2026-09-08,2026-09-07,39282,8741719,EDCKUL21AISA0100,L1,21,21,100.0
2026-09-08,2026-09-07,39282,8741719,EDCKUL21AISA0100,L2,35,0,0.0
2026-09-08,2026-09-07,39282,8741719,EDCKUL21AISA0100,L3,26,0,0.0
2026-09-08,2026-09-07,39282,8741720,EDCKUL21AISA0200,L1,21,21,100.0
2026-09-08,2026-09-07,39282,8741720,EDCKUL21AISA0200,L2,35,0,0.0
2026-09-08,2026-09-07,39282,8741720,EDCKUL21AISA0200,L3,26,0,0.0
2026-09-08,2026-09-07,39282,8741798,EDCKUL21CHLA0100,L1,21,21,100.0
2026-09-08,2026-09-07,39282,8741798,EDCKUL21CHLA0100,L2,35,7,20.0
2026-09-08,2026-09-07,39282,8741798,EDCKUL21CHLA0100,L3,26,0,0.0
2026-09-08,2026-09-07,39282,8741799,EDCKUL21CHLA0200,L1,21,21,100.0
2026-09-08,2026-09-07,39282,8741799,EDCKUL21CHLA0200,L2,35,7,20.0
2026-09-08,2026-09-07,39282,8741799,EDCKUL21CHLA0200,L3,26,0,0.0
2026-09-08,2026-09-07,39282,8741800,EDCKUL21CHLA0300,L1,21,21,100.0
2026-09-08,2026-09-07,39282,8741800,EDCKUL21CHLA0300,L2,35,7,20.0
2026-09-08,2026-09-07,39282,8741800,EDCKUL21CHLA0300,L3,26,0,0.0
2026-09-08,2026-09-07,39282,8741801,EDCKUL21CHLA0400,L1,21,21,100.0
2026-09-08,2026-09-07,39282,8741801,EDCKUL21CHLA0400,L2,35,7,20.0
2026-09-08,2026-09-07,39282,8741801,EDCKUL21CHLA0400,L3,26,0,0.0
2026-09-08,2026-09-07,39282,8741802,EDCKUL21CHLA0500,L1,21,21,100.0
2026-09-08,2026-09-07,39282,8741802,EDCKUL21CHLA0500,L2,35,7,20.0
2026-09-08,2026-09-07,39282,8741802,EDCKUL21CHLA0500,L3,26,0,0.0
2026-09-08,2026-09-07,39282,8741803,EDCKUL21CHLA0600,L1,21,21,100.0
2026-09-08,2026-09-07,39282,8741803,EDCKUL21CHLA0600,L2,35,7,20.0
2026-09-08,2026-09-07,39282,8741803,EDCKUL21CHLA0600,L3,26,0,0.0
2026-09-08,2026-09-07,39282,8741804,EDCKUL21CHLA0700,L1,21,21,100.0
2026-09-08,2026-09-07,39282,8741804,EDCKUL21CHLA0700,L2,35,7,20.0
2026-09-08,2026-09-07,39282,8741804,EDCKUL21CHLA0700,L3,26,0,0.0
2026-09-08,2026-09-07,39282,8741805,EDCKUL21CHLA0800,L1,21,21,100.0
2026-09-08,2026-09-07,39282,8741805,EDCKUL21CHLA0800,L2,35,7,20.0
2026-09-08,2026-09-07,39282,8741805,EDCKUL21CHLA0800,L3,26,0,0.0
2026-09-08,2026-09-07,39282,8741806,EDCKUL21CHPA0100,L1,21,21,100.0
2026-09-08,2026-09-07,39282,8741806,EDCKUL21CHPA0100,L2,35,0,0.0
2026-09-08,2026-09-07,39282,8741806,EDCKUL21CHPA0100,L3,26,0,0.0
2026-09-08,2026-09-07,39282,8741807,EDCKUL21CHPA0200,L1,21,21,100.0
2026-09-08,2026-09-07,39282,8741807,EDCKUL21CHPA0200,L2,35,0,0.0
2026-09-08,2026-09-07,39282,8741807,EDCKUL21CHPA0200,L3,26,0,0.0
2026-09-08,2026-09-07,39282,8741808,EDCKUL21CHPA0300,L1,21,21,100.0
2026-09-08,2026-09-07,39282,8741808,EDCKUL21CHPA0300,L2,35,0,0.0
2026-09-08,2026-09-07,39282,8741808,EDCKUL21CHPA0300,L3,26,0,0.0
2026-09-08,2026-09-07,39282,8741809,EDCKUL21CHPA0400,L1,21,21,100.0
2026-09-08,2026-09-07,39282,8741809,EDCKUL21CHPA0400,L2,35,0,0.0
2026-09-08,2026-09-07,39282,8741809,EDCKUL21CHPA0400,L3,26,0,0.0
2026-09-08,2026-09-07,39282,8741810,EDCKUL21CHPA0500,L1,21,21,100.0
2026-09-08,2026-09-07,39282,8741810,EDCKUL21CHPA0500,L2,35,0,0.0
2026-09-08,2026-09-07,39282,8741810,EDCKUL21CHPA0500,L3,26,0,0.0
2026-09-08,2026-09-07,39282,8741811,EDCKUL21CHPA0600,L1,21,21,100.0
2026-09-08,2026-09-07,39282,8741811,EDCKUL21CHPA0600,L2,35,0,0.0
2026-09-08,2026-09-07,39282,8741811,EDCKUL21CHPA0600,L3,26,0,0.0
2026-09-08,2026-09-07,39282,8741812,EDCKUL21CHPA0700,L1,21,21,100.0
2026-09-08,2026-09-07,39282,8741812,EDCKUL21CHPA0700,L2,35,0,0.0
2026-09-08,2026-09-07,39282,8741812,EDCKUL21CHPA0700,L3,26,0,0.0
2026-09-08,2026-09-07,39282,8741813,EDCKUL21CHPA0800,L1,21,21,100.0
2026-09-08,2026-09-07,39282,8741813,EDCKUL21CHPA0800,L2,35,0,0.0
2026-09-08,2026-09-07,39282,8741813,EDCKUL21CHPA0800,L3,26,0,0.0
2026-09-08,2026-09-07,39282,8741814,EDCKUL21BMPA0100,L1,20,20,100.0
2026-09-08,2026-09-07,39282,8741814,EDCKUL21BMPA0100,L2,35,7,20.0
2026-09-08,2026-09-07,39282,8741814,EDCKUL21BMPA0100,L3,26,0,0.0
2026-09-08,2026-09-07,39282,8741815,EDCKUL21BMPA0200,L1,20,20,100.0
2026-09-08,2026-09-07,39282,8741815,EDCKUL21BMPA0200,L2,35,7,20.0
2026-09-08,2026-09-07,39282,8741815,EDCKUL21BMPA0200,L3,26,0,0.0
2026-09-08,2026-09-07,39282,8741816,EDCKUL21BMPA0300,L1,20,20,100.0
2026-09-08,2026-09-07,39282,8741816,EDCKUL21BMPA0300,L2,35,7,20.0
2026-09-08,2026-09-07,39282,8741816,EDCKUL21BMPA0300,L3,26,0,0.0
2026-09-08,2026-09-07,39282,8741817,EDCKUL21BMPA0400,L1,20,20,100.0
2026-09-08,2026-09-07,39282,8741817,EDCKUL21BMPA0400,L2,35,7,20.0
2026-09-08,2026-09-07,39282,8741817,EDCKUL21BMPA0400,L3,26,0,0.0
2026-09-08,2026-09-07,39282,8741818,EDCKUL21BMPA0500,L1,20,20,100.0
2026-09-08,2026-09-07,39282,8741818,EDCKUL21BMPA0500,L2,35,7,20.0
2026-09-08,2026-09-07,39282,8741818,EDCKUL21BMPA0500,L3,26,0,0.0
2026-09-08,2026-09-07,39282,8741819,EDCKUL21BMPA0600,L1,20,20,100.0
2026-09-08,2026-09-07,39282,8741819,EDCKUL21BMPA0600,L2,35,7,20.0
2026-09-08,2026-09-07,39282,8741819,EDCKUL21BMPA0600,L3,26,0,0.0
2026-09-08,2026-09-07,39282,8741820,EDCKUL21BMPA0700,L1,20,20,100.0
2026-09-08,2026-09-07,39282,8741820,EDCKUL21BMPA0700,L2,35,7,20.0
2026-09-08,2026-09-07,39282,8741820,EDCKUL21BMPA0700,L3,26,0,0.0
2026-09-08,2026-09-07,39282,8741821,EDCKUL21BMPMPMA1,L1,20,20,100.0
2026-09-08,2026-09-07,39282,8741821,EDCKUL21BMPMPMA1,L2,35,7,20.0
2026-09-08,2026-09-07,39282,8741821,EDCKUL21BMPMPMA1,L3,26,0,0.0
2026-09-08,2026-09-07,39282,8741822,EDCKUL21BMPMPMA2,L1,20,20,100.0
2026-09-08,2026-09-07,39282,8741822,EDCKUL21BMPMPMA2,L2,35,0,0.0
2026-09-08,2026-09-07,39282,8741822,EDCKUL21BMPMPMA2,L3,26,0,0.0
2026-09-08,2026-09-07,39282,8741823,EDCKUL21CRAA0107,L1,21,21,100.0
2026-09-08,2026-09-07,39282,8741823,EDCKUL21CRAA0107,L2,35,0,0.0
2026-09-08,2026-09-07,39282,8741823,EDCKUL21CRAA0107,L3,26,0,0.0
2026-09-08,2026-09-07,39282,8741824,EDCKUL21CRAA0707,L1,21,21,100.0
2026-09-08,2026-09-07,39282,8741824,EDCKUL21CRAA0707,L2,35,0,0.0
2026-09-08,2026-09-07,39282,8741824,EDCKUL21CRAA0707,L3,26,0,0.0
2026-09-08,2026-09-07,39282,8741825,EDCKUL21CRAA010A,L1,21,6,28.57
2026-09-08,2026-09-07,39282,8741825,EDCKUL21CRAA010A,L2,35,0,0.0
2026-09-08,2026-09-07,39282,8741825,EDCKUL21CRAA010A,L3,26,0,0.0
2026-09-08,2026-09-07,39282,8741826,EDCKUL21CRAA020A,L1,21,21,100.0
2026-09-08,2026-09-07,39282,8741826,EDCKUL21CRAA020A,L2,35,0,0.0
2026-09-08,2026-09-07,39282,8741826,EDCKUL21CRAA020A,L3,26,0,0.0
2026-09-08,2026-09-07,39282,8741827,EDCKUL21CRAA0207,L1,21,21,100.0
2026-09-08,2026-09-07,39282,8741827,EDCKUL21CRAA0207,L2,35,0,0.0
2026-09-08,2026-09-07,39282,8741827,EDCKUL21CRAA0207,L3,26,0,0.0
2026-09-08,2026-09-07,39282,8741828,EDCKUL21CRAA0507,L1,21,21,100.0
2026-09-08,2026-09-07,39282,8741828,EDCKUL21CRAA0507,L2,35,0,0.0
2026-09-08,2026-09-07,39282,8741828,EDCKUL21CRAA0507,L3,26,0,0.0
2026-09-08,2026-09-07,39282,8741829,EDCKUL21CRAA030A,L1,21,21,100.0
2026-09-08,2026-09-07,39282,8741829,EDCKUL21CRAA030A,L2,35,0,0.0
2026-09-08,2026-09-07,39282,8741829,EDCKUL21CRAA030A,L3,26,0,0.0
2026-09-08,2026-09-07,39282,8741830,EDCKUL21CRAA040A,L1,21,21,100.0
2026-09-08,2026-09-07,39282,8741830,EDCKUL21CRAA040A,L2,35,0,0.0
2026-09-08,2026-09-07,39282,8741830,EDCKUL21CRAA040A,L3,26,0,0.0
2026-09-08,2026-09-07,39282,8741831,EDCKUL21CRAA0307,L1,21,21,100.0
2026-09-08,2026-09-07,39282,8741831,EDCKUL21CRAA0307,L2,35,0,0.0
2026-09-08,2026-09-07,39282,8741831,EDCKUL21CRAA0307,L3,26,0,0.0
2026-09-08,2026-09-07,39282,8741832,EDCKUL21CRAA0807,L1,21,21,100.0
2026-09-08,2026-09-07,39282,8741832,EDCKUL21CRAA0807,L2,35,0,0.0
2026-09-08,2026-09-07,39282,8741832,EDCKUL21CRAA0807,L3,26,0,0.0
2026-09-08,2026-09-07,39282,8741833,EDCKUL21CRAA050A,L1,21,21,100.0
2026-09-08,2026-09-07,39282,8741833,EDCKUL21CRAA050A,L2,35,0,0.0
2026-09-08,2026-09-07,39282,8741833,EDCKUL21CRAA050A,L3,26,0,0.0
2026-09-08,2026-09-07,39282,8741834,EDCKUL21CRAA060A,L1,21,21,100.0
2026-09-08,2026-09-07,39282,8741834,EDCKUL21CRAA060A,L2,35,0,0.0
2026-09-08,2026-09-07,39282,8741834,EDCKUL21CRAA060A,L3,26,0,0.0
2026-09-08,2026-09-07,39282,8741835,EDCKUL21CRAA0407,L1,21,21,100.0
2026-09-08,2026-09-07,39282,8741835,EDCKUL21CRAA0407,L2,35,0,0.0
2026-09-08,2026-09-07,39282,8741835,EDCKUL21CRAA0407,L3,26,0,0.0
2026-09-08,2026-09-07,39282,8741836,EDCKUL21CRAA0607,L1,21,21,100.0
2026-09-08,2026-09-07,39282,8741836,EDCKUL21CRAA0607,L2,35,0,0.0
2026-09-08,2026-09-07,39282,8741836,EDCKUL21CRAA0607,L3,26,0,0.0
2026-09-08,2026-09-07,39282,8741837,EDCKUL21CRAA070A,L1,21,21,100.0
2026-09-08,2026-09-07,39282,8741837,EDCKUL21CRAA070A,L2,35,0,0.0
2026-09-08,2026-09-07,39282,8741837,EDCKUL21CRAA070A,L3,26,0,0.0
2026-09-08,2026-09-07,39282,8741838,EDCKUL21CRAA080A,L1,21,21,100.0
2026-09-08,2026-09-07,39282,8741838,EDCKUL21CRAA080A,L2,35,0,0.0
2026-09-08,2026-09-07,39282,8741838,EDCKUL21CRAA080A,L3,26,0,0.0
2026-09-08,2026-09-07,39282,8741863,EDCKUL21CRAA0700,L1,20,20,100.0
2026-09-08,2026-09-07,39282,8741863,EDCKUL21CRAA0700,L2,35,0,0.0
2026-09-08,2026-09-07,39282,8741863,EDCKUL21CRAA0700,L3,26,0,0.0
2026-09-08,2026-09-07,39282,8741864,EDCKUL21CRAA0800,L1,20,20,100.0
2026-09-08,2026-09-07,39282,8741864,EDCKUL21CRAA0800,L2,35,0,0.0
2026-09-08,2026-09-07,39282,8741864,EDCKUL21CRAA0800,L3,26,0,0.0
2026-09-08,2026-09-07,39282,8741865,EDCKUL21CRAA0900,L1,20,20,100.0
2026-09-08,2026-09-07,39282,8741865,EDCKUL21CRAA0900,L2,35,0,0.0
2026-09-08,2026-09-07,39282,8741865,EDCKUL21CRAA0900,L3,26,0,0.0
2026-09-08,2026-09-07,39282,8741866,EDCKUL21CRAA1000,L1,20,20,100.0
2026-09-08,2026-09-07,39282,8741866,EDCKUL21CRAA1000,L2,35,0,0.0
2026-09-08,2026-09-07,39282,8741866,EDCKUL21CRAA1000,L3,26,0,0.0
2026-09-08,2026-09-07,39282,8741867,EDCKUL21CRAA1100,L1,20,20,100.0
2026-09-08,2026-09-07,39282,8741867,EDCKUL21CRAA1100,L2,35,0,0.0
2026-09-08,2026-09-07,39282,8741867,EDCKUL21CRAA1100,L3,26,0,0.0
2026-09-08,2026-09-07,39282,8741868,EDCKUL21CRAA1200,L1,20,20,100.0
2026-09-08,2026-09-07,39282,8741868,EDCKUL21CRAA1200,L2,35,0,0.0
2026-09-08,2026-09-07,39282,8741868,EDCKUL21CRAA1200,L3,26,0,0.0
2026-09-08,2026-09-07,39282,8741869,EDCKUL21CRAA1300,L1,20,20,100.0
2026-09-08,2026-09-07,39282,8741869,EDCKUL21CRAA1300,L2,35,0,0.0
2026-09-08,2026-09-07,39282,8741869,EDCKUL21CRAA1300,L3,26,0,0.0
2026-09-08,2026-09-07,39282,8741870,EDCKUL21CRAA1400,L1,20,20,100.0
2026-09-08,2026-09-07,39282,8741870,EDCKUL21CRAA1400,L2,35,0,0.0
2026-09-08,2026-09-07,39282,8741870,EDCKUL21CRAA1400,L3,26,0,0.0
2026-09-08,2026-09-07,39282,8741871,EDCKUL21CRAA2100,L1,20,20,100.0
2026-09-08,2026-09-07,39282,8741871,EDCKUL21CRAA2100,L2,35,0,0.0
2026-09-08,2026-09-07,39282,8741871,EDCKUL21CRAA2100,L3,26,0,0.0
2026-09-08,2026-09-07,39282,8741872,EDCKUL21CRAA2200,L1,20,20,100.0
2026-09-08,2026-09-07,39282,8741872,EDCKUL21CRAA2200,L2,35,0,0.0
2026-09-08,2026-09-07,39282,8741872,EDCKUL21CRAA2200,L3,26,0,0.0
2026-09-08,2026-09-07,39282,8741873,EDCKUL21CRAA2300,L1,20,20,100.0
2026-09-08,2026-09-07,39282,8741873,EDCKUL21CRAA2300,L2,35,0,0.0
2026-09-08,2026-09-07,39282,8741873,EDCKUL21CRAA2300,L3,26,0,0.0
2026-09-08,2026-09-07,39282,8741874,EDCKUL21CRAA2400,L1,20,20,100.0
2026-09-08,2026-09-07,39282,8741874,EDCKUL21CRAA2400,L2,35,0,0.0
2026-09-08,2026-09-07,39282,8741874,EDCKUL21CRAA2400,L3,26,0,0.0
2026-09-08,2026-09-07,39282,8741875,EDCKUL21CRAA2500,L1,20,20,100.0
2026-09-08,2026-09-07,39282,8741875,EDCKUL21CRAA2500,L2,35,0,0.0
2026-09-08,2026-09-07,39282,8741875,EDCKUL21CRAA2500,L3,26,0,0.0
2026-09-08,2026-09-07,39282,8741876,EDCKUL21CRAA2600,L1,20,20,100.0
2026-09-08,2026-09-07,39282,8741876,EDCKUL21CRAA2600,L2,35,0,0.0
2026-09-08,2026-09-07,39282,8741876,EDCKUL21CRAA2600,L3,26,0,0.0
2026-09-08,2026-09-07,39282,8741877,EDCKUL21CRAA2700,L1,20,20,100.0
2026-09-08,2026-09-07,39282,8741877,EDCKUL21CRAA2700,L2,35,0,0.0
2026-09-08,2026-09-07,39282,8741877,EDCKUL21CRAA2700,L3,26,0,0.0
2026-09-08,2026-09-07,39282,8741878,EDCKUL21CTSA0100,L1,20,17,85.0
2026-09-08,2026-09-07,39282,8741878,EDCKUL21CTSA0100,L2,35,0,0.0
2026-09-08,2026-09-07,39282,8741878,EDCKUL21CTSA0100,L3,26,0,0.0
2026-09-08,2026-09-07,39282,8741879,EDCKUL21CTSA0200,L1,20,8,40.0
2026-09-08,2026-09-07,39282,8741879,EDCKUL21CTSA0200,L2,35,0,0.0
2026-09-08,2026-09-07,39282,8741879,EDCKUL21CTSA0200,L3,26,0,0.0
2026-09-08,2026-09-07,39282,8741881,EDCKUL21DPPAA110,L1,20,20,100.0
2026-09-08,2026-09-07,39282,8741881,EDCKUL21DPPAA110,L2,35,0,0.0
2026-09-08,2026-09-07,39282,8741881,EDCKUL21DPPAA110,L3,26,0,0.0
2026-09-08,2026-09-07,39282,8741882,EDCKUL21DPPAA210,L1,21,21,100.0
2026-09-08,2026-09-07,39282,8741882,EDCKUL21DPPAA210,L2,40,40,100.0
2026-09-08,2026-09-07,39282,8741882,EDCKUL21DPPAA210,L3,26,0,0.0
2026-09-08,2026-09-07,39282,8741883,EDCKUL21DPPAA310,L1,20,20,100.0
2026-09-08,2026-09-07,39282,8741883,EDCKUL21DPPAA310,L2,40,0,0.0
2026-09-08,2026-09-07,39282,8741883,EDCKUL21DPPAA310,L3,26,0,0.0
2026-09-08,2026-09-07,39282,8741884,EDCKUL21DPPAA410,L1,20,20,100.0
2026-09-08,2026-09-07,39282,8741884,EDCKUL21DPPAA410,L2,40,0,0.0
2026-09-08,2026-09-07,39282,8741884,EDCKUL21DPPAA410,L3,26,0,0.0
2026-09-08,2026-09-07,39282,8741886,EDCKUL21DPPAB210,L1,21,21,100.0
2026-09-08,2026-09-07,39282,8741886,EDCKUL21DPPAB210,L2,40,40,100.0
2026-09-08,2026-09-07,39282,8741886,EDCKUL21DPPAB210,L3,26,0,0.0
2026-09-08,2026-09-07,39282,8741887,EDCKUL21DPPAB310,L1,20,20,100.0
2026-09-08,2026-09-07,39282,8741887,EDCKUL21DPPAB310,L2,40,0,0.0
2026-09-08,2026-09-07,39282,8741887,EDCKUL21DPPAB310,L3,26,0,0.0
2026-09-08,2026-09-07,39282,8741888,EDCKUL21DPPAB410,L1,20,20,100.0
2026-09-08,2026-09-07,39282,8741888,EDCKUL21DPPAB410,L2,40,0,0.0
2026-09-08,2026-09-07,39282,8741888,EDCKUL21DPPAB410,L3,26,0,0.0
2026-09-08,2026-09-07,39282,8741889,EDCKUL21DPPAC110,L1,20,20,100.0
2026-09-08,2026-09-07,39282,8741889,EDCKUL21DPPAC110,L2,35,0,0.0
2026-09-08,2026-09-07,39282,8741889,EDCKUL21DPPAC110,L3,26,0,0.0
2026-09-08,2026-09-07,39282,8741890,EDCKUL21DPPAC210,L1,21,21,100.0
2026-09-08,2026-09-07,39282,8741890,EDCKUL21DPPAC210,L2,40,40,100.0
2026-09-08,2026-09-07,39282,8741890,EDCKUL21DPPAC210,L3,26,0,0.0
2026-09-08,2026-09-07,39282,8741891,EDCKUL21DPPAC310,L1,20,20,100.0
2026-09-08,2026-09-07,39282,8741891,EDCKUL21DPPAC310,L2,40,0,0.0
2026-09-08,2026-09-07,39282,8741891,EDCKUL21DPPAC310,L3,26,0,0.0
2026-09-08,2026-09-07,39282,8741892,EDCKUL21DPPAC410,L1,20,20,100.0
2026-09-08,2026-09-07,39282,8741892,EDCKUL21DPPAC410,L2,40,0,0.0
2026-09-08,2026-09-07,39282,8741892,EDCKUL21DPPAC410,L3,26,0,0.0
2026-09-08,2026-09-07,39282,8741893,EDCKUL21DPPAD110,L1,20,20,100.0
2026-09-08,2026-09-07,39282,8741893,EDCKUL21DPPAD110,L2,35,0,0.0
2026-09-08,2026-09-07,39282,8741893,EDCKUL21DPPAD110,L3,26,0,0.0
2026-09-08,2026-09-07,39282,8741894,EDCKUL21DPPAD210,L1,21,21,100.0
2026-09-08,2026-09-07,39282,8741894,EDCKUL21DPPAD210,L2,40,40,100.0
2026-09-08,2026-09-07,39282,8741894,EDCKUL21DPPAD210,L3,26,0,0.0
2026-09-08,2026-09-07,39282,8741895,EDCKUL21DPPAD310,L1,20,20,100.0
2026-09-08,2026-09-07,39282,8741895,EDCKUL21DPPAD310,L2,40,0,0.0
2026-09-08,2026-09-07,39282,8741895,EDCKUL21DPPAD310,L3,26,0,0.0
2026-09-08,2026-09-07,39282,8741896,EDCKUL21DPPAD410,L1,20,20,100.0
2026-09-08,2026-09-07,39282,8741896,EDCKUL21DPPAD410,L2,40,0,0.0
2026-09-08,2026-09-07,39282,8741896,EDCKUL21DPPAD410,L3,26,0,0.0
2026-09-08,2026-09-07,39282,8741898,EDCKUL21DPPAE210,L1,21,21,100.0
2026-09-08,2026-09-07,39282,8741898,EDCKUL21DPPAE210,L2,40,40,100.0
2026-09-08,2026-09-07,39282,8741898,EDCKUL21DPPAE210,L3,26,0,0.0
2026-09-08,2026-09-07,39282,8741899,EDCKUL21DPPAE310,L1,20,20,100.0
2026-09-08,2026-09-07,39282,8741899,EDCKUL21DPPAE310,L2,40,0,0.0
2026-09-08,2026-09-07,39282,8741899,EDCKUL21DPPAE310,L3,26,0,0.0
2026-09-08,2026-09-07,39282,8741900,EDCKUL21DPPAE410,L1,20,20,100.0
2026-09-08,2026-09-07,39282,8741900,EDCKUL21DPPAE410,L2,40,0,0.0
2026-09-08,2026-09-07,39282,8741900,EDCKUL21DPPAE410,L3,26,0,0.0
2026-09-08,2026-09-07,39282,8741901,EDCKUL21DPPAF110,L1,20,20,100.0
2026-09-08,2026-09-07,39282,8741901,EDCKUL21DPPAF110,L2,35,7,20.0
2026-09-08,2026-09-07,39282,8741901,EDCKUL21DPPAF110,L3,26,0,0.0
2026-09-08,2026-09-07,39282,8741902,EDCKUL21DPPAF210,L1,21,21,100.0
2026-09-08,2026-09-07,39282,8741902,EDCKUL21DPPAF210,L2,40,40,100.0
2026-09-08,2026-09-07,39282,8741902,EDCKUL21DPPAF210,L3,26,0,0.0
2026-09-08,2026-09-07,39282,8741903,EDCKUL21DPPAF310,L1,20,20,100.0
2026-09-08,2026-09-07,39282,8741903,EDCKUL21DPPAF310,L2,40,0,0.0
2026-09-08,2026-09-07,39282,8741903,EDCKUL21DPPAF310,L3,26,0,0.0
2026-09-08,2026-09-07,39282,8741904,EDCKUL21DPPAF410,L1,20,20,100.0
2026-09-08,2026-09-07,39282,8741904,EDCKUL21DPPAF410,L2,40,0,0.0
2026-09-08,2026-09-07,39282,8741904,EDCKUL21DPPAF410,L3,26,0,0.0
2026-09-08,2026-09-07,39282,8741905,EDCKUL21DPPAH110,L1,21,21,100.0
2026-09-08,2026-09-07,39282,8741905,EDCKUL21DPPAH110,L2,40,40,100.0
2026-09-08,2026-09-07,39282,8741905,EDCKUL21DPPAH110,L3,26,0,0.0
2026-09-08,2026-09-07,39282,8741906,EDCKUL21DPPAH120,L1,21,21,100.0
2026-09-08,2026-09-07,39282,8741906,EDCKUL21DPPAH120,L2,40,40,100.0
2026-09-08,2026-09-07,39282,8741906,EDCKUL21DPPAH120,L3,26,0,0.0
2026-09-08,2026-09-07,39282,8741907,EDCKUL21DPPAH130,L1,21,21,100.0
2026-09-08,2026-09-07,39282,8741907,EDCKUL21DPPAH130,L2,40,40,100.0
2026-09-08,2026-09-07,39282,8741907,EDCKUL21DPPAH130,L3,26,0,0.0
2026-09-08,2026-09-07,39282,8741908,EDCKUL21DPPAH220,L1,21,21,100.0
2026-09-08,2026-09-07,39282,8741908,EDCKUL21DPPAH220,L2,40,13,32.5
2026-09-08,2026-09-07,39282,8741908,EDCKUL21DPPAH220,L3,26,0,0.0
2026-09-08,2026-09-07,39282,8741909,EDCKUL21DPPAH230,L1,21,21,100.0
2026-09-08,2026-09-07,39282,8741909,EDCKUL21DPPAH230,L2,40,40,100.0
2026-09-08,2026-09-07,39282,8741909,EDCKUL21DPPAH230,L3,26,0,0.0
2026-09-08,2026-09-07,39282,8741910,EDCKUL21DPPAH320,L1,21,21,100.0
2026-09-08,2026-09-07,39282,8741910,EDCKUL21DPPAH320,L2,40,40,100.0
2026-09-08,2026-09-07,39282,8741910,EDCKUL21DPPAH320,L3,26,0,0.0
2026-09-08,2026-09-07,39282,8741911,EDCKUL21DPPAH330,L1,21,21,100.0
2026-09-08,2026-09-07,39282,8741911,EDCKUL21DPPAH330,L2,40,40,100.0
2026-09-08,2026-09-07,39282,8741911,EDCKUL21DPPAH330,L3,26,0,0.0
2026-09-08,2026-09-07,39282,8741912,EDCKUL21DPPAH420,L1,21,21,100.0
2026-09-08,2026-09-07,39282,8741912,EDCKUL21DPPAH420,L2,40,40,100.0
2026-09-08,2026-09-07,39282,8741912,EDCKUL21DPPAH420,L3,26,0,0.0
2026-09-08,2026-09-07,39282,8741913,EDCKUL21DPPAH430,L1,21,21,100.0
2026-09-08,2026-09-07,39282,8741913,EDCKUL21DPPAH430,L2,40,0,0.0
2026-09-08,2026-09-07,39282,8741913,EDCKUL21DPPAH430,L3,26,0,0.0
2026-09-08,2026-09-07,39282,8741914,EDCKUL21DPPAH520,L1,21,21,100.0
2026-09-08,2026-09-07,39282,8741914,EDCKUL21DPPAH520,L2,40,13,32.5
2026-09-08,2026-09-07,39282,8741914,EDCKUL21DPPAH520,L3,26,0,0.0
2026-09-08,2026-09-07,39282,8741915,EDCKUL21DPPAH530,L1,21,21,100.0
2026-09-08,2026-09-07,39282,8741915,EDCKUL21DPPAH530,L2,40,40,100.0
2026-09-08,2026-09-07,39282,8741915,EDCKUL21DPPAH530,L3,26,0,0.0
2026-09-08,2026-09-07,39282,8741916,EDCKUL21DPPAH620,L1,21,21,100.0
2026-09-08,2026-09-07,39282,8741916,EDCKUL21DPPAH620,L2,40,7,17.5
2026-09-08,2026-09-07,39282,8741916,EDCKUL21DPPAH620,L3,26,0,0.0
2026-09-08,2026-09-07,39282,8741917,EDCKUL21DPPAH630,L1,21,21,100.0
2026-09-08,2026-09-07,39282,8741917,EDCKUL21DPPAH630,L2,40,8,20.0
2026-09-08,2026-09-07,39282,8741917,EDCKUL21DPPAH630,L3,26,0,0.0
2026-09-08,2026-09-07,39282,8741918,EDCKUL21DPPAH720,L1,21,21,100.0
2026-09-08,2026-09-07,39282,8741918,EDCKUL21DPPAH720,L2,40,7,17.5
2026-09-08,2026-09-07,39282,8741918,EDCKUL21DPPAH720,L3,26,0,0.0
2026-09-08,2026-09-07,39282,8741919,EDCKUL21DPPAH730,L1,21,21,100.0
2026-09-08,2026-09-07,39282,8741919,EDCKUL21DPPAH730,L2,40,6,15.0
2026-09-08,2026-09-07,39282,8741919,EDCKUL21DPPAH730,L3,26,0,0.0
2026-09-08,2026-09-07,39282,8741920,EDCKUL21DPPAH830,L1,20,20,100.0
2026-09-08,2026-09-07,39282,8741920,EDCKUL21DPPAH830,L2,35,13,37.14
2026-09-08,2026-09-07,39282,8741920,EDCKUL21DPPAH830,L3,26,0,0.0
2026-09-08,2026-09-07,39282,8741921,EDCKUL21DPPAH930,L1,21,21,100.0
2026-09-08,2026-09-07,39282,8741921,EDCKUL21DPPAH930,L2,40,7,17.5
2026-09-08,2026-09-07,39282,8741921,EDCKUL21DPPAH930,L3,26,0,0.0
2026-09-08,2026-09-07,39282,8741932,EDCKUL21DPPAZ210,L1,21,21,100.0
2026-09-08,2026-09-07,39282,8741932,EDCKUL21DPPAZ210,L2,40,40,100.0
2026-09-08,2026-09-07,39282,8741932,EDCKUL21DPPAZ210,L3,26,0,0.0
2026-09-08,2026-09-07,39282,8741933,EDCKUL21DPPAZ310,L1,20,20,100.0
2026-09-08,2026-09-07,39282,8741933,EDCKUL21DPPAZ310,L2,40,0,0.0
2026-09-08,2026-09-07,39282,8741933,EDCKUL21DPPAZ310,L3,26,0,0.0
2026-09-08,2026-09-07,39282,8741934,EDCKUL21DPPAZ410,L1,20,20,100.0
2026-09-08,2026-09-07,39282,8741934,EDCKUL21DPPAZ410,L2,40,0,0.0
2026-09-08,2026-09-07,39282,8741934,EDCKUL21DPPAZ410,L3,26,0,0.0
2026-09-08,2026-09-07,39282,8741935,EDCKUL21DSGAA110,L1,21,21,100.0
2026-09-08,2026-09-07,39282,8741935,EDCKUL21DSGAA110,L2,74,74,100.0
2026-09-08,2026-09-07,39282,8741935,EDCKUL21DSGAA110,L3,26,1,3.85
2026-09-08,2026-09-07,39282,8741936,EDCKUL21DSGAB110,L1,21,21,100.0
2026-09-08,2026-09-07,39282,8741936,EDCKUL21DSGAB110,L2,74,74,100.0
2026-09-08,2026-09-07,39282,8741936,EDCKUL21DSGAB110,L3,26,0,0.0
2026-09-08,2026-09-07,39282,8741937,EDCKUL21DSGAC110,L1,21,21,100.0
2026-09-08,2026-09-07,39282,8741937,EDCKUL21DSGAC110,L2,74,74,100.0
2026-09-08,2026-09-07,39282,8741937,EDCKUL21DSGAC110,L3,26,5,19.23
2026-09-08,2026-09-07,39282,8741938,EDCKUL21DSGAD110,L1,21,21,100.0
2026-09-08,2026-09-07,39282,8741938,EDCKUL21DSGAD110,L2,74,74,100.0
2026-09-08,2026-09-07,39282,8741938,EDCKUL21DSGAD110,L3,26,0,0.0
2026-09-08,2026-09-07,39282,8741939,EDCKUL21DSGAE110,L1,21,21,100.0
2026-09-08,2026-09-07,39282,8741939,EDCKUL21DSGAE110,L2,74,74,100.0
2026-09-08,2026-09-07,39282,8741939,EDCKUL21DSGAE110,L3,26,0,0.0
2026-09-08,2026-09-07,39282,8741940,EDCKUL21DSGAF110,L1,21,21,100.0
2026-09-08,2026-09-07,39282,8741940,EDCKUL21DSGAF110,L2,74,74,100.0
2026-09-08,2026-09-07,39282,8741940,EDCKUL21DSGAF110,L3,26,0,0.0
2026-09-08,2026-09-07,39282,8741941,EDCKUL21DSGAH110,L1,21,21,100.0
2026-09-08,2026-09-07,39282,8741941,EDCKUL21DSGAH110,L2,74,74,100.0
2026-09-08,2026-09-07,39282,8741941,EDCKUL21DSGAH110,L3,26,0,0.0
2026-09-08,2026-09-07,39282,8741942,EDCKUL21DSGAZ110,L1,21,21,100.0
2026-09-08,2026-09-07,39282,8741942,EDCKUL21DSGAZ110,L2,74,74,100.0
2026-09-08,2026-09-07,39282,8741942,EDCKUL21DSGAZ110,L3,26,0,0.0
2026-09-08,2026-09-07,39282,8741943,EDCKUL21EPPAH210,L1,21,21,100.0
2026-09-08,2026-09-07,39282,8741943,EDCKUL21EPPAH210,L2,69,69,100.0
2026-09-08,2026-09-07,39282,8741943,EDCKUL21EPPAH210,L3,26,0,0.0
2026-09-08,2026-09-07,39282,8741944,EDCKUL21EPPAH310,L1,21,21,100.0
2026-09-08,2026-09-07,39282,8741944,EDCKUL21EPPAH310,L2,40,40,100.0
2026-09-08,2026-09-07,39282,8741944,EDCKUL21EPPAH310,L3,26,0,0.0
2026-09-08,2026-09-07,39282,8741945,EDCKUL21EPPAH410,L1,21,21,100.0
2026-09-08,2026-09-07,39282,8741945,EDCKUL21EPPAH410,L2,74,74,100.0
2026-09-08,2026-09-07,39282,8741945,EDCKUL21EPPAH410,L3,26,0,0.0
2026-09-08,2026-09-07,39282,8741946,EDCKUL21EPPAH510,L1,21,21,100.0
2026-09-08,2026-09-07,39282,8741946,EDCKUL21EPPAH510,L2,40,13,32.5
2026-09-08,2026-09-07,39282,8741946,EDCKUL21EPPAH510,L3,26,0,0.0
2026-09-08,2026-09-07,39282,8741947,EDCKUL21EPPAH610,L1,20,20,100.0
2026-09-08,2026-09-07,39282,8741947,EDCKUL21EPPAH610,L2,35,35,100.0
2026-09-08,2026-09-07,39282,8741947,EDCKUL21EPPAH610,L3,26,0,0.0
2026-09-08,2026-09-07,39282,8741952,EDCKUL21EXPA0100,L1,21,21,100.0
2026-09-08,2026-09-07,39282,8741952,EDCKUL21EXPA0100,L2,35,0,0.0
2026-09-08,2026-09-07,39282,8741952,EDCKUL21EXPA0100,L3,26,0,0.0
2026-09-08,2026-09-07,39282,8741953,EDCKUL21EXPA0200,L1,21,21,100.0
2026-09-08,2026-09-07,39282,8741953,EDCKUL21EXPA0200,L2,35,0,0.0
2026-09-08,2026-09-07,39282,8741953,EDCKUL21EXPA0200,L3,26,0,0.0
2026-09-08,2026-09-07,39282,8741974,EDCKUL21GDTAA100,L1,21,21,100.0
2026-09-08,2026-09-07,39282,8741974,EDCKUL21GDTAA100,L2,35,35,100.0
2026-09-08,2026-09-07,39282,8741974,EDCKUL21GDTAA100,L3,26,0,0.0
2026-09-08,2026-09-07,39282,8741975,EDCKUL21GDTAB100,L1,21,21,100.0
2026-09-08,2026-09-07,39282,8741975,EDCKUL21GDTAB100,L2,35,35,100.0
2026-09-08,2026-09-07,39282,8741975,EDCKUL21GDTAB100,L3,26,0,0.0
2026-09-08,2026-09-07,39282,8741976,EDCKUL21GDTAC100,L1,21,21,100.0
2026-09-08,2026-09-07,39282,8741976,EDCKUL21GDTAC100,L2,35,35,100.0
2026-09-08,2026-09-07,39282,8741976,EDCKUL21GDTAC100,L3,26,0,0.0
2026-09-08,2026-09-07,39282,8741977,EDCKUL21GDTAD100,L1,21,21,100.0
2026-09-08,2026-09-07,39282,8741977,EDCKUL21GDTAD100,L2,35,34,97.14
2026-09-08,2026-09-07,39282,8741977,EDCKUL21GDTAD100,L3,26,0,0.0
2026-09-08,2026-09-07,39282,8741978,EDCKUL21GDTAE100,L1,21,21,100.0
2026-09-08,2026-09-07,39282,8741978,EDCKUL21GDTAE100,L2,35,35,100.0
2026-09-08,2026-09-07,39282,8741978,EDCKUL21GDTAE100,L3,26,0,0.0
2026-09-08,2026-09-07,39282,8741979,EDCKUL21GDTAF100,L1,21,21,100.0
2026-09-08,2026-09-07,39282,8741979,EDCKUL21GDTAF100,L2,35,35,100.0
2026-09-08,2026-09-07,39282,8741979,EDCKUL21GDTAF100,L3,26,0,0.0
2026-09-08,2026-09-07,39282,8741980,EDCKUL21GDTAH100,L1,21,21,100.0
2026-09-08,2026-09-07,39282,8741980,EDCKUL21GDTAH100,L2,35,35,100.0
2026-09-08,2026-09-07,39282,8741980,EDCKUL21GDTAH100,L3,26,0,0.0
2026-09-08,2026-09-07,39282,8741981,EDCKUL21GDTAZ100,L1,21,21,100.0
2026-09-08,2026-09-07,39282,8741981,EDCKUL21GDTAZ100,L2,35,35,100.0
2026-09-08,2026-09-07,39282,8741981,EDCKUL21GDTAZ100,L3,26,0,0.0
2026-09-08,2026-09-07,39282,8741982,EDCKUL21GENAA100,L1,21,21,100.0
2026-09-08,2026-09-07,39282,8741982,EDCKUL21GENAA100,L2,40,40,100.0
2026-09-08,2026-09-07,39282,8741982,EDCKUL21GENAA100,L3,26,0,0.0
2026-09-08,2026-09-07,39282,8741983,EDCKUL21GENAB100,L1,21,21,100.0
2026-09-08,2026-09-07,39282,8741983,EDCKUL21GENAB100,L2,40,40,100.0
2026-09-08,2026-09-07,39282,8741983,EDCKUL21GENAB100,L3,26,0,0.0
2026-09-08,2026-09-07,39282,8741984,EDCKUL21GENAC100,L1,21,21,100.0
2026-09-08,2026-09-07,39282,8741984,EDCKUL21GENAC100,L2,40,40,100.0
2026-09-08,2026-09-07,39282,8741984,EDCKUL21GENAC100,L3,26,0,0.0
2026-09-08,2026-09-07,39282,8741985,EDCKUL21GENAD100,L1,21,21,100.0
2026-09-08,2026-09-07,39282,8741985,EDCKUL21GENAD100,L2,40,40,100.0
2026-09-08,2026-09-07,39282,8741985,EDCKUL21GENAD100,L3,26,0,0.0
2026-09-08,2026-09-07,39282,8741986,EDCKUL21GENAE100,L1,21,21,100.0
2026-09-08,2026-09-07,39282,8741986,EDCKUL21GENAE100,L2,40,40,100.0
2026-09-08,2026-09-07,39282,8741986,EDCKUL21GENAE100,L3,26,0,0.0
2026-09-08,2026-09-07,39282,8741987,EDCKUL21GENAF100,L1,21,21,100.0
2026-09-08,2026-09-07,39282,8741987,EDCKUL21GENAF100,L2,40,40,100.0
2026-09-08,2026-09-07,39282,8741987,EDCKUL21GENAF100,L3,26,0,0.0
2026-09-08,2026-09-07,39282,8741988,EDCKUL21GENAH100,L1,21,21,100.0
2026-09-08,2026-09-07,39282,8741988,EDCKUL21GENAH100,L2,40,40,100.0
2026-09-08,2026-09-07,39282,8741988,EDCKUL21GENAH100,L3,26,1,3.85
2026-09-08,2026-09-07,39282,8741989,EDCKUL21GENAZ100,L1,21,21,100.0
2026-09-08,2026-09-07,39282,8741989,EDCKUL21GENAZ100,L2,40,40,100.0
2026-09-08,2026-09-07,39282,8741989,EDCKUL21GENAZ100,L3,26,0,0.0
2026-09-08,2026-09-07,39282,8741990,EDCKUL21LBG00100,L1,21,21,100.0
2026-09-08,2026-09-07,39282,8741990,EDCKUL21LBG00100,L2,35,35,100.0
2026-09-08,2026-09-07,39282,8741990,EDCKUL21LBG00100,L3,26,10,38.46
2026-09-08,2026-09-07,39282,8741991,EDCKUL21GSBAA110,L1,21,21,100.0
2026-09-08,2026-09-07,39282,8741991,EDCKUL21GSBAA110,L2,40,40,100.0
2026-09-08,2026-09-07,39282,8741991,EDCKUL21GSBAA110,L3,26,0,0.0
2026-09-08,2026-09-07,39282,8741992,EDCKUL21GSBAB110,L1,21,21,100.0
2026-09-08,2026-09-07,39282,8741992,EDCKUL21GSBAB110,L2,40,40,100.0
2026-09-08,2026-09-07,39282,8741992,EDCKUL21GSBAB110,L3,26,0,0.0
2026-09-08,2026-09-07,39282,8741993,EDCKUL21GSBAC110,L1,21,21,100.0
2026-09-08,2026-09-07,39282,8741993,EDCKUL21GSBAC110,L2,40,40,100.0
2026-09-08,2026-09-07,39282,8741993,EDCKUL21GSBAC110,L3,26,0,0.0
2026-09-08,2026-09-07,39282,8741994,EDCKUL21GSBAD110,L1,21,21,100.0
2026-09-08,2026-09-07,39282,8741994,EDCKUL21GSBAD110,L2,40,40,100.0
2026-09-08,2026-09-07,39282,8741994,EDCKUL21GSBAD110,L3,26,0,0.0
2026-09-08,2026-09-07,39282,8741995,EDCKUL21GSBAE110,L1,21,21,100.0
2026-09-08,2026-09-07,39282,8741995,EDCKUL21GSBAE110,L2,40,40,100.0
2026-09-08,2026-09-07,39282,8741995,EDCKUL21GSBAE110,L3,26,0,0.0
2026-09-08,2026-09-07,39282,8741996,EDCKUL21GSBAF110,L1,21,21,100.0
2026-09-08,2026-09-07,39282,8741996,EDCKUL21GSBAF110,L2,40,40,100.0
2026-09-08,2026-09-07,39282,8741996,EDCKUL21GSBAF110,L3,26,0,0.0
2026-09-08,2026-09-07,39282,8741997,EDCKUL21GSBAZ110,L1,21,21,100.0
2026-09-08,2026-09-07,39282,8741997,EDCKUL21GSBAZ110,L2,40,40,100.0
2026-09-08,2026-09-07,39282,8741997,EDCKUL21GSBAZ110,L3,26,0,0.0
2026-09-08,2026-09-07,39282,8741998,EDCKUL21GSBAH110,L1,21,21,100.0
2026-09-08,2026-09-07,39282,8741998,EDCKUL21GSBAH110,L2,40,40,100.0
2026-09-08,2026-09-07,39282,8741998,EDCKUL21GSBAH110,L3,26,0,0.0
2026-09-08,2026-09-07,39282,8741999,EDCKUL21MBCAA110,L1,21,21,100.0
2026-09-08,2026-09-07,39282,8741999,EDCKUL21MBCAA110,L2,40,10,25.0
2026-09-08,2026-09-07,39282,8741999,EDCKUL21MBCAA110,L3,26,0,0.0
2026-09-08,2026-09-07,39282,8742000,EDCKUL21MBCAB110,L1,21,21,100.0
2026-09-08,2026-09-07,39282,8742000,EDCKUL21MBCAB110,L2,40,10,25.0
2026-09-08,2026-09-07,39282,8742000,EDCKUL21MBCAB110,L3,26,0,0.0
2026-09-08,2026-09-07,39282,8742001,EDCKUL21MBCAC110,L1,21,21,100.0
2026-09-08,2026-09-07,39282,8742001,EDCKUL21MBCAC110,L2,40,10,25.0
2026-09-08,2026-09-07,39282,8742001,EDCKUL21MBCAC110,L3,26,0,0.0
2026-09-08,2026-09-07,39282,8742002,EDCKUL21MBCAD110,L1,21,21,100.0
2026-09-08,2026-09-07,39282,8742002,EDCKUL21MBCAD110,L2,40,10,25.0
2026-09-08,2026-09-07,39282,8742002,EDCKUL21MBCAD110,L3,26,0,0.0
2026-09-08,2026-09-07,39282,8742003,EDCKUL21MBCAE110,L1,21,21,100.0
2026-09-08,2026-09-07,39282,8742003,EDCKUL21MBCAE110,L2,40,10,25.0
2026-09-08,2026-09-07,39282,8742003,EDCKUL21MBCAE110,L3,26,0,0.0
2026-09-08,2026-09-07,39282,8742004,EDCKUL21MBCAF110,L1,21,21,100.0
2026-09-08,2026-09-07,39282,8742004,EDCKUL21MBCAF110,L2,40,10,25.0
2026-09-08,2026-09-07,39282,8742004,EDCKUL21MBCAF110,L3,26,0,0.0
2026-09-08,2026-09-07,39282,8742005,EDCKUL21MBCAH110,L1,21,21,100.0
2026-09-08,2026-09-07,39282,8742005,EDCKUL21MBCAH110,L2,74,74,100.0
2026-09-08,2026-09-07,39282,8742005,EDCKUL21MBCAH110,L3,26,0,0.0
2026-09-08,2026-09-07,39282,8742006,EDCKUL21MBCAZ110,L1,21,21,100.0
2026-09-08,2026-09-07,39282,8742006,EDCKUL21MBCAZ110,L2,40,10,25.0
2026-09-08,2026-09-07,39282,8742006,EDCKUL21MBCAZ110,L3,26,0,0.0
2026-09-08,2026-09-07,39282,8742013,EDCKUL21MDPAH110,L1,21,21,100.0
2026-09-08,2026-09-07,39282,8742013,EDCKUL21MDPAH110,L2,74,74,100.0
2026-09-08,2026-09-07,39282,8742013,EDCKUL21MDPAH110,L3,26,0,0.0
2026-09-08,2026-09-07,39282,8742014,EDCKUL21MDPAH210,L1,21,21,100.0
2026-09-08,2026-09-07,39282,8742014,EDCKUL21MDPAH210,L2,40,7,17.5
2026-09-08,2026-09-07,39282,8742014,EDCKUL21MDPAH210,L3,26,0,0.0
2026-09-08,2026-09-07,39282,8742015,EDCKUL21MDPAH310,L1,21,20,95.24
2026-09-08,2026-09-07,39282,8742015,EDCKUL21MDPAH310,L2,74,74,100.0
2026-09-08,2026-09-07,39282,8742015,EDCKUL21MDPAH310,L3,26,7,26.92
2026-09-08,2026-09-07,39282,8742016,EDCKUL21MDPAH410,L1,21,21,100.0
2026-09-08,2026-09-07,39282,8742016,EDCKUL21MDPAH410,L2,40,40,100.0
2026-09-08,2026-09-07,39282,8742016,EDCKUL21MDPAH410,L3,26,0,0.0
2026-09-08,2026-09-07,39282,8742017,EDCKUL21MDPAH510,L1,21,21,100.0
2026-09-08,2026-09-07,39282,8742017,EDCKUL21MDPAH510,L2,74,74,100.0
2026-09-08,2026-09-07,39282,8742017,EDCKUL21MDPAH510,L3,26,0,0.0
2026-09-08,2026-09-07,39282,8742018,EDCKUL21MDPAH610,L1,21,21,100.0
2026-09-08,2026-09-07,39282,8742018,EDCKUL21MDPAH610,L2,74,74,100.0
2026-09-08,2026-09-07,39282,8742018,EDCKUL21MDPAH610,L3,26,0,0.0
2026-09-08,2026-09-07,39282,8742019,EDCKUL21MDPAH710,L1,21,21,100.0
2026-09-08,2026-09-07,39282,8742019,EDCKUL21MDPAH710,L2,40,40,100.0
2026-09-08,2026-09-07,39282,8742019,EDCKUL21MDPAH710,L3,26,0,0.0
2026-09-08,2026-09-07,39282,8742020,EDCKUL21MDPAH810,L1,21,21,100.0
2026-09-08,2026-09-07,39282,8742020,EDCKUL21MDPAH810,L2,40,7,17.5
2026-09-08,2026-09-07,39282,8742020,EDCKUL21MDPAH810,L3,26,0,0.0
2026-09-08,2026-09-07,39282,8742021,EDCKUL21MDPAH910,L1,21,21,100.0
2026-09-08,2026-09-07,39282,8742021,EDCKUL21MDPAH910,L2,74,74,100.0
2026-09-08,2026-09-07,39282,8742021,EDCKUL21MDPAH910,L3,26,0,0.0
2026-09-08,2026-09-07,39282,8742022,EDCKUL21MDPAHA10,L1,21,21,100.0
2026-09-08,2026-09-07,39282,8742022,EDCKUL21MDPAHA10,L2,74,74,100.0
2026-09-08,2026-09-07,39282,8742022,EDCKUL21MDPAHA10,L3,26,0,0.0
2026-09-08,2026-09-07,39282,8742023,EDCKUL21MDPAHB10,L1,21,21,100.0
2026-09-08,2026-09-07,39282,8742023,EDCKUL21MDPAHB10,L2,74,74,100.0
2026-09-08,2026-09-07,39282,8742023,EDCKUL21MDPAHB10,L3,26,0,0.0
2026-09-08,2026-09-07,39282,8742024,EDCKUL21MDPAHC10,L1,21,21,100.0
2026-09-08,2026-09-07,39282,8742024,EDCKUL21MDPAHC10,L2,40,0,0.0
2026-09-08,2026-09-07,39282,8742024,EDCKUL21MDPAHC10,L3,26,0,0.0
2026-09-08,2026-09-07,39282,8742025,EDCKUL21MDPAHD10,L1,20,20,100.0
2026-09-08,2026-09-07,39282,8742025,EDCKUL21MDPAHD10,L2,35,0,0.0
2026-09-08,2026-09-07,39282,8742025,EDCKUL21MDPAHD10,L3,26,0,0.0
2026-09-08,2026-09-07,39282,8742026,EDCKUL21MDPAHE10,L1,21,0,0.0
2026-09-08,2026-09-07,39282,8742026,EDCKUL21MDPAHE10,L2,40,0,0.0
2026-09-08,2026-09-07,39282,8742026,EDCKUL21MDPAHE10,L3,26,0,0.0
2026-09-08,2026-09-07,39282,8742027,EDCKUL21MSBAB110,L1,21,21,100.0
2026-09-08,2026-09-07,39282,8742027,EDCKUL21MSBAB110,L2,74,74,100.0
2026-09-08,2026-09-07,39282,8742027,EDCKUL21MSBAB110,L3,26,7,26.92
2026-09-08,2026-09-07,39282,8742028,EDCKUL21MSBAA110,L1,21,21,100.0
2026-09-08,2026-09-07,39282,8742028,EDCKUL21MSBAA110,L2,74,74,100.0
2026-09-08,2026-09-07,39282,8742028,EDCKUL21MSBAA110,L3,26,7,26.92
2026-09-08,2026-09-07,39282,8742029,EDCKUL21MSBAC110,L1,21,21,100.0
2026-09-08,2026-09-07,39282,8742029,EDCKUL21MSBAC110,L2,74,73,98.65
2026-09-08,2026-09-07,39282,8742029,EDCKUL21MSBAC110,L3,26,7,26.92
2026-09-08,2026-09-07,39282,8742030,EDCKUL21MSBAD110,L1,21,21,100.0
2026-09-08,2026-09-07,39282,8742030,EDCKUL21MSBAD110,L2,74,74,100.0
2026-09-08,2026-09-07,39282,8742030,EDCKUL21MSBAD110,L3,26,7,26.92
2026-09-08,2026-09-07,39282,8742031,EDCKUL21MSBAE110,L1,21,21,100.0
2026-09-08,2026-09-07,39282,8742031,EDCKUL21MSBAE110,L2,74,74,100.0
2026-09-08,2026-09-07,39282,8742031,EDCKUL21MSBAE110,L3,26,7,26.92
2026-09-08,2026-09-07,39282,8742032,EDCKUL21MSBAF110,L1,21,21,100.0
2026-09-08,2026-09-07,39282,8742032,EDCKUL21MSBAF110,L2,74,74,100.0
2026-09-08,2026-09-07,39282,8742032,EDCKUL21MSBAF110,L3,26,7,26.92
2026-09-08,2026-09-07,39282,8742033,EDCKUL21MSBAH110,L1,21,21,100.0
2026-09-08,2026-09-07,39282,8742033,EDCKUL21MSBAH110,L2,74,74,100.0
2026-09-08,2026-09-07,39282,8742033,EDCKUL21MSBAH110,L3,26,7,26.92
2026-09-08,2026-09-07,39282,8742034,EDCKUL21MSBAH210,L1,21,21,100.0
2026-09-08,2026-09-07,39282,8742034,EDCKUL21MSBAH210,L2,40,40,100.0
2026-09-08,2026-09-07,39282,8742034,EDCKUL21MSBAH210,L3,26,0,0.0
2026-09-08,2026-09-07,39282,8742035,EDCKUL21MSBAH310,L1,21,21,100.0
2026-09-08,2026-09-07,39282,8742035,EDCKUL21MSBAH310,L2,40,40,100.0
2026-09-08,2026-09-07,39282,8742035,EDCKUL21MSBAH310,L3,26,0,0.0
2026-09-08,2026-09-07,39282,8742036,EDCKUL21MSBAZ110,L1,21,21,100.0
2026-09-08,2026-09-07,39282,8742036,EDCKUL21MSBAZ110,L2,74,74,100.0
2026-09-08,2026-09-07,39282,8742036,EDCKUL21MSBAZ110,L3,26,7,26.92
2026-09-08,2026-09-07,39282,8742037,EDCKUL21OAF00100,L1,21,21,100.0
2026-09-08,2026-09-07,39282,8742037,EDCKUL21OAF00100,L2,35,9,25.71
2026-09-08,2026-09-07,39282,8742037,EDCKUL21OAF00100,L3,26,0,0.0
2026-09-08,2026-09-07,39282,8742038,EDCKUL21OAF00200,L1,21,21,100.0
2026-09-08,2026-09-07,39282,8742038,EDCKUL21OAF00200,L2,35,9,25.71
2026-09-08,2026-09-07,39282,8742038,EDCKUL21OAF00200,L3,26,0,0.0
2026-09-08,2026-09-07,39282,8742039,EDCKUL21OAF00300,L1,21,21,100.0
2026-09-08,2026-09-07,39282,8742039,EDCKUL21OAF00300,L2,35,9,25.71
2026-09-08,2026-09-07,39282,8742039,EDCKUL21OAF00300,L3,26,0,0.0
2026-09-08,2026-09-07,39282,8742040,EDCKUL21OAF00400,L1,21,21,100.0
2026-09-08,2026-09-07,39282,8742040,EDCKUL21OAF00400,L2,35,9,25.71
2026-09-08,2026-09-07,39282,8742040,EDCKUL21OAF00400,L3,26,0,0.0
2026-09-08,2026-09-07,39282,8742041,EDCKUL21OAF00500,L1,21,21,100.0
2026-09-08,2026-09-07,39282,8742041,EDCKUL21OAF00500,L2,35,9,25.71
2026-09-08,2026-09-07,39282,8742041,EDCKUL21OAF00500,L3,26,0,0.0
2026-09-08,2026-09-07,39282,8742042,EDCKUL21OAF00600,L1,21,21,100.0
2026-09-08,2026-09-07,39282,8742042,EDCKUL21OAF00600,L2,35,9,25.71
2026-09-08,2026-09-07,39282,8742042,EDCKUL21OAF00600,L3,26,0,0.0
2026-09-08,2026-09-07,39282,8742043,EDCKUL21OAF00700,L1,21,21,100.0
2026-09-08,2026-09-07,39282,8742043,EDCKUL21OAF00700,L2,35,9,25.71
2026-09-08,2026-09-07,39282,8742043,EDCKUL21OAF00700,L3,26,0,0.0
2026-09-08,2026-09-07,39282,8742044,EDCKUL21OAF00800,L1,21,21,100.0
2026-09-08,2026-09-07,39282,8742044,EDCKUL21OAF00800,L2,35,9,25.71
2026-09-08,2026-09-07,39282,8742044,EDCKUL21OAF00800,L3,26,0,0.0
2026-09-08,2026-09-07,39282,8742045,EDCKUL21OAF00900,L1,21,21,100.0
2026-09-08,2026-09-07,39282,8742045,EDCKUL21OAF00900,L2,35,9,25.71
2026-09-08,2026-09-07,39282,8742045,EDCKUL21OAF00900,L3,26,0,0.0
2026-09-08,2026-09-07,39282,8742046,EDCKUL21OAF01000,L1,21,21,100.0
2026-09-08,2026-09-07,39282,8742046,EDCKUL21OAF01000,L2,35,9,25.71
2026-09-08,2026-09-07,39282,8742046,EDCKUL21OAF01000,L3,26,0,0.0
2026-09-08,2026-09-07,39282,8742047,EDCKUL21OAF01100,L1,21,21,100.0
2026-09-08,2026-09-07,39282,8742047,EDCKUL21OAF01100,L2,35,9,25.71
2026-09-08,2026-09-07,39282,8742047,EDCKUL21OAF01100,L3,26,0,0.0
2026-09-08,2026-09-07,39282,8742048,EDCKUL21OAF01200,L1,21,21,100.0
2026-09-08,2026-09-07,39282,8742048,EDCKUL21OAF01200,L2,35,9,25.71
2026-09-08,2026-09-07,39282,8742048,EDCKUL21OAF01200,L3,26,0,0.0
2026-09-08,2026-09-07,39282,8742051,EDCKUL21OAF03300,L1,21,21,100.0
2026-09-08,2026-09-07,39282,8742051,EDCKUL21OAF03300,L2,35,0,0.0
2026-09-08,2026-09-07,39282,8742051,EDCKUL21OAF03300,L3,26,0,0.0
2026-09-08,2026-09-07,39282,8742052,EDCKUL21OAF03400,L1,21,21,100.0
2026-09-08,2026-09-07,39282,8742052,EDCKUL21OAF03400,L2,35,0,0.0
2026-09-08,2026-09-07,39282,8742052,EDCKUL21OAF03400,L3,26,0,0.0
2026-09-08,2026-09-07,39282,8742053,EDCKUL21OAF03500,L1,21,21,100.0
2026-09-08,2026-09-07,39282,8742053,EDCKUL21OAF03500,L2,35,0,0.0
2026-09-08,2026-09-07,39282,8742053,EDCKUL21OAF03500,L3,26,0,0.0
2026-09-08,2026-09-07,39282,8742054,EDCKUL21OAF03600,L1,21,21,100.0
2026-09-08,2026-09-07,39282,8742054,EDCKUL21OAF03600,L2,35,0,0.0
2026-09-08,2026-09-07,39282,8742054,EDCKUL21OAF03600,L3,26,0,0.0
2026-09-08,2026-09-07,39282,8742055,EDCKUL21OAF03700,L1,21,21,100.0
2026-09-08,2026-09-07,39282,8742055,EDCKUL21OAF03700,L2,35,0,0.0
2026-09-08,2026-09-07,39282,8742055,EDCKUL21OAF03700,L3,26,0,0.0
2026-09-08,2026-09-07,39282,8742056,EDCKUL21OAF03800,L1,21,21,100.0
2026-09-08,2026-09-07,39282,8742056,EDCKUL21OAF03800,L2,35,0,0.0
2026-09-08,2026-09-07,39282,8742056,EDCKUL21OAF03800,L3,26,0,0.0
2026-09-08,2026-09-07,39282,8742057,EDCKUL21OAF03900,L1,21,21,100.0
2026-09-08,2026-09-07,39282,8742057,EDCKUL21OAF03900,L2,35,0,0.0
2026-09-08,2026-09-07,39282,8742057,EDCKUL21OAF03900,L3,26,0,0.0
2026-09-08,2026-09-07,39282,8742058,EDCKUL21OAF04000,L1,21,21,100.0
2026-09-08,2026-09-07,39282,8742058,EDCKUL21OAF04000,L2,35,0,0.0
2026-09-08,2026-09-07,39282,8742058,EDCKUL21OAF04000,L3,26,0,0.0
2026-09-08,2026-09-07,39282,8742059,EDCKUL21OAF04100,L1,21,21,100.0
2026-09-08,2026-09-07,39282,8742059,EDCKUL21OAF04100,L2,35,0,0.0
2026-09-08,2026-09-07,39282,8742059,EDCKUL21OAF04100,L3,26,0,0.0
2026-09-08,2026-09-07,39282,8742060,EDCKUL21OAF04200,L1,21,21,100.0
2026-09-08,2026-09-07,39282,8742060,EDCKUL21OAF04200,L2,35,0,0.0
2026-09-08,2026-09-07,39282,8742060,EDCKUL21OAF04200,L3,26,0,0.0
2026-09-08,2026-09-07,39282,8742061,EDCKUL21OAF04300,L1,21,21,100.0
2026-09-08,2026-09-07,39282,8742061,EDCKUL21OAF04300,L2,35,0,0.0
2026-09-08,2026-09-07,39282,8742061,EDCKUL21OAF04300,L3,26,0,0.0
2026-09-08,2026-09-07,39282,8742062,EDCKUL21OAF04400,L1,21,21,100.0
2026-09-08,2026-09-07,39282,8742062,EDCKUL21OAF04400,L2,35,0,0.0
2026-09-08,2026-09-07,39282,8742062,EDCKUL21OAF04400,L3,26,0,0.0
2026-09-08,2026-09-07,39282,8742063,EDCKUL21OAF04500,L1,21,21,100.0
2026-09-08,2026-09-07,39282,8742063,EDCKUL21OAF04500,L2,35,0,0.0
2026-09-08,2026-09-07,39282,8742063,EDCKUL21OAF04500,L3,26,0,0.0
2026-09-08,2026-09-07,39282,8742064,EDCKUL21OAF04600,L1,21,21,100.0
2026-09-08,2026-09-07,39282,8742064,EDCKUL21OAF04600,L2,35,0,0.0
2026-09-08,2026-09-07,39282,8742064,EDCKUL21OAF04600,L3,26,0,0.0
2026-09-08,2026-09-07,39282,8742065,EDCKUL21OAF04700,L1,21,21,100.0
2026-09-08,2026-09-07,39282,8742065,EDCKUL21OAF04700,L2,35,0,0.0
2026-09-08,2026-09-07,39282,8742065,EDCKUL21OAF04700,L3,26,0,0.0
2026-09-08,2026-09-07,39282,8742066,EDCKUL21OAF04800,L1,21,21,100.0
2026-09-08,2026-09-07,39282,8742066,EDCKUL21OAF04800,L2,35,0,0.0
2026-09-08,2026-09-07,39282,8742066,EDCKUL21OAF04800,L3,26,0,0.0
2026-09-08,2026-09-07,39282,8742068,EDCKUL21PAC00100,L1,21,21,100.0
2026-09-08,2026-09-07,39282,8742068,EDCKUL21PAC00100,L2,35,0,0.0
2026-09-08,2026-09-07,39282,8742068,EDCKUL21PAC00100,L3,26,0,0.0
2026-09-08,2026-09-07,39282,8742069,EDCKUL21PAC00200,L1,21,21,100.0
2026-09-08,2026-09-07,39282,8742069,EDCKUL21PAC00200,L2,35,0,0.0
2026-09-08,2026-09-07,39282,8742069,EDCKUL21PAC00200,L3,26,0,0.0
2026-09-08,2026-09-07,39282,8742070,EDCKUL21PAC00300,L1,21,21,100.0
2026-09-08,2026-09-07,39282,8742070,EDCKUL21PAC00300,L2,35,0,0.0
2026-09-08,2026-09-07,39282,8742070,EDCKUL21PAC00300,L3,26,0,0.0
2026-09-08,2026-09-07,39282,8742071,EDCKUL21PAC00400,L1,21,21,100.0
2026-09-08,2026-09-07,39282,8742071,EDCKUL21PAC00400,L2,35,0,0.0
2026-09-08,2026-09-07,39282,8742071,EDCKUL21PAC00400,L3,26,0,0.0
2026-09-08,2026-09-07,39282,8742072,EDCKUL21PAS00100,L1,21,21,100.0
2026-09-08,2026-09-07,39282,8742072,EDCKUL21PAS00100,L2,35,0,0.0
2026-09-08,2026-09-07,39282,8742072,EDCKUL21PAS00100,L3,26,0,0.0
2026-09-08,2026-09-07,39282,8742073,EDCKUL21PAS00200,L1,21,21,100.0
2026-09-08,2026-09-07,39282,8742073,EDCKUL21PAS00200,L2,35,0,0.0
2026-09-08,2026-09-07,39282,8742073,EDCKUL21PAS00200,L3,26,0,0.0
2026-09-08,2026-09-07,39282,8742074,EDCKUL21PAS00300,L1,21,21,100.0
2026-09-08,2026-09-07,39282,8742074,EDCKUL21PAS00300,L2,35,0,0.0
2026-09-08,2026-09-07,39282,8742074,EDCKUL21PAS00300,L3,26,0,0.0
2026-09-08,2026-09-07,39282,8742075,EDCKUL21PAS00400,L1,21,21,100.0
2026-09-08,2026-09-07,39282,8742075,EDCKUL21PAS00400,L2,35,0,0.0
2026-09-08,2026-09-07,39282,8742075,EDCKUL21PAS00400,L3,26,0,0.0
2026-09-08,2026-09-07,39282,8742076,EDCKUL21PAS00500,L1,21,21,100.0
2026-09-08,2026-09-07,39282,8742076,EDCKUL21PAS00500,L2,35,0,0.0
2026-09-08,2026-09-07,39282,8742076,EDCKUL21PAS00500,L3,26,0,0.0
2026-09-08,2026-09-07,39282,8742077,EDCKUL21PAS00600,L1,21,21,100.0
2026-09-08,2026-09-07,39282,8742077,EDCKUL21PAS00600,L2,35,0,0.0
2026-09-08,2026-09-07,39282,8742077,EDCKUL21PAS00600,L3,26,0,0.0
2026-09-08,2026-09-07,39282,8742078,EDCKUL21PAS00700,L1,21,21,100.0
2026-09-08,2026-09-07,39282,8742078,EDCKUL21PAS00700,L2,35,0,0.0
2026-09-08,2026-09-07,39282,8742078,EDCKUL21PAS00700,L3,26,0,0.0
2026-09-08,2026-09-07,39282,8742079,EDCKUL21PAS00800,L1,21,21,100.0
2026-09-08,2026-09-07,39282,8742079,EDCKUL21PAS00800,L2,35,0,0.0
2026-09-08,2026-09-07,39282,8742079,EDCKUL21PAS00800,L3,26,0,0.0
2026-09-08,2026-09-07,39282,8742304,EDCKUL21STSAA110,L1,20,20,100.0
2026-09-08,2026-09-07,39282,8742304,EDCKUL21STSAA110,L2,35,0,0.0
2026-09-08,2026-09-07,39282,8742304,EDCKUL21STSAA110,L3,26,0,0.0
2026-09-08,2026-09-07,39282,8742305,EDCKUL21STSAA210,L1,20,20,100.0
2026-09-08,2026-09-07,39282,8742305,EDCKUL21STSAA210,L2,35,0,0.0
2026-09-08,2026-09-07,39282,8742305,EDCKUL21STSAA210,L3,26,0,0.0
2026-09-08,2026-09-07,39282,8742306,EDCKUL21STSAB110,L1,20,20,100.0
2026-09-08,2026-09-07,39282,8742306,EDCKUL21STSAB110,L2,35,0,0.0
2026-09-08,2026-09-07,39282,8742306,EDCKUL21STSAB110,L3,26,0,0.0
2026-09-08,2026-09-07,39282,8742307,EDCKUL21STSAB210,L1,20,20,100.0
2026-09-08,2026-09-07,39282,8742307,EDCKUL21STSAB210,L2,35,0,0.0
2026-09-08,2026-09-07,39282,8742307,EDCKUL21STSAB210,L3,26,0,0.0
2026-09-08,2026-09-07,39282,8742308,EDCKUL21STSAC110,L1,20,20,100.0
2026-09-08,2026-09-07,39282,8742308,EDCKUL21STSAC110,L2,35,0,0.0
2026-09-08,2026-09-07,39282,8742308,EDCKUL21STSAC110,L3,26,0,0.0
2026-09-08,2026-09-07,39282,8742309,EDCKUL21STSAC210,L1,20,20,100.0
2026-09-08,2026-09-07,39282,8742309,EDCKUL21STSAC210,L2,35,0,0.0
2026-09-08,2026-09-07,39282,8742309,EDCKUL21STSAC210,L3,26,0,0.0
2026-09-08,2026-09-07,39282,8742310,EDCKUL21STSAD110,L1,20,20,100.0
2026-09-08,2026-09-07,39282,8742310,EDCKUL21STSAD110,L2,35,0,0.0
2026-09-08,2026-09-07,39282,8742310,EDCKUL21STSAD110,L3,26,0,0.0
2026-09-08,2026-09-07,39282,8742311,EDCKUL21STSAD210,L1,20,20,100.0
2026-09-08,2026-09-07,39282,8742311,EDCKUL21STSAD210,L2,35,0,0.0
2026-09-08,2026-09-07,39282,8742311,EDCKUL21STSAD210,L3,26,0,0.0
2026-09-08,2026-09-07,39282,8742312,EDCKUL21STSAE110,L1,20,20,100.0
2026-09-08,2026-09-07,39282,8742312,EDCKUL21STSAE110,L2,35,0,0.0
2026-09-08,2026-09-07,39282,8742312,EDCKUL21STSAE110,L3,26,0,0.0
2026-09-08,2026-09-07,39282,8742313,EDCKUL21STSAE210,L1,20,20,100.0
2026-09-08,2026-09-07,39282,8742313,EDCKUL21STSAE210,L2,35,0,0.0
2026-09-08,2026-09-07,39282,8742313,EDCKUL21STSAE210,L3,26,0,0.0
2026-09-08,2026-09-07,39282,8742314,EDCKUL21STSAF110,L1,20,20,100.0
2026-09-08,2026-09-07,39282,8742314,EDCKUL21STSAF110,L2,35,7,20.0
2026-09-08,2026-09-07,39282,8742314,EDCKUL21STSAF110,L3,26,0,0.0
2026-09-08,2026-09-07,39282,8742315,EDCKUL21STSAF210,L1,20,20,100.0
2026-09-08,2026-09-07,39282,8742315,EDCKUL21STSAF210,L2,35,0,0.0
2026-09-08,2026-09-07,39282,8742315,EDCKUL21STSAF210,L3,26,0,0.0
2026-09-08,2026-09-07,39282,8742328,EDCKUL21TRNAA100,L1,21,21,100.0
2026-09-08,2026-09-07,39282,8742328,EDCKUL21TRNAA100,L2,40,40,100.0
2026-09-08,2026-09-07,39282,8742328,EDCKUL21TRNAA100,L3,26,0,0.0
2026-09-08,2026-09-07,39282,8742329,EDCKUL21TRNAB100,L1,21,21,100.0
2026-09-08,2026-09-07,39282,8742329,EDCKUL21TRNAB100,L2,40,40,100.0
2026-09-08,2026-09-07,39282,8742329,EDCKUL21TRNAB100,L3,26,0,0.0
2026-09-08,2026-09-07,39282,8742330,EDCKUL21TRNAC100,L1,21,21,100.0
2026-09-08,2026-09-07,39282,8742330,EDCKUL21TRNAC100,L2,40,40,100.0
2026-09-08,2026-09-07,39282,8742330,EDCKUL21TRNAC100,L3,26,0,0.0
2026-09-08,2026-09-07,39282,8742331,EDCKUL21TRNAD100,L1,21,21,100.0
2026-09-08,2026-09-07,39282,8742331,EDCKUL21TRNAD100,L2,40,40,100.0
2026-09-08,2026-09-07,39282,8742331,EDCKUL21TRNAD100,L3,26,0,0.0
2026-09-08,2026-09-07,39282,8742332,EDCKUL21TRNAE100,L1,21,21,100.0
2026-09-08,2026-09-07,39282,8742332,EDCKUL21TRNAE100,L2,40,40,100.0
2026-09-08,2026-09-07,39282,8742332,EDCKUL21TRNAE100,L3,26,0,0.0
2026-09-08,2026-09-07,39282,8742333,EDCKUL21TRNAF100,L1,21,21,100.0
2026-09-08,2026-09-07,39282,8742333,EDCKUL21TRNAF100,L2,40,40,100.0
2026-09-08,2026-09-07,39282,8742333,EDCKUL21TRNAF100,L3,26,0,0.0
2026-09-08,2026-09-07,39282,8742334,EDCKUL21TRNAH100,L1,21,21,100.0
2026-09-08,2026-09-07,39282,8742334,EDCKUL21TRNAH100,L2,40,40,100.0
2026-09-08,2026-09-07,39282,8742334,EDCKUL21TRNAH100,L3,26,0,0.0
2026-09-08,2026-09-07,39282,8742335,EDCKUL21TRNAZ100,L1,21,21,100.0
2026-09-08,2026-09-07,39282,8742335,EDCKUL21TRNAZ100,L2,40,40,100.0
2026-09-08,2026-09-07,39282,8742335,EDCKUL21TRNAZ100,L3,26,0,0.0
2026-09-08,2026-09-07,39282,8742360,EDCKUL21UPBAB110,L1,20,20,100.0
2026-09-08,2026-09-07,39282,8742360,EDCKUL21UPBAB110,L2,35,0,0.0
2026-09-08,2026-09-07,39282,8742360,EDCKUL21UPBAB110,L3,26,0,0.0
2026-09-08,2026-09-07,39282,8742361,EDCKUL21UPBAB210,L1,20,20,100.0
2026-09-08,2026-09-07,39282,8742361,EDCKUL21UPBAB210,L2,35,0,0.0
2026-09-08,2026-09-07,39282,8742361,EDCKUL21UPBAB210,L3,26,0,0.0
2026-09-08,2026-09-07,39282,8742362,EDCKUL21UPBAA110,L1,20,20,100.0
2026-09-08,2026-09-07,39282,8742362,EDCKUL21UPBAA110,L2,35,0,0.0
2026-09-08,2026-09-07,39282,8742362,EDCKUL21UPBAA110,L3,26,0,0.0
2026-09-08,2026-09-07,39282,8742363,EDCKUL21UPBAA210,L1,20,20,100.0
2026-09-08,2026-09-07,39282,8742363,EDCKUL21UPBAA210,L2,35,0,0.0
2026-09-08,2026-09-07,39282,8742363,EDCKUL21UPBAA210,L3,26,0,0.0
2026-09-08,2026-09-07,39282,8742364,EDCKUL21UPBAC110,L1,20,20,100.0
2026-09-08,2026-09-07,39282,8742364,EDCKUL21UPBAC110,L2,35,0,0.0
2026-09-08,2026-09-07,39282,8742364,EDCKUL21UPBAC110,L3,26,0,0.0
2026-09-08,2026-09-07,39282,8742365,EDCKUL21UPBAC210,L1,20,20,100.0
2026-09-08,2026-09-07,39282,8742365,EDCKUL21UPBAC210,L2,35,0,0.0
2026-09-08,2026-09-07,39282,8742365,EDCKUL21UPBAC210,L3,26,0,0.0
2026-09-08,2026-09-07,39282,8742366,EDCKUL21UPBAD110,L1,20,20,100.0
2026-09-08,2026-09-07,39282,8742366,EDCKUL21UPBAD110,L2,35,0,0.0
2026-09-08,2026-09-07,39282,8742366,EDCKUL21UPBAD110,L3,26,0,0.0
2026-09-08,2026-09-07,39282,8742367,EDCKUL21UPBAD210,L1,20,20,100.0
2026-09-08,2026-09-07,39282,8742367,EDCKUL21UPBAD210,L2,35,0,0.0
2026-09-08,2026-09-07,39282,8742367,EDCKUL21UPBAD210,L3,26,0,0.0
2026-09-08,2026-09-07,39282,8742368,EDCKUL21UPBAE110,L1,20,20,100.0
2026-09-08,2026-09-07,39282,8742368,EDCKUL21UPBAE110,L2,35,0,0.0
2026-09-08,2026-09-07,39282,8742368,EDCKUL21UPBAE110,L3,26,0,0.0
2026-09-08,2026-09-07,39282,8742369,EDCKUL21UPBAE210,L1,20,20,100.0
2026-09-08,2026-09-07,39282,8742369,EDCKUL21UPBAE210,L2,35,0,0.0
2026-09-08,2026-09-07,39282,8742369,EDCKUL21UPBAE210,L3,26,0,0.0
2026-09-08,2026-09-07,39282,8742370,EDCKUL21UPBAF110,L1,20,20,100.0
2026-09-08,2026-09-07,39282,8742370,EDCKUL21UPBAF110,L2,35,0,0.0
2026-09-08,2026-09-07,39282,8742370,EDCKUL21UPBAF110,L3,26,0,0.0
2026-09-08,2026-09-07,39282,8742371,EDCKUL21UPBAF210,L1,20,20,100.0
2026-09-08,2026-09-07,39282,8742371,EDCKUL21UPBAF210,L2,35,0,0.0
2026-09-08,2026-09-07,39282,8742371,EDCKUL21UPBAF210,L3,26,0,0.0
2026-09-08,2026-09-07,39282,8742372,EDCKUL21UPBAH110,L1,20,20,100.0
2026-09-08,2026-09-07,39282,8742372,EDCKUL21UPBAH110,L2,35,0,0.0
2026-09-08,2026-09-07,39282,8742372,EDCKUL21UPBAH110,L3,26,0,0.0
2026-09-08,2026-09-07,39282,8742373,EDCKUL21UPBAZ110,L1,20,20,100.0
2026-09-08,2026-09-07,39282,8742373,EDCKUL21UPBAZ110,L2,35,0,0.0
2026-09-08,2026-09-07,39282,8742373,EDCKUL21UPBAZ110,L3,26,0,0.0
2026-09-08,2026-09-07,39282,8742374,EDCKUL21UPBAZ210,L1,20,20,100.0
2026-09-08,2026-09-07,39282,8742374,EDCKUL21UPBAZ210,L2,35,0,0.0
2026-09-08,2026-09-07,39282,8742374,EDCKUL21UPBAZ210,L3,26,0,0.0
2026-09-08,2026-09-07,39282,8742375,EDCKUL21UPSAA110,L1,20,20,100.0
2026-09-08,2026-09-07,39282,8742375,EDCKUL21UPSAA110,L2,35,0,0.0
2026-09-08,2026-09-07,39282,8742375,EDCKUL21UPSAA110,L3,26,0,0.0
2026-09-08,2026-09-07,39282,8742376,EDCKUL21UPSAA210,L1,20,20,100.0
2026-09-08,2026-09-07,39282,8742376,EDCKUL21UPSAA210,L2,35,0,0.0
2026-09-08,2026-09-07,39282,8742376,EDCKUL21UPSAA210,L3,26,0,0.0
2026-09-08,2026-09-07,39282,8742377,EDCKUL21UPSAB110,L1,20,20,100.0
2026-09-08,2026-09-07,39282,8742377,EDCKUL21UPSAB110,L2,35,1,2.86
2026-09-08,2026-09-07,39282,8742377,EDCKUL21UPSAB110,L3,26,0,0.0
2026-09-08,2026-09-07,39282,8742378,EDCKUL21UPSAB210,L1,20,20,100.0
2026-09-08,2026-09-07,39282,8742378,EDCKUL21UPSAB210,L2,35,0,0.0
2026-09-08,2026-09-07,39282,8742378,EDCKUL21UPSAB210,L3,26,0,0.0
2026-09-08,2026-09-07,39282,8742379,EDCKUL21UPSAC110,L1,20,20,100.0
2026-09-08,2026-09-07,39282,8742379,EDCKUL21UPSAC110,L2,35,0,0.0
2026-09-08,2026-09-07,39282,8742379,EDCKUL21UPSAC110,L3,26,0,0.0
2026-09-08,2026-09-07,39282,8742380,EDCKUL21UPSAC210,L1,20,20,100.0
2026-09-08,2026-09-07,39282,8742380,EDCKUL21UPSAC210,L2,35,0,0.0
2026-09-08,2026-09-07,39282,8742380,EDCKUL21UPSAC210,L3,26,0,0.0
2026-09-08,2026-09-07,39282,8742381,EDCKUL21UPSAD110,L1,20,20,100.0
2026-09-08,2026-09-07,39282,8742381,EDCKUL21UPSAD110,L2,35,0,0.0
2026-09-08,2026-09-07,39282,8742381,EDCKUL21UPSAD110,L3,26,0,0.0
2026-09-08,2026-09-07,39282,8742382,EDCKUL21UPSAD210,L1,20,20,100.0
2026-09-08,2026-09-07,39282,8742382,EDCKUL21UPSAD210,L2,35,0,0.0
2026-09-08,2026-09-07,39282,8742382,EDCKUL21UPSAD210,L3,26,0,0.0
2026-09-08,2026-09-07,39282,8742383,EDCKUL21UPSAE110,L1,20,20,100.0
2026-09-08,2026-09-07,39282,8742383,EDCKUL21UPSAE110,L2,35,0,0.0
2026-09-08,2026-09-07,39282,8742383,EDCKUL21UPSAE110,L3,26,0,0.0
2026-09-08,2026-09-07,39282,8742384,EDCKUL21UPSAE210,L1,20,20,100.0
2026-09-08,2026-09-07,39282,8742384,EDCKUL21UPSAE210,L2,35,0,0.0
2026-09-08,2026-09-07,39282,8742384,EDCKUL21UPSAE210,L3,26,0,0.0
2026-09-08,2026-09-07,39282,8742385,EDCKUL21UPSAF110,L1,20,20,100.0
2026-09-08,2026-09-07,39282,8742385,EDCKUL21UPSAF110,L2,35,0,0.0
2026-09-08,2026-09-07,39282,8742385,EDCKUL21UPSAF110,L3,26,0,0.0
2026-09-08,2026-09-07,39282,8742386,EDCKUL21UPSAF210,L1,20,20,100.0
2026-09-08,2026-09-07,39282,8742386,EDCKUL21UPSAF210,L2,35,0,0.0
2026-09-08,2026-09-07,39282,8742386,EDCKUL21UPSAF210,L3,26,0,0.0
2026-09-08,2026-09-07,39282,8742387,EDCKUL21UPSAH110,L1,20,20,100.0
2026-09-08,2026-09-07,39282,8742387,EDCKUL21UPSAH110,L2,35,0,0.0
2026-09-08,2026-09-07,39282,8742387,EDCKUL21UPSAH110,L3,26,0,0.0
2026-09-08,2026-09-07,39282,8742388,EDCKUL21UPSAZ110,L1,20,20,100.0
2026-09-08,2026-09-07,39282,8742388,EDCKUL21UPSAZ110,L2,35,0,0.0
2026-09-08,2026-09-07,39282,8742388,EDCKUL21UPSAZ110,L3,26,0,0.0
2026-09-08,2026-09-07,39282,8742389,EDCKUL21UPSAZ210,L1,20,20,100.0
2026-09-08,2026-09-07,39282,8742389,EDCKUL21UPSAZ210,L2,35,0,0.0
2026-09-08,2026-09-07,39282,8742389,EDCKUL21UPSAZ210,L3,26,0,0.0
2026-09-08,2026-09-07,39282,8742444,EDCKUL21VRF01200,L1,21,21,100.0
2026-09-08,2026-09-07,39282,8742444,EDCKUL21VRF01200,L2,35,35,100.0
2026-09-08,2026-09-07,39282,8742444,EDCKUL21VRF01200,L3,26,0,0.0
2026-09-08,2026-09-07,39282,8742445,EDCKUL21ACS01210,L1,21,21,100.0
2026-09-08,2026-09-07,39282,8742445,EDCKUL21ACS01210,L2,35,35,100.0
2026-09-08,2026-09-07,39282,8742445,EDCKUL21ACS01210,L3,26,0,0.0
2026-09-08,2026-09-07,39282,8742446,EDCKUL21ACS01220,L1,21,21,100.0
2026-09-08,2026-09-07,39282,8742446,EDCKUL21ACS01220,L2,35,35,100.0
2026-09-08,2026-09-07,39282,8742446,EDCKUL21ACS01220,L3,26,0,0.0
2026-09-08,2026-09-07,39282,8742447,EDCKUL21ACS01230,L1,21,21,100.0
2026-09-08,2026-09-07,39282,8742447,EDCKUL21ACS01230,L2,35,35,100.0
2026-09-08,2026-09-07,39282,8742447,EDCKUL21ACS01230,L3,26,0,0.0
2026-09-08,2026-09-07,39282,8742448,EDCKUL21ACS01240,L1,21,21,100.0
2026-09-08,2026-09-07,39282,8742448,EDCKUL21ACS01240,L2,35,35,100.0
2026-09-08,2026-09-07,39282,8742448,EDCKUL21ACS01240,L3,26,0,0.0
2026-09-08,2026-09-07,39282,8742449,EDCKUL21ACS01250,L1,21,21,100.0
2026-09-08,2026-09-07,39282,8742449,EDCKUL21ACS01250,L2,35,35,100.0
2026-09-08,2026-09-07,39282,8742449,EDCKUL21ACS01250,L3,26,0,0.0
2026-09-08,2026-09-07,39282,8742450,EDCKUL21ACS01260,L1,21,21,100.0
2026-09-08,2026-09-07,39282,8742450,EDCKUL21ACS01260,L2,35,35,100.0
2026-09-08,2026-09-07,39282,8742450,EDCKUL21ACS01260,L3,26,0,0.0
2026-09-08,2026-09-07,39282,8742451,EDCKUL21ACS01270,L1,21,21,100.0
2026-09-08,2026-09-07,39282,8742451,EDCKUL21ACS01270,L2,35,35,100.0
2026-09-08,2026-09-07,39282,8742451,EDCKUL21ACS01270,L3,26,0,0.0
2026-09-08,2026-09-07,39282,8742452,EDCKUL21VRF01300,L1,21,21,100.0
2026-09-08,2026-09-07,39282,8742452,EDCKUL21VRF01300,L2,35,35,100.0
2026-09-08,2026-09-07,39282,8742452,EDCKUL21VRF01300,L3,26,0,0.0
2026-09-08,2026-09-07,39282,8742453,EDCKUL21ACS01310,L1,21,21,100.0
2026-09-08,2026-09-07,39282,8742453,EDCKUL21ACS01310,L2,35,35,100.0
2026-09-08,2026-09-07,39282,8742453,EDCKUL21ACS01310,L3,26,0,0.0
2026-09-08,2026-09-07,39282,8742454,EDCKUL21ACS01320,L1,21,21,100.0
2026-09-08,2026-09-07,39282,8742454,EDCKUL21ACS01320,L2,35,35,100.0
2026-09-08,2026-09-07,39282,8742454,EDCKUL21ACS01320,L3,26,0,0.0
2026-09-08,2026-09-07,39282,8742455,EDCKUL21ACS01330,L1,21,21,100.0
2026-09-08,2026-09-07,39282,8742455,EDCKUL21ACS01330,L2,35,35,100.0
2026-09-08,2026-09-07,39282,8742455,EDCKUL21ACS01330,L3,26,0,0.0
2026-09-08,2026-09-07,39282,8742456,EDCKUL21ACS01340,L1,21,21,100.0
2026-09-08,2026-09-07,39282,8742456,EDCKUL21ACS01340,L2,35,35,100.0
2026-09-08,2026-09-07,39282,8742456,EDCKUL21ACS01340,L3,26,0,0.0
2026-09-08,2026-09-07,39282,8742457,EDCKUL21ACS01350,L1,21,21,100.0
2026-09-08,2026-09-07,39282,8742457,EDCKUL21ACS01350,L2,35,35,100.0
2026-09-08,2026-09-07,39282,8742457,EDCKUL21ACS01350,L3,26,0,0.0
2026-09-08,2026-09-07,39282,8742458,EDCKUL21ACS01360,L1,21,21,100.0
2026-09-08,2026-09-07,39282,8742458,EDCKUL21ACS01360,L2,35,35,100.0
2026-09-08,2026-09-07,39282,8742458,EDCKUL21ACS01360,L3,26,0,0.0
2026-09-08,2026-09-07,39282,8742459,EDCKUL21VRF01400,L1,21,21,100.0
2026-09-08,2026-09-07,39282,8742459,EDCKUL21VRF01400,L2,35,0,0.0
2026-09-08,2026-09-07,39282,8742459,EDCKUL21VRF01400,L3,26,0,0.0
2026-09-08,2026-09-07,39282,8742460,EDCKUL21ACS01410,L1,20,0,0.0
2026-09-08,2026-09-07,39282,8742460,EDCKUL21ACS01410,L2,35,0,0.0
2026-09-08,2026-09-07,39282,8742460,EDCKUL21ACS01410,L3,26,0,0.0
2026-09-08,2026-09-07,39282,8742461,EDCKUL21ACS01420,L1,20,0,0.0
2026-09-08,2026-09-07,39282,8742461,EDCKUL21ACS01420,L2,35,0,0.0
2026-09-08,2026-09-07,39282,8742461,EDCKUL21ACS01420,L3,26,0,0.0
2026-09-08,2026-09-07,39282,8742462,EDCKUL21ACS01430,L1,20,0,0.0
2026-09-08,2026-09-07,39282,8742462,EDCKUL21ACS01430,L2,35,0,0.0
2026-09-08,2026-09-07,39282,8742462,EDCKUL21ACS01430,L3,26,0,0.0
2026-09-08,2026-09-07,39282,8742463,EDCKUL21ACS01440,L1,20,0,0.0
2026-09-08,2026-09-07,39282,8742463,EDCKUL21ACS01440,L2,35,0,0.0
2026-09-08,2026-09-07,39282,8742463,EDCKUL21ACS01440,L3,26,0,0.0
2026-09-08,2026-09-07,39282,8742464,EDCKUL21ACS01450,L1,20,0,0.0
2026-09-08,2026-09-07,39282,8742464,EDCKUL21ACS01450,L2,35,0,0.0
2026-09-08,2026-09-07,39282,8742464,EDCKUL21ACS01450,L3,26,0,0.0
2026-09-08,2026-09-07,39282,8742466,EDCKUL21VRF01500,L1,21,21,100.0
2026-09-08,2026-09-07,39282,8742466,EDCKUL21VRF01500,L2,35,0,0.0
2026-09-08,2026-09-07,39282,8742466,EDCKUL21VRF01500,L3,26,0,0.0
2026-09-08,2026-09-07,39282,8742467,EDCKUL21ACS01510,L1,20,0,0.0
2026-09-08,2026-09-07,39282,8742467,EDCKUL21ACS01510,L2,35,0,0.0
2026-09-08,2026-09-07,39282,8742467,EDCKUL21ACS01510,L3,26,0,0.0
2026-09-08,2026-09-07,39282,8742468,EDCKUL21ACS01520,L1,20,0,0.0
2026-09-08,2026-09-07,39282,8742468,EDCKUL21ACS01520,L2,35,0,0.0
2026-09-08,2026-09-07,39282,8742468,EDCKUL21ACS01520,L3,26,0,0.0
2026-09-08,2026-09-07,39282,8742469,EDCKUL21ACS01530,L1,20,20,100.0
2026-09-08,2026-09-07,39282,8742469,EDCKUL21ACS01530,L2,35,0,0.0
2026-09-08,2026-09-07,39282,8742469,EDCKUL21ACS01530,L3,26,0,0.0
2026-09-08,2026-09-07,39282,8742470,EDCKUL21ACS01540,L1,20,20,100.0
2026-09-08,2026-09-07,39282,8742470,EDCKUL21ACS01540,L2,35,0,0.0
2026-09-08,2026-09-07,39282,8742470,EDCKUL21ACS01540,L3,26,0,0.0
2026-09-08,2026-09-07,39282,8742471,EDCKUL21ACS01550,L1,20,20,100.0
2026-09-08,2026-09-07,39282,8742471,EDCKUL21ACS01550,L2,35,0,0.0
2026-09-08,2026-09-07,39282,8742471,EDCKUL21ACS01550,L3,26,0,0.0
2026-09-08,2026-09-07,39282,8742472,EDCKUL21ACS01560,L1,20,20,100.0
2026-09-08,2026-09-07,39282,8742472,EDCKUL21ACS01560,L2,35,0,0.0
2026-09-08,2026-09-07,39282,8742472,EDCKUL21ACS01560,L3,26,0,0.0
2026-09-08,2026-09-07,39282,8742473,EDCKUL21ACS01570,L1,20,9,45.0
2026-09-08,2026-09-07,39282,8742473,EDCKUL21ACS01570,L2,35,0,0.0
2026-09-08,2026-09-07,39282,8742473,EDCKUL21ACS01570,L3,26,0,0.0
2026-09-08,2026-09-07,39282,8742474,EDCKUL21ACS01580,L1,20,20,100.0
2026-09-08,2026-09-07,39282,8742474,EDCKUL21ACS01580,L2,35,0,0.0
2026-09-08,2026-09-07,39282,8742474,EDCKUL21ACS01580,L3,26,0,0.0
2026-09-08,2026-09-07,39282,8742475,EDCKUL21ACS01590,L1,20,20,100.0
2026-09-08,2026-09-07,39282,8742475,EDCKUL21ACS01590,L2,35,0,0.0
2026-09-08,2026-09-07,39282,8742475,EDCKUL21ACS01590,L3,26,0,0.0
2026-09-08,2026-09-07,39282,8742476,EDCKUL21ACS015A0,L1,20,20,100.0
2026-09-08,2026-09-07,39282,8742476,EDCKUL21ACS015A0,L2,35,0,0.0
2026-09-08,2026-09-07,39282,8742476,EDCKUL21ACS015A0,L3,26,0,0.0
2026-09-08,2026-09-07,39282,8742477,EDCKUL21VRF01600,L1,21,21,100.0
2026-09-08,2026-09-07,39282,8742477,EDCKUL21VRF01600,L2,35,0,0.0
2026-09-08,2026-09-07,39282,8742477,EDCKUL21VRF01600,L3,26,0,0.0
2026-09-08,2026-09-07,39282,8742478,EDCKUL21ACS01610,L1,20,20,100.0
2026-09-08,2026-09-07,39282,8742478,EDCKUL21ACS01610,L2,35,0,0.0
2026-09-08,2026-09-07,39282,8742478,EDCKUL21ACS01610,L3,26,0,0.0
2026-09-08,2026-09-07,39282,8742479,EDCKUL21ACS01620,L1,20,20,100.0
2026-09-08,2026-09-07,39282,8742479,EDCKUL21ACS01620,L2,35,0,0.0
2026-09-08,2026-09-07,39282,8742479,EDCKUL21ACS01620,L3,26,0,0.0
2026-09-08,2026-09-07,39282,8742480,EDCKUL21ACS01630,L1,20,20,100.0
2026-09-08,2026-09-07,39282,8742480,EDCKUL21ACS01630,L2,35,0,0.0
2026-09-08,2026-09-07,39282,8742480,EDCKUL21ACS01630,L3,26,0,0.0
2026-09-08,2026-09-07,39282,8742481,EDCKUL21ACS01640,L1,20,20,100.0
2026-09-08,2026-09-07,39282,8742481,EDCKUL21ACS01640,L2,35,0,0.0
2026-09-08,2026-09-07,39282,8742481,EDCKUL21ACS01640,L3,26,0,0.0
2026-09-08,2026-09-07,39282,8742482,EDCKUL21ACS01650,L1,20,20,100.0
2026-09-08,2026-09-07,39282,8742482,EDCKUL21ACS01650,L2,35,0,0.0
2026-09-08,2026-09-07,39282,8742482,EDCKUL21ACS01650,L3,26,0,0.0
2026-09-08,2026-09-07,39282,8742483,EDCKUL21ACS01660,L1,20,20,100.0
2026-09-08,2026-09-07,39282,8742483,EDCKUL21ACS01660,L2,35,0,0.0
2026-09-08,2026-09-07,39282,8742483,EDCKUL21ACS01660,L3,26,0,0.0
2026-09-08,2026-09-07,39282,8742484,EDCKUL21ACS01670,L1,20,20,100.0
2026-09-08,2026-09-07,39282,8742484,EDCKUL21ACS01670,L2,35,0,0.0
2026-09-08,2026-09-07,39282,8742484,EDCKUL21ACS01670,L3,26,0,0.0
2026-09-08,2026-09-07,39282,8742485,EDCKUL21VRF01700,L1,21,21,100.0
2026-09-08,2026-09-07,39282,8742485,EDCKUL21VRF01700,L2,35,35,100.0
2026-09-08,2026-09-07,39282,8742485,EDCKUL21VRF01700,L3,26,0,0.0
2026-09-08,2026-09-07,39282,8742486,EDCKUL21ACS01710,L1,21,21,100.0
2026-09-08,2026-09-07,39282,8742486,EDCKUL21ACS01710,L2,35,35,100.0
2026-09-08,2026-09-07,39282,8742486,EDCKUL21ACS01710,L3,26,0,0.0
2026-09-08,2026-09-07,39282,8742487,EDCKUL21ACS01720,L1,21,21,100.0
2026-09-08,2026-09-07,39282,8742487,EDCKUL21ACS01720,L2,35,35,100.0
2026-09-08,2026-09-07,39282,8742487,EDCKUL21ACS01720,L3,26,0,0.0
2026-09-08,2026-09-07,39282,8742488,EDCKUL21ACS01730,L1,21,21,100.0
2026-09-08,2026-09-07,39282,8742488,EDCKUL21ACS01730,L2,35,35,100.0
2026-09-08,2026-09-07,39282,8742488,EDCKUL21ACS01730,L3,26,0,0.0
2026-09-08,2026-09-07,39282,8742489,EDCKUL21ACS01740,L1,21,21,100.0
2026-09-08,2026-09-07,39282,8742489,EDCKUL21ACS01740,L2,35,35,100.0
2026-09-08,2026-09-07,39282,8742489,EDCKUL21ACS01740,L3,26,0,0.0
2026-09-08,2026-09-07,39282,8742490,EDCKUL21ACS01750,L1,21,21,100.0
2026-09-08,2026-09-07,39282,8742490,EDCKUL21ACS01750,L2,35,35,100.0
2026-09-08,2026-09-07,39282,8742490,EDCKUL21ACS01750,L3,26,0,0.0
2026-09-08,2026-09-07,39282,8742491,EDCKUL21ACS01760,L1,21,21,100.0
2026-09-08,2026-09-07,39282,8742491,EDCKUL21ACS01760,L2,35,35,100.0
2026-09-08,2026-09-07,39282,8742491,EDCKUL21ACS01760,L3,26,0,0.0
2026-09-08,2026-09-07,39282,8742492,EDCKUL21ACS01770,L1,21,21,100.0
2026-09-08,2026-09-07,39282,8742492,EDCKUL21ACS01770,L2,35,35,100.0
2026-09-08,2026-09-07,39282,8742492,EDCKUL21ACS01770,L3,26,0,0.0
2026-09-08,2026-09-07,39282,8742493,EDCKUL21ACS01780,L1,21,21,100.0
2026-09-08,2026-09-07,39282,8742493,EDCKUL21ACS01780,L2,35,35,100.0
2026-09-08,2026-09-07,39282,8742493,EDCKUL21ACS01780,L3,26,0,0.0
2026-09-08,2026-09-07,39282,8742494,EDCKUL21ACS01790,L1,21,21,100.0
2026-09-08,2026-09-07,39282,8742494,EDCKUL21ACS01790,L2,35,35,100.0
2026-09-08,2026-09-07,39282,8742494,EDCKUL21ACS01790,L3,26,0,0.0
2026-09-08,2026-09-07,39282,8742495,EDCKUL21VRF01800,L1,21,21,100.0
2026-09-08,2026-09-07,39282,8742495,EDCKUL21VRF01800,L2,35,35,100.0
2026-09-08,2026-09-07,39282,8742495,EDCKUL21VRF01800,L3,26,0,0.0
2026-09-08,2026-09-07,39282,8742496,EDCKUL21ACS01810,L1,21,21,100.0
2026-09-08,2026-09-07,39282,8742496,EDCKUL21ACS01810,L2,35,35,100.0
2026-09-08,2026-09-07,39282,8742496,EDCKUL21ACS01810,L3,26,0,0.0
2026-09-08,2026-09-07,39282,8742497,EDCKUL21ACS01820,L1,21,21,100.0
2026-09-08,2026-09-07,39282,8742497,EDCKUL21ACS01820,L2,35,35,100.0
2026-09-08,2026-09-07,39282,8742497,EDCKUL21ACS01820,L3,26,0,0.0
2026-09-08,2026-09-07,39282,8742498,EDCKUL21ACS01830,L1,21,21,100.0
2026-09-08,2026-09-07,39282,8742498,EDCKUL21ACS01830,L2,35,35,100.0
2026-09-08,2026-09-07,39282,8742498,EDCKUL21ACS01830,L3,26,0,0.0
2026-09-08,2026-09-07,39282,8742499,EDCKUL21ACS01840,L1,21,21,100.0
2026-09-08,2026-09-07,39282,8742499,EDCKUL21ACS01840,L2,35,35,100.0
2026-09-08,2026-09-07,39282,8742499,EDCKUL21ACS01840,L3,26,0,0.0
2026-09-08,2026-09-07,39282,8742500,EDCKUL21ACS01850,L1,21,21,100.0
2026-09-08,2026-09-07,39282,8742500,EDCKUL21ACS01850,L2,35,35,100.0
2026-09-08,2026-09-07,39282,8742500,EDCKUL21ACS01850,L3,26,0,0.0
2026-09-08,2026-09-07,39282,8742501,EDCKUL21ACS01860,L1,21,21,100.0
2026-09-08,2026-09-07,39282,8742501,EDCKUL21ACS01860,L2,35,35,100.0
2026-09-08,2026-09-07,39282,8742501,EDCKUL21ACS01860,L3,26,0,0.0
2026-09-08,2026-09-07,39282,8742502,EDCKUL21ACS01870,L1,21,21,100.0
2026-09-08,2026-09-07,39282,8742502,EDCKUL21ACS01870,L2,35,35,100.0
2026-09-08,2026-09-07,39282,8742502,EDCKUL21ACS01870,L3,26,0,0.0
2026-09-08,2026-09-07,39282,8742503,EDCKUL21VRF01900,L1,21,21,100.0
2026-09-08,2026-09-07,39282,8742503,EDCKUL21VRF01900,L2,35,0,0.0
2026-09-08,2026-09-07,39282,8742503,EDCKUL21VRF01900,L3,26,0,0.0
2026-09-08,2026-09-07,39282,8742504,EDCKUL21ACS01910,L1,20,0,0.0
2026-09-08,2026-09-07,39282,8742504,EDCKUL21ACS01910,L2,35,0,0.0
2026-09-08,2026-09-07,39282,8742504,EDCKUL21ACS01910,L3,26,0,0.0
2026-09-08,2026-09-07,39282,8742505,EDCKUL21ACS01920,L1,20,0,0.0
2026-09-08,2026-09-07,39282,8742505,EDCKUL21ACS01920,L2,35,0,0.0
2026-09-08,2026-09-07,39282,8742505,EDCKUL21ACS01920,L3,26,0,0.0
2026-09-08,2026-09-07,39282,8742506,EDCKUL21ACS01930,L1,20,0,0.0
2026-09-08,2026-09-07,39282,8742506,EDCKUL21ACS01930,L2,35,0,0.0
2026-09-08,2026-09-07,39282,8742506,EDCKUL21ACS01930,L3,26,0,0.0
2026-09-08,2026-09-07,39282,8742507,EDCKUL21ACS01940,L1,20,0,0.0
2026-09-08,2026-09-07,39282,8742507,EDCKUL21ACS01940,L2,35,0,0.0
2026-09-08,2026-09-07,39282,8742507,EDCKUL21ACS01940,L3,26,0,0.0
2026-09-08,2026-09-07,39282,8742508,EDCKUL21ACS02210,L1,20,20,100.0
2026-09-08,2026-09-07,39282,8742508,EDCKUL21ACS02210,L2,35,9,25.71
2026-09-08,2026-09-07,39282,8742508,EDCKUL21ACS02210,L3,26,0,0.0
2026-09-08,2026-09-07,39282,8742509,EDCKUL21ACS02220,L1,20,20,100.0
2026-09-08,2026-09-07,39282,8742509,EDCKUL21ACS02220,L2,35,9,25.71
2026-09-08,2026-09-07,39282,8742509,EDCKUL21ACS02220,L3,26,0,0.0
2026-09-08,2026-09-07,39282,8742510,EDCKUL21ACS02230,L1,20,20,100.0
2026-09-08,2026-09-07,39282,8742510,EDCKUL21ACS02230,L2,35,9,25.71
2026-09-08,2026-09-07,39282,8742510,EDCKUL21ACS02230,L3,26,0,0.0
2026-09-08,2026-09-07,39282,8742511,EDCKUL21ACS02240,L1,20,20,100.0
2026-09-08,2026-09-07,39282,8742511,EDCKUL21ACS02240,L2,35,9,25.71
2026-09-08,2026-09-07,39282,8742511,EDCKUL21ACS02240,L3,26,0,0.0
2026-09-08,2026-09-07,39282,8742513,EDCKUL21VRF02000,L1,21,21,100.0
2026-09-08,2026-09-07,39282,8742513,EDCKUL21VRF02000,L2,35,0,0.0
2026-09-08,2026-09-07,39282,8742513,EDCKUL21VRF02000,L3,26,0,0.0
2026-09-08,2026-09-07,39282,8742514,EDCKUL21ACS02010,L1,20,0,0.0
2026-09-08,2026-09-07,39282,8742514,EDCKUL21ACS02010,L2,35,0,0.0
2026-09-08,2026-09-07,39282,8742514,EDCKUL21ACS02010,L3,26,0,0.0
2026-09-08,2026-09-07,39282,8742515,EDCKUL21ACS02020,L1,20,0,0.0
2026-09-08,2026-09-07,39282,8742515,EDCKUL21ACS02020,L2,35,0,0.0
2026-09-08,2026-09-07,39282,8742515,EDCKUL21ACS02020,L3,26,0,0.0
2026-09-08,2026-09-07,39282,8742516,EDCKUL21ACS02030,L1,20,0,0.0
2026-09-08,2026-09-07,39282,8742516,EDCKUL21ACS02030,L2,35,0,0.0
2026-09-08,2026-09-07,39282,8742516,EDCKUL21ACS02030,L3,26,0,0.0
2026-09-08,2026-09-07,39282,8742517,EDCKUL21ACS02040,L1,20,0,0.0
2026-09-08,2026-09-07,39282,8742517,EDCKUL21ACS02040,L2,35,0,0.0
2026-09-08,2026-09-07,39282,8742517,EDCKUL21ACS02040,L3,26,0,0.0
2026-09-08,2026-09-07,39282,8742518,EDCKUL21ACS02050,L1,20,0,0.0
2026-09-08,2026-09-07,39282,8742518,EDCKUL21ACS02050,L2,35,0,0.0
2026-09-08,2026-09-07,39282,8742518,EDCKUL21ACS02050,L3,26,0,0.0
2026-09-08,2026-09-07,39282,8742519,EDCKUL21ACS02060,L1,20,0,0.0
2026-09-08,2026-09-07,39282,8742519,EDCKUL21ACS02060,L2,35,0,0.0
2026-09-08,2026-09-07,39282,8742519,EDCKUL21ACS02060,L3,26,0,0.0
2026-09-08,2026-09-07,39282,8742520,EDCKUL21ACS02070,L1,20,0,0.0
2026-09-08,2026-09-07,39282,8742520,EDCKUL21ACS02070,L2,35,0,0.0
2026-09-08,2026-09-07,39282,8742520,EDCKUL21ACS02070,L3,26,0,0.0
2026-09-08,2026-09-07,39282,8742521,EDCKUL21ACS02080,L1,20,0,0.0
2026-09-08,2026-09-07,39282,8742521,EDCKUL21ACS02080,L2,35,0,0.0
2026-09-08,2026-09-07,39282,8742521,EDCKUL21ACS02080,L3,26,0,0.0
2026-09-08,2026-09-07,39282,8742522,EDCKUL21VRF02100,L1,21,21,100.0
2026-09-08,2026-09-07,39282,8742522,EDCKUL21VRF02100,L2,35,0,0.0
2026-09-08,2026-09-07,39282,8742522,EDCKUL21VRF02100,L3,26,0,0.0
2026-09-08,2026-09-07,39282,8742523,EDCKUL21ACS02110,L1,20,0,0.0
2026-09-08,2026-09-07,39282,8742523,EDCKUL21ACS02110,L2,35,0,0.0
2026-09-08,2026-09-07,39282,8742523,EDCKUL21ACS02110,L3,26,0,0.0
2026-09-08,2026-09-07,39282,8742524,EDCKUL21ACS02120,L1,20,0,0.0
2026-09-08,2026-09-07,39282,8742524,EDCKUL21ACS02120,L2,35,0,0.0
2026-09-08,2026-09-07,39282,8742524,EDCKUL21ACS02120,L3,26,0,0.0
2026-09-08,2026-09-07,39282,8742525,EDCKUL21ACS02130,L1,20,0,0.0
2026-09-08,2026-09-07,39282,8742525,EDCKUL21ACS02130,L2,35,0,0.0
2026-09-08,2026-09-07,39282,8742525,EDCKUL21ACS02130,L3,26,0,0.0
2026-09-08,2026-09-07,39282,8742526,EDCKUL21ACS02140,L1,20,0,0.0
2026-09-08,2026-09-07,39282,8742526,EDCKUL21ACS02140,L2,35,0,0.0
2026-09-08,2026-09-07,39282,8742526,EDCKUL21ACS02140,L3,26,0,0.0
2026-09-08,2026-09-07,39282,8742527,EDCKUL21ACS02150,L1,20,0,0.0
2026-09-08,2026-09-07,39282,8742527,EDCKUL21ACS02150,L2,35,0,0.0
2026-09-08,2026-09-07,39282,8742527,EDCKUL21ACS02150,L3,26,0,0.0
2026-09-08,2026-09-07,39282,8742534,EDCKUL21BMPAA100,L1,21,21,100.0
2026-09-08,2026-09-07,39282,8742534,EDCKUL21BMPAA100,L2,74,74,100.0
2026-09-08,2026-09-07,39282,8742534,EDCKUL21BMPAA100,L3,26,7,26.92
2026-09-08,2026-09-07,39282,8742535,EDCKUL21BMPAB100,L1,21,21,100.0
2026-09-08,2026-09-07,39282,8742535,EDCKUL21BMPAB100,L2,74,74,100.0
2026-09-08,2026-09-07,39282,8742535,EDCKUL21BMPAB100,L3,26,7,26.92
2026-09-08,2026-09-07,39282,8742536,EDCKUL21BMPAC100,L1,21,21,100.0
2026-09-08,2026-09-07,39282,8742536,EDCKUL21BMPAC100,L2,74,74,100.0
2026-09-08,2026-09-07,39282,8742536,EDCKUL21BMPAC100,L3,26,7,26.92
2026-09-08,2026-09-07,39282,8742537,EDCKUL21BMPAD100,L1,21,21,100.0
2026-09-08,2026-09-07,39282,8742537,EDCKUL21BMPAD100,L2,74,74,100.0
2026-09-08,2026-09-07,39282,8742537,EDCKUL21BMPAD100,L3,26,7,26.92
2026-09-08,2026-09-07,39282,8742538,EDCKUL21BMPAE100,L1,21,21,100.0
2026-09-08,2026-09-07,39282,8742538,EDCKUL21BMPAE100,L2,74,74,100.0
2026-09-08,2026-09-07,39282,8742538,EDCKUL21BMPAE100,L3,26,7,26.92
2026-09-08,2026-09-07,39282,8742539,EDCKUL21BMPAF100,L1,21,21,100.0
2026-09-08,2026-09-07,39282,8742539,EDCKUL21BMPAF100,L2,74,74,100.0
2026-09-08,2026-09-07,39282,8742539,EDCKUL21BMPAF100,L3,26,7,26.92
2026-09-08,2026-09-07,39282,8742540,EDCKUL21BMPAZ100,L1,21,21,100.0
2026-09-08,2026-09-07,39282,8742540,EDCKUL21BMPAZ100,L2,74,74,100.0
2026-09-08,2026-09-07,39282,8742540,EDCKUL21BMPAZ100,L3,26,7,26.92
2026-09-08,2026-09-07,39282,8742541,EDCKUL21BMPAH100,L1,21,21,100.0
2026-09-08,2026-09-07,39282,8742541,EDCKUL21BMPAH100,L2,74,73,98.65
2026-09-08,2026-09-07,39282,8742541,EDCKUL21BMPAH100,L3,26,7,26.92
2026-09-08,2026-09-07,39282,9890913,EDCKUL21OAF03100,L1,21,21,100.0
2026-09-08,2026-09-07,39282,9890913,EDCKUL21OAF03100,L2,35,0,0.0
2026-09-08,2026-09-07,39282,9890913,EDCKUL21OAF03100,L3,26,0,0.0
2026-09-08,2026-09-07,39282,9890914,EDCKUL21OAF03200,L1,21,21,100.0
2026-09-08,2026-09-07,39282,9890914,EDCKUL21OAF03200,L2,35,0,0.0
2026-09-08,2026-09-07,39282,9890914,EDCKUL21OAF03200,L3,26,0,0.0
2026-09-08,2026-09-07,40875,10016398,EDCKUL21MCC00100,L1,21,21,100.0
2026-09-08,2026-09-07,40875,10016398,EDCKUL21MCC00100,L2,40,0,0.0
2026-09-08,2026-09-07,40875,10016398,EDCKUL21MCC00100,L3,26,0,0.0
2026-09-08,2026-09-07,40875,10016399,EDCKUL21FAP01600,L1,20,20,100.0
2026-09-08,2026-09-07,40875,10016399,EDCKUL21FAP01600,L2,35,35,100.0
2026-09-08,2026-09-07,40875,10016399,EDCKUL21FAP01600,L3,26,0,0.0
2026-09-08,2026-09-07,40875,10016400,EDCKUL21FAP00800,L1,20,20,100.0
2026-09-08,2026-09-07,40875,10016400,EDCKUL21FAP00800,L2,35,35,100.0
2026-09-08,2026-09-07,40875,10016400,EDCKUL21FAP00800,L3,26,0,0.0
2026-09-08,2026-09-07,40875,10147759,EDCKUL21FAP01000,L1,20,20,100.0
2026-09-08,2026-09-07,40875,10147759,EDCKUL21FAP01000,L2,35,35,100.0
2026-09-08,2026-09-07,40875,10147759,EDCKUL21FAP01000,L3,26,0,0.0
2026-09-08,2026-09-07,40875,10147760,EDCKUL21FAP01100,L1,20,20,100.0
2026-09-08,2026-09-07,40875,10147760,EDCKUL21FAP01100,L2,35,35,100.0
2026-09-08,2026-09-07,40875,10147760,EDCKUL21FAP01100,L3,26,0,0.0
2026-09-08,2026-09-07,40875,10147761,EDCKUL21FAP00900,L1,20,20,100.0
2026-09-08,2026-09-07,40875,10147761,EDCKUL21FAP00900,L2,35,35,100.0
2026-09-08,2026-09-07,40875,10147761,EDCKUL21FAP00900,L3,26,0,0.0
2026-09-08,2026-09-07,40875,10147762,EDCKUL21FAP01200,L1,20,20,100.0
2026-09-08,2026-09-07,40875,10147762,EDCKUL21FAP01200,L2,35,35,100.0
2026-09-08,2026-09-07,40875,10147762,EDCKUL21FAP01200,L3,26,0,0.0
2026-09-08,2026-09-07,40875,10147763,EDCKUL21FAP01300,L1,20,20,100.0
2026-09-08,2026-09-07,40875,10147763,EDCKUL21FAP01300,L2,35,35,100.0
2026-09-08,2026-09-07,40875,10147763,EDCKUL21FAP01300,L3,26,0,0.0
2026-09-08,2026-09-07,40875,10147764,EDCKUL21FAP01400,L1,20,20,100.0
2026-09-08,2026-09-07,40875,10147764,EDCKUL21FAP01400,L2,35,34,97.14
2026-09-08,2026-09-07,40875,10147764,EDCKUL21FAP01400,L3,26,0,0.0
2026-09-08,2026-09-07,40875,10147765,EDCKUL21FAP01500,L1,20,20,100.0
2026-09-08,2026-09-07,40875,10147765,EDCKUL21FAP01500,L2,35,35,100.0
2026-09-08,2026-09-07,40875,10147765,EDCKUL21FAP01500,L3,26,0,0.0
2026-09-08,2026-09-07,40875,10860485,EDCKUL21FAP00700,L1,20,20,100.0
2026-09-08,2026-09-07,40875,10860485,EDCKUL21FAP00700,L2,35,35,100.0
2026-09-08,2026-09-07,40875,10860485,EDCKUL21FAP00700,L3,26,0,0.0
2026-09-08,2026-09-07,40875,11768782,EDCKUL21VES00101,L1,20,20,100.0
2026-09-08,2026-09-07,40875,11768782,EDCKUL21VES00101,L2,35,0,0.0
2026-09-08,2026-09-07,40875,11768782,EDCKUL21VES00101,L3,26,0,0.0
2026-09-08,2026-09-07,40875,11768783,EDCKUL21VES00201,L1,20,20,100.0
2026-09-08,2026-09-07,40875,11768783,EDCKUL21VES00201,L2,35,0,0.0
2026-09-08,2026-09-07,40875,11768783,EDCKUL21VES00201,L3,26,0,0.0
2026-09-08,2026-09-07,40875,11768784,EDCKUL21VES00301,L1,20,20,100.0
2026-09-08,2026-09-07,40875,11768784,EDCKUL21VES00301,L2,35,0,0.0
2026-09-08,2026-09-07,40875,11768784,EDCKUL21VES00301,L3,26,0,0.0
2026-09-08,2026-09-07,40875,11768785,EDCKUL21VES00401,L1,20,20,100.0
2026-09-08,2026-09-07,40875,11768785,EDCKUL21VES00401,L2,35,0,0.0
2026-09-08,2026-09-07,40875,11768785,EDCKUL21VES00401,L3,26,0,0.0
2026-09-08,2026-09-07,40875,11768786,EDCKUL21VES00501,L1,20,20,100.0
2026-09-08,2026-09-07,40875,11768786,EDCKUL21VES00501,L2,35,0,0.0
2026-09-08,2026-09-07,40875,11768786,EDCKUL21VES00501,L3,26,0,0.0
2026-09-08,2026-09-07,40875,11768787,EDCKUL21VES00601,L1,20,20,100.0
2026-09-08,2026-09-07,40875,11768787,EDCKUL21VES00601,L2,35,0,0.0
2026-09-08,2026-09-07,40875,11768787,EDCKUL21VES00601,L3,26,0,0.0
2026-09-08,2026-09-07,40875,11768788,EDCKUL21VES00701,L1,20,20,100.0
2026-09-08,2026-09-07,40875,11768788,EDCKUL21VES00701,L2,35,0,0.0
2026-09-08,2026-09-07,40875,11768788,EDCKUL21VES00701,L3,26,0,0.0
2026-09-08,2026-09-07,40875,11768789,EDCKUL21VES00801,L1,20,20,100.0
2026-09-08,2026-09-07,40875,11768789,EDCKUL21VES00801,L2,35,0,0.0
2026-09-08,2026-09-07,40875,11768789,EDCKUL21VES00801,L3,26,0,0.0
2026-09-08,2026-09-07,40875,11768790,EDCKUL21VES00901,L1,20,20,100.0
2026-09-08,2026-09-07,40875,11768790,EDCKUL21VES00901,L2,35,0,0.0
2026-09-08,2026-09-07,40875,11768790,EDCKUL21VES00901,L3,26,0,0.0
2026-09-08,2026-09-07,40875,11768791,EDCKUL21VES01001,L1,20,20,100.0
2026-09-08,2026-09-07,40875,11768791,EDCKUL21VES01001,L2,35,0,0.0
2026-09-08,2026-09-07,40875,11768791,EDCKUL21VES01001,L3,26,0,0.0
2026-09-08,2026-09-07,40875,11768792,EDCKUL21VES01101,L1,20,20,100.0
2026-09-08,2026-09-07,40875,11768792,EDCKUL21VES01101,L2,35,0,0.0
2026-09-08,2026-09-07,40875,11768792,EDCKUL21VES01101,L3,26,0,0.0
2026-09-08,2026-09-07,40875,11768793,EDCKUL21VES01201,L1,20,20,100.0
2026-09-08,2026-09-07,40875,11768793,EDCKUL21VES01201,L2,35,0,0.0
2026-09-08,2026-09-07,40875,11768793,EDCKUL21VES01201,L3,26,0,0.0
2026-09-08,2026-09-07,40875,11768794,EDCKUL21VES01301,L1,20,20,100.0
2026-09-08,2026-09-07,40875,11768794,EDCKUL21VES01301,L2,35,0,0.0
2026-09-08,2026-09-07,40875,11768794,EDCKUL21VES01301,L3,26,0,0.0
2026-09-08,2026-09-07,40875,11768795,EDCKUL21VES01401,L1,20,20,100.0
2026-09-08,2026-09-07,40875,11768795,EDCKUL21VES01401,L2,35,0,0.0
2026-09-08,2026-09-07,40875,11768795,EDCKUL21VES01401,L3,26,0,0.0
2026-09-08,2026-09-07,40875,11768796,EDCKUL21VES00104,L1,20,20,100.0
2026-09-08,2026-09-07,40875,11768796,EDCKUL21VES00104,L2,35,0,0.0
2026-09-08,2026-09-07,40875,11768796,EDCKUL21VES00104,L3,26,0,0.0
2026-09-08,2026-09-07,40875,11768797,EDCKUL21VES00204,L1,20,20,100.0
2026-09-08,2026-09-07,40875,11768797,EDCKUL21VES00204,L2,35,0,0.0
2026-09-08,2026-09-07,40875,11768797,EDCKUL21VES00204,L3,26,0,0.0
2026-09-08,2026-09-07,40875,11768798,EDCKUL21VES00304,L1,20,20,100.0
2026-09-08,2026-09-07,40875,11768798,EDCKUL21VES00304,L2,35,0,0.0
2026-09-08,2026-09-07,40875,11768798,EDCKUL21VES00304,L3,26,0,0.0
2026-09-08,2026-09-07,40875,11768799,EDCKUL21VES00404,L1,20,20,100.0
2026-09-08,2026-09-07,40875,11768799,EDCKUL21VES00404,L2,35,0,0.0
2026-09-08,2026-09-07,40875,11768799,EDCKUL21VES00404,L3,26,0,0.0
2026-09-08,2026-09-07,40875,11768800,EDCKUL21VES00504,L1,20,20,100.0
2026-09-08,2026-09-07,40875,11768800,EDCKUL21VES00504,L2,35,0,0.0
2026-09-08,2026-09-07,40875,11768800,EDCKUL21VES00504,L3,26,0,0.0
2026-09-08,2026-09-07,40875,11768801,EDCKUL21VES00604,L1,20,20,100.0
2026-09-08,2026-09-07,40875,11768801,EDCKUL21VES00604,L2,35,0,0.0
2026-09-08,2026-09-07,40875,11768801,EDCKUL21VES00604,L3,26,0,0.0
2026-09-08,2026-09-07,40875,11768802,EDCKUL21VES00704,L1,20,20,100.0
2026-09-08,2026-09-07,40875,11768802,EDCKUL21VES00704,L2,35,0,0.0
2026-09-08,2026-09-07,40875,11768802,EDCKUL21VES00704,L3,26,0,0.0
2026-09-08,2026-09-07,40875,11768803,EDCKUL21VES00804,L1,20,20,100.0
2026-09-08,2026-09-07,40875,11768803,EDCKUL21VES00804,L2,35,0,0.0
2026-09-08,2026-09-07,40875,11768803,EDCKUL21VES00804,L3,26,0,0.0
2026-09-08,2026-09-07,40875,11768804,EDCKUL21VES00904,L1,20,20,100.0
2026-09-08,2026-09-07,40875,11768804,EDCKUL21VES00904,L2,35,0,0.0
2026-09-08,2026-09-07,40875,11768804,EDCKUL21VES00904,L3,26,0,0.0
2026-09-08,2026-09-07,40875,11768805,EDCKUL21VES01004,L1,20,20,100.0
2026-09-08,2026-09-07,40875,11768805,EDCKUL21VES01004,L2,35,0,0.0
2026-09-08,2026-09-07,40875,11768805,EDCKUL21VES01004,L3,26,0,0.0
2026-09-08,2026-09-07,40875,11768806,EDCKUL21VES01104,L1,20,20,100.0
2026-09-08,2026-09-07,40875,11768806,EDCKUL21VES01104,L2,35,0,0.0
2026-09-08,2026-09-07,40875,11768806,EDCKUL21VES01104,L3,26,0,0.0
2026-09-08,2026-09-07,40875,11768807,EDCKUL21VES01204,L1,20,20,100.0
2026-09-08,2026-09-07,40875,11768807,EDCKUL21VES01204,L2,35,0,0.0
2026-09-08,2026-09-07,40875,11768807,EDCKUL21VES01204,L3,26,0,0.0
2026-09-08,2026-09-07,40875,11768810,EDCKUL21VES00100,L1,20,20,100.0
2026-09-08,2026-09-07,40875,11768810,EDCKUL21VES00100,L2,35,3,8.57
2026-09-08,2026-09-07,40875,11768810,EDCKUL21VES00100,L3,26,0,0.0
2026-09-08,2026-09-07,40875,11768811,EDCKUL21VES00200,L1,20,20,100.0
2026-09-08,2026-09-07,40875,11768811,EDCKUL21VES00200,L2,35,0,0.0
2026-09-08,2026-09-07,40875,11768811,EDCKUL21VES00200,L3,26,0,0.0
2026-09-08,2026-09-07,40875,11768812,EDCKUL21VES00300,L1,20,20,100.0
2026-09-08,2026-09-07,40875,11768812,EDCKUL21VES00300,L2,35,7,20.0
2026-09-08,2026-09-07,40875,11768812,EDCKUL21VES00300,L3,26,0,0.0
2026-09-08,2026-09-07,40875,11768813,EDCKUL21VES00400,L1,20,20,100.0
2026-09-08,2026-09-07,40875,11768813,EDCKUL21VES00400,L2,35,0,0.0
2026-09-08,2026-09-07,40875,11768813,EDCKUL21VES00400,L3,26,0,0.0
2026-09-08,2026-09-07,40875,11768814,EDCKUL21VES00500,L1,20,20,100.0
2026-09-08,2026-09-07,40875,11768814,EDCKUL21VES00500,L2,35,0,0.0
2026-09-08,2026-09-07,40875,11768814,EDCKUL21VES00500,L3,26,0,0.0
2026-09-08,2026-09-07,40875,11768815,EDCKUL21VES00600,L1,20,20,100.0
2026-09-08,2026-09-07,40875,11768815,EDCKUL21VES00600,L2,35,0,0.0
2026-09-08,2026-09-07,40875,11768815,EDCKUL21VES00600,L3,26,0,0.0
2026-09-08,2026-09-07,40875,11768816,EDCKUL21VES00700,L1,20,7,35.0
2026-09-08,2026-09-07,40875,11768816,EDCKUL21VES00700,L2,35,0,0.0
2026-09-08,2026-09-07,40875,11768816,EDCKUL21VES00700,L3,26,0,0.0
2026-09-08,2026-09-07,40875,11768817,EDCKUL21VES00800,L1,20,7,35.0
2026-09-08,2026-09-07,40875,11768817,EDCKUL21VES00800,L2,35,0,0.0
2026-09-08,2026-09-07,40875,11768817,EDCKUL21VES00800,L3,26,0,0.0
2026-09-08,2026-09-07,40875,11768818,EDCKUL21VES00900,L1,20,7,35.0
2026-09-08,2026-09-07,40875,11768818,EDCKUL21VES00900,L2,35,0,0.0
2026-09-08,2026-09-07,40875,11768818,EDCKUL21VES00900,L3,26,0,0.0
2026-09-08,2026-09-07,40875,11768819,EDCKUL21VES01000,L1,20,20,100.0
2026-09-08,2026-09-07,40875,11768819,EDCKUL21VES01000,L2,35,0,0.0
2026-09-08,2026-09-07,40875,11768819,EDCKUL21VES01000,L3,26,0,0.0
2026-09-08,2026-09-07,40875,11768820,EDCKUL21VES01100,L1,20,20,100.0
2026-09-08,2026-09-07,40875,11768820,EDCKUL21VES01100,L2,35,0,0.0
2026-09-08,2026-09-07,40875,11768820,EDCKUL21VES01100,L3,26,0,0.0
2026-09-08,2026-09-07,40875,11768821,EDCKUL21VES01200,L1,20,20,100.0
2026-09-08,2026-09-07,40875,11768821,EDCKUL21VES01200,L2,35,0,0.0
2026-09-08,2026-09-07,40875,11768821,EDCKUL21VES01200,L3,26,0,0.0
2026-09-08,2026-09-07,40875,11768822,EDCKUL21VES01300,L1,20,20,100.0
2026-09-08,2026-09-07,40875,11768822,EDCKUL21VES01300,L2,35,0,0.0
2026-09-08,2026-09-07,40875,11768822,EDCKUL21VES01300,L3,26,0,0.0
2026-09-08,2026-09-07,40875,11768823,EDCKUL21VES01400,L1,20,20,100.0
2026-09-08,2026-09-07,40875,11768823,EDCKUL21VES01400,L2,35,0,0.0
2026-09-08,2026-09-07,40875,11768823,EDCKUL21VES01400,L3,26,0,0.0
2026-09-08,2026-09-07,40875,11768824,EDCKUL21VES01500,L1,20,20,100.0
2026-09-08,2026-09-07,40875,11768824,EDCKUL21VES01500,L2,35,0,0.0
2026-09-08,2026-09-07,40875,11768824,EDCKUL21VES01500,L3,26,0,0.0
2026-09-08,2026-09-07,40875,11768825,EDCKUL21VES01600,L1,20,20,100.0
2026-09-08,2026-09-07,40875,11768825,EDCKUL21VES01600,L2,35,0,0.0
2026-09-08,2026-09-07,40875,11768825,EDCKUL21VES01600,L3,26,0,0.0
2026-09-08,2026-09-07,40875,11768832,EDCKUL21CDUA0101,L1,21,21,100.0
2026-09-08,2026-09-07,40875,11768832,EDCKUL21CDUA0101,L2,40,0,0.0
2026-09-08,2026-09-07,40875,11768832,EDCKUL21CDUA0101,L3,26,0,0.0
2026-09-08,2026-09-07,40875,11768833,EDCKUL21CDUA0201,L1,21,21,100.0
2026-09-08,2026-09-07,40875,11768833,EDCKUL21CDUA0201,L2,40,0,0.0
2026-09-08,2026-09-07,40875,11768833,EDCKUL21CDUA0201,L3,26,0,0.0
2026-09-08,2026-09-07,40875,11768834,EDCKUL21CDUA0301,L1,21,21,100.0
2026-09-08,2026-09-07,40875,11768834,EDCKUL21CDUA0301,L2,40,0,0.0
2026-09-08,2026-09-07,40875,11768834,EDCKUL21CDUA0301,L3,26,0,0.0
2026-09-08,2026-09-07,40875,11768835,EDCKUL21CDUA0401,L1,21,21,100.0
2026-09-08,2026-09-07,40875,11768835,EDCKUL21CDUA0401,L2,40,0,0.0
2026-09-08,2026-09-07,40875,11768835,EDCKUL21CDUA0401,L3,26,0,0.0
2026-09-08,2026-09-07,40875,11768836,EDCKUL21CDUA0501,L1,21,21,100.0
2026-09-08,2026-09-07,40875,11768836,EDCKUL21CDUA0501,L2,40,0,0.0
2026-09-08,2026-09-07,40875,11768836,EDCKUL21CDUA0501,L3,26,0,0.0
2026-09-08,2026-09-07,40875,11768837,EDCKUL21CDUA0601,L1,21,21,100.0
2026-09-08,2026-09-07,40875,11768837,EDCKUL21CDUA0601,L2,40,0,0.0
2026-09-08,2026-09-07,40875,11768837,EDCKUL21CDUA0601,L3,26,0,0.0
2026-09-08,2026-09-07,40875,11768838,EDCKUL21TESA0101,L1,21,0,0.0
2026-09-08,2026-09-07,40875,11768838,EDCKUL21TESA0101,L2,40,0,0.0
2026-09-08,2026-09-07,40875,11768838,EDCKUL21TESA0101,L3,26,0,0.0
2026-09-08,2026-09-07,40875,11768839,EDCKUL21TESA0201,L1,21,0,0.0
2026-09-08,2026-09-07,40875,11768839,EDCKUL21TESA0201,L2,40,0,0.0
2026-09-08,2026-09-07,40875,11768839,EDCKUL21TESA0201,L3,26,0,0.0
2026-09-08,2026-09-07,40875,11768840,EDCKUL21TESA0301,L1,21,0,0.0
2026-09-08,2026-09-07,40875,11768840,EDCKUL21TESA0301,L2,40,0,0.0
2026-09-08,2026-09-07,40875,11768840,EDCKUL21TESA0301,L3,26,0,0.0
2026-09-08,2026-09-07,40875,11768841,EDCKUL21TESA0401,L1,21,0,0.0
2026-09-08,2026-09-07,40875,11768841,EDCKUL21TESA0401,L2,40,0,0.0
2026-09-08,2026-09-07,40875,11768841,EDCKUL21TESA0401,L3,26,0,0.0
2026-09-08,2026-09-07,40875,11768842,EDCKUL21TESA0501,L1,21,0,0.0
2026-09-08,2026-09-07,40875,11768842,EDCKUL21TESA0501,L2,40,0,0.0
2026-09-08,2026-09-07,40875,11768842,EDCKUL21TESA0501,L3,26,0,0.0
2026-09-08,2026-09-07,40875,11768843,EDCKUL21TESA0601,L1,21,0,0.0
2026-09-08,2026-09-07,40875,11768843,EDCKUL21TESA0601,L2,40,0,0.0
2026-09-08,2026-09-07,40875,11768843,EDCKUL21TESA0601,L3,26,0,0.0
2026-09-08,2026-09-07,40875,11768844,EDCKUL21EXPA0101,L1,21,0,0.0
2026-09-08,2026-09-07,40875,11768844,EDCKUL21EXPA0101,L2,40,0,0.0
2026-09-08,2026-09-07,40875,11768844,EDCKUL21EXPA0101,L3,26,0,0.0
2026-09-08,2026-09-07,40875,11768845,EDCKUL21EXPA0201,L1,21,0,0.0
2026-09-08,2026-09-07,40875,11768845,EDCKUL21EXPA0201,L2,40,0,0.0
2026-09-08,2026-09-07,40875,11768845,EDCKUL21EXPA0201,L3,26,0,0.0
2026-09-08,2026-09-07,40875,11768846,EDCKUL21CTSA0101,L1,21,0,0.0
2026-09-08,2026-09-07,40875,11768846,EDCKUL21CTSA0101,L2,40,0,0.0
2026-09-08,2026-09-07,40875,11768846,EDCKUL21CTSA0101,L3,26,0,0.0
2026-09-08,2026-09-07,40875,11768847,EDCKUL21CTSA0201,L1,21,0,0.0
2026-09-08,2026-09-07,40875,11768847,EDCKUL21CTSA0201,L2,40,0,0.0
2026-09-08,2026-09-07,40875,11768847,EDCKUL21CTSA0201,L3,26,0,0.0
2026-09-08,2026-09-07,40875,11768848,EDCKUL21MUPA0101,L1,21,0,0.0
2026-09-08,2026-09-07,40875,11768848,EDCKUL21MUPA0101,L2,40,0,0.0
2026-09-08,2026-09-07,40875,11768848,EDCKUL21MUPA0101,L3,26,0,0.0
2026-09-08,2026-09-07,40875,11768849,EDCKUL21MUPA0201,L1,21,0,0.0
2026-09-08,2026-09-07,40875,11768849,EDCKUL21MUPA0201,L2,40,0,0.0
2026-09-08,2026-09-07,40875,11768849,EDCKUL21MUPA0201,L3,26,0,0.0
2026-09-08,2026-09-07,40875,11768850,EDCKUL21AISA0101,L1,21,0,0.0
2026-09-08,2026-09-07,40875,11768850,EDCKUL21AISA0101,L2,40,0,0.0
2026-09-08,2026-09-07,40875,11768850,EDCKUL21AISA0101,L3,26,0,0.0
2026-09-08,2026-09-07,40875,11768851,EDCKUL21AISA0201,L1,21,0,0.0
2026-09-08,2026-09-07,40875,11768851,EDCKUL21AISA0201,L2,40,0,0.0
2026-09-08,2026-09-07,40875,11768851,EDCKUL21AISA0201,L3,26,0,0.0
2026-09-08,2026-09-07,40875,11768852,EDCKUL21CRAA0101,L1,21,21,100.0
2026-09-08,2026-09-07,40875,11768852,EDCKUL21CRAA0101,L2,40,0,0.0
2026-09-08,2026-09-07,40875,11768852,EDCKUL21CRAA0101,L3,26,0,0.0
2026-09-08,2026-09-07,40875,11768853,EDCKUL21CRAA0201,L1,21,21,100.0
2026-09-08,2026-09-07,40875,11768853,EDCKUL21CRAA0201,L2,40,0,0.0
2026-09-08,2026-09-07,40875,11768853,EDCKUL21CRAA0201,L3,26,0,0.0
2026-09-08,2026-09-07,40875,11768854,EDCKUL21CRAA0301,L1,21,21,100.0
2026-09-08,2026-09-07,40875,11768854,EDCKUL21CRAA0301,L2,40,0,0.0
2026-09-08,2026-09-07,40875,11768854,EDCKUL21CRAA0301,L3,26,0,0.0
2026-09-08,2026-09-07,40875,11768855,EDCKUL21CRAA0401,L1,21,21,100.0
2026-09-08,2026-09-07,40875,11768855,EDCKUL21CRAA0401,L2,40,0,0.0
2026-09-08,2026-09-07,40875,11768855,EDCKUL21CRAA0401,L3,26,0,0.0
2026-09-08,2026-09-07,40875,11768856,EDCKUL21CRAA0501,L1,21,21,100.0
2026-09-08,2026-09-07,40875,11768856,EDCKUL21CRAA0501,L2,40,0,0.0
2026-09-08,2026-09-07,40875,11768856,EDCKUL21CRAA0501,L3,26,0,0.0
2026-09-08,2026-09-07,40875,11768857,EDCKUL21CRAA0601,L1,21,7,33.33
2026-09-08,2026-09-07,40875,11768857,EDCKUL21CRAA0601,L2,40,0,0.0
2026-09-08,2026-09-07,40875,11768857,EDCKUL21CRAA0601,L3,26,0,0.0
2026-09-08,2026-09-07,40875,11768858,EDCKUL21CRAA0701,L1,21,21,100.0
2026-09-08,2026-09-07,40875,11768858,EDCKUL21CRAA0701,L2,40,0,0.0
2026-09-08,2026-09-07,40875,11768858,EDCKUL21CRAA0701,L3,26,0,0.0
2026-09-08,2026-09-07,40875,11768859,EDCKUL21CRAA0801,L1,21,21,100.0
2026-09-08,2026-09-07,40875,11768859,EDCKUL21CRAA0801,L2,40,0,0.0
2026-09-08,2026-09-07,40875,11768859,EDCKUL21CRAA0801,L3,26,0,0.0
2026-09-08,2026-09-07,40875,11768860,EDCKUL21CRAA0104,L1,21,21,100.0
2026-09-08,2026-09-07,40875,11768860,EDCKUL21CRAA0104,L2,40,0,0.0
2026-09-08,2026-09-07,40875,11768860,EDCKUL21CRAA0104,L3,26,0,0.0
2026-09-08,2026-09-07,40875,11768861,EDCKUL21CRAA0204,L1,21,21,100.0
2026-09-08,2026-09-07,40875,11768861,EDCKUL21CRAA0204,L2,40,0,0.0
2026-09-08,2026-09-07,40875,11768861,EDCKUL21CRAA0204,L3,26,0,0.0
2026-09-08,2026-09-07,40875,11768862,EDCKUL21CRAA0304,L1,21,21,100.0
2026-09-08,2026-09-07,40875,11768862,EDCKUL21CRAA0304,L2,40,0,0.0
2026-09-08,2026-09-07,40875,11768862,EDCKUL21CRAA0304,L3,26,0,0.0
2026-09-08,2026-09-07,40875,11768863,EDCKUL21CRAA0404,L1,21,21,100.0
2026-09-08,2026-09-07,40875,11768863,EDCKUL21CRAA0404,L2,40,0,0.0
2026-09-08,2026-09-07,40875,11768863,EDCKUL21CRAA0404,L3,26,0,0.0
2026-09-08,2026-09-07,40875,11768864,EDCKUL21CRAA0504,L1,21,21,100.0
2026-09-08,2026-09-07,40875,11768864,EDCKUL21CRAA0504,L2,40,0,0.0
2026-09-08,2026-09-07,40875,11768864,EDCKUL21CRAA0504,L3,26,0,0.0
2026-09-08,2026-09-07,40875,11768865,EDCKUL21CRAA0604,L1,21,21,100.0
2026-09-08,2026-09-07,40875,11768865,EDCKUL21CRAA0604,L2,40,0,0.0
2026-09-08,2026-09-07,40875,11768865,EDCKUL21CRAA0604,L3,26,0,0.0
2026-09-08,2026-09-07,40875,11768866,EDCKUL21CRAA0704,L1,21,21,100.0
2026-09-08,2026-09-07,40875,11768866,EDCKUL21CRAA0704,L2,40,0,0.0
2026-09-08,2026-09-07,40875,11768866,EDCKUL21CRAA0704,L3,26,0,0.0
2026-09-08,2026-09-07,40875,11768867,EDCKUL21CRAA0804,L1,21,21,100.0
2026-09-08,2026-09-07,40875,11768867,EDCKUL21CRAA0804,L2,40,0,0.0
2026-09-08,2026-09-07,40875,11768867,EDCKUL21CRAA0804,L3,26,0,0.0
2026-09-08,2026-09-07,40875,11768868,EDCKUL21CRAA0904,L1,21,21,100.0
2026-09-08,2026-09-07,40875,11768868,EDCKUL21CRAA0904,L2,40,0,0.0
2026-09-08,2026-09-07,40875,11768868,EDCKUL21CRAA0904,L3,26,0,0.0
2026-09-08,2026-09-07,40875,11768869,EDCKUL21CRAA1004,L1,21,21,100.0
2026-09-08,2026-09-07,40875,11768869,EDCKUL21CRAA1004,L2,40,0,0.0
2026-09-08,2026-09-07,40875,11768869,EDCKUL21CRAA1004,L3,26,0,0.0
2026-09-08,2026-09-07,40875,11768870,EDCKUL21CRAA1104,L1,21,21,100.0
2026-09-08,2026-09-07,40875,11768870,EDCKUL21CRAA1104,L2,40,0,0.0
2026-09-08,2026-09-07,40875,11768870,EDCKUL21CRAA1104,L3,26,0,0.0
2026-09-08,2026-09-07,40875,11768871,EDCKUL21CRAA1204,L1,21,6,28.57
2026-09-08,2026-09-07,40875,11768871,EDCKUL21CRAA1204,L2,40,0,0.0
2026-09-08,2026-09-07,40875,11768871,EDCKUL21CRAA1204,L3,26,0,0.0
2026-09-08,2026-09-07,40875,11768872,EDCKUL21CRAA1304,L1,21,8,38.1
2026-09-08,2026-09-07,40875,11768872,EDCKUL21CRAA1304,L2,40,0,0.0
2026-09-08,2026-09-07,40875,11768872,EDCKUL21CRAA1304,L3,26,0,0.0
2026-09-08,2026-09-07,40875,11768873,EDCKUL21CRAA1404,L1,21,21,100.0
2026-09-08,2026-09-07,40875,11768873,EDCKUL21CRAA1404,L2,40,0,0.0
2026-09-08,2026-09-07,40875,11768873,EDCKUL21CRAA1404,L3,26,0,0.0
2026-09-08,2026-09-07,40875,11768874,EDCKUL21CRAA2900,L1,21,21,100.0
2026-09-08,2026-09-07,40875,11768874,EDCKUL21CRAA2900,L2,40,0,0.0
2026-09-08,2026-09-07,40875,11768874,EDCKUL21CRAA2900,L3,26,0,0.0
2026-09-08,2026-09-07,40875,11768875,EDCKUL21CRAA3000,L1,21,21,100.0
2026-09-08,2026-09-07,40875,11768875,EDCKUL21CRAA3000,L2,40,0,0.0
2026-09-08,2026-09-07,40875,11768875,EDCKUL21CRAA3000,L3,26,0,0.0
2026-09-08,2026-09-07,40875,11768876,EDCKUL21CRAA3100,L1,21,21,100.0
2026-09-08,2026-09-07,40875,11768876,EDCKUL21CRAA3100,L2,40,0,0.0
2026-09-08,2026-09-07,40875,11768876,EDCKUL21CRAA3100,L3,26,0,0.0
2026-09-08,2026-09-07,40875,11768877,EDCKUL21CRAA3200,L1,21,21,100.0
2026-09-08,2026-09-07,40875,11768877,EDCKUL21CRAA3200,L2,40,0,0.0
2026-09-08,2026-09-07,40875,11768877,EDCKUL21CRAA3200,L3,26,0,0.0
2026-09-08,2026-09-07,40875,11768878,EDCKUL21CRAA3300,L1,21,21,100.0
2026-09-08,2026-09-07,40875,11768878,EDCKUL21CRAA3300,L2,40,0,0.0
2026-09-08,2026-09-07,40875,11768878,EDCKUL21CRAA3300,L3,26,0,0.0
2026-09-08,2026-09-07,40875,11768879,EDCKUL21CRAA3400,L1,21,21,100.0
2026-09-08,2026-09-07,40875,11768879,EDCKUL21CRAA3400,L2,40,0,0.0
2026-09-08,2026-09-07,40875,11768879,EDCKUL21CRAA3400,L3,26,0,0.0
2026-09-08,2026-09-07,40875,11768880,EDCKUL21CRAA3500,L1,21,21,100.0
2026-09-08,2026-09-07,40875,11768880,EDCKUL21CRAA3500,L2,40,0,0.0
2026-09-08,2026-09-07,40875,11768880,EDCKUL21CRAA3500,L3,26,0,0.0
2026-09-08,2026-09-07,40875,11768881,EDCKUL21CRAA3600,L1,21,21,100.0
2026-09-08,2026-09-07,40875,11768881,EDCKUL21CRAA3600,L2,40,0,0.0
2026-09-08,2026-09-07,40875,11768881,EDCKUL21CRAA3600,L3,26,0,0.0
2026-09-08,2026-09-07,40875,11768882,EDCKUL21CRAA3700,L1,21,21,100.0
2026-09-08,2026-09-07,40875,11768882,EDCKUL21CRAA3700,L2,40,0,0.0
2026-09-08,2026-09-07,40875,11768882,EDCKUL21CRAA3700,L3,26,0,0.0
2026-09-08,2026-09-07,40875,11768883,EDCKUL21CRAA3800,L1,21,8,38.1
2026-09-08,2026-09-07,40875,11768883,EDCKUL21CRAA3800,L2,40,0,0.0
2026-09-08,2026-09-07,40875,11768883,EDCKUL21CRAA3800,L3,26,0,0.0
2026-09-08,2026-09-07,40875,11768884,EDCKUL21CRAA3900,L1,21,21,100.0
2026-09-08,2026-09-07,40875,11768884,EDCKUL21CRAA3900,L2,40,0,0.0
2026-09-08,2026-09-07,40875,11768884,EDCKUL21CRAA3900,L3,26,0,0.0
2026-09-08,2026-09-07,40875,11768885,EDCKUL21CRAA4000,L1,21,21,100.0
2026-09-08,2026-09-07,40875,11768885,EDCKUL21CRAA4000,L2,40,0,0.0
2026-09-08,2026-09-07,40875,11768885,EDCKUL21CRAA4000,L3,26,0,0.0
2026-09-08,2026-09-07,40875,11768886,EDCKUL21CRAA4100,L1,21,21,100.0
2026-09-08,2026-09-07,40875,11768886,EDCKUL21CRAA4100,L2,40,0,0.0
2026-09-08,2026-09-07,40875,11768886,EDCKUL21CRAA4100,L3,26,0,0.0
2026-09-08,2026-09-07,40875,11768887,EDCKUL21CRAA4200,L1,21,21,100.0
2026-09-08,2026-09-07,40875,11768887,EDCKUL21CRAA4200,L2,40,0,0.0
2026-09-08,2026-09-07,40875,11768887,EDCKUL21CRAA4200,L3,26,0,0.0
2026-09-08,2026-09-07,40875,11768888,EDCKUL21CRAA4300,L1,21,21,100.0
2026-09-08,2026-09-07,40875,11768888,EDCKUL21CRAA4300,L2,40,0,0.0
2026-09-08,2026-09-07,40875,11768888,EDCKUL21CRAA4300,L3,26,0,0.0
2026-09-08,2026-09-07,40875,11768889,EDCKUL21CRAA4400,L1,21,21,100.0
2026-09-08,2026-09-07,40875,11768889,EDCKUL21CRAA4400,L2,40,0,0.0
2026-09-08,2026-09-07,40875,11768889,EDCKUL21CRAA4400,L3,26,0,0.0
2026-09-08,2026-09-07,40875,11768890,EDCKUL21CRAA4500,L1,21,21,100.0
2026-09-08,2026-09-07,40875,11768890,EDCKUL21CRAA4500,L2,40,0,0.0
2026-09-08,2026-09-07,40875,11768890,EDCKUL21CRAA4500,L3,26,0,0.0
2026-09-08,2026-09-07,40875,11768891,EDCKUL21CRAA4600,L1,21,21,100.0
2026-09-08,2026-09-07,40875,11768891,EDCKUL21CRAA4600,L2,40,0,0.0
2026-09-08,2026-09-07,40875,11768891,EDCKUL21CRAA4600,L3,26,0,0.0
2026-09-08,2026-09-07,40875,11768892,EDCKUL21CRAA4700,L1,21,21,100.0
2026-09-08,2026-09-07,40875,11768892,EDCKUL21CRAA4700,L2,40,0,0.0
2026-09-08,2026-09-07,40875,11768892,EDCKUL21CRAA4700,L3,26,0,0.0
2026-09-08,2026-09-07,40875,11768893,EDCKUL21CRAA4800,L1,21,21,100.0
2026-09-08,2026-09-07,40875,11768893,EDCKUL21CRAA4800,L2,40,0,0.0
2026-09-08,2026-09-07,40875,11768893,EDCKUL21CRAA4800,L3,26,0,0.0
2026-09-08,2026-09-07,40875,11768894,EDCKUL21CRAA4900,L1,21,21,100.0
2026-09-08,2026-09-07,40875,11768894,EDCKUL21CRAA4900,L2,40,27,67.5
2026-09-08,2026-09-07,40875,11768894,EDCKUL21CRAA4900,L3,26,0,0.0
2026-09-08,2026-09-07,40875,11768895,EDCKUL21CRAA5000,L1,21,21,100.0
2026-09-08,2026-09-07,40875,11768895,EDCKUL21CRAA5000,L2,40,7,17.5
2026-09-08,2026-09-07,40875,11768895,EDCKUL21CRAA5000,L3,26,0,0.0
2026-09-08,2026-09-07,40875,11768896,EDCKUL21CRAA5100,L1,21,21,100.0
2026-09-08,2026-09-07,40875,11768896,EDCKUL21CRAA5100,L2,40,7,17.5
2026-09-08,2026-09-07,40875,11768896,EDCKUL21CRAA5100,L3,26,0,0.0
2026-09-08,2026-09-07,40875,11768897,EDCKUL21CRAA5200,L1,21,21,100.0
2026-09-08,2026-09-07,40875,11768897,EDCKUL21CRAA5200,L2,40,7,17.5
2026-09-08,2026-09-07,40875,11768897,EDCKUL21CRAA5200,L3,26,0,0.0
2026-09-08,2026-09-07,40875,11768898,EDCKUL21CRAA5300,L1,21,21,100.0
2026-09-08,2026-09-07,40875,11768898,EDCKUL21CRAA5300,L2,40,7,17.5
2026-09-08,2026-09-07,40875,11768898,EDCKUL21CRAA5300,L3,26,0,0.0
2026-09-08,2026-09-07,40875,11768899,EDCKUL21CRAA5400,L1,21,21,100.0
2026-09-08,2026-09-07,40875,11768899,EDCKUL21CRAA5400,L2,40,7,17.5
2026-09-08,2026-09-07,40875,11768899,EDCKUL21CRAA5400,L3,26,0,0.0
2026-09-08,2026-09-07,40875,11768900,EDCKUL21CRAA5500,L1,21,21,100.0
2026-09-08,2026-09-07,40875,11768900,EDCKUL21CRAA5500,L2,40,7,17.5
2026-09-08,2026-09-07,40875,11768900,EDCKUL21CRAA5500,L3,26,0,0.0
2026-09-08,2026-09-07,40875,11768901,EDCKUL21CRAA5600,L1,21,21,100.0
2026-09-08,2026-09-07,40875,11768901,EDCKUL21CRAA5600,L2,40,7,17.5
2026-09-08,2026-09-07,40875,11768901,EDCKUL21CRAA5600,L3,26,0,0.0
2026-09-08,2026-09-07,40875,11768907,EDCKUL21UPBBA310,L1,20,20,100.0
2026-09-08,2026-09-07,40875,11768907,EDCKUL21UPBBA310,L2,35,35,100.0
2026-09-08,2026-09-07,40875,11768907,EDCKUL21UPBBA310,L3,26,0,0.0
2026-09-08,2026-09-07,40875,11768908,EDCKUL21UPBBB310,L1,20,20,100.0
2026-09-08,2026-09-07,40875,11768908,EDCKUL21UPBBB310,L2,35,7,20.0
2026-09-08,2026-09-07,40875,11768908,EDCKUL21UPBBB310,L3,26,0,0.0
2026-09-08,2026-09-07,40875,11768909,EDCKUL21UPBBC310,L1,20,20,100.0
2026-09-08,2026-09-07,40875,11768909,EDCKUL21UPBBC310,L2,35,0,0.0
2026-09-08,2026-09-07,40875,11768909,EDCKUL21UPBBC310,L3,26,0,0.0
2026-09-08,2026-09-07,40875,11768910,EDCKUL21UPBBD310,L1,20,20,100.0
2026-09-08,2026-09-07,40875,11768910,EDCKUL21UPBBD310,L2,35,0,0.0
2026-09-08,2026-09-07,40875,11768910,EDCKUL21UPBBD310,L3,26,0,0.0
2026-09-08,2026-09-07,40875,11768911,EDCKUL21UPBBE310,L1,20,20,100.0
2026-09-08,2026-09-07,40875,11768911,EDCKUL21UPBBE310,L2,35,0,0.0
2026-09-08,2026-09-07,40875,11768911,EDCKUL21UPBBE310,L3,26,0,0.0
2026-09-08,2026-09-07,40875,11768912,EDCKUL21UPBBH310,L1,20,20,100.0
2026-09-08,2026-09-07,40875,11768912,EDCKUL21UPBBH310,L2,35,0,0.0
2026-09-08,2026-09-07,40875,11768912,EDCKUL21UPBBH310,L3,26,0,0.0
2026-09-08,2026-09-07,40875,11768913,EDCKUL21UPBBH210,L1,21,21,100.0
2026-09-08,2026-09-07,40875,11768913,EDCKUL21UPBBH210,L2,40,0,0.0
2026-09-08,2026-09-07,40875,11768913,EDCKUL21UPBBH210,L3,26,0,0.0
2026-09-08,2026-09-07,40875,11768914,EDCKUL21UPBBF310,L1,20,20,100.0
2026-09-08,2026-09-07,40875,11768914,EDCKUL21UPBBF310,L2,35,0,0.0
2026-09-08,2026-09-07,40875,11768914,EDCKUL21UPBBF310,L3,26,0,0.0
2026-09-08,2026-09-07,40875,11768915,EDCKUL21UPBBZ310,L1,20,20,100.0
2026-09-08,2026-09-07,40875,11768915,EDCKUL21UPBBZ310,L2,35,0,0.0
2026-09-08,2026-09-07,40875,11768915,EDCKUL21UPBBZ310,L3,26,0,0.0
2026-09-08,2026-09-07,40875,11768916,EDCKUL21UPSBA310,L1,20,20,100.0
2026-09-08,2026-09-07,40875,11768916,EDCKUL21UPSBA310,L2,35,33,94.29
2026-09-08,2026-09-07,40875,11768916,EDCKUL21UPSBA310,L3,26,0,0.0
2026-09-08,2026-09-07,40875,11768917,EDCKUL21UPSBB310,L1,20,20,100.0
2026-09-08,2026-09-07,40875,11768917,EDCKUL21UPSBB310,L2,35,7,20.0
2026-09-08,2026-09-07,40875,11768917,EDCKUL21UPSBB310,L3,26,0,0.0
2026-09-08,2026-09-07,40875,11768918,EDCKUL21UPSBC310,L1,20,20,100.0
2026-09-08,2026-09-07,40875,11768918,EDCKUL21UPSBC310,L2,35,0,0.0
2026-09-08,2026-09-07,40875,11768918,EDCKUL21UPSBC310,L3,26,0,0.0
2026-09-08,2026-09-07,40875,11768919,EDCKUL21UPSBD310,L1,20,20,100.0
2026-09-08,2026-09-07,40875,11768919,EDCKUL21UPSBD310,L2,35,0,0.0
2026-09-08,2026-09-07,40875,11768919,EDCKUL21UPSBD310,L3,26,0,0.0
2026-09-08,2026-09-07,40875,11768920,EDCKUL21UPSBE310,L1,20,20,100.0
2026-09-08,2026-09-07,40875,11768920,EDCKUL21UPSBE310,L2,35,0,0.0
2026-09-08,2026-09-07,40875,11768920,EDCKUL21UPSBE310,L3,26,0,0.0
2026-09-08,2026-09-07,40875,11768921,EDCKUL21UPSBF310,L1,20,20,100.0
2026-09-08,2026-09-07,40875,11768921,EDCKUL21UPSBF310,L2,35,9,25.71
2026-09-08,2026-09-07,40875,11768921,EDCKUL21UPSBF310,L3,26,0,0.0
2026-09-08,2026-09-07,40875,11768922,EDCKUL21UPSBH210,L1,21,21,100.0
2026-09-08,2026-09-07,40875,11768922,EDCKUL21UPSBH210,L2,40,0,0.0
2026-09-08,2026-09-07,40875,11768922,EDCKUL21UPSBH210,L3,26,0,0.0
2026-09-08,2026-09-07,40875,11768923,EDCKUL21UPSBH310,L1,20,20,100.0
2026-09-08,2026-09-07,40875,11768923,EDCKUL21UPSBH310,L2,35,0,0.0
2026-09-08,2026-09-07,40875,11768923,EDCKUL21UPSBH310,L3,26,0,0.0
2026-09-08,2026-09-07,40875,11768924,EDCKUL21UPSBZ310,L1,20,20,100.0
2026-09-08,2026-09-07,40875,11768924,EDCKUL21UPSBZ310,L2,35,0,0.0
2026-09-08,2026-09-07,40875,11768924,EDCKUL21UPSBZ310,L3,26,0,0.0
2026-09-08,2026-09-07,40875,11768925,EDCKUL21RPPBA121,L1,20,20,100.0
2026-09-08,2026-09-07,40875,11768925,EDCKUL21RPPBA121,L2,35,0,0.0
2026-09-08,2026-09-07,40875,11768925,EDCKUL21RPPBA121,L3,26,0,0.0
2026-09-08,2026-09-07,40875,11768926,EDCKUL21RPPBA131,L1,20,20,100.0
2026-09-08,2026-09-07,40875,11768926,EDCKUL21RPPBA131,L2,35,0,0.0
2026-09-08,2026-09-07,40875,11768926,EDCKUL21RPPBA131,L3,26,0,0.0
2026-09-08,2026-09-07,40875,11768927,EDCKUL21RPPBC121,L1,20,20,100.0
2026-09-08,2026-09-07,40875,11768927,EDCKUL21RPPBC121,L2,35,0,0.0
2026-09-08,2026-09-07,40875,11768927,EDCKUL21RPPBC121,L3,26,0,0.0
2026-09-08,2026-09-07,40875,11768928,EDCKUL21RPPBC131,L1,20,20,100.0
2026-09-08,2026-09-07,40875,11768928,EDCKUL21RPPBC131,L2,35,0,0.0
2026-09-08,2026-09-07,40875,11768928,EDCKUL21RPPBC131,L3,26,0,0.0
2026-09-08,2026-09-07,40875,11768929,EDCKUL21RPPBD114,L1,20,20,100.0
2026-09-08,2026-09-07,40875,11768929,EDCKUL21RPPBD114,L2,35,0,0.0
2026-09-08,2026-09-07,40875,11768929,EDCKUL21RPPBD114,L3,26,0,0.0
2026-09-08,2026-09-07,40875,11768930,EDCKUL21RPPBD214,L1,20,20,100.0
2026-09-08,2026-09-07,40875,11768930,EDCKUL21RPPBD214,L2,35,0,0.0
2026-09-08,2026-09-07,40875,11768930,EDCKUL21RPPBD214,L3,26,0,0.0
2026-09-08,2026-09-07,40875,11768931,EDCKUL21RPPBD314,L1,20,20,100.0
2026-09-08,2026-09-07,40875,11768931,EDCKUL21RPPBD314,L2,35,0,0.0
2026-09-08,2026-09-07,40875,11768931,EDCKUL21RPPBD314,L3,26,0,0.0
2026-09-08,2026-09-07,40875,11768932,EDCKUL21RPPBD414,L1,20,20,100.0
2026-09-08,2026-09-07,40875,11768932,EDCKUL21RPPBD414,L2,35,0,0.0
2026-09-08,2026-09-07,40875,11768932,EDCKUL21RPPBD414,L3,26,0,0.0
2026-09-08,2026-09-07,40875,11768933,EDCKUL21RPPBD124,L1,20,20,100.0
2026-09-08,2026-09-07,40875,11768933,EDCKUL21RPPBD124,L2,35,0,0.0
2026-09-08,2026-09-07,40875,11768933,EDCKUL21RPPBD124,L3,26,0,0.0
2026-09-08,2026-09-07,40875,11768934,EDCKUL21RPPBD224,L1,20,20,100.0
2026-09-08,2026-09-07,40875,11768934,EDCKUL21RPPBD224,L2,35,0,0.0
2026-09-08,2026-09-07,40875,11768934,EDCKUL21RPPBD224,L3,26,0,0.0
2026-09-08,2026-09-07,40875,11768935,EDCKUL21RPPBD324,L1,20,20,100.0
2026-09-08,2026-09-07,40875,11768935,EDCKUL21RPPBD324,L2,35,0,0.0
2026-09-08,2026-09-07,40875,11768935,EDCKUL21RPPBD324,L3,26,0,0.0
2026-09-08,2026-09-07,40875,11768936,EDCKUL21RPPBD424,L1,20,20,100.0
2026-09-08,2026-09-07,40875,11768936,EDCKUL21RPPBD424,L2,35,0,0.0
2026-09-08,2026-09-07,40875,11768936,EDCKUL21RPPBD424,L3,26,0,0.0
2026-09-08,2026-09-07,40875,11768937,EDCKUL21RPPBD134,L1,20,20,100.0
2026-09-08,2026-09-07,40875,11768937,EDCKUL21RPPBD134,L2,35,0,0.0
2026-09-08,2026-09-07,40875,11768937,EDCKUL21RPPBD134,L3,26,0,0.0
2026-09-08,2026-09-07,40875,11768938,EDCKUL21RPPBD234,L1,20,20,100.0
2026-09-08,2026-09-07,40875,11768938,EDCKUL21RPPBD234,L2,35,0,0.0
2026-09-08,2026-09-07,40875,11768938,EDCKUL21RPPBD234,L3,26,0,0.0
2026-09-08,2026-09-07,40875,11768939,EDCKUL21RPPBD334,L1,20,20,100.0
2026-09-08,2026-09-07,40875,11768939,EDCKUL21RPPBD334,L2,35,0,0.0
2026-09-08,2026-09-07,40875,11768939,EDCKUL21RPPBD334,L3,26,0,0.0
2026-09-08,2026-09-07,40875,11768940,EDCKUL21RPPBD434,L1,20,20,100.0
2026-09-08,2026-09-07,40875,11768940,EDCKUL21RPPBD434,L2,35,0,0.0
2026-09-08,2026-09-07,40875,11768940,EDCKUL21RPPBD434,L3,26,0,0.0
2026-09-08,2026-09-07,40875,11768941,EDCKUL21RPPBD144,L1,20,20,100.0
2026-09-08,2026-09-07,40875,11768941,EDCKUL21RPPBD144,L2,35,0,0.0
2026-09-08,2026-09-07,40875,11768941,EDCKUL21RPPBD144,L3,26,0,0.0
2026-09-08,2026-09-07,40875,11768942,EDCKUL21RPPBD244,L1,20,20,100.0
2026-09-08,2026-09-07,40875,11768942,EDCKUL21RPPBD244,L2,35,0,0.0
2026-09-08,2026-09-07,40875,11768942,EDCKUL21RPPBD244,L3,26,0,0.0
2026-09-08,2026-09-07,40875,11768943,EDCKUL21RPPBD344,L1,20,20,100.0
2026-09-08,2026-09-07,40875,11768943,EDCKUL21RPPBD344,L2,35,0,0.0
2026-09-08,2026-09-07,40875,11768943,EDCKUL21RPPBD344,L3,26,0,0.0
2026-09-08,2026-09-07,40875,11768944,EDCKUL21RPPBD444,L1,20,20,100.0
2026-09-08,2026-09-07,40875,11768944,EDCKUL21RPPBD444,L2,35,0,0.0
2026-09-08,2026-09-07,40875,11768944,EDCKUL21RPPBD444,L3,26,0,0.0
2026-09-08,2026-09-07,40875,11768945,EDCKUL21RPPBE114,L1,20,20,100.0
2026-09-08,2026-09-07,40875,11768945,EDCKUL21RPPBE114,L2,35,0,0.0
2026-09-08,2026-09-07,40875,11768945,EDCKUL21RPPBE114,L3,26,0,0.0
2026-09-08,2026-09-07,40875,11768946,EDCKUL21RPPBE214,L1,20,20,100.0
2026-09-08,2026-09-07,40875,11768946,EDCKUL21RPPBE214,L2,35,0,0.0
2026-09-08,2026-09-07,40875,11768946,EDCKUL21RPPBE214,L3,26,0,0.0
2026-09-08,2026-09-07,40875,11768947,EDCKUL21RPPBE314,L1,20,20,100.0
2026-09-08,2026-09-07,40875,11768947,EDCKUL21RPPBE314,L2,35,0,0.0
2026-09-08,2026-09-07,40875,11768947,EDCKUL21RPPBE314,L3,26,0,0.0
2026-09-08,2026-09-07,40875,11768948,EDCKUL21RPPBE414,L1,20,20,100.0
2026-09-08,2026-09-07,40875,11768948,EDCKUL21RPPBE414,L2,35,0,0.0
2026-09-08,2026-09-07,40875,11768948,EDCKUL21RPPBE414,L3,26,0,0.0
2026-09-08,2026-09-07,40875,11768949,EDCKUL21RPPBE124,L1,20,20,100.0
2026-09-08,2026-09-07,40875,11768949,EDCKUL21RPPBE124,L2,35,0,0.0
2026-09-08,2026-09-07,40875,11768949,EDCKUL21RPPBE124,L3,26,0,0.0
2026-09-08,2026-09-07,40875,11768950,EDCKUL21RPPBE224,L1,20,20,100.0
2026-09-08,2026-09-07,40875,11768950,EDCKUL21RPPBE224,L2,35,0,0.0
2026-09-08,2026-09-07,40875,11768950,EDCKUL21RPPBE224,L3,26,0,0.0
2026-09-08,2026-09-07,40875,11768951,EDCKUL21RPPBE324,L1,20,20,100.0
2026-09-08,2026-09-07,40875,11768951,EDCKUL21RPPBE324,L2,35,0,0.0
2026-09-08,2026-09-07,40875,11768951,EDCKUL21RPPBE324,L3,26,0,0.0
2026-09-08,2026-09-07,40875,11768952,EDCKUL21RPPBE424,L1,20,20,100.0
2026-09-08,2026-09-07,40875,11768952,EDCKUL21RPPBE424,L2,35,0,0.0
2026-09-08,2026-09-07,40875,11768952,EDCKUL21RPPBE424,L3,26,0,0.0
2026-09-08,2026-09-07,40875,11768953,EDCKUL21RPPBE134,L1,20,20,100.0
2026-09-08,2026-09-07,40875,11768953,EDCKUL21RPPBE134,L2,35,0,0.0
2026-09-08,2026-09-07,40875,11768953,EDCKUL21RPPBE134,L3,26,0,0.0
2026-09-08,2026-09-07,40875,11768954,EDCKUL21RPPBE234,L1,20,20,100.0
2026-09-08,2026-09-07,40875,11768954,EDCKUL21RPPBE234,L2,35,0,0.0
2026-09-08,2026-09-07,40875,11768954,EDCKUL21RPPBE234,L3,26,0,0.0
2026-09-08,2026-09-07,40875,11768955,EDCKUL21RPPBE334,L1,20,20,100.0
2026-09-08,2026-09-07,40875,11768955,EDCKUL21RPPBE334,L2,35,0,0.0
2026-09-08,2026-09-07,40875,11768955,EDCKUL21RPPBE334,L3,26,0,0.0
2026-09-08,2026-09-07,40875,11768956,EDCKUL21RPPBE434,L1,20,20,100.0
2026-09-08,2026-09-07,40875,11768956,EDCKUL21RPPBE434,L2,35,0,0.0
2026-09-08,2026-09-07,40875,11768956,EDCKUL21RPPBE434,L3,26,0,0.0
2026-09-08,2026-09-07,40875,11768957,EDCKUL21RPPBE144,L1,20,20,100.0
2026-09-08,2026-09-07,40875,11768957,EDCKUL21RPPBE144,L2,35,0,0.0
2026-09-08,2026-09-07,40875,11768957,EDCKUL21RPPBE144,L3,26,0,0.0
2026-09-08,2026-09-07,40875,11768958,EDCKUL21RPPBE244,L1,20,20,100.0
2026-09-08,2026-09-07,40875,11768958,EDCKUL21RPPBE244,L2,35,0,0.0
2026-09-08,2026-09-07,40875,11768958,EDCKUL21RPPBE244,L3,26,0,0.0
2026-09-08,2026-09-07,40875,11768959,EDCKUL21RPPBE344,L1,20,20,100.0
2026-09-08,2026-09-07,40875,11768959,EDCKUL21RPPBE344,L2,35,0,0.0
2026-09-08,2026-09-07,40875,11768959,EDCKUL21RPPBE344,L3,26,0,0.0
2026-09-08,2026-09-07,40875,11768960,EDCKUL21RPPBE444,L1,20,20,100.0
2026-09-08,2026-09-07,40875,11768960,EDCKUL21RPPBE444,L2,35,0,0.0
2026-09-08,2026-09-07,40875,11768960,EDCKUL21RPPBE444,L3,26,0,0.0
2026-09-08,2026-09-07,40875,11768961,EDCKUL21RPPBF114,L1,20,20,100.0
2026-09-08,2026-09-07,40875,11768961,EDCKUL21RPPBF114,L2,35,0,0.0
2026-09-08,2026-09-07,40875,11768961,EDCKUL21RPPBF114,L3,26,0,0.0
2026-09-08,2026-09-07,40875,11768962,EDCKUL21RPPBF214,L1,20,20,100.0
2026-09-08,2026-09-07,40875,11768962,EDCKUL21RPPBF214,L2,35,0,0.0
2026-09-08,2026-09-07,40875,11768962,EDCKUL21RPPBF214,L3,26,0,0.0
2026-09-08,2026-09-07,40875,11768963,EDCKUL21RPPBF314,L1,20,20,100.0
2026-09-08,2026-09-07,40875,11768963,EDCKUL21RPPBF314,L2,35,0,0.0
2026-09-08,2026-09-07,40875,11768963,EDCKUL21RPPBF314,L3,26,0,0.0
2026-09-08,2026-09-07,40875,11768964,EDCKUL21RPPBF414,L1,20,20,100.0
2026-09-08,2026-09-07,40875,11768964,EDCKUL21RPPBF414,L2,35,0,0.0
2026-09-08,2026-09-07,40875,11768964,EDCKUL21RPPBF414,L3,26,0,0.0
2026-09-08,2026-09-07,40875,11768965,EDCKUL21RPPBF124,L1,20,20,100.0
2026-09-08,2026-09-07,40875,11768965,EDCKUL21RPPBF124,L2,35,0,0.0
2026-09-08,2026-09-07,40875,11768965,EDCKUL21RPPBF124,L3,26,0,0.0
2026-09-08,2026-09-07,40875,11768966,EDCKUL21RPPBF224,L1,20,20,100.0
2026-09-08,2026-09-07,40875,11768966,EDCKUL21RPPBF224,L2,35,0,0.0
2026-09-08,2026-09-07,40875,11768966,EDCKUL21RPPBF224,L3,26,0,0.0
2026-09-08,2026-09-07,40875,11768967,EDCKUL21RPPBF324,L1,20,20,100.0
2026-09-08,2026-09-07,40875,11768967,EDCKUL21RPPBF324,L2,35,0,0.0
2026-09-08,2026-09-07,40875,11768967,EDCKUL21RPPBF324,L3,26,0,0.0
2026-09-08,2026-09-07,40875,11768968,EDCKUL21RPPBF424,L1,20,20,100.0
2026-09-08,2026-09-07,40875,11768968,EDCKUL21RPPBF424,L2,35,0,0.0
2026-09-08,2026-09-07,40875,11768968,EDCKUL21RPPBF424,L3,26,0,0.0
2026-09-08,2026-09-07,40875,11768969,EDCKUL21RPPBF134,L1,20,20,100.0
2026-09-08,2026-09-07,40875,11768969,EDCKUL21RPPBF134,L2,35,0,0.0
2026-09-08,2026-09-07,40875,11768969,EDCKUL21RPPBF134,L3,26,0,0.0
2026-09-08,2026-09-07,40875,11768970,EDCKUL21RPPBF234,L1,20,20,100.0
2026-09-08,2026-09-07,40875,11768970,EDCKUL21RPPBF234,L2,35,0,0.0
2026-09-08,2026-09-07,40875,11768970,EDCKUL21RPPBF234,L3,26,0,0.0
2026-09-08,2026-09-07,40875,11768971,EDCKUL21RPPBF334,L1,20,20,100.0
2026-09-08,2026-09-07,40875,11768971,EDCKUL21RPPBF334,L2,35,0,0.0
2026-09-08,2026-09-07,40875,11768971,EDCKUL21RPPBF334,L3,26,0,0.0
2026-09-08,2026-09-07,40875,11768972,EDCKUL21RPPBF434,L1,20,20,100.0
2026-09-08,2026-09-07,40875,11768972,EDCKUL21RPPBF434,L2,35,0,0.0
2026-09-08,2026-09-07,40875,11768972,EDCKUL21RPPBF434,L3,26,0,0.0
2026-09-08,2026-09-07,40875,11768973,EDCKUL21RPPBF144,L1,20,20,100.0
2026-09-08,2026-09-07,40875,11768973,EDCKUL21RPPBF144,L2,35,0,0.0
2026-09-08,2026-09-07,40875,11768973,EDCKUL21RPPBF144,L3,26,0,0.0
2026-09-08,2026-09-07,40875,11768974,EDCKUL21RPPBF244,L1,20,20,100.0
2026-09-08,2026-09-07,40875,11768974,EDCKUL21RPPBF244,L2,35,0,0.0
2026-09-08,2026-09-07,40875,11768974,EDCKUL21RPPBF244,L3,26,0,0.0
2026-09-08,2026-09-07,40875,11768975,EDCKUL21RPPBF344,L1,20,20,100.0
2026-09-08,2026-09-07,40875,11768975,EDCKUL21RPPBF344,L2,35,0,0.0
2026-09-08,2026-09-07,40875,11768975,EDCKUL21RPPBF344,L3,26,0,0.0
2026-09-08,2026-09-07,40875,11768976,EDCKUL21RPPBF444,L1,20,20,100.0
2026-09-08,2026-09-07,40875,11768976,EDCKUL21RPPBF444,L2,35,0,0.0
2026-09-08,2026-09-07,40875,11768976,EDCKUL21RPPBF444,L3,26,0,0.0
2026-09-08,2026-09-07,40875,11768977,EDCKUL21STSBA310,L1,21,21,100.0
2026-09-08,2026-09-07,40875,11768977,EDCKUL21STSBA310,L2,40,0,0.0
2026-09-08,2026-09-07,40875,11768977,EDCKUL21STSBA310,L3,26,0,0.0
2026-09-08,2026-09-07,40875,11768978,EDCKUL21STSBA410,L1,21,21,100.0
2026-09-08,2026-09-07,40875,11768978,EDCKUL21STSBA410,L2,40,0,0.0
2026-09-08,2026-09-07,40875,11768978,EDCKUL21STSBA410,L3,26,0,0.0
2026-09-08,2026-09-07,40875,11768979,EDCKUL21STSBB310,L1,21,21,100.0
2026-09-08,2026-09-07,40875,11768979,EDCKUL21STSBB310,L2,40,0,0.0
2026-09-08,2026-09-07,40875,11768979,EDCKUL21STSBB310,L3,26,0,0.0
2026-09-08,2026-09-07,40875,11768980,EDCKUL21STSBB410,L1,21,21,100.0
2026-09-08,2026-09-07,40875,11768980,EDCKUL21STSBB410,L2,40,0,0.0
2026-09-08,2026-09-07,40875,11768980,EDCKUL21STSBB410,L3,26,0,0.0
2026-09-08,2026-09-07,40875,11768981,EDCKUL21STSBC310,L1,21,21,100.0
2026-09-08,2026-09-07,40875,11768981,EDCKUL21STSBC310,L2,40,0,0.0
2026-09-08,2026-09-07,40875,11768981,EDCKUL21STSBC310,L3,26,0,0.0
2026-09-08,2026-09-07,40875,11768982,EDCKUL21STSBC410,L1,21,21,100.0
2026-09-08,2026-09-07,40875,11768982,EDCKUL21STSBC410,L2,40,0,0.0
2026-09-08,2026-09-07,40875,11768982,EDCKUL21STSBC410,L3,26,0,0.0
2026-09-08,2026-09-07,40875,11768983,EDCKUL21STSBD310,L1,21,21,100.0
2026-09-08,2026-09-07,40875,11768983,EDCKUL21STSBD310,L2,40,0,0.0
2026-09-08,2026-09-07,40875,11768983,EDCKUL21STSBD310,L3,26,0,0.0
2026-09-08,2026-09-07,40875,11768984,EDCKUL21STSBD410,L1,21,21,100.0
2026-09-08,2026-09-07,40875,11768984,EDCKUL21STSBD410,L2,40,0,0.0
2026-09-08,2026-09-07,40875,11768984,EDCKUL21STSBD410,L3,26,0,0.0
2026-09-08,2026-09-07,40875,11768985,EDCKUL21STSBE310,L1,21,21,100.0
2026-09-08,2026-09-07,40875,11768985,EDCKUL21STSBE310,L2,40,0,0.0
2026-09-08,2026-09-07,40875,11768985,EDCKUL21STSBE310,L3,26,0,0.0
2026-09-08,2026-09-07,40875,11768986,EDCKUL21STSBE410,L1,21,21,100.0
2026-09-08,2026-09-07,40875,11768986,EDCKUL21STSBE410,L2,40,0,0.0
2026-09-08,2026-09-07,40875,11768986,EDCKUL21STSBE410,L3,26,0,0.0
2026-09-08,2026-09-07,40875,11768987,EDCKUL21STSBF310,L1,21,21,100.0
2026-09-08,2026-09-07,40875,11768987,EDCKUL21STSBF310,L2,40,0,0.0
2026-09-08,2026-09-07,40875,11768987,EDCKUL21STSBF310,L3,26,0,0.0
2026-09-08,2026-09-07,40875,11768988,EDCKUL21STSBF410,L1,21,21,100.0
2026-09-08,2026-09-07,40875,11768988,EDCKUL21STSBF410,L2,40,0,0.0
2026-09-08,2026-09-07,40875,11768988,EDCKUL21STSBF410,L3,26,0,0.0
2026-09-08,2026-09-07,40875,11768989,EDCKUL21UDPBA110,L1,20,20,100.0
2026-09-08,2026-09-07,40875,11768989,EDCKUL21UDPBA110,L2,35,0,0.0
2026-09-08,2026-09-07,40875,11768989,EDCKUL21UDPBA110,L3,26,0,0.0
2026-09-08,2026-09-07,40875,11768990,EDCKUL21UDPBA220,L1,20,20,100.0
2026-09-08,2026-09-07,40875,11768990,EDCKUL21UDPBA220,L2,35,7,20.0
2026-09-08,2026-09-07,40875,11768990,EDCKUL21UDPBA220,L3,26,0,0.0
2026-09-08,2026-09-07,40875,11768991,EDCKUL21UDPBA330,L1,20,20,100.0
2026-09-08,2026-09-07,40875,11768991,EDCKUL21UDPBA330,L2,35,7,20.0
2026-09-08,2026-09-07,40875,11768991,EDCKUL21UDPBA330,L3,26,0,0.0
2026-09-08,2026-09-07,40875,11768992,EDCKUL21UDPBA440,L1,20,20,100.0
2026-09-08,2026-09-07,40875,11768992,EDCKUL21UDPBA440,L2,35,7,20.0
2026-09-08,2026-09-07,40875,11768992,EDCKUL21UDPBA440,L3,26,0,0.0
2026-09-08,2026-09-07,40875,11768993,EDCKUL21UDPBB110,L1,20,20,100.0
2026-09-08,2026-09-07,40875,11768993,EDCKUL21UDPBB110,L2,35,7,20.0
2026-09-08,2026-09-07,40875,11768993,EDCKUL21UDPBB110,L3,26,0,0.0
2026-09-08,2026-09-07,40875,11768994,EDCKUL21UDPBB220,L1,20,20,100.0
2026-09-08,2026-09-07,40875,11768994,EDCKUL21UDPBB220,L2,35,0,0.0
2026-09-08,2026-09-07,40875,11768994,EDCKUL21UDPBB220,L3,26,0,0.0
2026-09-08,2026-09-07,40875,11768995,EDCKUL21UDPBB330,L1,20,20,100.0
2026-09-08,2026-09-07,40875,11768995,EDCKUL21UDPBB330,L2,35,0,0.0
2026-09-08,2026-09-07,40875,11768995,EDCKUL21UDPBB330,L3,26,0,0.0
2026-09-08,2026-09-07,40875,11768996,EDCKUL21UDPBB440,L1,20,20,100.0
2026-09-08,2026-09-07,40875,11768996,EDCKUL21UDPBB440,L2,35,0,0.0
2026-09-08,2026-09-07,40875,11768996,EDCKUL21UDPBB440,L3,26,0,0.0
2026-09-08,2026-09-07,40875,11768997,EDCKUL21UDPBC110,L1,20,20,100.0
2026-09-08,2026-09-07,40875,11768997,EDCKUL21UDPBC110,L2,35,0,0.0
2026-09-08,2026-09-07,40875,11768997,EDCKUL21UDPBC110,L3,26,0,0.0
2026-09-08,2026-09-07,40875,11768998,EDCKUL21UDPBC220,L1,20,20,100.0
2026-09-08,2026-09-07,40875,11768998,EDCKUL21UDPBC220,L2,35,0,0.0
2026-09-08,2026-09-07,40875,11768998,EDCKUL21UDPBC220,L3,26,0,0.0
2026-09-08,2026-09-07,40875,11768999,EDCKUL21UDPBC330,L1,20,20,100.0
2026-09-08,2026-09-07,40875,11768999,EDCKUL21UDPBC330,L2,35,7,20.0
2026-09-08,2026-09-07,40875,11768999,EDCKUL21UDPBC330,L3,26,0,0.0
2026-09-08,2026-09-07,40875,11769000,EDCKUL21UDPBC440,L1,20,20,100.0
2026-09-08,2026-09-07,40875,11769000,EDCKUL21UDPBC440,L2,35,7,20.0
2026-09-08,2026-09-07,40875,11769000,EDCKUL21UDPBC440,L3,26,0,0.0
2026-09-08,2026-09-07,40875,11769001,EDCKUL21UDPBD110,L1,20,20,100.0
2026-09-08,2026-09-07,40875,11769001,EDCKUL21UDPBD110,L2,35,0,0.0
2026-09-08,2026-09-07,40875,11769001,EDCKUL21UDPBD110,L3,26,0,0.0
2026-09-08,2026-09-07,40875,11769002,EDCKUL21UDPBD220,L1,20,20,100.0
2026-09-08,2026-09-07,40875,11769002,EDCKUL21UDPBD220,L2,35,7,20.0
2026-09-08,2026-09-07,40875,11769002,EDCKUL21UDPBD220,L3,26,0,0.0
2026-09-08,2026-09-07,40875,11769003,EDCKUL21UDPBD330,L1,20,20,100.0
2026-09-08,2026-09-07,40875,11769003,EDCKUL21UDPBD330,L2,35,7,20.0
2026-09-08,2026-09-07,40875,11769003,EDCKUL21UDPBD330,L3,26,0,0.0
2026-09-08,2026-09-07,40875,11769004,EDCKUL21UDPBD440,L1,20,20,100.0
2026-09-08,2026-09-07,40875,11769004,EDCKUL21UDPBD440,L2,35,7,20.0
2026-09-08,2026-09-07,40875,11769004,EDCKUL21UDPBD440,L3,26,0,0.0
2026-09-08,2026-09-07,40875,11769005,EDCKUL21UDPBE110,L1,20,20,100.0
2026-09-08,2026-09-07,40875,11769005,EDCKUL21UDPBE110,L2,35,7,20.0
2026-09-08,2026-09-07,40875,11769005,EDCKUL21UDPBE110,L3,26,0,0.0
2026-09-08,2026-09-07,40875,11769006,EDCKUL21UDPBE220,L1,20,20,100.0
2026-09-08,2026-09-07,40875,11769006,EDCKUL21UDPBE220,L2,35,7,20.0
2026-09-08,2026-09-07,40875,11769006,EDCKUL21UDPBE220,L3,26,0,0.0
2026-09-08,2026-09-07,40875,11769007,EDCKUL21UDPBE330,L1,20,20,100.0
2026-09-08,2026-09-07,40875,11769007,EDCKUL21UDPBE330,L2,35,7,20.0
2026-09-08,2026-09-07,40875,11769007,EDCKUL21UDPBE330,L3,26,0,0.0
2026-09-08,2026-09-07,40875,11769008,EDCKUL21UDPBE440,L1,20,20,100.0
2026-09-08,2026-09-07,40875,11769008,EDCKUL21UDPBE440,L2,35,7,20.0
2026-09-08,2026-09-07,40875,11769008,EDCKUL21UDPBE440,L3,26,0,0.0
2026-09-08,2026-09-07,40875,11769009,EDCKUL21UDPBF110,L1,20,20,100.0
2026-09-08,2026-09-07,40875,11769009,EDCKUL21UDPBF110,L2,35,7,20.0
2026-09-08,2026-09-07,40875,11769009,EDCKUL21UDPBF110,L3,26,0,0.0
2026-09-08,2026-09-07,40875,11769010,EDCKUL21UDPBF220,L1,20,20,100.0
2026-09-08,2026-09-07,40875,11769010,EDCKUL21UDPBF220,L2,35,7,20.0
2026-09-08,2026-09-07,40875,11769010,EDCKUL21UDPBF220,L3,26,0,0.0
2026-09-08,2026-09-07,40875,11769011,EDCKUL21UDPBF330,L1,20,20,100.0
2026-09-08,2026-09-07,40875,11769011,EDCKUL21UDPBF330,L2,35,7,20.0
2026-09-08,2026-09-07,40875,11769011,EDCKUL21UDPBF330,L3,26,0,0.0
2026-09-08,2026-09-07,40875,11769012,EDCKUL21UDPBF440,L1,20,20,100.0
2026-09-08,2026-09-07,40875,11769012,EDCKUL21UDPBF440,L2,35,7,20.0
2026-09-08,2026-09-07,40875,11769012,EDCKUL21UDPBF440,L3,26,0,0.0
2026-09-08,2026-09-07,40875,11769013,EDCKUL21MBCBA210,L1,21,21,100.0
2026-09-08,2026-09-07,40875,11769013,EDCKUL21MBCBA210,L2,40,39,97.5
2026-09-08,2026-09-07,40875,11769013,EDCKUL21MBCBA210,L3,26,0,0.0
2026-09-08,2026-09-07,40875,11769014,EDCKUL21MBCBB210,L1,21,21,100.0
2026-09-08,2026-09-07,40875,11769014,EDCKUL21MBCBB210,L2,40,38,95.0
2026-09-08,2026-09-07,40875,11769014,EDCKUL21MBCBB210,L3,26,0,0.0
2026-09-08,2026-09-07,40875,11769015,EDCKUL21MBCBC210,L1,21,21,100.0
2026-09-08,2026-09-07,40875,11769015,EDCKUL21MBCBC210,L2,40,40,100.0
2026-09-08,2026-09-07,40875,11769015,EDCKUL21MBCBC210,L3,26,0,0.0
2026-09-08,2026-09-07,40875,11769016,EDCKUL21MBCBD210,L1,21,21,100.0
2026-09-08,2026-09-07,40875,11769016,EDCKUL21MBCBD210,L2,40,40,100.0
2026-09-08,2026-09-07,40875,11769016,EDCKUL21MBCBD210,L3,26,0,0.0
2026-09-08,2026-09-07,40875,11769017,EDCKUL21MBCBE210,L1,21,21,100.0
2026-09-08,2026-09-07,40875,11769017,EDCKUL21MBCBE210,L2,40,40,100.0
2026-09-08,2026-09-07,40875,11769017,EDCKUL21MBCBE210,L3,26,0,0.0
2026-09-08,2026-09-07,40875,11769018,EDCKUL21MBCBF210,L1,21,21,100.0
2026-09-08,2026-09-07,40875,11769018,EDCKUL21MBCBF210,L2,40,40,100.0
2026-09-08,2026-09-07,40875,11769018,EDCKUL21MBCBF210,L3,26,0,0.0
2026-09-08,2026-09-07,40875,11769019,EDCKUL21MBCBH210,L1,21,21,100.0
2026-09-08,2026-09-07,40875,11769019,EDCKUL21MBCBH210,L2,40,40,100.0
2026-09-08,2026-09-07,40875,11769019,EDCKUL21MBCBH210,L3,26,0,0.0
2026-09-08,2026-09-07,40875,11769020,EDCKUL21MBCBZ210,L1,21,21,100.0
2026-09-08,2026-09-07,40875,11769020,EDCKUL21MBCBZ210,L2,40,40,100.0
2026-09-08,2026-09-07,40875,11769020,EDCKUL21MBCBZ210,L3,26,0,0.0
2026-09-08,2026-09-07,40875,11769031,EDCKUL21ACS00860,L1,21,0,0.0
2026-09-08,2026-09-07,40875,11769031,EDCKUL21ACS00860,L2,35,0,0.0
2026-09-08,2026-09-07,40875,11769031,EDCKUL21ACS00860,L3,26,0,0.0
2026-09-08,2026-09-07,40875,11769033,EDCKUL21ACS005D0,L1,21,21,100.0
2026-09-08,2026-09-07,40875,11769033,EDCKUL21ACS005D0,L2,40,40,100.0
2026-09-08,2026-09-07,40875,11769033,EDCKUL21ACS005D0,L3,26,0,0.0
2026-09-08,2026-09-07,40875,11769034,EDCKUL21ACS00360,L1,21,0,0.0
2026-09-08,2026-09-07,40875,11769034,EDCKUL21ACS00360,L2,35,0,0.0
2026-09-08,2026-09-07,40875,11769034,EDCKUL21ACS00360,L3,26,0,0.0
2026-09-08,2026-09-07,40875,11769035,EDCKUL21ACS00450,L1,21,21,100.0
2026-09-08,2026-09-07,40875,11769035,EDCKUL21ACS00450,L2,35,0,0.0
2026-09-08,2026-09-07,40875,11769035,EDCKUL21ACS00450,L3,26,0,0.0
2026-09-08,2026-09-07,40875,11769036,EDCKUL21ACS002B0,L1,21,21,100.0
2026-09-08,2026-09-07,40875,11769036,EDCKUL21ACS002B0,L2,40,9,22.5
2026-09-08,2026-09-07,40875,11769036,EDCKUL21ACS002B0,L3,26,0,0.0
2026-09-08,2026-09-07,40875,11964144,EDCKUL21DPPBHE20,L1,21,21,100.0
2026-09-08,2026-09-07,40875,11964144,EDCKUL21DPPBHE20,L2,40,40,100.0
2026-09-08,2026-09-07,40875,11964144,EDCKUL21DPPBHE20,L3,26,0,0.0
2026-09-08,2026-09-07,40875,11997358,EDCKUL21BMP00104,L1,20,20,100.0
2026-09-08,2026-09-07,40875,11997358,EDCKUL21BMP00104,L2,35,5,14.29
2026-09-08,2026-09-07,40875,11997358,EDCKUL21BMP00104,L3,26,0,0.0
2026-09-08,2026-09-07,40875,11997359,EDCKUL21BMP00204,L1,20,20,100.0
2026-09-08,2026-09-07,40875,11997359,EDCKUL21BMP00204,L2,35,0,0.0
2026-09-08,2026-09-07,40875,11997359,EDCKUL21BMP00204,L3,26,0,0.0
2026-09-08,2026-09-07,40875,11997360,EDCKUL21BMP00101,L1,20,20,100.0
2026-09-08,2026-09-07,40875,11997360,EDCKUL21BMP00101,L2,35,0,0.0
2026-09-08,2026-09-07,40875,11997360,EDCKUL21BMP00101,L3,26,0,0.0
2026-09-08,2026-09-07,40875,11997361,EDCKUL21BMP00201,L1,20,20,100.0
2026-09-08,2026-09-07,40875,11997361,EDCKUL21BMP00201,L2,35,0,0.0
2026-09-08,2026-09-07,40875,11997361,EDCKUL21BMP00201,L3,26,0,0.0
2026-09-08,2026-09-07,40875,12017614,EDCKUL21DPPBHF20,L1,20,20,100.0
2026-09-08,2026-09-07,40875,12017614,EDCKUL21DPPBHF20,L2,35,35,100.0
2026-09-08,2026-09-07,40875,12017614,EDCKUL21DPPBHF20,L3,26,0,0.0
2026-09-08,2026-09-07,40875,12062120,EDCKUL21FCU00110,L1,21,21,100.0
2026-09-08,2026-09-07,40875,12062120,EDCKUL21FCU00110,L2,35,35,100.0
2026-09-08,2026-09-07,40875,12062120,EDCKUL21FCU00110,L3,26,0,0.0
2026-09-08,2026-09-07,40875,12062121,EDCKUL21FCU00210,L1,21,21,100.0
2026-09-08,2026-09-07,40875,12062121,EDCKUL21FCU00210,L2,35,35,100.0
2026-09-08,2026-09-07,40875,12062121,EDCKUL21FCU00210,L3,26,0,0.0
2026-09-08,2026-09-07,40875,12062122,EDCKUL21FCU00310,L1,21,21,100.0
2026-09-08,2026-09-07,40875,12062122,EDCKUL21FCU00310,L2,35,35,100.0
2026-09-08,2026-09-07,40875,12062122,EDCKUL21FCU00310,L3,26,0,0.0
2026-09-08,2026-09-07,40875,12062123,EDCKUL21FCC00100,L1,21,21,100.0
2026-09-08,2026-09-07,40875,12062123,EDCKUL21FCC00100,L2,35,34,97.14
2026-09-08,2026-09-07,40875,12062123,EDCKUL21FCC00100,L3,26,0,0.0
2026-09-08,2026-09-07,40875,12062124,EDCKUL21FCC00200,L1,21,21,100.0
2026-09-08,2026-09-07,40875,12062124,EDCKUL21FCC00200,L2,35,35,100.0
2026-09-08,2026-09-07,40875,12062124,EDCKUL21FCC00200,L3,26,0,0.0
2026-09-08,2026-09-07,40875,12062125,EDCKUL21FCC00300,L1,21,21,100.0
2026-09-08,2026-09-07,40875,12062125,EDCKUL21FCC00300,L2,35,35,100.0
2026-09-08,2026-09-07,40875,12062125,EDCKUL21FCC00300,L3,26,0,0.0
2026-09-08,2026-09-07,40875,12089345,EDCKUL21DPPBHG20,L1,21,0,0.0
2026-09-08,2026-09-07,40875,12089345,EDCKUL21DPPBHG20,L2,40,0,0.0
2026-09-08,2026-09-07,40875,12089345,EDCKUL21DPPBHG20,L3,26,0,0.0
2026-09-08,2026-09-07,40875,12089396,EDCKUL21EPPBH710,L1,20,20,100.0
2026-09-08,2026-09-07,40875,12089396,EDCKUL21EPPBH710,L2,35,34,97.14
2026-09-08,2026-09-07,40875,12089396,EDCKUL21EPPBH710,L3,26,0,0.0
2026-09-08,2026-09-07,40875,12089398,EDCKUL21MDPBHK10,L1,20,20,100.0
2026-09-08,2026-09-07,40875,12089398,EDCKUL21MDPBHK10,L2,35,0,0.0
2026-09-08,2026-09-07,40875,12089398,EDCKUL21MDPBHK10,L3,26,0,0.0
2026-09-08,2026-09-07,40875,12089399,EDCKUL21MDPBHL10,L1,20,20,100.0
2026-09-08,2026-09-07,40875,12089399,EDCKUL21MDPBHL10,L2,35,0,0.0
2026-09-08,2026-09-07,40875,12089399,EDCKUL21MDPBHL10,L3,26,0,0.0
2026-09-08,2026-09-07,40875,12089403,EDCKUL21MDPBH4H0,L1,20,20,100.0
2026-09-08,2026-09-07,40875,12089403,EDCKUL21MDPBH4H0,L2,35,0,0.0
2026-09-08,2026-09-07,40875,12089403,EDCKUL21MDPBH4H0,L3,26,0,0.0
2026-09-08,2026-09-07,40875,12549367,EDCKUL21GDS00100,L1,20,0,0.0
2026-09-08,2026-09-07,40875,12549367,EDCKUL21GDS00100,L2,35,0,0.0
2026-09-08,2026-09-07,40875,12549367,EDCKUL21GDS00100,L3,26,0,0.0
2026-09-08,2026-09-07,40875,12549368,EDCKUL21GDS00200,L1,20,0,0.0
2026-09-08,2026-09-07,40875,12549368,EDCKUL21GDS00200,L2,35,0,0.0
2026-09-08,2026-09-07,40875,12549368,EDCKUL21GDS00200,L3,26,0,0.0
2026-09-08,2026-09-07,40875,12549369,EDCKUL21EXF01500,L1,20,19,95.0
2026-09-08,2026-09-07,40875,12549369,EDCKUL21EXF01500,L2,35,0,0.0
2026-09-08,2026-09-07,40875,12549369,EDCKUL21EXF01500,L3,26,0,0.0
2026-09-08,2026-09-07,40875,12549370,EDCKUL21EXF01600,L1,20,19,95.0
2026-09-08,2026-09-07,40875,12549370,EDCKUL21EXF01600,L2,35,0,0.0
2026-09-08,2026-09-07,40875,12549370,EDCKUL21EXF01600,L3,26,0,0.0
2026-09-08,2026-09-07,40875,12549371,EDCKUL21EXF01700,L1,20,19,95.0
2026-09-08,2026-09-07,40875,12549371,EDCKUL21EXF01700,L2,35,0,0.0
2026-09-08,2026-09-07,40875,12549371,EDCKUL21EXF01700,L3,26,0,0.0
2026-09-08,2026-09-07,40875,12549372,EDCKUL21EXF02900,L1,20,19,95.0
2026-09-08,2026-09-07,40875,12549372,EDCKUL21EXF02900,L2,35,0,0.0
2026-09-08,2026-09-07,40875,12549372,EDCKUL21EXF02900,L3,26,0,0.0
2026-09-08,2026-09-07,40875,12549373,EDCKUL21EXF01800,L1,20,19,95.0
2026-09-08,2026-09-07,40875,12549373,EDCKUL21EXF01800,L2,35,0,0.0
2026-09-08,2026-09-07,40875,12549373,EDCKUL21EXF01800,L3,26,0,0.0
2026-09-08,2026-09-07,40875,12549374,EDCKUL21EXF01900,L1,20,19,95.0
2026-09-08,2026-09-07,40875,12549374,EDCKUL21EXF01900,L2,35,0,0.0
2026-09-08,2026-09-07,40875,12549374,EDCKUL21EXF01900,L3,26,0,0.0
2026-09-08,2026-09-07,40875,12549375,EDCKUL21EXF02000,L1,20,19,95.0
2026-09-08,2026-09-07,40875,12549375,EDCKUL21EXF02000,L2,35,0,0.0
2026-09-08,2026-09-07,40875,12549375,EDCKUL21EXF02000,L3,26,0,0.0
2026-09-08,2026-09-07,40875,12549376,EDCKUL21EXF02100,L1,20,19,95.0
2026-09-08,2026-09-07,40875,12549376,EDCKUL21EXF02100,L2,35,0,0.0
2026-09-08,2026-09-07,40875,12549376,EDCKUL21EXF02100,L3,26,0,0.0
2026-09-08,2026-09-07,40875,12549377,EDCKUL21BSWBA111,L1,20,0,0.0
2026-09-08,2026-09-07,40875,12549377,EDCKUL21BSWBA111,L2,35,0,0.0
2026-09-08,2026-09-07,40875,12549377,EDCKUL21BSWBA111,L3,26,0,0.0
2026-09-08,2026-09-07,40875,12549378,EDCKUL21BSWBA211,L1,20,0,0.0
2026-09-08,2026-09-07,40875,12549378,EDCKUL21BSWBA211,L2,35,0,0.0
2026-09-08,2026-09-07,40875,12549378,EDCKUL21BSWBA211,L3,26,0,0.0
2026-09-08,2026-09-07,40875,12549379,EDCKUL21BSWBA121,L1,20,0,0.0
2026-09-08,2026-09-07,40875,12549379,EDCKUL21BSWBA121,L2,35,0,0.0
2026-09-08,2026-09-07,40875,12549379,EDCKUL21BSWBA121,L3,26,0,0.0
2026-09-08,2026-09-07,40875,12549380,EDCKUL21BSWBA131,L1,20,0,0.0
2026-09-08,2026-09-07,40875,12549380,EDCKUL21BSWBA131,L2,35,0,0.0
2026-09-08,2026-09-07,40875,12549380,EDCKUL21BSWBA131,L3,26,0,0.0
2026-09-08,2026-09-07,40875,12549381,EDCKUL21BSWBA141,L1,20,0,0.0
2026-09-08,2026-09-07,40875,12549381,EDCKUL21BSWBA141,L2,35,0,0.0
2026-09-08,2026-09-07,40875,12549381,EDCKUL21BSWBA141,L3,26,0,0.0
2026-09-08,2026-09-07,40875,12549382,EDCKUL21BSWBB111,L1,20,0,0.0
2026-09-08,2026-09-07,40875,12549382,EDCKUL21BSWBB111,L2,35,0,0.0
2026-09-08,2026-09-07,40875,12549382,EDCKUL21BSWBB111,L3,26,0,0.0
2026-09-08,2026-09-07,40875,12549383,EDCKUL21BSWBB211,L1,20,0,0.0
2026-09-08,2026-09-07,40875,12549383,EDCKUL21BSWBB211,L2,35,0,0.0
2026-09-08,2026-09-07,40875,12549383,EDCKUL21BSWBB211,L3,26,0,0.0
2026-09-08,2026-09-07,40875,12549384,EDCKUL21BSWBB121,L1,20,0,0.0
2026-09-08,2026-09-07,40875,12549384,EDCKUL21BSWBB121,L2,35,0,0.0
2026-09-08,2026-09-07,40875,12549384,EDCKUL21BSWBB121,L3,26,0,0.0
2026-09-08,2026-09-07,40875,12549385,EDCKUL21BSWBB221,L1,20,0,0.0
2026-09-08,2026-09-07,40875,12549385,EDCKUL21BSWBB221,L2,35,0,0.0
2026-09-08,2026-09-07,40875,12549385,EDCKUL21BSWBB221,L3,26,0,0.0
2026-09-08,2026-09-07,40875,12549386,EDCKUL21BSWBB131,L1,20,0,0.0
2026-09-08,2026-09-07,40875,12549386,EDCKUL21BSWBB131,L2,35,0,0.0
2026-09-08,2026-09-07,40875,12549386,EDCKUL21BSWBB131,L3,26,0,0.0
2026-09-08,2026-09-07,40875,12549387,EDCKUL21BSWBB141,L1,20,0,0.0
2026-09-08,2026-09-07,40875,12549387,EDCKUL21BSWBB141,L2,35,0,0.0
2026-09-08,2026-09-07,40875,12549387,EDCKUL21BSWBB141,L3,26,0,0.0
2026-09-08,2026-09-07,40875,12549388,EDCKUL21BSWBC111,L1,20,0,0.0
2026-09-08,2026-09-07,40875,12549388,EDCKUL21BSWBC111,L2,35,0,0.0
2026-09-08,2026-09-07,40875,12549388,EDCKUL21BSWBC111,L3,26,0,0.0
2026-09-08,2026-09-07,40875,12549389,EDCKUL21BSWBC211,L1,20,0,0.0
2026-09-08,2026-09-07,40875,12549389,EDCKUL21BSWBC211,L2,35,0,0.0
2026-09-08,2026-09-07,40875,12549389,EDCKUL21BSWBC211,L3,26,0,0.0
2026-09-08,2026-09-07,40875,12549390,EDCKUL21BSWBC121,L1,20,0,0.0
2026-09-08,2026-09-07,40875,12549390,EDCKUL21BSWBC121,L2,35,0,0.0
2026-09-08,2026-09-07,40875,12549390,EDCKUL21BSWBC121,L3,26,0,0.0
2026-09-08,2026-09-07,40875,12549391,EDCKUL21BSWBC131,L1,20,0,0.0
2026-09-08,2026-09-07,40875,12549391,EDCKUL21BSWBC131,L2,35,0,0.0
2026-09-08,2026-09-07,40875,12549391,EDCKUL21BSWBC131,L3,26,0,0.0
2026-09-08,2026-09-07,40875,12549392,EDCKUL21BSWBC141,L1,20,0,0.0
2026-09-08,2026-09-07,40875,12549392,EDCKUL21BSWBC141,L2,35,0,0.0
2026-09-08,2026-09-07,40875,12549392,EDCKUL21BSWBC141,L3,26,0,0.0
2026-09-08,2026-09-07,40875,12549393,EDCKUL21BSWBA100,L1,20,20,100.0
2026-09-08,2026-09-07,40875,12549393,EDCKUL21BSWBA100,L2,35,35,100.0
2026-09-08,2026-09-07,40875,12549393,EDCKUL21BSWBA100,L3,26,0,0.0
2026-09-08,2026-09-07,40875,12549394,EDCKUL21BSWBA200,L1,20,20,100.0
2026-09-08,2026-09-07,40875,12549394,EDCKUL21BSWBA200,L2,35,35,100.0
2026-09-08,2026-09-07,40875,12549394,EDCKUL21BSWBA200,L3,26,0,0.0
2026-09-08,2026-09-07,40875,12549395,EDCKUL21BSWBA300,L1,20,20,100.0
2026-09-08,2026-09-07,40875,12549395,EDCKUL21BSWBA300,L2,35,35,100.0
2026-09-08,2026-09-07,40875,12549395,EDCKUL21BSWBA300,L3,26,0,0.0
2026-09-08,2026-09-07,40875,12549396,EDCKUL21BSWBB100,L1,20,20,100.0
2026-09-08,2026-09-07,40875,12549396,EDCKUL21BSWBB100,L2,35,35,100.0
2026-09-08,2026-09-07,40875,12549396,EDCKUL21BSWBB100,L3,26,0,0.0
2026-09-08,2026-09-07,40875,12549397,EDCKUL21BSWBB200,L1,20,20,100.0
2026-09-08,2026-09-07,40875,12549397,EDCKUL21BSWBB200,L2,35,35,100.0
2026-09-08,2026-09-07,40875,12549397,EDCKUL21BSWBB200,L3,26,0,0.0
2026-09-08,2026-09-07,40875,12549398,EDCKUL21BSWBB300,L1,20,20,100.0
2026-09-08,2026-09-07,40875,12549398,EDCKUL21BSWBB300,L2,35,35,100.0
2026-09-08,2026-09-07,40875,12549398,EDCKUL21BSWBB300,L3,26,0,0.0
2026-09-08,2026-09-07,40875,12549399,EDCKUL21BSWBC100,L1,20,20,100.0
2026-09-08,2026-09-07,40875,12549399,EDCKUL21BSWBC100,L2,35,35,100.0
2026-09-08,2026-09-07,40875,12549399,EDCKUL21BSWBC100,L3,26,0,0.0
2026-09-08,2026-09-07,40875,12549400,EDCKUL21BSWBC200,L1,20,20,100.0
2026-09-08,2026-09-07,40875,12549400,EDCKUL21BSWBC200,L2,35,35,100.0
2026-09-08,2026-09-07,40875,12549400,EDCKUL21BSWBC200,L3,26,0,0.0
2026-09-08,2026-09-07,40875,12549401,EDCKUL21BSWBC300,L1,20,20,100.0
2026-09-08,2026-09-07,40875,12549401,EDCKUL21BSWBC300,L2,35,35,100.0
2026-09-08,2026-09-07,40875,12549401,EDCKUL21BSWBC300,L3,26,0,0.0
2026-09-08,2026-09-07,40875,12549402,EDCKUL21BSWBD100,L1,20,20,100.0
2026-09-08,2026-09-07,40875,12549402,EDCKUL21BSWBD100,L2,35,35,100.0
2026-09-08,2026-09-07,40875,12549402,EDCKUL21BSWBD100,L3,26,0,0.0
2026-09-08,2026-09-07,40875,12549403,EDCKUL21BSWBD200,L1,20,20,100.0
2026-09-08,2026-09-07,40875,12549403,EDCKUL21BSWBD200,L2,35,35,100.0
2026-09-08,2026-09-07,40875,12549403,EDCKUL21BSWBD200,L3,26,0,0.0
2026-09-08,2026-09-07,40875,12549404,EDCKUL21BSWBD300,L1,20,20,100.0
2026-09-08,2026-09-07,40875,12549404,EDCKUL21BSWBD300,L2,35,35,100.0
2026-09-08,2026-09-07,40875,12549404,EDCKUL21BSWBD300,L3,26,0,0.0
2026-09-08,2026-09-07,40875,12549405,EDCKUL21BSWBE100,L1,20,20,100.0
2026-09-08,2026-09-07,40875,12549405,EDCKUL21BSWBE100,L2,35,35,100.0
2026-09-08,2026-09-07,40875,12549405,EDCKUL21BSWBE100,L3,26,0,0.0
2026-09-08,2026-09-07,40875,12549406,EDCKUL21BSWBE200,L1,20,20,100.0
2026-09-08,2026-09-07,40875,12549406,EDCKUL21BSWBE200,L2,35,35,100.0
2026-09-08,2026-09-07,40875,12549406,EDCKUL21BSWBE200,L3,26,0,0.0
2026-09-08,2026-09-07,40875,12549407,EDCKUL21BSWBE300,L1,20,20,100.0
2026-09-08,2026-09-07,40875,12549407,EDCKUL21BSWBE300,L2,35,35,100.0
2026-09-08,2026-09-07,40875,12549407,EDCKUL21BSWBE300,L3,26,0,0.0
2026-09-08,2026-09-07,40875,12549408,EDCKUL21BSWBF100,L1,20,20,100.0
2026-09-08,2026-09-07,40875,12549408,EDCKUL21BSWBF100,L2,35,35,100.0
2026-09-08,2026-09-07,40875,12549408,EDCKUL21BSWBF100,L3,26,0,0.0
2026-09-08,2026-09-07,40875,12549409,EDCKUL21BSWBF200,L1,20,20,100.0
2026-09-08,2026-09-07,40875,12549409,EDCKUL21BSWBF200,L2,35,35,100.0
2026-09-08,2026-09-07,40875,12549409,EDCKUL21BSWBF200,L3,26,0,0.0
2026-09-08,2026-09-07,40875,12549410,EDCKUL21BSWBF300,L1,20,20,100.0
2026-09-08,2026-09-07,40875,12549410,EDCKUL21BSWBF300,L2,35,35,100.0
2026-09-08,2026-09-07,40875,12549410,EDCKUL21BSWBF300,L3,26,0,0.0
2026-09-08,2026-09-07,40875,12549411,EDCKUL21BSWBZ100,L1,20,20,100.0
2026-09-08,2026-09-07,40875,12549411,EDCKUL21BSWBZ100,L2,35,35,100.0
2026-09-08,2026-09-07,40875,12549411,EDCKUL21BSWBZ100,L3,26,0,0.0
2026-09-08,2026-09-07,40875,12549412,EDCKUL21BSWBZ200,L1,20,20,100.0
2026-09-08,2026-09-07,40875,12549412,EDCKUL21BSWBZ200,L2,35,34,97.14
2026-09-08,2026-09-07,40875,12549412,EDCKUL21BSWBZ200,L3,26,0,0.0
2026-09-08,2026-09-07,40875,12549413,EDCKUL21RPPBA221,L1,20,20,100.0
2026-09-08,2026-09-07,40875,12549413,EDCKUL21RPPBA221,L2,35,0,0.0
2026-09-08,2026-09-07,40875,12549413,EDCKUL21RPPBA221,L3,26,0,0.0
2026-09-08,2026-09-07,40875,12549414,EDCKUL21RPPBA231,L1,20,20,100.0
2026-09-08,2026-09-07,40875,12549414,EDCKUL21RPPBA231,L2,35,0,0.0
2026-09-08,2026-09-07,40875,12549414,EDCKUL21RPPBA231,L3,26,0,0.0
2026-09-08,2026-09-07,40875,12549415,EDCKUL21RPPBC221,L1,20,20,100.0
2026-09-08,2026-09-07,40875,12549415,EDCKUL21RPPBC221,L2,35,0,0.0
2026-09-08,2026-09-07,40875,12549415,EDCKUL21RPPBC221,L3,26,0,0.0
2026-09-08,2026-09-07,40875,12549416,EDCKUL21RPPBC231,L1,20,20,100.0
2026-09-08,2026-09-07,40875,12549416,EDCKUL21RPPBC231,L2,35,0,0.0
2026-09-08,2026-09-07,40875,12549416,EDCKUL21RPPBC231,L3,26,0,0.0
2026-09-08,2026-09-07,40875,12549418,EDCKUL21MDPBH1H0,L1,20,20,100.0
2026-09-08,2026-09-07,40875,12549418,EDCKUL21MDPBH1H0,L2,35,0,0.0
2026-09-08,2026-09-07,40875,12549418,EDCKUL21MDPBH1H0,L3,26,0,0.0
2026-09-08,2026-09-07,40875,12549419,EDCKUL21MDPBH2H0,L1,20,20,100.0
2026-09-08,2026-09-07,40875,12549419,EDCKUL21MDPBH2H0,L2,35,0,0.0
2026-09-08,2026-09-07,40875,12549419,EDCKUL21MDPBH2H0,L3,26,0,0.0
2026-09-08,2026-09-07,40875,12549420,EDCKUL21MDPBH3H0,L1,20,20,100.0
2026-09-08,2026-09-07,40875,12549420,EDCKUL21MDPBH3H0,L2,35,0,0.0
2026-09-08,2026-09-07,40875,12549420,EDCKUL21MDPBH3H0,L3,26,0,0.0
2026-09-08,2026-09-07,40875,12606570,EDCKUL21DPPBHL20,L1,20,20,100.0
2026-09-08,2026-09-07,40875,12606570,EDCKUL21DPPBHL20,L2,35,35,100.0
2026-09-08,2026-09-07,40875,12606570,EDCKUL21DPPBHL20,L3,26,0,0.0
2026-09-08,2026-09-07,40875,13193583,EDCKUL21DPPBA510,L1,20,20,100.0
2026-09-08,2026-09-07,40875,13193583,EDCKUL21DPPBA510,L2,35,35,100.0
2026-09-08,2026-09-07,40875,13193583,EDCKUL21DPPBA510,L3,26,0,0.0
2026-09-08,2026-09-07,40875,13193584,EDCKUL21DPPBB510,L1,20,20,100.0
2026-09-08,2026-09-07,40875,13193584,EDCKUL21DPPBB510,L2,35,28,80.0
2026-09-08,2026-09-07,40875,13193584,EDCKUL21DPPBB510,L3,26,0,0.0
2026-09-08,2026-09-07,40875,13193585,EDCKUL21DPPBC510,L1,20,20,100.0
2026-09-08,2026-09-07,40875,13193585,EDCKUL21DPPBC510,L2,35,8,22.86
2026-09-08,2026-09-07,40875,13193585,EDCKUL21DPPBC510,L3,26,0,0.0
2026-09-08,2026-09-07,40875,13193586,EDCKUL21DPPBD510,L1,20,20,100.0
2026-09-08,2026-09-07,40875,13193586,EDCKUL21DPPBD510,L2,35,8,22.86
2026-09-08,2026-09-07,40875,13193586,EDCKUL21DPPBD510,L3,26,0,0.0
2026-09-08,2026-09-07,40875,13193587,EDCKUL21DPPBE510,L1,20,20,100.0
2026-09-08,2026-09-07,40875,13193587,EDCKUL21DPPBE510,L2,35,8,22.86
2026-09-08,2026-09-07,40875,13193587,EDCKUL21DPPBE510,L3,26,0,0.0
2026-09-08,2026-09-07,40875,13193588,EDCKUL21DPPBF510,L1,20,20,100.0
2026-09-08,2026-09-07,40875,13193588,EDCKUL21DPPBF510,L2,35,8,22.86
2026-09-08,2026-09-07,40875,13193588,EDCKUL21DPPBF510,L3,26,0,0.0
2026-09-08,2026-09-07,40875,13193589,EDCKUL21DPPBZ510,L1,20,20,100.0
2026-09-08,2026-09-07,40875,13193589,EDCKUL21DPPBZ510,L2,35,8,22.86
2026-09-08,2026-09-07,40875,13193589,EDCKUL21DPPBZ510,L3,26,0,0.0
2026-09-08,2026-09-07,40875,13193590,EDCKUL21PLCB0100,L1,20,18,90.0
2026-09-08,2026-09-07,40875,13193590,EDCKUL21PLCB0100,L2,35,0,0.0
2026-09-08,2026-09-07,40875,13193590,EDCKUL21PLCB0100,L3,26,0,0.0
2026-09-08,2026-09-07,40875,13272580,EDCKUL21DPPBHC30,L1,20,20,100.0
2026-09-08,2026-09-07,40875,13272580,EDCKUL21DPPBHC30,L2,35,0,0.0
2026-09-08,2026-09-07,40875,13272580,EDCKUL21DPPBHC30,L3,26,0,0.0
2026-09-08,2026-09-07,40875,13427735,EDCKUL21FAP00100,L1,20,20,100.0
2026-09-08,2026-09-07,40875,13427735,EDCKUL21FAP00100,L2,35,35,100.0
2026-09-08,2026-09-07,40875,13427735,EDCKUL21FAP00100,L3,26,0,0.0
2026-09-08,2026-09-07,40875,13427736,EDCKUL21FAP00200,L1,20,20,100.0
2026-09-08,2026-09-07,40875,13427736,EDCKUL21FAP00200,L2,35,35,100.0
2026-09-08,2026-09-07,40875,13427736,EDCKUL21FAP00200,L3,26,0,0.0
2026-09-08,2026-09-07,40875,13427737,EDCKUL21FAP00300,L1,20,20,100.0
2026-09-08,2026-09-07,40875,13427737,EDCKUL21FAP00300,L2,35,35,100.0
2026-09-08,2026-09-07,40875,13427737,EDCKUL21FAP00300,L3,26,0,0.0
2026-09-08,2026-09-07,40875,13427738,EDCKUL21FAP00400,L1,20,20,100.0
2026-09-08,2026-09-07,40875,13427738,EDCKUL21FAP00400,L2,35,35,100.0
2026-09-08,2026-09-07,40875,13427738,EDCKUL21FAP00400,L3,26,0,0.0
2026-09-08,2026-09-07,40875,13427739,EDCKUL21FAP00500,L1,20,20,100.0
2026-09-08,2026-09-07,40875,13427739,EDCKUL21FAP00500,L2,35,35,100.0
2026-09-08,2026-09-07,40875,13427739,EDCKUL21FAP00500,L3,26,0,0.0
2026-09-08,2026-09-07,40875,13427740,EDCKUL21FAP00600,L1,20,20,100.0
2026-09-08,2026-09-07,40875,13427740,EDCKUL21FAP00600,L2,35,35,100.0
2026-09-08,2026-09-07,40875,13427740,EDCKUL21FAP00600,L3,26,0,0.0
2026-09-08,2026-09-07,40875,13439759,EDCKUL21DPPBH210,L1,20,20,100.0
2026-09-08,2026-09-07,40875,13439759,EDCKUL21DPPBH210,L2,35,8,22.86
2026-09-08,2026-09-07,40875,13439759,EDCKUL21DPPBH210,L3,26,0,0.0
2026-09-08,2026-09-07,40875,13522231,EDCKUL21VES09300,L1,20,20,100.0
2026-09-08,2026-09-07,40875,13522231,EDCKUL21VES09300,L2,35,0,0.0
2026-09-08,2026-09-07,40875,13522231,EDCKUL21VES09300,L3,26,0,0.0
2026-09-08,2026-09-07,40875,13522232,EDCKUL21VES09400,L1,20,20,100.0
2026-09-08,2026-09-07,40875,13522232,EDCKUL21VES09400,L2,35,0,0.0
2026-09-08,2026-09-07,40875,13522232,EDCKUL21VES09400,L3,26,0,0.0
2026-09-08,2026-09-07,40875,13545669,EDCKUL21FCC00400,L1,20,20,100.0
2026-09-08,2026-09-07,40875,13545669,EDCKUL21FCC00400,L2,35,0,0.0
2026-09-08,2026-09-07,40875,13545669,EDCKUL21FCC00400,L3,26,0,0.0
2026-09-08,2026-09-07,40875,13545670,EDCKUL21FCC00500,L1,20,20,100.0
2026-09-08,2026-09-07,40875,13545670,EDCKUL21FCC00500,L2,35,0,0.0
2026-09-08,2026-09-07,40875,13545670,EDCKUL21FCC00500,L3,26,0,0.0
2026-09-08,2026-09-07,40875,13545671,EDCKUL21FCU00400,L1,20,20,100.0
2026-09-08,2026-09-07,40875,13545671,EDCKUL21FCU00400,L2,35,0,0.0
2026-09-08,2026-09-07,40875,13545671,EDCKUL21FCU00400,L3,26,0,0.0
2026-09-08,2026-09-07,40875,13545672,EDCKUL21FCU00500,L1,20,20,100.0
2026-09-08,2026-09-07,40875,13545672,EDCKUL21FCU00500,L2,35,0,0.0
2026-09-08,2026-09-07,40875,13545672,EDCKUL21FCU00500,L3,26,0,0.0
2026-09-08,2026-09-07,40875,13594070,EDCKUL21BSWBH100,L1,20,20,100.0
2026-09-08,2026-09-07,40875,13594070,EDCKUL21BSWBH100,L2,35,35,100.0
2026-09-08,2026-09-07,40875,13594070,EDCKUL21BSWBH100,L3,26,0,0.0
2026-09-08,2026-09-07,40875,13594071,EDCKUL21BSWBH200,L1,20,20,100.0
2026-09-08,2026-09-07,40875,13594071,EDCKUL21BSWBH200,L2,35,35,100.0
2026-09-08,2026-09-07,40875,13594071,EDCKUL21BSWBH200,L3,26,0,0.0
2026-09-08,2026-09-07,40875,13594072,EDCKUL21BSWBZ300,L1,20,20,100.0
2026-09-08,2026-09-07,40875,13594072,EDCKUL21BSWBZ300,L2,35,34,97.14
2026-09-08,2026-09-07,40875,13594072,EDCKUL21BSWBZ300,L3,26,0,0.0
2026-09-08,2026-09-07,40875,13738122,EDCKUL21EPPBH810,L1,20,20,100.0
2026-09-08,2026-09-07,40875,13738122,EDCKUL21EPPBH810,L2,35,0,0.0
2026-09-08,2026-09-07,40875,13738122,EDCKUL21EPPBH810,L3,26,0,0.0
2026-09-08,2026-09-07,40875,13738123,EDCKUL21EPPBH910,L1,20,20,100.0
2026-09-08,2026-09-07,40875,13738123,EDCKUL21EPPBH910,L2,35,0,0.0
2026-09-08,2026-09-07,40875,13738123,EDCKUL21EPPBH910,L3,26,0,0.0
2026-09-08,2026-09-07,40875,13738124,EDCKUL21ACS01180,L1,20,0,0.0
2026-09-08,2026-09-07,40875,13738124,EDCKUL21ACS01180,L2,35,0,0.0
2026-09-08,2026-09-07,40875,13738124,EDCKUL21ACS01180,L3,26,0,0.0
2026-09-08,2026-09-07,40875,13738125,EDCKUL21ACS01190,L1,20,0,0.0
2026-09-08,2026-09-07,40875,13738125,EDCKUL21ACS01190,L2,35,0,0.0
2026-09-08,2026-09-07,40875,13738125,EDCKUL21ACS01190,L3,26,0,0.0
2026-09-08,2026-09-07,40875,13738126,EDCKUL21ACS011A0,L1,20,0,0.0
2026-09-08,2026-09-07,40875,13738126,EDCKUL21ACS011A0,L2,35,0,0.0
2026-09-08,2026-09-07,40875,13738126,EDCKUL21ACS011A0,L3,26,0,0.0
2026-09-08,2026-09-07,40875,13738127,EDCKUL21ACS011B0,L1,20,0,0.0
2026-09-08,2026-09-07,40875,13738127,EDCKUL21ACS011B0,L2,35,0,0.0
2026-09-08,2026-09-07,40875,13738127,EDCKUL21ACS011B0,L3,26,0,0.0
2026-09-08,2026-09-07,40875,13738128,EDCKUL21BMPTCS11,L1,20,0,0.0
2026-09-08,2026-09-07,40875,13738128,EDCKUL21BMPTCS11,L2,35,0,0.0
2026-09-08,2026-09-07,40875,13738128,EDCKUL21BMPTCS11,L3,26,0,0.0
2026-09-08,2026-09-07,40875,13738129,EDCKUL21BMPTCS21,L1,20,0,0.0
2026-09-08,2026-09-07,40875,13738129,EDCKUL21BMPTCS21,L2,35,0,0.0
2026-09-08,2026-09-07,40875,13738129,EDCKUL21BMPTCS21,L3,26,0,0.0
2026-09-08,2026-09-07,40875,13738130,EDCKUL21BMPTCS14,L1,20,0,0.0
2026-09-08,2026-09-07,40875,13738130,EDCKUL21BMPTCS14,L2,35,0,0.0
2026-09-08,2026-09-07,40875,13738130,EDCKUL21BMPTCS14,L3,26,0,0.0
2026-09-08,2026-09-07,40875,13738131,EDCKUL21BMPTCS24,L1,20,0,0.0
2026-09-08,2026-09-07,40875,13738131,EDCKUL21BMPTCS24,L2,35,0,0.0
2026-09-08,2026-09-07,40875,13738131,EDCKUL21BMPTCS24,L3,26,0,0.0
2026-09-08,2026-09-07,40875,13928344,EDCKUL21OAF04900,L1,20,20,100.0
2026-09-08,2026-09-07,40875,13928344,EDCKUL21OAF04900,L2,35,0,0.0
2026-09-08,2026-09-07,40875,13928344,EDCKUL21OAF04900,L3,26,0,0.0
2026-09-08,2026-09-07,40875,8742546,EDCKUL21AISA0300,L1,21,21,100.0
2026-09-08,2026-09-07,40875,8742546,EDCKUL21AISA0300,L2,40,0,0.0
2026-09-08,2026-09-07,40875,8742546,EDCKUL21AISA0300,L3,26,0,0.0
2026-09-08,2026-09-07,40875,8742547,EDCKUL21AISA0400,L1,21,21,100.0
2026-09-08,2026-09-07,40875,8742547,EDCKUL21AISA0400,L2,40,0,0.0
2026-09-08,2026-09-07,40875,8742547,EDCKUL21AISA0400,L3,26,0,0.0
2026-09-08,2026-09-07,40875,8742607,EDCKUL21CHLA0900,L1,21,21,100.0
2026-09-08,2026-09-07,40875,8742607,EDCKUL21CHLA0900,L2,40,7,17.5
2026-09-08,2026-09-07,40875,8742607,EDCKUL21CHLA0900,L3,26,0,0.0
2026-09-08,2026-09-07,40875,8742608,EDCKUL21CHLA1000,L1,21,21,100.0
2026-09-08,2026-09-07,40875,8742608,EDCKUL21CHLA1000,L2,40,7,17.5
2026-09-08,2026-09-07,40875,8742608,EDCKUL21CHLA1000,L3,26,0,0.0
2026-09-08,2026-09-07,40875,8742609,EDCKUL21CHLA1100,L1,21,21,100.0
2026-09-08,2026-09-07,40875,8742609,EDCKUL21CHLA1100,L2,40,7,17.5
2026-09-08,2026-09-07,40875,8742609,EDCKUL21CHLA1100,L3,26,0,0.0
2026-09-08,2026-09-07,40875,8742610,EDCKUL21CHLA1200,L1,21,21,100.0
2026-09-08,2026-09-07,40875,8742610,EDCKUL21CHLA1200,L2,40,7,17.5
2026-09-08,2026-09-07,40875,8742610,EDCKUL21CHLA1200,L3,26,0,0.0
2026-09-08,2026-09-07,40875,8742611,EDCKUL21CHLA1300,L1,21,21,100.0
2026-09-08,2026-09-07,40875,8742611,EDCKUL21CHLA1300,L2,40,7,17.5
2026-09-08,2026-09-07,40875,8742611,EDCKUL21CHLA1300,L3,26,0,0.0
2026-09-08,2026-09-07,40875,8742612,EDCKUL21CHLA1400,L1,21,21,100.0
2026-09-08,2026-09-07,40875,8742612,EDCKUL21CHLA1400,L2,40,6,15.0
2026-09-08,2026-09-07,40875,8742612,EDCKUL21CHLA1400,L3,26,0,0.0
2026-09-08,2026-09-07,40875,8742613,EDCKUL21CHLA1500,L1,21,21,100.0
2026-09-08,2026-09-07,40875,8742613,EDCKUL21CHLA1500,L2,40,7,17.5
2026-09-08,2026-09-07,40875,8742613,EDCKUL21CHLA1500,L3,26,0,0.0
2026-09-08,2026-09-07,40875,8742614,EDCKUL21CHLA1600,L1,21,21,100.0
2026-09-08,2026-09-07,40875,8742614,EDCKUL21CHLA1600,L2,40,7,17.5
2026-09-08,2026-09-07,40875,8742614,EDCKUL21CHLA1600,L3,26,0,0.0
2026-09-08,2026-09-07,40875,8742615,EDCKUL21CHPA0900,L1,21,21,100.0
2026-09-08,2026-09-07,40875,8742615,EDCKUL21CHPA0900,L2,40,0,0.0
2026-09-08,2026-09-07,40875,8742615,EDCKUL21CHPA0900,L3,26,0,0.0
2026-09-08,2026-09-07,40875,8742616,EDCKUL21CHPA1000,L1,21,21,100.0
2026-09-08,2026-09-07,40875,8742616,EDCKUL21CHPA1000,L2,40,0,0.0
2026-09-08,2026-09-07,40875,8742616,EDCKUL21CHPA1000,L3,26,0,0.0
2026-09-08,2026-09-07,40875,8742617,EDCKUL21CHPA1100,L1,21,21,100.0
2026-09-08,2026-09-07,40875,8742617,EDCKUL21CHPA1100,L2,40,7,17.5
2026-09-08,2026-09-07,40875,8742617,EDCKUL21CHPA1100,L3,26,0,0.0
2026-09-08,2026-09-07,40875,8742618,EDCKUL21CHPA1200,L1,21,21,100.0
2026-09-08,2026-09-07,40875,8742618,EDCKUL21CHPA1200,L2,40,0,0.0
2026-09-08,2026-09-07,40875,8742618,EDCKUL21CHPA1200,L3,26,0,0.0
2026-09-08,2026-09-07,40875,8742619,EDCKUL21CHPA1300,L1,21,21,100.0
2026-09-08,2026-09-07,40875,8742619,EDCKUL21CHPA1300,L2,40,0,0.0
2026-09-08,2026-09-07,40875,8742619,EDCKUL21CHPA1300,L3,26,0,0.0
2026-09-08,2026-09-07,40875,8742620,EDCKUL21CHPA1400,L1,21,21,100.0
2026-09-08,2026-09-07,40875,8742620,EDCKUL21CHPA1400,L2,40,0,0.0
2026-09-08,2026-09-07,40875,8742620,EDCKUL21CHPA1400,L3,26,0,0.0
2026-09-08,2026-09-07,40875,8742621,EDCKUL21CHPA1500,L1,21,21,100.0
2026-09-08,2026-09-07,40875,8742621,EDCKUL21CHPA1500,L2,40,0,0.0
2026-09-08,2026-09-07,40875,8742621,EDCKUL21CHPA1500,L3,26,0,0.0
2026-09-08,2026-09-07,40875,8742622,EDCKUL21CHPA1600,L1,21,21,100.0
2026-09-08,2026-09-07,40875,8742622,EDCKUL21CHPA1600,L2,40,0,0.0
2026-09-08,2026-09-07,40875,8742622,EDCKUL21CHPA1600,L3,26,0,0.0
2026-09-08,2026-09-07,40875,8742623,EDCKUL21BMPA0800,L1,21,21,100.0
2026-09-08,2026-09-07,40875,8742623,EDCKUL21BMPA0800,L2,40,0,0.0
2026-09-08,2026-09-07,40875,8742623,EDCKUL21BMPA0800,L3,26,0,0.0
2026-09-08,2026-09-07,40875,8742624,EDCKUL21BMPA0900,L1,21,21,100.0
2026-09-08,2026-09-07,40875,8742624,EDCKUL21BMPA0900,L2,40,0,0.0
2026-09-08,2026-09-07,40875,8742624,EDCKUL21BMPA0900,L3,26,0,0.0
2026-09-08,2026-09-07,40875,8742625,EDCKUL21BMPA1000,L1,21,21,100.0
2026-09-08,2026-09-07,40875,8742625,EDCKUL21BMPA1000,L2,40,0,0.0
2026-09-08,2026-09-07,40875,8742625,EDCKUL21BMPA1000,L3,26,0,0.0
2026-09-08,2026-09-07,40875,8742626,EDCKUL21BMPA1100,L1,21,21,100.0
2026-09-08,2026-09-07,40875,8742626,EDCKUL21BMPA1100,L2,40,0,0.0
2026-09-08,2026-09-07,40875,8742626,EDCKUL21BMPA1100,L3,26,0,0.0
2026-09-08,2026-09-07,40875,8742627,EDCKUL21BMPA1200,L1,21,21,100.0
2026-09-08,2026-09-07,40875,8742627,EDCKUL21BMPA1200,L2,40,0,0.0
2026-09-08,2026-09-07,40875,8742627,EDCKUL21BMPA1200,L3,26,0,0.0
2026-09-08,2026-09-07,40875,8742628,EDCKUL21BMPA1300,L1,21,21,100.0
2026-09-08,2026-09-07,40875,8742628,EDCKUL21BMPA1300,L2,40,0,0.0
2026-09-08,2026-09-07,40875,8742628,EDCKUL21BMPA1300,L3,26,0,0.0
2026-09-08,2026-09-07,40875,8742629,EDCKUL21BMPA1400,L1,21,21,100.0
2026-09-08,2026-09-07,40875,8742629,EDCKUL21BMPA1400,L2,40,0,0.0
2026-09-08,2026-09-07,40875,8742629,EDCKUL21BMPA1400,L3,26,0,0.0
2026-09-08,2026-09-07,40875,8742632,EDCKUL21BMPA1500,L1,21,21,100.0
2026-09-08,2026-09-07,40875,8742632,EDCKUL21BMPA1500,L2,40,6,15.0
2026-09-08,2026-09-07,40875,8742632,EDCKUL21BMPA1500,L3,26,0,0.0
2026-09-08,2026-09-07,40875,8742633,EDCKUL21BMPA1600,L1,21,21,100.0
2026-09-08,2026-09-07,40875,8742633,EDCKUL21BMPA1600,L2,40,7,17.5
2026-09-08,2026-09-07,40875,8742633,EDCKUL21BMPA1600,L3,26,0,0.0
2026-09-08,2026-09-07,40875,8742691,EDCKUL21CTSA0300,L1,21,7,33.33
2026-09-08,2026-09-07,40875,8742691,EDCKUL21CTSA0300,L2,40,0,0.0
2026-09-08,2026-09-07,40875,8742691,EDCKUL21CTSA0300,L3,26,0,0.0
2026-09-08,2026-09-07,40875,8742692,EDCKUL21CTSA0400,L1,21,7,33.33
2026-09-08,2026-09-07,40875,8742692,EDCKUL21CTSA0400,L2,40,0,0.0
2026-09-08,2026-09-07,40875,8742692,EDCKUL21CTSA0400,L3,26,0,0.0
2026-09-08,2026-09-07,40875,8742694,EDCKUL21DPPBA110,L1,20,20,100.0
2026-09-08,2026-09-07,40875,8742694,EDCKUL21DPPBA110,L2,35,0,0.0
2026-09-08,2026-09-07,40875,8742694,EDCKUL21DPPBA110,L3,26,0,0.0
2026-09-08,2026-09-07,40875,8742695,EDCKUL21DPPBA210,L1,21,21,100.0
2026-09-08,2026-09-07,40875,8742695,EDCKUL21DPPBA210,L2,40,40,100.0
2026-09-08,2026-09-07,40875,8742695,EDCKUL21DPPBA210,L3,26,7,26.92
2026-09-08,2026-09-07,40875,8742696,EDCKUL21DPPBA310,L1,20,20,100.0
2026-09-08,2026-09-07,40875,8742696,EDCKUL21DPPBA310,L2,40,40,100.0
2026-09-08,2026-09-07,40875,8742696,EDCKUL21DPPBA310,L3,26,0,0.0
2026-09-08,2026-09-07,40875,8742697,EDCKUL21DPPBA410,L1,20,20,100.0
2026-09-08,2026-09-07,40875,8742697,EDCKUL21DPPBA410,L2,40,40,100.0
2026-09-08,2026-09-07,40875,8742697,EDCKUL21DPPBA410,L3,26,0,0.0
2026-09-08,2026-09-07,40875,8742699,EDCKUL21DPPBB210,L1,21,21,100.0
2026-09-08,2026-09-07,40875,8742699,EDCKUL21DPPBB210,L2,40,40,100.0
2026-09-08,2026-09-07,40875,8742699,EDCKUL21DPPBB210,L3,26,0,0.0
2026-09-08,2026-09-07,40875,8742700,EDCKUL21DPPBB310,L1,20,20,100.0
2026-09-08,2026-09-07,40875,8742700,EDCKUL21DPPBB310,L2,40,39,97.5
2026-09-08,2026-09-07,40875,8742700,EDCKUL21DPPBB310,L3,26,0,0.0
2026-09-08,2026-09-07,40875,8742701,EDCKUL21DPPBB410,L1,20,20,100.0
2026-09-08,2026-09-07,40875,8742701,EDCKUL21DPPBB410,L2,40,39,97.5
2026-09-08,2026-09-07,40875,8742701,EDCKUL21DPPBB410,L3,26,0,0.0
2026-09-08,2026-09-07,40875,8742702,EDCKUL21DPPBC110,L1,20,20,100.0
2026-09-08,2026-09-07,40875,8742702,EDCKUL21DPPBC110,L2,35,0,0.0
2026-09-08,2026-09-07,40875,8742702,EDCKUL21DPPBC110,L3,26,0,0.0
2026-09-08,2026-09-07,40875,8742703,EDCKUL21DPPBC210,L1,21,21,100.0
2026-09-08,2026-09-07,40875,8742703,EDCKUL21DPPBC210,L2,40,40,100.0
2026-09-08,2026-09-07,40875,8742703,EDCKUL21DPPBC210,L3,26,0,0.0
2026-09-08,2026-09-07,40875,8742704,EDCKUL21DPPBC310,L1,20,20,100.0
2026-09-08,2026-09-07,40875,8742704,EDCKUL21DPPBC310,L2,40,34,85.0
2026-09-08,2026-09-07,40875,8742704,EDCKUL21DPPBC310,L3,26,0,0.0
2026-09-08,2026-09-07,40875,8742705,EDCKUL21DPPBC410,L1,20,20,100.0
2026-09-08,2026-09-07,40875,8742705,EDCKUL21DPPBC410,L2,40,28,70.0
2026-09-08,2026-09-07,40875,8742705,EDCKUL21DPPBC410,L3,26,0,0.0
2026-09-08,2026-09-07,40875,8742706,EDCKUL21DPPBD110,L1,20,20,100.0
2026-09-08,2026-09-07,40875,8742706,EDCKUL21DPPBD110,L2,35,0,0.0
2026-09-08,2026-09-07,40875,8742706,EDCKUL21DPPBD110,L3,26,0,0.0
2026-09-08,2026-09-07,40875,8742707,EDCKUL21DPPBD210,L1,21,21,100.0
2026-09-08,2026-09-07,40875,8742707,EDCKUL21DPPBD210,L2,40,40,100.0
2026-09-08,2026-09-07,40875,8742707,EDCKUL21DPPBD210,L3,26,0,0.0
2026-09-08,2026-09-07,40875,8742708,EDCKUL21DPPBD310,L1,20,20,100.0
2026-09-08,2026-09-07,40875,8742708,EDCKUL21DPPBD310,L2,40,7,17.5
2026-09-08,2026-09-07,40875,8742708,EDCKUL21DPPBD310,L3,26,0,0.0
2026-09-08,2026-09-07,40875,8742709,EDCKUL21DPPBD410,L1,20,20,100.0
2026-09-08,2026-09-07,40875,8742709,EDCKUL21DPPBD410,L2,40,7,17.5
2026-09-08,2026-09-07,40875,8742709,EDCKUL21DPPBD410,L3,26,0,0.0
2026-09-08,2026-09-07,40875,8742711,EDCKUL21DPPBE210,L1,21,21,100.0
2026-09-08,2026-09-07,40875,8742711,EDCKUL21DPPBE210,L2,40,40,100.0
2026-09-08,2026-09-07,40875,8742711,EDCKUL21DPPBE210,L3,26,0,0.0
2026-09-08,2026-09-07,40875,8742712,EDCKUL21DPPBE310,L1,20,20,100.0
2026-09-08,2026-09-07,40875,8742712,EDCKUL21DPPBE310,L2,40,7,17.5
2026-09-08,2026-09-07,40875,8742712,EDCKUL21DPPBE310,L3,26,0,0.0
2026-09-08,2026-09-07,40875,8742713,EDCKUL21DPPBE410,L1,20,20,100.0
2026-09-08,2026-09-07,40875,8742713,EDCKUL21DPPBE410,L2,40,7,17.5
2026-09-08,2026-09-07,40875,8742713,EDCKUL21DPPBE410,L3,26,0,0.0
2026-09-08,2026-09-07,40875,8742714,EDCKUL21DPPBF110,L1,20,20,100.0
2026-09-08,2026-09-07,40875,8742714,EDCKUL21DPPBF110,L2,35,0,0.0
2026-09-08,2026-09-07,40875,8742714,EDCKUL21DPPBF110,L3,26,0,0.0
2026-09-08,2026-09-07,40875,8742715,EDCKUL21DPPBF210,L1,21,21,100.0
2026-09-08,2026-09-07,40875,8742715,EDCKUL21DPPBF210,L2,40,40,100.0
2026-09-08,2026-09-07,40875,8742715,EDCKUL21DPPBF210,L3,26,0,0.0
2026-09-08,2026-09-07,40875,8742716,EDCKUL21DPPBF310,L1,20,20,100.0
2026-09-08,2026-09-07,40875,8742716,EDCKUL21DPPBF310,L2,40,7,17.5
2026-09-08,2026-09-07,40875,8742716,EDCKUL21DPPBF310,L3,26,0,0.0
2026-09-08,2026-09-07,40875,8742717,EDCKUL21DPPBF410,L1,20,20,100.0
2026-09-08,2026-09-07,40875,8742717,EDCKUL21DPPBF410,L2,40,27,67.5
2026-09-08,2026-09-07,40875,8742717,EDCKUL21DPPBF410,L3,26,0,0.0
2026-09-08,2026-09-07,40875,8742718,EDCKUL21DPPBH110,L1,21,21,100.0
2026-09-08,2026-09-07,40875,8742718,EDCKUL21DPPBH110,L2,40,40,100.0
2026-09-08,2026-09-07,40875,8742718,EDCKUL21DPPBH110,L3,26,0,0.0
2026-09-08,2026-09-07,40875,8742719,EDCKUL21DPPBH120,L1,21,21,100.0
2026-09-08,2026-09-07,40875,8742719,EDCKUL21DPPBH120,L2,40,40,100.0
2026-09-08,2026-09-07,40875,8742719,EDCKUL21DPPBH120,L3,26,0,0.0
2026-09-08,2026-09-07,40875,8742720,EDCKUL21DPPBH130,L1,21,21,100.0
2026-09-08,2026-09-07,40875,8742720,EDCKUL21DPPBH130,L2,40,39,97.5
2026-09-08,2026-09-07,40875,8742720,EDCKUL21DPPBH130,L3,26,0,0.0
2026-09-08,2026-09-07,40875,8742721,EDCKUL21DPPBH220,L1,21,21,100.0
2026-09-08,2026-09-07,40875,8742721,EDCKUL21DPPBH220,L2,40,0,0.0
2026-09-08,2026-09-07,40875,8742721,EDCKUL21DPPBH220,L3,26,0,0.0
2026-09-08,2026-09-07,40875,8742722,EDCKUL21DPPBH230,L1,21,21,100.0
2026-09-08,2026-09-07,40875,8742722,EDCKUL21DPPBH230,L2,40,40,100.0
2026-09-08,2026-09-07,40875,8742722,EDCKUL21DPPBH230,L3,26,0,0.0
2026-09-08,2026-09-07,40875,8742723,EDCKUL21DPPBH320,L1,21,21,100.0
2026-09-08,2026-09-07,40875,8742723,EDCKUL21DPPBH320,L2,40,39,97.5
2026-09-08,2026-09-07,40875,8742723,EDCKUL21DPPBH320,L3,26,0,0.0
2026-09-08,2026-09-07,40875,8742724,EDCKUL21DPPBH330,L1,21,21,100.0
2026-09-08,2026-09-07,40875,8742724,EDCKUL21DPPBH330,L2,40,40,100.0
2026-09-08,2026-09-07,40875,8742724,EDCKUL21DPPBH330,L3,26,0,0.0
2026-09-08,2026-09-07,40875,8742725,EDCKUL21DPPBH420,L1,21,21,100.0
2026-09-08,2026-09-07,40875,8742725,EDCKUL21DPPBH420,L2,40,40,100.0
2026-09-08,2026-09-07,40875,8742725,EDCKUL21DPPBH420,L3,26,0,0.0
2026-09-08,2026-09-07,40875,8742726,EDCKUL21DPPBH430,L1,21,21,100.0
2026-09-08,2026-09-07,40875,8742726,EDCKUL21DPPBH430,L2,40,7,17.5
2026-09-08,2026-09-07,40875,8742726,EDCKUL21DPPBH430,L3,26,0,0.0
2026-09-08,2026-09-07,40875,8742727,EDCKUL21DPPBH520,L1,21,21,100.0
2026-09-08,2026-09-07,40875,8742727,EDCKUL21DPPBH520,L2,40,7,17.5
2026-09-08,2026-09-07,40875,8742727,EDCKUL21DPPBH520,L3,26,0,0.0
2026-09-08,2026-09-07,40875,8742728,EDCKUL21DPPBH530,L1,21,21,100.0
2026-09-08,2026-09-07,40875,8742728,EDCKUL21DPPBH530,L2,40,40,100.0
2026-09-08,2026-09-07,40875,8742728,EDCKUL21DPPBH530,L3,26,0,0.0
2026-09-08,2026-09-07,40875,8742729,EDCKUL21DPPBH620,L1,21,21,100.0
2026-09-08,2026-09-07,40875,8742729,EDCKUL21DPPBH620,L2,40,40,100.0
2026-09-08,2026-09-07,40875,8742729,EDCKUL21DPPBH620,L3,26,0,0.0
2026-09-08,2026-09-07,40875,8742730,EDCKUL21DPPBH630,L1,21,21,100.0
2026-09-08,2026-09-07,40875,8742730,EDCKUL21DPPBH630,L2,40,7,17.5
2026-09-08,2026-09-07,40875,8742730,EDCKUL21DPPBH630,L3,26,0,0.0
2026-09-08,2026-09-07,40875,8742731,EDCKUL21DPPBH720,L1,21,21,100.0
2026-09-08,2026-09-07,40875,8742731,EDCKUL21DPPBH720,L2,40,40,100.0
2026-09-08,2026-09-07,40875,8742731,EDCKUL21DPPBH720,L3,26,0,0.0
2026-09-08,2026-09-07,40875,8742732,EDCKUL21DPPBH730,L1,21,21,100.0
2026-09-08,2026-09-07,40875,8742732,EDCKUL21DPPBH730,L2,40,15,37.5
2026-09-08,2026-09-07,40875,8742732,EDCKUL21DPPBH730,L3,26,0,0.0
2026-09-08,2026-09-07,40875,8742733,EDCKUL21DPPBH820,L1,20,20,100.0
2026-09-08,2026-09-07,40875,8742733,EDCKUL21DPPBH820,L2,35,35,100.0
2026-09-08,2026-09-07,40875,8742733,EDCKUL21DPPBH820,L3,26,0,0.0
2026-09-08,2026-09-07,40875,8742734,EDCKUL21DPPBH830,L1,21,21,100.0
2026-09-08,2026-09-07,40875,8742734,EDCKUL21DPPBH830,L2,40,13,32.5
2026-09-08,2026-09-07,40875,8742734,EDCKUL21DPPBH830,L3,26,0,0.0
2026-09-08,2026-09-07,40875,8742735,EDCKUL21DPPBH920,L1,21,21,100.0
2026-09-08,2026-09-07,40875,8742735,EDCKUL21DPPBH920,L2,40,40,100.0
2026-09-08,2026-09-07,40875,8742735,EDCKUL21DPPBH920,L3,26,0,0.0
2026-09-08,2026-09-07,40875,8742736,EDCKUL21DPPBH930,L1,21,21,100.0
2026-09-08,2026-09-07,40875,8742736,EDCKUL21DPPBH930,L2,40,7,17.5
2026-09-08,2026-09-07,40875,8742736,EDCKUL21DPPBH930,L3,26,0,0.0
2026-09-08,2026-09-07,40875,8742737,EDCKUL21DPPBHA20,L1,21,21,100.0
2026-09-08,2026-09-07,40875,8742737,EDCKUL21DPPBHA20,L2,40,7,17.5
2026-09-08,2026-09-07,40875,8742737,EDCKUL21DPPBHA20,L3,26,0,0.0
2026-09-08,2026-09-07,40875,8742738,EDCKUL21DPPBHA30,L1,20,20,100.0
2026-09-08,2026-09-07,40875,8742738,EDCKUL21DPPBHA30,L2,35,7,20.0
2026-09-08,2026-09-07,40875,8742738,EDCKUL21DPPBHA30,L3,26,0,0.0
2026-09-08,2026-09-07,40875,8742739,EDCKUL21DPPBHB20,L1,21,21,100.0
2026-09-08,2026-09-07,40875,8742739,EDCKUL21DPPBHB20,L2,40,7,17.5
2026-09-08,2026-09-07,40875,8742739,EDCKUL21DPPBHB20,L3,26,0,0.0
2026-09-08,2026-09-07,40875,8742740,EDCKUL21DPPBHB30,L1,20,20,100.0
2026-09-08,2026-09-07,40875,8742740,EDCKUL21DPPBHB30,L2,35,7,20.0
2026-09-08,2026-09-07,40875,8742740,EDCKUL21DPPBHB30,L3,26,0,0.0
2026-09-08,2026-09-07,40875,8742741,EDCKUL21DPPBHC20,L1,21,21,100.0
2026-09-08,2026-09-07,40875,8742741,EDCKUL21DPPBHC20,L2,40,7,17.5
2026-09-08,2026-09-07,40875,8742741,EDCKUL21DPPBHC20,L3,26,0,0.0
2026-09-08,2026-09-07,40875,8742742,EDCKUL21DPPBHD20,L1,21,21,100.0
2026-09-08,2026-09-07,40875,8742742,EDCKUL21DPPBHD20,L2,40,0,0.0
2026-09-08,2026-09-07,40875,8742742,EDCKUL21DPPBHD20,L3,26,0,0.0
2026-09-08,2026-09-07,40875,8742757,EDCKUL21DPPBZ210,L1,21,21,100.0
2026-09-08,2026-09-07,40875,8742757,EDCKUL21DPPBZ210,L2,40,40,100.0
2026-09-08,2026-09-07,40875,8742757,EDCKUL21DPPBZ210,L3,26,0,0.0
2026-09-08,2026-09-07,40875,8742758,EDCKUL21DPPBZ310,L1,20,20,100.0
2026-09-08,2026-09-07,40875,8742758,EDCKUL21DPPBZ310,L2,40,7,17.5
2026-09-08,2026-09-07,40875,8742758,EDCKUL21DPPBZ310,L3,26,0,0.0
2026-09-08,2026-09-07,40875,8742759,EDCKUL21DPPBZ410,L1,20,20,100.0
2026-09-08,2026-09-07,40875,8742759,EDCKUL21DPPBZ410,L2,40,11,27.5
2026-09-08,2026-09-07,40875,8742759,EDCKUL21DPPBZ410,L3,26,0,0.0
2026-09-08,2026-09-07,40875,8742760,EDCKUL21DSGBA110,L1,21,21,100.0
2026-09-08,2026-09-07,40875,8742760,EDCKUL21DSGBA110,L2,74,74,100.0
2026-09-08,2026-09-07,40875,8742760,EDCKUL21DSGBA110,L3,26,6,23.08
2026-09-08,2026-09-07,40875,8742761,EDCKUL21DSGBB110,L1,21,21,100.0
2026-09-08,2026-09-07,40875,8742761,EDCKUL21DSGBB110,L2,74,74,100.0
2026-09-08,2026-09-07,40875,8742761,EDCKUL21DSGBB110,L3,26,6,23.08
2026-09-08,2026-09-07,40875,8742762,EDCKUL21DSGBC110,L1,21,21,100.0
2026-09-08,2026-09-07,40875,8742762,EDCKUL21DSGBC110,L2,74,74,100.0
2026-09-08,2026-09-07,40875,8742762,EDCKUL21DSGBC110,L3,26,6,23.08
2026-09-08,2026-09-07,40875,8742763,EDCKUL21DSGBD110,L1,21,21,100.0
2026-09-08,2026-09-07,40875,8742763,EDCKUL21DSGBD110,L2,74,74,100.0
2026-09-08,2026-09-07,40875,8742763,EDCKUL21DSGBD110,L3,26,6,23.08
2026-09-08,2026-09-07,40875,8742764,EDCKUL21DSGBE110,L1,21,21,100.0
2026-09-08,2026-09-07,40875,8742764,EDCKUL21DSGBE110,L2,74,74,100.0
2026-09-08,2026-09-07,40875,8742764,EDCKUL21DSGBE110,L3,26,6,23.08
2026-09-08,2026-09-07,40875,8742765,EDCKUL21DSGBF110,L1,21,21,100.0
2026-09-08,2026-09-07,40875,8742765,EDCKUL21DSGBF110,L2,74,74,100.0
2026-09-08,2026-09-07,40875,8742765,EDCKUL21DSGBF110,L3,26,6,23.08
2026-09-08,2026-09-07,40875,8742766,EDCKUL21DSGBH110,L1,21,21,100.0
2026-09-08,2026-09-07,40875,8742766,EDCKUL21DSGBH110,L2,74,74,100.0
2026-09-08,2026-09-07,40875,8742766,EDCKUL21DSGBH110,L3,26,6,23.08
2026-09-08,2026-09-07,40875,8742767,EDCKUL21DSGBZ110,L1,21,21,100.0
2026-09-08,2026-09-07,40875,8742767,EDCKUL21DSGBZ110,L2,74,74,100.0
2026-09-08,2026-09-07,40875,8742767,EDCKUL21DSGBZ110,L3,26,6,23.08
2026-09-08,2026-09-07,40875,8742768,EDCKUL21EPPBH110,L1,21,21,100.0
2026-09-08,2026-09-07,40875,8742768,EDCKUL21EPPBH110,L2,40,40,100.0
2026-09-08,2026-09-07,40875,8742768,EDCKUL21EPPBH110,L3,26,0,0.0
2026-09-08,2026-09-07,40875,8742769,EDCKUL21EPPBH210,L1,21,21,100.0
2026-09-08,2026-09-07,40875,8742769,EDCKUL21EPPBH210,L2,74,74,100.0
2026-09-08,2026-09-07,40875,8742769,EDCKUL21EPPBH210,L3,26,0,0.0
2026-09-08,2026-09-07,40875,8742770,EDCKUL21EPPBH310,L1,21,21,100.0
2026-09-08,2026-09-07,40875,8742770,EDCKUL21EPPBH310,L2,74,74,100.0
2026-09-08,2026-09-07,40875,8742770,EDCKUL21EPPBH310,L3,26,0,0.0
2026-09-08,2026-09-07,40875,8742771,EDCKUL21EPPBH410,L1,21,21,100.0
2026-09-08,2026-09-07,40875,8742771,EDCKUL21EPPBH410,L2,74,74,100.0
2026-09-08,2026-09-07,40875,8742771,EDCKUL21EPPBH410,L3,26,0,0.0
2026-09-08,2026-09-07,40875,8742772,EDCKUL21EPPBH510,L1,21,21,100.0
2026-09-08,2026-09-07,40875,8742772,EDCKUL21EPPBH510,L2,40,13,32.5
2026-09-08,2026-09-07,40875,8742772,EDCKUL21EPPBH510,L3,26,0,0.0
2026-09-08,2026-09-07,40875,8742773,EDCKUL21EPPBH610,L1,20,20,100.0
2026-09-08,2026-09-07,40875,8742773,EDCKUL21EPPBH610,L2,69,44,63.77
2026-09-08,2026-09-07,40875,8742773,EDCKUL21EPPBH610,L3,26,0,0.0
2026-09-08,2026-09-07,40875,8742783,EDCKUL21GDTBA100,L1,21,21,100.0
2026-09-08,2026-09-07,40875,8742783,EDCKUL21GDTBA100,L2,40,40,100.0
2026-09-08,2026-09-07,40875,8742783,EDCKUL21GDTBA100,L3,26,0,0.0
2026-09-08,2026-09-07,40875,8742784,EDCKUL21GDTBB100,L1,21,21,100.0
2026-09-08,2026-09-07,40875,8742784,EDCKUL21GDTBB100,L2,40,40,100.0
2026-09-08,2026-09-07,40875,8742784,EDCKUL21GDTBB100,L3,26,0,0.0
2026-09-08,2026-09-07,40875,8742785,EDCKUL21GDTBC100,L1,21,21,100.0
2026-09-08,2026-09-07,40875,8742785,EDCKUL21GDTBC100,L2,40,40,100.0
2026-09-08,2026-09-07,40875,8742785,EDCKUL21GDTBC100,L3,26,0,0.0
2026-09-08,2026-09-07,40875,8742786,EDCKUL21GDTBD100,L1,21,21,100.0
2026-09-08,2026-09-07,40875,8742786,EDCKUL21GDTBD100,L2,40,40,100.0
2026-09-08,2026-09-07,40875,8742786,EDCKUL21GDTBD100,L3,26,0,0.0
2026-09-08,2026-09-07,40875,8742787,EDCKUL21GDTBE100,L1,21,21,100.0
2026-09-08,2026-09-07,40875,8742787,EDCKUL21GDTBE100,L2,40,40,100.0
2026-09-08,2026-09-07,40875,8742787,EDCKUL21GDTBE100,L3,26,0,0.0
2026-09-08,2026-09-07,40875,8742788,EDCKUL21GDTBF100,L1,21,21,100.0
2026-09-08,2026-09-07,40875,8742788,EDCKUL21GDTBF100,L2,40,40,100.0
2026-09-08,2026-09-07,40875,8742788,EDCKUL21GDTBF100,L3,26,0,0.0
2026-09-08,2026-09-07,40875,8742789,EDCKUL21GDTBH100,L1,21,21,100.0
2026-09-08,2026-09-07,40875,8742789,EDCKUL21GDTBH100,L2,40,40,100.0
2026-09-08,2026-09-07,40875,8742789,EDCKUL21GDTBH100,L3,26,0,0.0
2026-09-08,2026-09-07,40875,8742790,EDCKUL21GDTBZ100,L1,21,21,100.0
2026-09-08,2026-09-07,40875,8742790,EDCKUL21GDTBZ100,L2,40,40,100.0
2026-09-08,2026-09-07,40875,8742790,EDCKUL21GDTBZ100,L3,26,0,0.0
2026-09-08,2026-09-07,40875,8742791,EDCKUL21GENBA100,L1,21,21,100.0
2026-09-08,2026-09-07,40875,8742791,EDCKUL21GENBA100,L2,40,40,100.0
2026-09-08,2026-09-07,40875,8742791,EDCKUL21GENBA100,L3,26,0,0.0
2026-09-08,2026-09-07,40875,8742792,EDCKUL21GENBB100,L1,21,21,100.0
2026-09-08,2026-09-07,40875,8742792,EDCKUL21GENBB100,L2,40,40,100.0
2026-09-08,2026-09-07,40875,8742792,EDCKUL21GENBB100,L3,26,0,0.0
2026-09-08,2026-09-07,40875,8742793,EDCKUL21GENBC100,L1,21,21,100.0
2026-09-08,2026-09-07,40875,8742793,EDCKUL21GENBC100,L2,40,40,100.0
2026-09-08,2026-09-07,40875,8742793,EDCKUL21GENBC100,L3,26,0,0.0
2026-09-08,2026-09-07,40875,8742794,EDCKUL21GENBD100,L1,21,21,100.0
2026-09-08,2026-09-07,40875,8742794,EDCKUL21GENBD100,L2,40,40,100.0
2026-09-08,2026-09-07,40875,8742794,EDCKUL21GENBD100,L3,26,0,0.0
2026-09-08,2026-09-07,40875,8742795,EDCKUL21GENBE100,L1,21,21,100.0
2026-09-08,2026-09-07,40875,8742795,EDCKUL21GENBE100,L2,40,40,100.0
2026-09-08,2026-09-07,40875,8742795,EDCKUL21GENBE100,L3,26,0,0.0
2026-09-08,2026-09-07,40875,8742796,EDCKUL21GENBF100,L1,21,21,100.0
2026-09-08,2026-09-07,40875,8742796,EDCKUL21GENBF100,L2,40,40,100.0
2026-09-08,2026-09-07,40875,8742796,EDCKUL21GENBF100,L3,26,0,0.0
2026-09-08,2026-09-07,40875,8742797,EDCKUL21GENBH100,L1,21,21,100.0
2026-09-08,2026-09-07,40875,8742797,EDCKUL21GENBH100,L2,40,40,100.0
2026-09-08,2026-09-07,40875,8742797,EDCKUL21GENBH100,L3,26,0,0.0
2026-09-08,2026-09-07,40875,8742798,EDCKUL21GENBZ100,L1,21,21,100.0
2026-09-08,2026-09-07,40875,8742798,EDCKUL21GENBZ100,L2,40,40,100.0
2026-09-08,2026-09-07,40875,8742798,EDCKUL21GENBZ100,L3,26,0,0.0
2026-09-08,2026-09-07,40875,8742799,EDCKUL21GSBBA110,L1,21,21,100.0
2026-09-08,2026-09-07,40875,8742799,EDCKUL21GSBBA110,L2,40,40,100.0
2026-09-08,2026-09-07,40875,8742799,EDCKUL21GSBBA110,L3,26,0,0.0
2026-09-08,2026-09-07,40875,8742800,EDCKUL21GSBBB110,L1,21,21,100.0
2026-09-08,2026-09-07,40875,8742800,EDCKUL21GSBBB110,L2,40,40,100.0
2026-09-08,2026-09-07,40875,8742800,EDCKUL21GSBBB110,L3,26,0,0.0
2026-09-08,2026-09-07,40875,8742801,EDCKUL21GSBBC110,L1,21,21,100.0
2026-09-08,2026-09-07,40875,8742801,EDCKUL21GSBBC110,L2,40,40,100.0
2026-09-08,2026-09-07,40875,8742801,EDCKUL21GSBBC110,L3,26,0,0.0
2026-09-08,2026-09-07,40875,8742802,EDCKUL21GSBBD110,L1,21,21,100.0
2026-09-08,2026-09-07,40875,8742802,EDCKUL21GSBBD110,L2,40,40,100.0
2026-09-08,2026-09-07,40875,8742802,EDCKUL21GSBBD110,L3,26,0,0.0
2026-09-08,2026-09-07,40875,8742803,EDCKUL21GSBBE110,L1,21,21,100.0
2026-09-08,2026-09-07,40875,8742803,EDCKUL21GSBBE110,L2,40,40,100.0
2026-09-08,2026-09-07,40875,8742803,EDCKUL21GSBBE110,L3,26,0,0.0
2026-09-08,2026-09-07,40875,8742804,EDCKUL21GSBBF110,L1,21,21,100.0
2026-09-08,2026-09-07,40875,8742804,EDCKUL21GSBBF110,L2,40,40,100.0
2026-09-08,2026-09-07,40875,8742804,EDCKUL21GSBBF110,L3,26,0,0.0
2026-09-08,2026-09-07,40875,8742805,EDCKUL21GSBBZ110,L1,21,21,100.0
2026-09-08,2026-09-07,40875,8742805,EDCKUL21GSBBZ110,L2,40,40,100.0
2026-09-08,2026-09-07,40875,8742805,EDCKUL21GSBBZ110,L3,26,0,0.0
2026-09-08,2026-09-07,40875,8742806,EDCKUL21GSBBH110,L1,21,21,100.0
2026-09-08,2026-09-07,40875,8742806,EDCKUL21GSBBH110,L2,40,40,100.0
2026-09-08,2026-09-07,40875,8742806,EDCKUL21GSBBH110,L3,26,0,0.0
2026-09-08,2026-09-07,40875,8742807,EDCKUL21MBCBA110,L1,21,21,100.0
2026-09-08,2026-09-07,40875,8742807,EDCKUL21MBCBA110,L2,40,10,25.0
2026-09-08,2026-09-07,40875,8742807,EDCKUL21MBCBA110,L3,26,0,0.0
2026-09-08,2026-09-07,40875,8742808,EDCKUL21MBCBB110,L1,21,21,100.0
2026-09-08,2026-09-07,40875,8742808,EDCKUL21MBCBB110,L2,40,10,25.0
2026-09-08,2026-09-07,40875,8742808,EDCKUL21MBCBB110,L3,26,0,0.0
2026-09-08,2026-09-07,40875,8742809,EDCKUL21MBCBC110,L1,21,21,100.0
2026-09-08,2026-09-07,40875,8742809,EDCKUL21MBCBC110,L2,40,10,25.0
2026-09-08,2026-09-07,40875,8742809,EDCKUL21MBCBC110,L3,26,0,0.0
2026-09-08,2026-09-07,40875,8742810,EDCKUL21MBCBH110,L1,21,21,100.0
2026-09-08,2026-09-07,40875,8742810,EDCKUL21MBCBH110,L2,74,74,100.0
2026-09-08,2026-09-07,40875,8742810,EDCKUL21MBCBH110,L3,26,0,0.0
2026-09-08,2026-09-07,40875,8742811,EDCKUL21MBCBD110,L1,21,21,100.0
2026-09-08,2026-09-07,40875,8742811,EDCKUL21MBCBD110,L2,40,10,25.0
2026-09-08,2026-09-07,40875,8742811,EDCKUL21MBCBD110,L3,26,0,0.0
2026-09-08,2026-09-07,40875,8742812,EDCKUL21MBCBE110,L1,21,21,100.0
2026-09-08,2026-09-07,40875,8742812,EDCKUL21MBCBE110,L2,40,10,25.0
2026-09-08,2026-09-07,40875,8742812,EDCKUL21MBCBE110,L3,26,0,0.0
2026-09-08,2026-09-07,40875,8742819,EDCKUL21MDPBH110,L1,21,21,100.0
2026-09-08,2026-09-07,40875,8742819,EDCKUL21MDPBH110,L2,74,74,100.0
2026-09-08,2026-09-07,40875,8742819,EDCKUL21MDPBH110,L3,26,0,0.0
2026-09-08,2026-09-07,40875,8742820,EDCKUL21MDPBH210,L1,21,21,100.0
2026-09-08,2026-09-07,40875,8742820,EDCKUL21MDPBH210,L2,74,74,100.0
2026-09-08,2026-09-07,40875,8742820,EDCKUL21MDPBH210,L3,26,0,0.0
2026-09-08,2026-09-07,40875,8742821,EDCKUL21MDPBH310,L1,21,21,100.0
2026-09-08,2026-09-07,40875,8742821,EDCKUL21MDPBH310,L2,74,73,98.65
2026-09-08,2026-09-07,40875,8742821,EDCKUL21MDPBH310,L3,26,0,0.0
2026-09-08,2026-09-07,40875,8742822,EDCKUL21MDPBH410,L1,21,21,100.0
2026-09-08,2026-09-07,40875,8742822,EDCKUL21MDPBH410,L2,40,7,17.5
2026-09-08,2026-09-07,40875,8742822,EDCKUL21MDPBH410,L3,26,0,0.0
2026-09-08,2026-09-07,40875,8742823,EDCKUL21MDPBH510,L1,21,21,100.0
2026-09-08,2026-09-07,40875,8742823,EDCKUL21MDPBH510,L2,74,73,98.65
2026-09-08,2026-09-07,40875,8742823,EDCKUL21MDPBH510,L3,26,0,0.0
2026-09-08,2026-09-07,40875,8742824,EDCKUL21MDPBH610,L1,21,21,100.0
2026-09-08,2026-09-07,40875,8742824,EDCKUL21MDPBH610,L2,40,12,30.0
2026-09-08,2026-09-07,40875,8742824,EDCKUL21MDPBH610,L3,26,0,0.0
2026-09-08,2026-09-07,40875,8742825,EDCKUL21MDPBH710,L1,21,21,100.0
2026-09-08,2026-09-07,40875,8742825,EDCKUL21MDPBH710,L2,74,74,100.0
2026-09-08,2026-09-07,40875,8742825,EDCKUL21MDPBH710,L3,26,0,0.0
2026-09-08,2026-09-07,40875,8742826,EDCKUL21MDPBH810,L1,21,21,100.0
2026-09-08,2026-09-07,40875,8742826,EDCKUL21MDPBH810,L2,40,13,32.5
2026-09-08,2026-09-07,40875,8742826,EDCKUL21MDPBH810,L3,26,0,0.0
2026-09-08,2026-09-07,40875,8742827,EDCKUL21MDPBH910,L1,21,21,100.0
2026-09-08,2026-09-07,40875,8742827,EDCKUL21MDPBH910,L2,40,7,17.5
2026-09-08,2026-09-07,40875,8742827,EDCKUL21MDPBH910,L3,26,0,0.0
2026-09-08,2026-09-07,40875,8742828,EDCKUL21MDPBHA10,L1,21,21,100.0
2026-09-08,2026-09-07,40875,8742828,EDCKUL21MDPBHA10,L2,74,74,100.0
2026-09-08,2026-09-07,40875,8742828,EDCKUL21MDPBHA10,L3,26,0,0.0
2026-09-08,2026-09-07,40875,8742829,EDCKUL21MDPBHB10,L1,21,21,100.0
2026-09-08,2026-09-07,40875,8742829,EDCKUL21MDPBHB10,L2,40,7,17.5
2026-09-08,2026-09-07,40875,8742829,EDCKUL21MDPBHB10,L3,26,0,0.0
2026-09-08,2026-09-07,40875,8742830,EDCKUL21MDPBHC10,L1,21,21,100.0
2026-09-08,2026-09-07,40875,8742830,EDCKUL21MDPBHC10,L2,40,7,17.5
2026-09-08,2026-09-07,40875,8742830,EDCKUL21MDPBHC10,L3,26,0,0.0
2026-09-08,2026-09-07,40875,8742831,EDCKUL21MDPBHD10,L1,21,21,100.0
2026-09-08,2026-09-07,40875,8742831,EDCKUL21MDPBHD10,L2,40,7,17.5
2026-09-08,2026-09-07,40875,8742831,EDCKUL21MDPBHD10,L3,26,0,0.0
2026-09-08,2026-09-07,40875,8742832,EDCKUL21MDPBHE10,L1,21,21,100.0
2026-09-08,2026-09-07,40875,8742832,EDCKUL21MDPBHE10,L2,40,7,17.5
2026-09-08,2026-09-07,40875,8742832,EDCKUL21MDPBHE10,L3,26,0,0.0
2026-09-08,2026-09-07,40875,8742833,EDCKUL21MDPBHF10,L1,21,21,100.0
2026-09-08,2026-09-07,40875,8742833,EDCKUL21MDPBHF10,L2,40,7,17.5
2026-09-08,2026-09-07,40875,8742833,EDCKUL21MDPBHF10,L3,26,0,0.0
2026-09-08,2026-09-07,40875,8742834,EDCKUL21MDPBHG10,L1,21,21,100.0
2026-09-08,2026-09-07,40875,8742834,EDCKUL21MDPBHG10,L2,74,74,100.0
2026-09-08,2026-09-07,40875,8742834,EDCKUL21MDPBHG10,L3,26,0,0.0
2026-09-08,2026-09-07,40875,8742835,EDCKUL21MDPBHH10,L1,21,21,100.0
2026-09-08,2026-09-07,40875,8742835,EDCKUL21MDPBHH10,L2,40,7,17.5
2026-09-08,2026-09-07,40875,8742835,EDCKUL21MDPBHH10,L3,26,0,0.0
2026-09-08,2026-09-07,40875,8742836,EDCKUL21MDPBHJ10,L1,21,21,100.0
2026-09-08,2026-09-07,40875,8742836,EDCKUL21MDPBHJ10,L2,40,7,17.5
2026-09-08,2026-09-07,40875,8742836,EDCKUL21MDPBHJ10,L3,26,0,0.0
2026-09-08,2026-09-07,40875,8742837,EDCKUL21MSBBA110,L1,21,21,100.0
2026-09-08,2026-09-07,40875,8742837,EDCKUL21MSBBA110,L2,74,74,100.0
2026-09-08,2026-09-07,40875,8742837,EDCKUL21MSBBA110,L3,26,0,0.0
2026-09-08,2026-09-07,40875,8742838,EDCKUL21MSBBB110,L1,21,21,100.0
2026-09-08,2026-09-07,40875,8742838,EDCKUL21MSBBB110,L2,74,74,100.0
2026-09-08,2026-09-07,40875,8742838,EDCKUL21MSBBB110,L3,26,0,0.0
2026-09-08,2026-09-07,40875,8742839,EDCKUL21MSBBC110,L1,21,21,100.0
2026-09-08,2026-09-07,40875,8742839,EDCKUL21MSBBC110,L2,74,74,100.0
2026-09-08,2026-09-07,40875,8742839,EDCKUL21MSBBC110,L3,26,0,0.0
2026-09-08,2026-09-07,40875,8742840,EDCKUL21MSBBD110,L1,21,21,100.0
2026-09-08,2026-09-07,40875,8742840,EDCKUL21MSBBD110,L2,74,74,100.0
2026-09-08,2026-09-07,40875,8742840,EDCKUL21MSBBD110,L3,26,0,0.0
2026-09-08,2026-09-07,40875,8742841,EDCKUL21MSBBE110,L1,21,21,100.0
2026-09-08,2026-09-07,40875,8742841,EDCKUL21MSBBE110,L2,74,74,100.0
2026-09-08,2026-09-07,40875,8742841,EDCKUL21MSBBE110,L3,26,0,0.0
2026-09-08,2026-09-07,40875,8742842,EDCKUL21MSBBF110,L1,21,21,100.0
2026-09-08,2026-09-07,40875,8742842,EDCKUL21MSBBF110,L2,74,74,100.0
2026-09-08,2026-09-07,40875,8742842,EDCKUL21MSBBF110,L3,26,0,0.0
2026-09-08,2026-09-07,40875,8742843,EDCKUL21MSBBH110,L1,21,21,100.0
2026-09-08,2026-09-07,40875,8742843,EDCKUL21MSBBH110,L2,74,74,100.0
2026-09-08,2026-09-07,40875,8742843,EDCKUL21MSBBH110,L3,26,0,0.0
2026-09-08,2026-09-07,40875,8742844,EDCKUL21MSBBH210,L1,21,21,100.0
2026-09-08,2026-09-07,40875,8742844,EDCKUL21MSBBH210,L2,74,74,100.0
2026-09-08,2026-09-07,40875,8742844,EDCKUL21MSBBH210,L3,26,0,0.0
2026-09-08,2026-09-07,40875,8742845,EDCKUL21MSBBH310,L1,21,21,100.0
2026-09-08,2026-09-07,40875,8742845,EDCKUL21MSBBH310,L2,40,40,100.0
2026-09-08,2026-09-07,40875,8742845,EDCKUL21MSBBH310,L3,26,0,0.0
2026-09-08,2026-09-07,40875,8742846,EDCKUL21MSBBZ110,L1,21,21,100.0
2026-09-08,2026-09-07,40875,8742846,EDCKUL21MSBBZ110,L2,74,74,100.0
2026-09-08,2026-09-07,40875,8742846,EDCKUL21MSBBZ110,L3,26,0,0.0
2026-09-08,2026-09-07,40875,8742847,EDCKUL21OAF01300,L1,21,21,100.0
2026-09-08,2026-09-07,40875,8742847,EDCKUL21OAF01300,L2,40,0,0.0
2026-09-08,2026-09-07,40875,8742847,EDCKUL21OAF01300,L3,26,0,0.0
2026-09-08,2026-09-07,40875,8742848,EDCKUL21OAF01400,L1,21,21,100.0
2026-09-08,2026-09-07,40875,8742848,EDCKUL21OAF01400,L2,40,0,0.0
2026-09-08,2026-09-07,40875,8742848,EDCKUL21OAF01400,L3,26,0,0.0
2026-09-08,2026-09-07,40875,8742849,EDCKUL21OAF01700,L1,21,21,100.0
2026-09-08,2026-09-07,40875,8742849,EDCKUL21OAF01700,L2,40,0,0.0
2026-09-08,2026-09-07,40875,8742849,EDCKUL21OAF01700,L3,26,0,0.0
2026-09-08,2026-09-07,40875,8742850,EDCKUL21OAF01800,L1,21,21,100.0
2026-09-08,2026-09-07,40875,8742850,EDCKUL21OAF01800,L2,40,0,0.0
2026-09-08,2026-09-07,40875,8742850,EDCKUL21OAF01800,L3,26,0,0.0
2026-09-08,2026-09-07,40875,8742851,EDCKUL21OAF01900,L1,21,21,100.0
2026-09-08,2026-09-07,40875,8742851,EDCKUL21OAF01900,L2,40,0,0.0
2026-09-08,2026-09-07,40875,8742851,EDCKUL21OAF01900,L3,26,0,0.0
2026-09-08,2026-09-07,40875,8742852,EDCKUL21OAF02000,L1,21,21,100.0
2026-09-08,2026-09-07,40875,8742852,EDCKUL21OAF02000,L2,40,0,0.0
2026-09-08,2026-09-07,40875,8742852,EDCKUL21OAF02000,L3,26,0,0.0
2026-09-08,2026-09-07,40875,8742853,EDCKUL21OAF02100,L1,21,21,100.0
2026-09-08,2026-09-07,40875,8742853,EDCKUL21OAF02100,L2,40,0,0.0
2026-09-08,2026-09-07,40875,8742853,EDCKUL21OAF02100,L3,26,0,0.0
2026-09-08,2026-09-07,40875,8742854,EDCKUL21OAF02200,L1,21,21,100.0
2026-09-08,2026-09-07,40875,8742854,EDCKUL21OAF02200,L2,40,0,0.0
2026-09-08,2026-09-07,40875,8742854,EDCKUL21OAF02200,L3,26,0,0.0
2026-09-08,2026-09-07,40875,8742855,EDCKUL21OAF02300,L1,21,21,100.0
2026-09-08,2026-09-07,40875,8742855,EDCKUL21OAF02300,L2,40,0,0.0
2026-09-08,2026-09-07,40875,8742855,EDCKUL21OAF02300,L3,26,0,0.0
2026-09-08,2026-09-07,40875,8742856,EDCKUL21OAF02400,L1,21,21,100.0
2026-09-08,2026-09-07,40875,8742856,EDCKUL21OAF02400,L2,40,0,0.0
2026-09-08,2026-09-07,40875,8742856,EDCKUL21OAF02400,L3,26,0,0.0
2026-09-08,2026-09-07,40875,8742857,EDCKUL21OAF02500,L1,21,21,100.0
2026-09-08,2026-09-07,40875,8742857,EDCKUL21OAF02500,L2,40,0,0.0
2026-09-08,2026-09-07,40875,8742857,EDCKUL21OAF02500,L3,26,0,0.0
2026-09-08,2026-09-07,40875,8742858,EDCKUL21OAF02600,L1,21,21,100.0
2026-09-08,2026-09-07,40875,8742858,EDCKUL21OAF02600,L2,40,0,0.0
2026-09-08,2026-09-07,40875,8742858,EDCKUL21OAF02600,L3,26,0,0.0
2026-09-08,2026-09-07,40875,8742859,EDCKUL21OAF02700,L1,21,21,100.0
2026-09-08,2026-09-07,40875,8742859,EDCKUL21OAF02700,L2,40,0,0.0
2026-09-08,2026-09-07,40875,8742859,EDCKUL21OAF02700,L3,26,0,0.0
2026-09-08,2026-09-07,40875,8742860,EDCKUL21OAF02800,L1,21,21,100.0
2026-09-08,2026-09-07,40875,8742860,EDCKUL21OAF02800,L2,40,0,0.0
2026-09-08,2026-09-07,40875,8742860,EDCKUL21OAF02800,L3,26,0,0.0
2026-09-08,2026-09-07,40875,8742861,EDCKUL21OAF02900,L1,21,21,100.0
2026-09-08,2026-09-07,40875,8742861,EDCKUL21OAF02900,L2,40,0,0.0
2026-09-08,2026-09-07,40875,8742861,EDCKUL21OAF02900,L3,26,0,0.0
2026-09-08,2026-09-07,40875,8742862,EDCKUL21OAF03000,L1,21,21,100.0
2026-09-08,2026-09-07,40875,8742862,EDCKUL21OAF03000,L2,40,0,0.0
2026-09-08,2026-09-07,40875,8742862,EDCKUL21OAF03000,L3,26,0,0.0
2026-09-08,2026-09-07,40875,8742865,EDCKUL21PAC00500,L1,21,21,100.0
2026-09-08,2026-09-07,40875,8742865,EDCKUL21PAC00500,L2,40,0,0.0
2026-09-08,2026-09-07,40875,8742865,EDCKUL21PAC00500,L3,26,0,0.0
2026-09-08,2026-09-07,40875,8742866,EDCKUL21PAC00600,L1,21,21,100.0
2026-09-08,2026-09-07,40875,8742866,EDCKUL21PAC00600,L2,40,0,0.0
2026-09-08,2026-09-07,40875,8742866,EDCKUL21PAC00600,L3,26,0,0.0
2026-09-08,2026-09-07,40875,8742867,EDCKUL21PAC00700,L1,21,21,100.0
2026-09-08,2026-09-07,40875,8742867,EDCKUL21PAC00700,L2,40,0,0.0
2026-09-08,2026-09-07,40875,8742867,EDCKUL21PAC00700,L3,26,0,0.0
2026-09-08,2026-09-07,40875,8742868,EDCKUL21PAC00800,L1,21,21,100.0
2026-09-08,2026-09-07,40875,8742868,EDCKUL21PAC00800,L2,40,0,0.0
2026-09-08,2026-09-07,40875,8742868,EDCKUL21PAC00800,L3,26,0,0.0
2026-09-08,2026-09-07,40875,8742869,EDCKUL21PAS00900,L1,21,21,100.0
2026-09-08,2026-09-07,40875,8742869,EDCKUL21PAS00900,L2,40,0,0.0
2026-09-08,2026-09-07,40875,8742869,EDCKUL21PAS00900,L3,26,0,0.0
2026-09-08,2026-09-07,40875,8742870,EDCKUL21PAS01000,L1,21,21,100.0
2026-09-08,2026-09-07,40875,8742870,EDCKUL21PAS01000,L2,40,0,0.0
2026-09-08,2026-09-07,40875,8742870,EDCKUL21PAS01000,L3,26,0,0.0
2026-09-08,2026-09-07,40875,8742871,EDCKUL21PAS01100,L1,21,21,100.0
2026-09-08,2026-09-07,40875,8742871,EDCKUL21PAS01100,L2,40,0,0.0
2026-09-08,2026-09-07,40875,8742871,EDCKUL21PAS01100,L3,26,0,0.0
2026-09-08,2026-09-07,40875,8742872,EDCKUL21PAS01200,L1,21,21,100.0
2026-09-08,2026-09-07,40875,8742872,EDCKUL21PAS01200,L2,40,0,0.0
2026-09-08,2026-09-07,40875,8742872,EDCKUL21PAS01200,L3,26,0,0.0
2026-09-08,2026-09-07,40875,8742873,EDCKUL21PAS01300,L1,21,21,100.0
2026-09-08,2026-09-07,40875,8742873,EDCKUL21PAS01300,L2,40,0,0.0
2026-09-08,2026-09-07,40875,8742873,EDCKUL21PAS01300,L3,26,0,0.0
2026-09-08,2026-09-07,40875,8742874,EDCKUL21PAS01400,L1,21,21,100.0
2026-09-08,2026-09-07,40875,8742874,EDCKUL21PAS01400,L2,40,0,0.0
2026-09-08,2026-09-07,40875,8742874,EDCKUL21PAS01400,L3,26,0,0.0
2026-09-08,2026-09-07,40875,8742875,EDCKUL21PAS01500,L1,21,21,100.0
2026-09-08,2026-09-07,40875,8742875,EDCKUL21PAS01500,L2,40,0,0.0
2026-09-08,2026-09-07,40875,8742875,EDCKUL21PAS01500,L3,26,0,0.0
2026-09-08,2026-09-07,40875,8742876,EDCKUL21PAS01600,L1,21,21,100.0
2026-09-08,2026-09-07,40875,8742876,EDCKUL21PAS01600,L2,40,0,0.0
2026-09-08,2026-09-07,40875,8742876,EDCKUL21PAS01600,L3,26,0,0.0
2026-09-08,2026-09-07,40875,8743101,EDCKUL21STSBA110,L1,21,21,100.0
2026-09-08,2026-09-07,40875,8743101,EDCKUL21STSBA110,L2,40,40,100.0
2026-09-08,2026-09-07,40875,8743101,EDCKUL21STSBA110,L3,26,0,0.0
2026-09-08,2026-09-07,40875,8743102,EDCKUL21STSBA210,L1,21,21,100.0
2026-09-08,2026-09-07,40875,8743102,EDCKUL21STSBA210,L2,40,40,100.0
2026-09-08,2026-09-07,40875,8743102,EDCKUL21STSBA210,L3,26,0,0.0
2026-09-08,2026-09-07,40875,8743103,EDCKUL21STSBB110,L1,21,21,100.0
2026-09-08,2026-09-07,40875,8743103,EDCKUL21STSBB110,L2,40,38,95.0
2026-09-08,2026-09-07,40875,8743103,EDCKUL21STSBB110,L3,26,0,0.0
2026-09-08,2026-09-07,40875,8743104,EDCKUL21STSBB210,L1,21,21,100.0
2026-09-08,2026-09-07,40875,8743104,EDCKUL21STSBB210,L2,40,8,20.0
2026-09-08,2026-09-07,40875,8743104,EDCKUL21STSBB210,L3,26,0,0.0
2026-09-08,2026-09-07,40875,8743105,EDCKUL21STSBC110,L1,21,21,100.0
2026-09-08,2026-09-07,40875,8743105,EDCKUL21STSBC110,L2,40,10,25.0
2026-09-08,2026-09-07,40875,8743105,EDCKUL21STSBC110,L3,26,0,0.0
2026-09-08,2026-09-07,40875,8743106,EDCKUL21STSBC210,L1,21,21,100.0
2026-09-08,2026-09-07,40875,8743106,EDCKUL21STSBC210,L2,40,10,25.0
2026-09-08,2026-09-07,40875,8743106,EDCKUL21STSBC210,L3,26,0,0.0
2026-09-08,2026-09-07,40875,8743107,EDCKUL21STSBD110,L1,21,21,100.0
2026-09-08,2026-09-07,40875,8743107,EDCKUL21STSBD110,L2,40,7,17.5
2026-09-08,2026-09-07,40875,8743107,EDCKUL21STSBD110,L3,26,0,0.0
2026-09-08,2026-09-07,40875,8743108,EDCKUL21STSBD210,L1,21,21,100.0
2026-09-08,2026-09-07,40875,8743108,EDCKUL21STSBD210,L2,40,7,17.5
2026-09-08,2026-09-07,40875,8743108,EDCKUL21STSBD210,L3,26,0,0.0
2026-09-08,2026-09-07,40875,8743109,EDCKUL21STSBE110,L1,21,21,100.0
2026-09-08,2026-09-07,40875,8743109,EDCKUL21STSBE110,L2,40,7,17.5
2026-09-08,2026-09-07,40875,8743109,EDCKUL21STSBE110,L3,26,0,0.0
2026-09-08,2026-09-07,40875,8743110,EDCKUL21STSBE210,L1,21,21,100.0
2026-09-08,2026-09-07,40875,8743110,EDCKUL21STSBE210,L2,40,7,17.5
2026-09-08,2026-09-07,40875,8743110,EDCKUL21STSBE210,L3,26,0,0.0
2026-09-08,2026-09-07,40875,8743111,EDCKUL21STSBF110,L1,21,21,100.0
2026-09-08,2026-09-07,40875,8743111,EDCKUL21STSBF110,L2,40,7,17.5
2026-09-08,2026-09-07,40875,8743111,EDCKUL21STSBF110,L3,26,0,0.0
2026-09-08,2026-09-07,40875,8743112,EDCKUL21STSBF210,L1,21,21,100.0
2026-09-08,2026-09-07,40875,8743112,EDCKUL21STSBF210,L2,40,7,17.5
2026-09-08,2026-09-07,40875,8743112,EDCKUL21STSBF210,L3,26,0,0.0
2026-09-08,2026-09-07,40875,8743126,EDCKUL21TRNBA100,L1,21,21,100.0
2026-09-08,2026-09-07,40875,8743126,EDCKUL21TRNBA100,L2,40,40,100.0
2026-09-08,2026-09-07,40875,8743126,EDCKUL21TRNBA100,L3,26,0,0.0
2026-09-08,2026-09-07,40875,8743127,EDCKUL21TRNBB100,L1,21,21,100.0
2026-09-08,2026-09-07,40875,8743127,EDCKUL21TRNBB100,L2,40,40,100.0
2026-09-08,2026-09-07,40875,8743127,EDCKUL21TRNBB100,L3,26,0,0.0
2026-09-08,2026-09-07,40875,8743128,EDCKUL21TRNBC100,L1,21,21,100.0
2026-09-08,2026-09-07,40875,8743128,EDCKUL21TRNBC100,L2,40,40,100.0
2026-09-08,2026-09-07,40875,8743128,EDCKUL21TRNBC100,L3,26,0,0.0
2026-09-08,2026-09-07,40875,8743129,EDCKUL21TRNBD100,L1,21,21,100.0
2026-09-08,2026-09-07,40875,8743129,EDCKUL21TRNBD100,L2,40,40,100.0
2026-09-08,2026-09-07,40875,8743129,EDCKUL21TRNBD100,L3,26,0,0.0
2026-09-08,2026-09-07,40875,8743130,EDCKUL21TRNBE100,L1,21,21,100.0
2026-09-08,2026-09-07,40875,8743130,EDCKUL21TRNBE100,L2,40,40,100.0
2026-09-08,2026-09-07,40875,8743130,EDCKUL21TRNBE100,L3,26,0,0.0
2026-09-08,2026-09-07,40875,8743131,EDCKUL21TRNBF100,L1,21,21,100.0
2026-09-08,2026-09-07,40875,8743131,EDCKUL21TRNBF100,L2,40,40,100.0
2026-09-08,2026-09-07,40875,8743131,EDCKUL21TRNBF100,L3,26,0,0.0
2026-09-08,2026-09-07,40875,8743132,EDCKUL21TRNBH100,L1,21,21,100.0
2026-09-08,2026-09-07,40875,8743132,EDCKUL21TRNBH100,L2,40,40,100.0
2026-09-08,2026-09-07,40875,8743132,EDCKUL21TRNBH100,L3,26,0,0.0
2026-09-08,2026-09-07,40875,8743133,EDCKUL21TRNBZ100,L1,21,21,100.0
2026-09-08,2026-09-07,40875,8743133,EDCKUL21TRNBZ100,L2,40,40,100.0
2026-09-08,2026-09-07,40875,8743133,EDCKUL21TRNBZ100,L3,26,0,0.0
2026-09-08,2026-09-07,40875,8743158,EDCKUL21UPBBA110,L1,21,21,100.0
2026-09-08,2026-09-07,40875,8743158,EDCKUL21UPBBA110,L2,40,38,95.0
2026-09-08,2026-09-07,40875,8743158,EDCKUL21UPBBA110,L3,26,0,0.0
2026-09-08,2026-09-07,40875,8743159,EDCKUL21UPBBA210,L1,21,21,100.0
2026-09-08,2026-09-07,40875,8743159,EDCKUL21UPBBA210,L2,40,39,97.5
2026-09-08,2026-09-07,40875,8743159,EDCKUL21UPBBA210,L3,26,0,0.0
2026-09-08,2026-09-07,40875,8743160,EDCKUL21UPBBB110,L1,21,21,100.0
2026-09-08,2026-09-07,40875,8743160,EDCKUL21UPBBB110,L2,40,7,17.5
2026-09-08,2026-09-07,40875,8743160,EDCKUL21UPBBB110,L3,26,0,0.0
2026-09-08,2026-09-07,40875,8743161,EDCKUL21UPBBB210,L1,21,21,100.0
2026-09-08,2026-09-07,40875,8743161,EDCKUL21UPBBB210,L2,40,7,17.5
2026-09-08,2026-09-07,40875,8743161,EDCKUL21UPBBB210,L3,26,0,0.0
2026-09-08,2026-09-07,40875,8743162,EDCKUL21UPBBC110,L1,21,21,100.0
2026-09-08,2026-09-07,40875,8743162,EDCKUL21UPBBC110,L2,40,0,0.0
2026-09-08,2026-09-07,40875,8743162,EDCKUL21UPBBC110,L3,26,0,0.0
2026-09-08,2026-09-07,40875,8743163,EDCKUL21UPBBC210,L1,21,21,100.0
2026-09-08,2026-09-07,40875,8743163,EDCKUL21UPBBC210,L2,40,0,0.0
2026-09-08,2026-09-07,40875,8743163,EDCKUL21UPBBC210,L3,26,0,0.0
2026-09-08,2026-09-07,40875,8743164,EDCKUL21UPBBD110,L1,21,21,100.0
2026-09-08,2026-09-07,40875,8743164,EDCKUL21UPBBD110,L2,40,0,0.0
2026-09-08,2026-09-07,40875,8743164,EDCKUL21UPBBD110,L3,26,0,0.0
2026-09-08,2026-09-07,40875,8743165,EDCKUL21UPBBD210,L1,21,21,100.0
2026-09-08,2026-09-07,40875,8743165,EDCKUL21UPBBD210,L2,40,0,0.0
2026-09-08,2026-09-07,40875,8743165,EDCKUL21UPBBD210,L3,26,0,0.0
2026-09-08,2026-09-07,40875,8743166,EDCKUL21UPBBE110,L1,21,21,100.0
2026-09-08,2026-09-07,40875,8743166,EDCKUL21UPBBE110,L2,40,0,0.0
2026-09-08,2026-09-07,40875,8743166,EDCKUL21UPBBE110,L3,26,0,0.0
2026-09-08,2026-09-07,40875,8743167,EDCKUL21UPBBE210,L1,21,21,100.0
2026-09-08,2026-09-07,40875,8743167,EDCKUL21UPBBE210,L2,40,0,0.0
2026-09-08,2026-09-07,40875,8743167,EDCKUL21UPBBE210,L3,26,0,0.0
2026-09-08,2026-09-07,40875,8743168,EDCKUL21UPBBF110,L1,21,21,100.0
2026-09-08,2026-09-07,40875,8743168,EDCKUL21UPBBF110,L2,40,0,0.0
2026-09-08,2026-09-07,40875,8743168,EDCKUL21UPBBF110,L3,26,0,0.0
2026-09-08,2026-09-07,40875,8743169,EDCKUL21UPBBF210,L1,21,21,100.0
2026-09-08,2026-09-07,40875,8743169,EDCKUL21UPBBF210,L2,40,0,0.0
2026-09-08,2026-09-07,40875,8743169,EDCKUL21UPBBF210,L3,26,0,0.0
2026-09-08,2026-09-07,40875,8743170,EDCKUL21UPBBH110,L1,20,20,100.0
2026-09-08,2026-09-07,40875,8743170,EDCKUL21UPBBH110,L2,35,0,0.0
2026-09-08,2026-09-07,40875,8743170,EDCKUL21UPBBH110,L3,26,0,0.0
2026-09-08,2026-09-07,40875,8743171,EDCKUL21UPBBZ110,L1,21,21,100.0
2026-09-08,2026-09-07,40875,8743171,EDCKUL21UPBBZ110,L2,40,0,0.0
2026-09-08,2026-09-07,40875,8743171,EDCKUL21UPBBZ110,L3,26,0,0.0
2026-09-08,2026-09-07,40875,8743172,EDCKUL21UPBBZ210,L1,21,21,100.0
2026-09-08,2026-09-07,40875,8743172,EDCKUL21UPBBZ210,L2,40,0,0.0
2026-09-08,2026-09-07,40875,8743172,EDCKUL21UPBBZ210,L3,26,0,0.0
2026-09-08,2026-09-07,40875,8743173,EDCKUL21UPS00100,L1,20,20,100.0
2026-09-08,2026-09-07,40875,8743173,EDCKUL21UPS00100,L2,35,35,100.0
2026-09-08,2026-09-07,40875,8743173,EDCKUL21UPS00100,L3,26,0,0.0
2026-09-08,2026-09-07,40875,8743174,EDCKUL21UPS00200,L1,20,20,100.0
2026-09-08,2026-09-07,40875,8743174,EDCKUL21UPS00200,L2,35,35,100.0
2026-09-08,2026-09-07,40875,8743174,EDCKUL21UPS00200,L3,26,0,0.0
2026-09-08,2026-09-07,40875,8743175,EDCKUL21UPSBA110,L1,21,21,100.0
2026-09-08,2026-09-07,40875,8743175,EDCKUL21UPSBA110,L2,40,40,100.0
2026-09-08,2026-09-07,40875,8743175,EDCKUL21UPSBA110,L3,26,0,0.0
2026-09-08,2026-09-07,40875,8743176,EDCKUL21UPSBA210,L1,21,21,100.0
2026-09-08,2026-09-07,40875,8743176,EDCKUL21UPSBA210,L2,40,40,100.0
2026-09-08,2026-09-07,40875,8743176,EDCKUL21UPSBA210,L3,26,0,0.0
2026-09-08,2026-09-07,40875,8743177,EDCKUL21UPSBB110,L1,21,21,100.0
2026-09-08,2026-09-07,40875,8743177,EDCKUL21UPSBB110,L2,40,7,17.5
2026-09-08,2026-09-07,40875,8743177,EDCKUL21UPSBB110,L3,26,0,0.0
2026-09-08,2026-09-07,40875,8743178,EDCKUL21UPSBB210,L1,21,21,100.0
2026-09-08,2026-09-07,40875,8743178,EDCKUL21UPSBB210,L2,40,7,17.5
2026-09-08,2026-09-07,40875,8743178,EDCKUL21UPSBB210,L3,26,0,0.0
2026-09-08,2026-09-07,40875,8743179,EDCKUL21UPSBC110,L1,21,21,100.0
2026-09-08,2026-09-07,40875,8743179,EDCKUL21UPSBC110,L2,40,7,17.5
2026-09-08,2026-09-07,40875,8743179,EDCKUL21UPSBC110,L3,26,0,0.0
2026-09-08,2026-09-07,40875,8743180,EDCKUL21UPSBC210,L1,21,21,100.0
2026-09-08,2026-09-07,40875,8743180,EDCKUL21UPSBC210,L2,40,7,17.5
2026-09-08,2026-09-07,40875,8743180,EDCKUL21UPSBC210,L3,26,0,0.0
2026-09-08,2026-09-07,40875,8743181,EDCKUL21UPSBD110,L1,21,21,100.0
2026-09-08,2026-09-07,40875,8743181,EDCKUL21UPSBD110,L2,40,0,0.0
2026-09-08,2026-09-07,40875,8743181,EDCKUL21UPSBD110,L3,26,0,0.0
2026-09-08,2026-09-07,40875,8743182,EDCKUL21UPSBD210,L1,21,21,100.0
2026-09-08,2026-09-07,40875,8743182,EDCKUL21UPSBD210,L2,40,0,0.0
2026-09-08,2026-09-07,40875,8743182,EDCKUL21UPSBD210,L3,26,0,0.0
2026-09-08,2026-09-07,40875,8743183,EDCKUL21UPSBE110,L1,21,21,100.0
2026-09-08,2026-09-07,40875,8743183,EDCKUL21UPSBE110,L2,40,0,0.0
2026-09-08,2026-09-07,40875,8743183,EDCKUL21UPSBE110,L3,26,0,0.0
2026-09-08,2026-09-07,40875,8743184,EDCKUL21UPSBE210,L1,21,21,100.0
2026-09-08,2026-09-07,40875,8743184,EDCKUL21UPSBE210,L2,40,0,0.0
2026-09-08,2026-09-07,40875,8743184,EDCKUL21UPSBE210,L3,26,0,0.0
2026-09-08,2026-09-07,40875,8743185,EDCKUL21UPSBF110,L1,21,21,100.0
2026-09-08,2026-09-07,40875,8743185,EDCKUL21UPSBF110,L2,40,10,25.0
2026-09-08,2026-09-07,40875,8743185,EDCKUL21UPSBF110,L3,26,0,0.0
2026-09-08,2026-09-07,40875,8743186,EDCKUL21UPSBF210,L1,21,21,100.0
2026-09-08,2026-09-07,40875,8743186,EDCKUL21UPSBF210,L2,40,8,20.0
2026-09-08,2026-09-07,40875,8743186,EDCKUL21UPSBF210,L3,26,0,0.0
2026-09-08,2026-09-07,40875,8743187,EDCKUL21UPSBH110,L1,21,21,100.0
2026-09-08,2026-09-07,40875,8743187,EDCKUL21UPSBH110,L2,40,0,0.0
2026-09-08,2026-09-07,40875,8743187,EDCKUL21UPSBH110,L3,26,0,0.0
2026-09-08,2026-09-07,40875,8743188,EDCKUL21UPSBZ110,L1,21,21,100.0
2026-09-08,2026-09-07,40875,8743188,EDCKUL21UPSBZ110,L2,40,0,0.0
2026-09-08,2026-09-07,40875,8743188,EDCKUL21UPSBZ110,L3,26,0,0.0
2026-09-08,2026-09-07,40875,8743189,EDCKUL21UPSBZ210,L1,21,21,100.0
2026-09-08,2026-09-07,40875,8743189,EDCKUL21UPSBZ210,L2,40,0,0.0
2026-09-08,2026-09-07,40875,8743189,EDCKUL21UPSBZ210,L3,26,0,0.0
2026-09-08,2026-09-07,40875,8743245,EDCKUL21VRF00100,L1,21,21,100.0
2026-09-08,2026-09-07,40875,8743245,EDCKUL21VRF00100,L2,40,40,100.0
2026-09-08,2026-09-07,40875,8743245,EDCKUL21VRF00100,L3,26,0,0.0
2026-09-08,2026-09-07,40875,8743246,EDCKUL21ACS00110,L1,21,21,100.0
2026-09-08,2026-09-07,40875,8743246,EDCKUL21ACS00110,L2,40,40,100.0
2026-09-08,2026-09-07,40875,8743246,EDCKUL21ACS00110,L3,26,0,0.0
2026-09-08,2026-09-07,40875,8743247,EDCKUL21ACS00120,L1,21,21,100.0
2026-09-08,2026-09-07,40875,8743247,EDCKUL21ACS00120,L2,40,40,100.0
2026-09-08,2026-09-07,40875,8743247,EDCKUL21ACS00120,L3,26,0,0.0
2026-09-08,2026-09-07,40875,8743248,EDCKUL21ACS00130,L1,21,21,100.0
2026-09-08,2026-09-07,40875,8743248,EDCKUL21ACS00130,L2,40,40,100.0
2026-09-08,2026-09-07,40875,8743248,EDCKUL21ACS00130,L3,26,0,0.0
2026-09-08,2026-09-07,40875,8743249,EDCKUL21ACS00140,L1,21,21,100.0
2026-09-08,2026-09-07,40875,8743249,EDCKUL21ACS00140,L2,40,40,100.0
2026-09-08,2026-09-07,40875,8743249,EDCKUL21ACS00140,L3,26,0,0.0
2026-09-08,2026-09-07,40875,8743250,EDCKUL21ACS00150,L1,21,21,100.0
2026-09-08,2026-09-07,40875,8743250,EDCKUL21ACS00150,L2,40,40,100.0
2026-09-08,2026-09-07,40875,8743250,EDCKUL21ACS00150,L3,26,0,0.0
2026-09-08,2026-09-07,40875,8743251,EDCKUL21ACS00160,L1,21,21,100.0
2026-09-08,2026-09-07,40875,8743251,EDCKUL21ACS00160,L2,40,40,100.0
2026-09-08,2026-09-07,40875,8743251,EDCKUL21ACS00160,L3,26,0,0.0
2026-09-08,2026-09-07,40875,8743252,EDCKUL21ACS00170,L1,21,21,100.0
2026-09-08,2026-09-07,40875,8743252,EDCKUL21ACS00170,L2,40,40,100.0
2026-09-08,2026-09-07,40875,8743252,EDCKUL21ACS00170,L3,26,0,0.0
2026-09-08,2026-09-07,40875,8743253,EDCKUL21ACS00180,L1,21,21,100.0
2026-09-08,2026-09-07,40875,8743253,EDCKUL21ACS00180,L2,40,40,100.0
2026-09-08,2026-09-07,40875,8743253,EDCKUL21ACS00180,L3,26,0,0.0
2026-09-08,2026-09-07,40875,8743254,EDCKUL21ACS00190,L1,21,21,100.0
2026-09-08,2026-09-07,40875,8743254,EDCKUL21ACS00190,L2,40,40,100.0
2026-09-08,2026-09-07,40875,8743254,EDCKUL21ACS00190,L3,26,0,0.0
2026-09-08,2026-09-07,40875,8743255,EDCKUL21ACS001A0,L1,21,21,100.0
2026-09-08,2026-09-07,40875,8743255,EDCKUL21ACS001A0,L2,40,40,100.0
2026-09-08,2026-09-07,40875,8743255,EDCKUL21ACS001A0,L3,26,0,0.0
2026-09-08,2026-09-07,40875,8743256,EDCKUL21ACS001B0,L1,21,21,100.0
2026-09-08,2026-09-07,40875,8743256,EDCKUL21ACS001B0,L2,40,40,100.0
2026-09-08,2026-09-07,40875,8743256,EDCKUL21ACS001B0,L3,26,0,0.0
2026-09-08,2026-09-07,40875,8743257,EDCKUL21VRF00200,L1,21,21,100.0
2026-09-08,2026-09-07,40875,8743257,EDCKUL21VRF00200,L2,40,40,100.0
2026-09-08,2026-09-07,40875,8743257,EDCKUL21VRF00200,L3,26,0,0.0
2026-09-08,2026-09-07,40875,8743258,EDCKUL21ACS00210,L1,21,21,100.0
2026-09-08,2026-09-07,40875,8743258,EDCKUL21ACS00210,L2,40,40,100.0
2026-09-08,2026-09-07,40875,8743258,EDCKUL21ACS00210,L3,26,0,0.0
2026-09-08,2026-09-07,40875,8743259,EDCKUL21ACS00220,L1,21,21,100.0
2026-09-08,2026-09-07,40875,8743259,EDCKUL21ACS00220,L2,40,40,100.0
2026-09-08,2026-09-07,40875,8743259,EDCKUL21ACS00220,L3,26,0,0.0
2026-09-08,2026-09-07,40875,8743260,EDCKUL21ACS00230,L1,21,21,100.0
2026-09-08,2026-09-07,40875,8743260,EDCKUL21ACS00230,L2,40,40,100.0
2026-09-08,2026-09-07,40875,8743260,EDCKUL21ACS00230,L3,26,0,0.0
2026-09-08,2026-09-07,40875,8743261,EDCKUL21ACS00240,L1,21,21,100.0
2026-09-08,2026-09-07,40875,8743261,EDCKUL21ACS00240,L2,40,40,100.0
2026-09-08,2026-09-07,40875,8743261,EDCKUL21ACS00240,L3,26,0,0.0
2026-09-08,2026-09-07,40875,8743262,EDCKUL21ACS00250,L1,21,21,100.0
2026-09-08,2026-09-07,40875,8743262,EDCKUL21ACS00250,L2,40,40,100.0
2026-09-08,2026-09-07,40875,8743262,EDCKUL21ACS00250,L3,26,0,0.0
2026-09-08,2026-09-07,40875,8743263,EDCKUL21ACS00260,L1,21,21,100.0
2026-09-08,2026-09-07,40875,8743263,EDCKUL21ACS00260,L2,40,40,100.0
2026-09-08,2026-09-07,40875,8743263,EDCKUL21ACS00260,L3,26,0,0.0
2026-09-08,2026-09-07,40875,8743264,EDCKUL21ACS00270,L1,21,21,100.0
2026-09-08,2026-09-07,40875,8743264,EDCKUL21ACS00270,L2,40,40,100.0
2026-09-08,2026-09-07,40875,8743264,EDCKUL21ACS00270,L3,26,0,0.0
2026-09-08,2026-09-07,40875,8743265,EDCKUL21ACS00280,L1,21,21,100.0
2026-09-08,2026-09-07,40875,8743265,EDCKUL21ACS00280,L2,40,40,100.0
2026-09-08,2026-09-07,40875,8743265,EDCKUL21ACS00280,L3,26,0,0.0
2026-09-08,2026-09-07,40875,8743266,EDCKUL21ACS00290,L1,21,21,100.0
2026-09-08,2026-09-07,40875,8743266,EDCKUL21ACS00290,L2,40,40,100.0
2026-09-08,2026-09-07,40875,8743266,EDCKUL21ACS00290,L3,26,0,0.0
2026-09-08,2026-09-07,40875,8743267,EDCKUL21ACS002A0,L1,21,21,100.0
2026-09-08,2026-09-07,40875,8743267,EDCKUL21ACS002A0,L2,40,40,100.0
2026-09-08,2026-09-07,40875,8743267,EDCKUL21ACS002A0,L3,26,0,0.0
2026-09-08,2026-09-07,40875,8743268,EDCKUL21VRF00300,L1,21,21,100.0
2026-09-08,2026-09-07,40875,8743268,EDCKUL21VRF00300,L2,40,7,17.5
2026-09-08,2026-09-07,40875,8743268,EDCKUL21VRF00300,L3,26,0,0.0
2026-09-08,2026-09-07,40875,8743269,EDCKUL21ACS00310,L1,21,0,0.0
2026-09-08,2026-09-07,40875,8743269,EDCKUL21ACS00310,L2,35,0,0.0
2026-09-08,2026-09-07,40875,8743269,EDCKUL21ACS00310,L3,26,0,0.0
2026-09-08,2026-09-07,40875,8743270,EDCKUL21ACS00320,L1,21,0,0.0
2026-09-08,2026-09-07,40875,8743270,EDCKUL21ACS00320,L2,35,0,0.0
2026-09-08,2026-09-07,40875,8743270,EDCKUL21ACS00320,L3,26,0,0.0
2026-09-08,2026-09-07,40875,8743271,EDCKUL21ACS00330,L1,21,0,0.0
2026-09-08,2026-09-07,40875,8743271,EDCKUL21ACS00330,L2,35,0,0.0
2026-09-08,2026-09-07,40875,8743271,EDCKUL21ACS00330,L3,26,0,0.0
2026-09-08,2026-09-07,40875,8743272,EDCKUL21ACS00340,L1,21,0,0.0
2026-09-08,2026-09-07,40875,8743272,EDCKUL21ACS00340,L2,35,0,0.0
2026-09-08,2026-09-07,40875,8743272,EDCKUL21ACS00340,L3,26,0,0.0
2026-09-08,2026-09-07,40875,8743273,EDCKUL21ACS00350,L1,21,0,0.0
2026-09-08,2026-09-07,40875,8743273,EDCKUL21ACS00350,L2,35,0,0.0
2026-09-08,2026-09-07,40875,8743273,EDCKUL21ACS00350,L3,26,0,0.0
2026-09-08,2026-09-07,40875,8743274,EDCKUL21VRF00400,L1,21,21,100.0
2026-09-08,2026-09-07,40875,8743274,EDCKUL21VRF00400,L2,40,7,17.5
2026-09-08,2026-09-07,40875,8743274,EDCKUL21VRF00400,L3,26,0,0.0
2026-09-08,2026-09-07,40875,8743275,EDCKUL21ACS00410,L1,21,0,0.0
2026-09-08,2026-09-07,40875,8743275,EDCKUL21ACS00410,L2,35,0,0.0
2026-09-08,2026-09-07,40875,8743275,EDCKUL21ACS00410,L3,26,0,0.0
2026-09-08,2026-09-07,40875,8743276,EDCKUL21ACS00420,L1,21,0,0.0
2026-09-08,2026-09-07,40875,8743276,EDCKUL21ACS00420,L2,35,0,0.0
2026-09-08,2026-09-07,40875,8743276,EDCKUL21ACS00420,L3,26,0,0.0
2026-09-08,2026-09-07,40875,8743277,EDCKUL21ACS00430,L1,21,0,0.0
2026-09-08,2026-09-07,40875,8743277,EDCKUL21ACS00430,L2,35,0,0.0
2026-09-08,2026-09-07,40875,8743277,EDCKUL21ACS00430,L3,26,0,0.0
2026-09-08,2026-09-07,40875,8743278,EDCKUL21ACS00440,L1,21,0,0.0
2026-09-08,2026-09-07,40875,8743278,EDCKUL21ACS00440,L2,35,0,0.0
2026-09-08,2026-09-07,40875,8743278,EDCKUL21ACS00440,L3,26,0,0.0
2026-09-08,2026-09-07,40875,8743280,EDCKUL21VRF00500,L1,21,21,100.0
2026-09-08,2026-09-07,40875,8743280,EDCKUL21VRF00500,L2,40,40,100.0
2026-09-08,2026-09-07,40875,8743280,EDCKUL21VRF00500,L3,26,0,0.0
2026-09-08,2026-09-07,40875,8743281,EDCKUL21ACS00510,L1,21,21,100.0
2026-09-08,2026-09-07,40875,8743281,EDCKUL21ACS00510,L2,40,40,100.0
2026-09-08,2026-09-07,40875,8743281,EDCKUL21ACS00510,L3,26,0,0.0
2026-09-08,2026-09-07,40875,8743282,EDCKUL21ACS00520,L1,21,21,100.0
2026-09-08,2026-09-07,40875,8743282,EDCKUL21ACS00520,L2,40,40,100.0
2026-09-08,2026-09-07,40875,8743282,EDCKUL21ACS00520,L3,26,0,0.0
2026-09-08,2026-09-07,40875,8743283,EDCKUL21ACS00530,L1,21,21,100.0
2026-09-08,2026-09-07,40875,8743283,EDCKUL21ACS00530,L2,40,40,100.0
2026-09-08,2026-09-07,40875,8743283,EDCKUL21ACS00530,L3,26,0,0.0
2026-09-08,2026-09-07,40875,8743284,EDCKUL21ACS00540,L1,21,21,100.0
2026-09-08,2026-09-07,40875,8743284,EDCKUL21ACS00540,L2,40,40,100.0
2026-09-08,2026-09-07,40875,8743284,EDCKUL21ACS00540,L3,26,0,0.0
2026-09-08,2026-09-07,40875,8743285,EDCKUL21ACS00550,L1,21,21,100.0
2026-09-08,2026-09-07,40875,8743285,EDCKUL21ACS00550,L2,40,20,50.0
2026-09-08,2026-09-07,40875,8743285,EDCKUL21ACS00550,L3,26,0,0.0
2026-09-08,2026-09-07,40875,8743286,EDCKUL21ACS00560,L1,21,21,100.0
2026-09-08,2026-09-07,40875,8743286,EDCKUL21ACS00560,L2,40,40,100.0
2026-09-08,2026-09-07,40875,8743286,EDCKUL21ACS00560,L3,26,0,0.0
2026-09-08,2026-09-07,40875,8743287,EDCKUL21ACS00570,L1,21,21,100.0
2026-09-08,2026-09-07,40875,8743287,EDCKUL21ACS00570,L2,40,19,47.5
2026-09-08,2026-09-07,40875,8743287,EDCKUL21ACS00570,L3,26,0,0.0
2026-09-08,2026-09-07,40875,8743288,EDCKUL21ACS00580,L1,21,21,100.0
2026-09-08,2026-09-07,40875,8743288,EDCKUL21ACS00580,L2,40,40,100.0
2026-09-08,2026-09-07,40875,8743288,EDCKUL21ACS00580,L3,26,0,0.0
2026-09-08,2026-09-07,40875,8743289,EDCKUL21ACS00590,L1,21,21,100.0
2026-09-08,2026-09-07,40875,8743289,EDCKUL21ACS00590,L2,40,40,100.0
2026-09-08,2026-09-07,40875,8743289,EDCKUL21ACS00590,L3,26,0,0.0
2026-09-08,2026-09-07,40875,8743290,EDCKUL21ACS005A0,L1,21,21,100.0
2026-09-08,2026-09-07,40875,8743290,EDCKUL21ACS005A0,L2,40,40,100.0
2026-09-08,2026-09-07,40875,8743290,EDCKUL21ACS005A0,L3,26,0,0.0
2026-09-08,2026-09-07,40875,8743291,EDCKUL21ACS005B0,L1,21,21,100.0
2026-09-08,2026-09-07,40875,8743291,EDCKUL21ACS005B0,L2,40,40,100.0
2026-09-08,2026-09-07,40875,8743291,EDCKUL21ACS005B0,L3,26,0,0.0
2026-09-08,2026-09-07,40875,8743292,EDCKUL21ACS005C0,L1,21,21,100.0
2026-09-08,2026-09-07,40875,8743292,EDCKUL21ACS005C0,L2,40,40,100.0
2026-09-08,2026-09-07,40875,8743292,EDCKUL21ACS005C0,L3,26,0,0.0
2026-09-08,2026-09-07,40875,8743293,EDCKUL21VRF00600,L1,21,21,100.0
2026-09-08,2026-09-07,40875,8743293,EDCKUL21VRF00600,L2,40,40,100.0
2026-09-08,2026-09-07,40875,8743293,EDCKUL21VRF00600,L3,26,0,0.0
2026-09-08,2026-09-07,40875,8743294,EDCKUL21ACS00610,L1,21,21,100.0
2026-09-08,2026-09-07,40875,8743294,EDCKUL21ACS00610,L2,40,40,100.0
2026-09-08,2026-09-07,40875,8743294,EDCKUL21ACS00610,L3,26,0,0.0
2026-09-08,2026-09-07,40875,8743295,EDCKUL21ACS00620,L1,21,20,95.24
2026-09-08,2026-09-07,40875,8743295,EDCKUL21ACS00620,L2,40,40,100.0
2026-09-08,2026-09-07,40875,8743295,EDCKUL21ACS00620,L3,26,0,0.0
2026-09-08,2026-09-07,40875,8743296,EDCKUL21ACS00630,L1,21,21,100.0
2026-09-08,2026-09-07,40875,8743296,EDCKUL21ACS00630,L2,40,40,100.0
2026-09-08,2026-09-07,40875,8743296,EDCKUL21ACS00630,L3,26,0,0.0
2026-09-08,2026-09-07,40875,8743297,EDCKUL21ACS00640,L1,21,21,100.0
2026-09-08,2026-09-07,40875,8743297,EDCKUL21ACS00640,L2,40,40,100.0
2026-09-08,2026-09-07,40875,8743297,EDCKUL21ACS00640,L3,26,0,0.0
2026-09-08,2026-09-07,40875,8743298,EDCKUL21ACS00650,L1,21,21,100.0
2026-09-08,2026-09-07,40875,8743298,EDCKUL21ACS00650,L2,40,40,100.0
2026-09-08,2026-09-07,40875,8743298,EDCKUL21ACS00650,L3,26,0,0.0
2026-09-08,2026-09-07,40875,8743299,EDCKUL21ACS00660,L1,21,21,100.0
2026-09-08,2026-09-07,40875,8743299,EDCKUL21ACS00660,L2,40,40,100.0
2026-09-08,2026-09-07,40875,8743299,EDCKUL21ACS00660,L3,26,0,0.0
2026-09-08,2026-09-07,40875,8743300,EDCKUL21ACS00670,L1,21,21,100.0
2026-09-08,2026-09-07,40875,8743300,EDCKUL21ACS00670,L2,40,40,100.0
2026-09-08,2026-09-07,40875,8743300,EDCKUL21ACS00670,L3,26,0,0.0
2026-09-08,2026-09-07,40875,8743301,EDCKUL21VRF00700,L1,21,21,100.0
2026-09-08,2026-09-07,40875,8743301,EDCKUL21VRF00700,L2,40,40,100.0
2026-09-08,2026-09-07,40875,8743301,EDCKUL21VRF00700,L3,26,0,0.0
2026-09-08,2026-09-07,40875,8743302,EDCKUL21ACS00710,L1,21,21,100.0
2026-09-08,2026-09-07,40875,8743302,EDCKUL21ACS00710,L2,40,40,100.0
2026-09-08,2026-09-07,40875,8743302,EDCKUL21ACS00710,L3,26,0,0.0
2026-09-08,2026-09-07,40875,8743303,EDCKUL21ACS00720,L1,21,21,100.0
2026-09-08,2026-09-07,40875,8743303,EDCKUL21ACS00720,L2,40,40,100.0
2026-09-08,2026-09-07,40875,8743303,EDCKUL21ACS00720,L3,26,0,0.0
2026-09-08,2026-09-07,40875,8743304,EDCKUL21ACS00730,L1,21,21,100.0
2026-09-08,2026-09-07,40875,8743304,EDCKUL21ACS00730,L2,40,40,100.0
2026-09-08,2026-09-07,40875,8743304,EDCKUL21ACS00730,L3,26,0,0.0
2026-09-08,2026-09-07,40875,8743305,EDCKUL21ACS00740,L1,21,21,100.0
2026-09-08,2026-09-07,40875,8743305,EDCKUL21ACS00740,L2,40,40,100.0
2026-09-08,2026-09-07,40875,8743305,EDCKUL21ACS00740,L3,26,0,0.0
2026-09-08,2026-09-07,40875,8743306,EDCKUL21ACS00750,L1,21,21,100.0
2026-09-08,2026-09-07,40875,8743306,EDCKUL21ACS00750,L2,40,40,100.0
2026-09-08,2026-09-07,40875,8743306,EDCKUL21ACS00750,L3,26,0,0.0
2026-09-08,2026-09-07,40875,8743307,EDCKUL21ACS00760,L1,21,21,100.0
2026-09-08,2026-09-07,40875,8743307,EDCKUL21ACS00760,L2,40,40,100.0
2026-09-08,2026-09-07,40875,8743307,EDCKUL21ACS00760,L3,26,0,0.0
2026-09-08,2026-09-07,40875,8743308,EDCKUL21VRF00800,L1,21,21,100.0
2026-09-08,2026-09-07,40875,8743308,EDCKUL21VRF00800,L2,40,7,17.5
2026-09-08,2026-09-07,40875,8743308,EDCKUL21VRF00800,L3,26,0,0.0
2026-09-08,2026-09-07,40875,8743309,EDCKUL21ACS00810,L1,21,0,0.0
2026-09-08,2026-09-07,40875,8743309,EDCKUL21ACS00810,L2,35,0,0.0
2026-09-08,2026-09-07,40875,8743309,EDCKUL21ACS00810,L3,26,0,0.0
2026-09-08,2026-09-07,40875,8743310,EDCKUL21ACS00820,L1,21,0,0.0
2026-09-08,2026-09-07,40875,8743310,EDCKUL21ACS00820,L2,35,0,0.0
2026-09-08,2026-09-07,40875,8743310,EDCKUL21ACS00820,L3,26,0,0.0
2026-09-08,2026-09-07,40875,8743311,EDCKUL21ACS00830,L1,21,0,0.0
2026-09-08,2026-09-07,40875,8743311,EDCKUL21ACS00830,L2,35,0,0.0
2026-09-08,2026-09-07,40875,8743311,EDCKUL21ACS00830,L3,26,0,0.0
2026-09-08,2026-09-07,40875,8743312,EDCKUL21ACS00840,L1,21,0,0.0
2026-09-08,2026-09-07,40875,8743312,EDCKUL21ACS00840,L2,35,0,0.0
2026-09-08,2026-09-07,40875,8743312,EDCKUL21ACS00840,L3,26,0,0.0
2026-09-08,2026-09-07,40875,8743313,EDCKUL21ACS00850,L1,21,0,0.0
2026-09-08,2026-09-07,40875,8743313,EDCKUL21ACS00850,L2,35,0,0.0
2026-09-08,2026-09-07,40875,8743313,EDCKUL21ACS00850,L3,26,0,0.0
2026-09-08,2026-09-07,40875,8743314,EDCKUL21ACS00680,L1,21,21,100.0
2026-09-08,2026-09-07,40875,8743314,EDCKUL21ACS00680,L2,40,40,100.0
2026-09-08,2026-09-07,40875,8743314,EDCKUL21ACS00680,L3,26,0,0.0
2026-09-08,2026-09-07,40875,8743315,EDCKUL21VRF00900,L1,21,21,100.0
2026-09-08,2026-09-07,40875,8743315,EDCKUL21VRF00900,L2,40,7,17.5
2026-09-08,2026-09-07,40875,8743315,EDCKUL21VRF00900,L3,26,0,0.0
2026-09-08,2026-09-07,40875,8743316,EDCKUL21ACS00910,L1,21,0,0.0
2026-09-08,2026-09-07,40875,8743316,EDCKUL21ACS00910,L2,35,0,0.0
2026-09-08,2026-09-07,40875,8743316,EDCKUL21ACS00910,L3,26,0,0.0
2026-09-08,2026-09-07,40875,8743317,EDCKUL21ACS00920,L1,21,0,0.0
2026-09-08,2026-09-07,40875,8743317,EDCKUL21ACS00920,L2,35,0,0.0
2026-09-08,2026-09-07,40875,8743317,EDCKUL21ACS00920,L3,26,0,0.0
2026-09-08,2026-09-07,40875,8743318,EDCKUL21ACS00930,L1,21,0,0.0
2026-09-08,2026-09-07,40875,8743318,EDCKUL21ACS00930,L2,35,0,0.0
2026-09-08,2026-09-07,40875,8743318,EDCKUL21ACS00930,L3,26,0,0.0
2026-09-08,2026-09-07,40875,8743319,EDCKUL21ACS00940,L1,21,0,0.0
2026-09-08,2026-09-07,40875,8743319,EDCKUL21ACS00940,L2,35,0,0.0
2026-09-08,2026-09-07,40875,8743319,EDCKUL21ACS00940,L3,26,0,0.0
2026-09-08,2026-09-07,40875,8743320,EDCKUL21ACS00950,L1,21,0,0.0
2026-09-08,2026-09-07,40875,8743320,EDCKUL21ACS00950,L2,35,0,0.0
2026-09-08,2026-09-07,40875,8743320,EDCKUL21ACS00950,L3,26,0,0.0
2026-09-08,2026-09-07,40875,8743321,EDCKUL21VRF01000,L1,21,21,100.0
2026-09-08,2026-09-07,40875,8743321,EDCKUL21VRF01000,L2,40,7,17.5
2026-09-08,2026-09-07,40875,8743321,EDCKUL21VRF01000,L3,26,0,0.0
2026-09-08,2026-09-07,40875,8743322,EDCKUL21ACS01010,L1,21,21,100.0
2026-09-08,2026-09-07,40875,8743322,EDCKUL21ACS01010,L2,35,0,0.0
2026-09-08,2026-09-07,40875,8743322,EDCKUL21ACS01010,L3,26,0,0.0
2026-09-08,2026-09-07,40875,8743323,EDCKUL21ACS01020,L1,21,21,100.0
2026-09-08,2026-09-07,40875,8743323,EDCKUL21ACS01020,L2,35,0,0.0
2026-09-08,2026-09-07,40875,8743323,EDCKUL21ACS01020,L3,26,0,0.0
2026-09-08,2026-09-07,40875,8743324,EDCKUL21ACS01030,L1,21,21,100.0
2026-09-08,2026-09-07,40875,8743324,EDCKUL21ACS01030,L2,35,0,0.0
2026-09-08,2026-09-07,40875,8743324,EDCKUL21ACS01030,L3,26,0,0.0
2026-09-08,2026-09-07,40875,8743325,EDCKUL21ACS01040,L1,21,21,100.0
2026-09-08,2026-09-07,40875,8743325,EDCKUL21ACS01040,L2,35,0,0.0
2026-09-08,2026-09-07,40875,8743325,EDCKUL21ACS01040,L3,26,0,0.0
2026-09-08,2026-09-07,40875,8743326,EDCKUL21ACS01050,L1,21,21,100.0
2026-09-08,2026-09-07,40875,8743326,EDCKUL21ACS01050,L2,35,0,0.0
2026-09-08,2026-09-07,40875,8743326,EDCKUL21ACS01050,L3,26,0,0.0
2026-09-08,2026-09-07,40875,8743327,EDCKUL21ACS01060,L1,21,21,100.0
2026-09-08,2026-09-07,40875,8743327,EDCKUL21ACS01060,L2,35,0,0.0
2026-09-08,2026-09-07,40875,8743327,EDCKUL21ACS01060,L3,26,0,0.0
2026-09-08,2026-09-07,40875,8743328,EDCKUL21ACS01070,L1,21,21,100.0
2026-09-08,2026-09-07,40875,8743328,EDCKUL21ACS01070,L2,35,0,0.0
2026-09-08,2026-09-07,40875,8743328,EDCKUL21ACS01070,L3,26,0,0.0
2026-09-08,2026-09-07,40875,8743329,EDCKUL21VRF01100,L1,21,21,100.0
2026-09-08,2026-09-07,40875,8743329,EDCKUL21VRF01100,L2,40,7,17.5
2026-09-08,2026-09-07,40875,8743329,EDCKUL21VRF01100,L3,26,0,0.0
2026-09-08,2026-09-07,40875,8743330,EDCKUL21ACS01110,L1,21,21,100.0
2026-09-08,2026-09-07,40875,8743330,EDCKUL21ACS01110,L2,35,0,0.0
2026-09-08,2026-09-07,40875,8743330,EDCKUL21ACS01110,L3,26,0,0.0
2026-09-08,2026-09-07,40875,8743331,EDCKUL21ACS01120,L1,21,21,100.0
2026-09-08,2026-09-07,40875,8743331,EDCKUL21ACS01120,L2,35,0,0.0
2026-09-08,2026-09-07,40875,8743331,EDCKUL21ACS01120,L3,26,0,0.0
2026-09-08,2026-09-07,40875,8743332,EDCKUL21ACS01130,L1,21,21,100.0
2026-09-08,2026-09-07,40875,8743332,EDCKUL21ACS01130,L2,35,0,0.0
2026-09-08,2026-09-07,40875,8743332,EDCKUL21ACS01130,L3,26,0,0.0
2026-09-08,2026-09-07,40875,8743333,EDCKUL21ACS01140,L1,21,21,100.0
2026-09-08,2026-09-07,40875,8743333,EDCKUL21ACS01140,L2,35,0,0.0
2026-09-08,2026-09-07,40875,8743333,EDCKUL21ACS01140,L3,26,0,0.0
2026-09-08,2026-09-07,40875,8743334,EDCKUL21ACS01150,L1,21,21,100.0
2026-09-08,2026-09-07,40875,8743334,EDCKUL21ACS01150,L2,35,0,0.0
2026-09-08,2026-09-07,40875,8743334,EDCKUL21ACS01150,L3,26,0,0.0
2026-09-08,2026-09-07,40875,8743335,EDCKUL21ACS01160,L1,21,21,100.0
2026-09-08,2026-09-07,40875,8743335,EDCKUL21ACS01160,L2,35,0,0.0
2026-09-08,2026-09-07,40875,8743335,EDCKUL21ACS01160,L3,26,0,0.0
2026-09-08,2026-09-07,40875,8743336,EDCKUL21ACS01170,L1,21,21,100.0
2026-09-08,2026-09-07,40875,8743336,EDCKUL21ACS01170,L2,35,0,0.0
2026-09-08,2026-09-07,40875,8743336,EDCKUL21ACS01170,L3,26,0,0.0
2026-09-08,2026-09-07,40875,8743357,EDCKUL21MBCBF110,L1,21,21,100.0
2026-09-08,2026-09-07,40875,8743357,EDCKUL21MBCBF110,L2,40,10,25.0
2026-09-08,2026-09-07,40875,8743357,EDCKUL21MBCBF110,L3,26,0,0.0
2026-09-08,2026-09-07,40875,8743358,EDCKUL21MBCBZ110,L1,21,21,100.0
2026-09-08,2026-09-07,40875,8743358,EDCKUL21MBCBZ110,L2,40,10,25.0
2026-09-08,2026-09-07,40875,8743358,EDCKUL21MBCBZ110,L3,26,0,0.0
2026-09-08,2026-09-07,40875,8743359,EDCKUL21BMPBA100,L1,21,21,100.0
2026-09-08,2026-09-07,40875,8743359,EDCKUL21BMPBA100,L2,74,74,100.0
2026-09-08,2026-09-07,40875,8743359,EDCKUL21BMPBA100,L3,26,0,0.0
2026-09-08,2026-09-07,40875,8743360,EDCKUL21BMPBB100,L1,21,21,100.0
2026-09-08,2026-09-07,40875,8743360,EDCKUL21BMPBB100,L2,74,74,100.0
2026-09-08,2026-09-07,40875,8743360,EDCKUL21BMPBB100,L3,26,0,0.0
2026-09-08,2026-09-07,40875,8743361,EDCKUL21BMPBC100,L1,21,21,100.0
2026-09-08,2026-09-07,40875,8743361,EDCKUL21BMPBC100,L2,74,74,100.0
2026-09-08,2026-09-07,40875,8743361,EDCKUL21BMPBC100,L3,26,0,0.0
2026-09-08,2026-09-07,40875,8743362,EDCKUL21BMPBD100,L1,21,21,100.0
2026-09-08,2026-09-07,40875,8743362,EDCKUL21BMPBD100,L2,74,74,100.0
2026-09-08,2026-09-07,40875,8743362,EDCKUL21BMPBD100,L3,26,0,0.0
2026-09-08,2026-09-07,40875,8743363,EDCKUL21BMPBE100,L1,21,21,100.0
2026-09-08,2026-09-07,40875,8743363,EDCKUL21BMPBE100,L2,74,74,100.0
2026-09-08,2026-09-07,40875,8743363,EDCKUL21BMPBE100,L3,26,0,0.0
2026-09-08,2026-09-07,40875,8743364,EDCKUL21BMPBF100,L1,21,21,100.0
2026-09-08,2026-09-07,40875,8743364,EDCKUL21BMPBF100,L2,74,74,100.0
2026-09-08,2026-09-07,40875,8743364,EDCKUL21BMPBF100,L3,26,0,0.0
2026-09-08,2026-09-07,40875,8743365,EDCKUL21BMPBZ100,L1,21,21,100.0
2026-09-08,2026-09-07,40875,8743365,EDCKUL21BMPBZ100,L2,74,74,100.0
2026-09-08,2026-09-07,40875,8743365,EDCKUL21BMPBZ100,L3,26,0,0.0
2026-09-08,2026-09-07,40875,8743366,EDCKUL21BMPBH100,L1,21,21,100.0
2026-09-08,2026-09-07,40875,8743366,EDCKUL21BMPBH100,L2,74,74,100.0
2026-09-08,2026-09-07,40875,8743366,EDCKUL21BMPBH100,L3,26,0,0.0
2026-09-08,2026-09-07,40875,8912307,EDCKUL21MVSA0110,L1,21,21,100.0
2026-09-08,2026-09-07,40875,8912307,EDCKUL21MVSA0110,L2,40,40,100.0
2026-09-08,2026-09-07,40875,8912307,EDCKUL21MVSA0110,L3,26,7,26.92
2026-09-08,2026-09-07,40875,8912308,EDCKUL21MVSB0120,L1,21,21,100.0
2026-09-08,2026-09-07,40875,8912308,EDCKUL21MVSB0120,L2,40,40,100.0
2026-09-08,2026-09-07,40875,8912308,EDCKUL21MVSB0120,L3,26,7,26.92
2026-09-08,2026-09-07,40875,9138544,EDCKUL21OAF01500,L1,21,21,100.0
2026-09-08,2026-09-07,40875,9138544,EDCKUL21OAF01500,L2,40,0,0.0
2026-09-08,2026-09-07,40875,9138544,EDCKUL21OAF01500,L3,26,0,0.0
2026-09-08,2026-09-07,40875,9138545,EDCKUL21OAF01600,L1,21,21,100.0
2026-09-08,2026-09-07,40875,9138545,EDCKUL21OAF01600,L2,40,0,0.0
2026-09-08,2026-09-07,40875,9138545,EDCKUL21OAF01600,L3,26,0,0.0
2026-09-08,2026-09-07,40875,9298800,EDCKUL21FOP00100,L1,21,21,100.0
2026-09-08,2026-09-07,40875,9298800,EDCKUL21FOP00100,L2,40,39,97.5
2026-09-08,2026-09-07,40875,9298800,EDCKUL21FOP00100,L3,26,0,0.0
2026-09-08,2026-09-07,40875,9299281,EDCKUL21FOF00100,L1,21,21,100.0
2026-09-08,2026-09-07,40875,9299281,EDCKUL21FOF00100,L2,40,40,100.0
2026-09-08,2026-09-07,40875,9299281,EDCKUL21FOF00100,L3,26,0,0.0
2026-09-08,2026-09-07,40875,9299282,EDCKUL21FOF00200,L1,21,21,100.0
2026-09-08,2026-09-07,40875,9299282,EDCKUL21FOF00200,L2,40,40,100.0
2026-09-08,2026-09-07,40875,9299282,EDCKUL21FOF00200,L3,26,0,0.0
2026-09-08,2026-09-07,40875,9299283,EDCKUL21FOP00200,L1,21,21,100.0
2026-09-08,2026-09-07,40875,9299283,EDCKUL21FOP00200,L2,40,40,100.0
2026-09-08,2026-09-07,40875,9299283,EDCKUL21FOP00200,L3,26,0,0.0
2026-09-08,2026-09-07,40875,9299284,EDCKUL21FOT00100,L1,21,21,100.0
2026-09-08,2026-09-07,40875,9299284,EDCKUL21FOT00100,L2,40,0,0.0
2026-09-08,2026-09-07,40875,9299284,EDCKUL21FOT00100,L3,26,0,0.0
2026-09-08,2026-09-07,40875,9299285,EDCKUL21FOT00200,L1,21,21,100.0
2026-09-08,2026-09-07,40875,9299285,EDCKUL21FOT00200,L2,40,7,17.5
2026-09-08,2026-09-07,40875,9299285,EDCKUL21FOT00200,L3,26,0,0.0
2026-09-08,2026-09-07,40875,9299286,EDCKUL21FOT00300,L1,21,21,100.0
2026-09-08,2026-09-07,40875,9299286,EDCKUL21FOT00300,L2,40,0,0.0
2026-09-08,2026-09-07,40875,9299286,EDCKUL21FOT00300,L3,26,0,0.0
2026-09-08,2026-09-07,40875,9299287,EDCKUL21FOT00400,L1,21,21,100.0
2026-09-08,2026-09-07,40875,9299287,EDCKUL21FOT00400,L2,40,7,17.5
2026-09-08,2026-09-07,40875,9299287,EDCKUL21FOT00400,L3,26,0,0.0
2026-09-08,2026-09-07,40875,9299288,EDCKUL21FOT00500,L1,21,21,100.0
2026-09-08,2026-09-07,40875,9299288,EDCKUL21FOT00500,L2,40,0,0.0
2026-09-08,2026-09-07,40875,9299288,EDCKUL21FOT00500,L3,26,0,0.0
2026-09-08,2026-09-07,40875,9299289,EDCKUL21FPO00100,L1,21,21,100.0
2026-09-08,2026-09-07,40875,9299289,EDCKUL21FPO00100,L2,40,40,100.0
2026-09-08,2026-09-07,40875,9299289,EDCKUL21FPO00100,L3,26,0,0.0
2026-09-08,2026-09-07,40875,9299290,EDCKUL21FPO00200,L1,21,21,100.0
2026-09-08,2026-09-07,40875,9299290,EDCKUL21FPO00200,L2,40,40,100.0
2026-09-08,2026-09-07,40875,9299290,EDCKUL21FPO00200,L3,26,0,0.0
2026-09-08,2026-09-07,40875,9299291,EDCKUL21BOP00100,L1,21,21,100.0
2026-09-08,2026-09-07,40875,9299291,EDCKUL21BOP00100,L2,40,0,0.0
2026-09-08,2026-09-07,40875,9299291,EDCKUL21BOP00100,L3,26,0,0.0
2026-09-08,2026-09-07,40875,9299292,EDCKUL21BOP00200,L1,21,21,100.0
2026-09-08,2026-09-07,40875,9299292,EDCKUL21BOP00200,L2,40,0,0.0
2026-09-08,2026-09-07,40875,9299292,EDCKUL21BOP00200,L3,26,0,0.0
2026-09-08,2026-09-07,40875,9299293,EDCKUL21BOP00500,L1,21,21,100.0
2026-09-08,2026-09-07,40875,9299293,EDCKUL21BOP00500,L2,40,0,0.0
2026-09-08,2026-09-07,40875,9299293,EDCKUL21BOP00500,L3,26,0,0.0
2026-09-08,2026-09-07,40875,9299294,EDCKUL21BOP00600,L1,21,21,100.0
2026-09-08,2026-09-07,40875,9299294,EDCKUL21BOP00600,L2,40,0,0.0
2026-09-08,2026-09-07,40875,9299294,EDCKUL21BOP00600,L3,26,0,0.0
2026-09-08,2026-09-07,40875,9299295,EDCKUL21BOP00700,L1,21,21,100.0
2026-09-08,2026-09-07,40875,9299295,EDCKUL21BOP00700,L2,40,0,0.0
2026-09-08,2026-09-07,40875,9299295,EDCKUL21BOP00700,L3,26,0,0.0
2026-09-08,2026-09-07,40875,9299296,EDCKUL21BOP00300,L1,21,21,100.0
2026-09-08,2026-09-07,40875,9299296,EDCKUL21BOP00300,L2,40,0,0.0
2026-09-08,2026-09-07,40875,9299296,EDCKUL21BOP00300,L3,26,0,0.0
2026-09-08,2026-09-07,40875,9299297,EDCKUL21FAC00100,L1,21,21,100.0
2026-09-08,2026-09-07,40875,9299297,EDCKUL21FAC00100,L2,40,0,0.0
2026-09-08,2026-09-07,40875,9299297,EDCKUL21FAC00100,L3,26,0,0.0
2026-09-08,2026-09-07,40875,9299298,EDCKUL21FAC00200,L1,21,21,100.0
2026-09-08,2026-09-07,40875,9299298,EDCKUL21FAC00200,L2,40,0,0.0
2026-09-08,2026-09-07,40875,9299298,EDCKUL21FAC00200,L3,26,0,0.0
2026-09-08,2026-09-07,40875,9299299,EDCKUL21FAC00300,L1,21,21,100.0
2026-09-08,2026-09-07,40875,9299299,EDCKUL21FAC00300,L2,40,0,0.0
2026-09-08,2026-09-07,40875,9299299,EDCKUL21FAC00300,L3,26,0,0.0
2026-09-08,2026-09-07,40875,9890915,EDCKUL21EXPA0300,L1,21,21,100.0
2026-09-08,2026-09-07,40875,9890915,EDCKUL21EXPA0300,L2,40,0,0.0
2026-09-08,2026-09-07,40875,9890915,EDCKUL21EXPA0300,L3,26,0,0.0
2026-09-08,2026-09-07,40875,9890916,EDCKUL21EXPA0400,L1,21,21,100.0
2026-09-08,2026-09-07,40875,9890916,EDCKUL21EXPA0400,L2,40,0,0.0
2026-09-08,2026-09-07,40875,9890916,EDCKUL21EXPA0400,L3,26,0,0.0
2026-09-08,2026-09-07,40875,9893140,EDCKUL21FRP00100,L1,21,21,100.0
2026-09-08,2026-09-07,40875,9893140,EDCKUL21FRP00100,L2,40,0,0.0
2026-09-08,2026-09-07,40875,9893140,EDCKUL21FRP00100,L3,26,0,0.0
2026-09-08,2026-09-07,40875,9893141,EDCKUL21BOP00400,L1,21,21,100.0
2026-09-08,2026-09-07,40875,9893141,EDCKUL21BOP00400,L2,40,0,0.0
2026-09-08,2026-09-07,40875,9893141,EDCKUL21BOP00400,L3,26,0,0.0
2026-09-08,2026-09-07,51203,12414410,EDCKUL21ACS03250,L1,20,0,0.0
2026-09-08,2026-09-07,51203,12414410,EDCKUL21ACS03250,L2,35,0,0.0
2026-09-08,2026-09-07,51203,12414410,EDCKUL21ACS03250,L3,26,0,0.0
2026-09-08,2026-09-07,51203,12414411,EDCKUL21ACS03350,L1,20,0,0.0
2026-09-08,2026-09-07,51203,12414411,EDCKUL21ACS03350,L2,35,0,0.0
2026-09-08,2026-09-07,51203,12414411,EDCKUL21ACS03350,L3,26,0,0.0
2026-09-08,2026-09-07,51203,12414412,EDCKUL21ACS03260,L1,20,0,0.0
2026-09-08,2026-09-07,51203,12414412,EDCKUL21ACS03260,L2,35,0,0.0
2026-09-08,2026-09-07,51203,12414412,EDCKUL21ACS03260,L3,26,0,0.0
2026-09-08,2026-09-07,51203,12414413,EDCKUL21ACS03360,L1,20,0,0.0
2026-09-08,2026-09-07,51203,12414413,EDCKUL21ACS03360,L2,35,0,0.0
2026-09-08,2026-09-07,51203,12414413,EDCKUL21ACS03360,L3,26,0,0.0
2026-09-08,2026-09-07,51203,12414414,EDCKUL21ACS03270,L1,20,0,0.0
2026-09-08,2026-09-07,51203,12414414,EDCKUL21ACS03270,L2,35,0,0.0
2026-09-08,2026-09-07,51203,12414414,EDCKUL21ACS03270,L3,26,0,0.0
2026-09-08,2026-09-07,51203,12414415,EDCKUL21ACS03370,L1,20,0,0.0
2026-09-08,2026-09-07,51203,12414415,EDCKUL21ACS03370,L2,35,0,0.0
2026-09-08,2026-09-07,51203,12414415,EDCKUL21ACS03370,L3,26,0,0.0
2026-09-08,2026-09-07,51203,12414416,EDCKUL21ACS03280,L1,20,0,0.0
2026-09-08,2026-09-07,51203,12414416,EDCKUL21ACS03280,L2,35,0,0.0
2026-09-08,2026-09-07,51203,12414416,EDCKUL21ACS03280,L3,26,0,0.0
2026-09-08,2026-09-07,51203,12414417,EDCKUL21ACS03380,L1,20,0,0.0
2026-09-08,2026-09-07,51203,12414417,EDCKUL21ACS03380,L2,35,0,0.0
2026-09-08,2026-09-07,51203,12414417,EDCKUL21ACS03380,L3,26,0,0.0
2026-09-08,2026-09-07,51203,12414418,EDCKUL21ACS03290,L1,20,0,0.0
2026-09-08,2026-09-07,51203,12414418,EDCKUL21ACS03290,L2,35,0,0.0
2026-09-08,2026-09-07,51203,12414418,EDCKUL21ACS03290,L3,26,0,0.0
2026-09-08,2026-09-07,51203,12414419,EDCKUL21ACS03390,L1,20,0,0.0
2026-09-08,2026-09-07,51203,12414419,EDCKUL21ACS03390,L2,35,0,0.0
2026-09-08,2026-09-07,51203,12414419,EDCKUL21ACS03390,L3,26,0,0.0
2026-09-08,2026-09-07,51203,12414420,EDCKUL21ACS032A0,L1,20,0,0.0
2026-09-08,2026-09-07,51203,12414420,EDCKUL21ACS032A0,L2,35,0,0.0
2026-09-08,2026-09-07,51203,12414420,EDCKUL21ACS032A0,L3,26,0,0.0
2026-09-08,2026-09-07,51203,12414421,EDCKUL21ACS033A0,L1,20,0,0.0
2026-09-08,2026-09-07,51203,12414421,EDCKUL21ACS033A0,L2,35,0,0.0
2026-09-08,2026-09-07,51203,12414421,EDCKUL21ACS033A0,L3,26,0,0.0
2026-09-08,2026-09-07,51203,12414422,EDCKUL21ACS03240,L1,20,0,0.0
2026-09-08,2026-09-07,51203,12414422,EDCKUL21ACS03240,L2,35,0,0.0
2026-09-08,2026-09-07,51203,12414422,EDCKUL21ACS03240,L3,26,0,0.0
2026-09-08,2026-09-07,51203,12414423,EDCKUL21ACS032B0,L1,20,0,0.0
2026-09-08,2026-09-07,51203,12414423,EDCKUL21ACS032B0,L2,35,0,0.0
2026-09-08,2026-09-07,51203,12414423,EDCKUL21ACS032B0,L3,26,0,0.0
2026-09-08,2026-09-07,51203,12414424,EDCKUL21ACS03340,L1,20,0,0.0
2026-09-08,2026-09-07,51203,12414424,EDCKUL21ACS03340,L2,35,0,0.0
2026-09-08,2026-09-07,51203,12414424,EDCKUL21ACS03340,L3,26,0,0.0
2026-09-08,2026-09-07,51203,12414425,EDCKUL21ACS033B0,L1,20,0,0.0
2026-09-08,2026-09-07,51203,12414425,EDCKUL21ACS033B0,L2,35,0,0.0
2026-09-08,2026-09-07,51203,12414425,EDCKUL21ACS033B0,L3,26,0,0.0
2026-09-08,2026-09-07,51203,12414426,EDCKUL21ACS03010,L1,20,0,0.0
2026-09-08,2026-09-07,51203,12414426,EDCKUL21ACS03010,L2,35,0,0.0
2026-09-08,2026-09-07,51203,12414426,EDCKUL21ACS03010,L3,26,0,0.0
2026-09-08,2026-09-07,51203,12414427,EDCKUL21ACS03020,L1,20,0,0.0
2026-09-08,2026-09-07,51203,12414427,EDCKUL21ACS03020,L2,35,0,0.0
2026-09-08,2026-09-07,51203,12414427,EDCKUL21ACS03020,L3,26,0,0.0
2026-09-08,2026-09-07,51203,12414428,EDCKUL21ACS03030,L1,20,0,0.0
2026-09-08,2026-09-07,51203,12414428,EDCKUL21ACS03030,L2,35,0,0.0
2026-09-08,2026-09-07,51203,12414428,EDCKUL21ACS03030,L3,26,0,0.0
2026-09-08,2026-09-07,51203,12414429,EDCKUL21ACS03050,L1,20,0,0.0
2026-09-08,2026-09-07,51203,12414429,EDCKUL21ACS03050,L2,35,0,0.0
2026-09-08,2026-09-07,51203,12414429,EDCKUL21ACS03050,L3,26,0,0.0
2026-09-08,2026-09-07,51203,12414430,EDCKUL21ACS03060,L1,20,0,0.0
2026-09-08,2026-09-07,51203,12414430,EDCKUL21ACS03060,L2,35,0,0.0
2026-09-08,2026-09-07,51203,12414430,EDCKUL21ACS03060,L3,26,0,0.0
2026-09-08,2026-09-07,51203,12414431,EDCKUL21ACS03110,L1,20,0,0.0
2026-09-08,2026-09-07,51203,12414431,EDCKUL21ACS03110,L2,35,0,0.0
2026-09-08,2026-09-07,51203,12414431,EDCKUL21ACS03110,L3,26,0,0.0
2026-09-08,2026-09-07,51203,12414432,EDCKUL21ACS03120,L1,20,0,0.0
2026-09-08,2026-09-07,51203,12414432,EDCKUL21ACS03120,L2,35,0,0.0
2026-09-08,2026-09-07,51203,12414432,EDCKUL21ACS03120,L3,26,0,0.0
2026-09-08,2026-09-07,51203,12414433,EDCKUL21ACS03150,L1,20,0,0.0
2026-09-08,2026-09-07,51203,12414433,EDCKUL21ACS03150,L2,35,0,0.0
2026-09-08,2026-09-07,51203,12414433,EDCKUL21ACS03150,L3,26,0,0.0
2026-09-08,2026-09-07,51203,12414434,EDCKUL21ACS03160,L1,20,0,0.0
2026-09-08,2026-09-07,51203,12414434,EDCKUL21ACS03160,L2,35,0,0.0
2026-09-08,2026-09-07,51203,12414434,EDCKUL21ACS03160,L3,26,0,0.0
2026-09-08,2026-09-07,51203,12414435,EDCKUL21ACS030A0,L1,20,0,0.0
2026-09-08,2026-09-07,51203,12414435,EDCKUL21ACS030A0,L2,35,0,0.0
2026-09-08,2026-09-07,51203,12414435,EDCKUL21ACS030A0,L3,26,0,0.0
2026-09-08,2026-09-07,51203,12414436,EDCKUL21ACS03190,L1,20,0,0.0
2026-09-08,2026-09-07,51203,12414436,EDCKUL21ACS03190,L2,35,0,0.0
2026-09-08,2026-09-07,51203,12414436,EDCKUL21ACS03190,L3,26,0,0.0
2026-09-08,2026-09-07,51203,12414437,EDCKUL21ACS031A0,L1,20,0,0.0
2026-09-08,2026-09-07,51203,12414437,EDCKUL21ACS031A0,L2,35,0,0.0
2026-09-08,2026-09-07,51203,12414437,EDCKUL21ACS031A0,L3,26,0,0.0
2026-09-08,2026-09-07,51203,12414438,EDCKUL21ACS03040,L1,20,0,0.0
2026-09-08,2026-09-07,51203,12414438,EDCKUL21ACS03040,L2,35,0,0.0
2026-09-08,2026-09-07,51203,12414438,EDCKUL21ACS03040,L3,26,0,0.0
2026-09-08,2026-09-07,51203,12414439,EDCKUL21ACS03070,L1,20,0,0.0
2026-09-08,2026-09-07,51203,12414439,EDCKUL21ACS03070,L2,35,0,0.0
2026-09-08,2026-09-07,51203,12414439,EDCKUL21ACS03070,L3,26,0,0.0
2026-09-08,2026-09-07,51203,12414440,EDCKUL21ACS03080,L1,20,0,0.0
2026-09-08,2026-09-07,51203,12414440,EDCKUL21ACS03080,L2,35,0,0.0
2026-09-08,2026-09-07,51203,12414440,EDCKUL21ACS03080,L3,26,0,0.0
2026-09-08,2026-09-07,51203,12414441,EDCKUL21ACS03130,L1,20,0,0.0
2026-09-08,2026-09-07,51203,12414441,EDCKUL21ACS03130,L2,35,0,0.0
2026-09-08,2026-09-07,51203,12414441,EDCKUL21ACS03130,L3,26,0,0.0
2026-09-08,2026-09-07,51203,12414442,EDCKUL21ACS03140,L1,20,0,0.0
2026-09-08,2026-09-07,51203,12414442,EDCKUL21ACS03140,L2,35,0,0.0
2026-09-08,2026-09-07,51203,12414442,EDCKUL21ACS03140,L3,26,0,0.0
2026-09-08,2026-09-07,51203,12414443,EDCKUL21ACS03170,L1,20,0,0.0
2026-09-08,2026-09-07,51203,12414443,EDCKUL21ACS03170,L2,35,0,0.0
2026-09-08,2026-09-07,51203,12414443,EDCKUL21ACS03170,L3,26,0,0.0
2026-09-08,2026-09-07,51203,12414444,EDCKUL21ACS03180,L1,20,0,0.0
2026-09-08,2026-09-07,51203,12414444,EDCKUL21ACS03180,L2,35,0,0.0
2026-09-08,2026-09-07,51203,12414444,EDCKUL21ACS03180,L3,26,0,0.0
2026-09-08,2026-09-07,51203,12414445,EDCKUL21ACS03210,L1,20,0,0.0
2026-09-08,2026-09-07,51203,12414445,EDCKUL21ACS03210,L2,35,0,0.0
2026-09-08,2026-09-07,51203,12414445,EDCKUL21ACS03210,L3,26,0,0.0
2026-09-08,2026-09-07,51203,12414446,EDCKUL21ACS03310,L1,20,0,0.0
2026-09-08,2026-09-07,51203,12414446,EDCKUL21ACS03310,L2,35,0,0.0
2026-09-08,2026-09-07,51203,12414446,EDCKUL21ACS03310,L3,26,0,0.0
2026-09-08,2026-09-07,51203,12414447,EDCKUL21ACS03220,L1,20,0,0.0
2026-09-08,2026-09-07,51203,12414447,EDCKUL21ACS03220,L2,35,0,0.0
2026-09-08,2026-09-07,51203,12414447,EDCKUL21ACS03220,L3,26,0,0.0
2026-09-08,2026-09-07,51203,12414448,EDCKUL21ACS03320,L1,20,0,0.0
2026-09-08,2026-09-07,51203,12414448,EDCKUL21ACS03320,L2,35,0,0.0
2026-09-08,2026-09-07,51203,12414448,EDCKUL21ACS03320,L3,26,0,0.0
2026-09-08,2026-09-07,51203,12414449,EDCKUL21ACS03230,L1,20,0,0.0
2026-09-08,2026-09-07,51203,12414449,EDCKUL21ACS03230,L2,35,0,0.0
2026-09-08,2026-09-07,51203,12414449,EDCKUL21ACS03230,L3,26,0,0.0
2026-09-08,2026-09-07,51203,12414450,EDCKUL21ACS03330,L1,20,0,0.0
2026-09-08,2026-09-07,51203,12414450,EDCKUL21ACS03330,L2,35,0,0.0
2026-09-08,2026-09-07,51203,12414450,EDCKUL21ACS03330,L3,26,0,0.0
2026-09-08,2026-09-07,51203,12414451,EDCKUL21ACS03090,L1,20,0,0.0
2026-09-08,2026-09-07,51203,12414451,EDCKUL21ACS03090,L2,35,0,0.0
2026-09-08,2026-09-07,51203,12414451,EDCKUL21ACS03090,L3,26,0,0.0
2026-09-08,2026-09-07,51203,12414452,EDCKUL21ACS032C0,L1,20,0,0.0
2026-09-08,2026-09-07,51203,12414452,EDCKUL21ACS032C0,L2,35,0,0.0
2026-09-08,2026-09-07,51203,12414452,EDCKUL21ACS032C0,L3,26,0,0.0
2026-09-08,2026-09-07,51203,12414453,EDCKUL21ACS033C0,L1,20,0,0.0
2026-09-08,2026-09-07,51203,12414453,EDCKUL21ACS033C0,L2,35,0,0.0
2026-09-08,2026-09-07,51203,12414453,EDCKUL21ACS033C0,L3,26,0,0.0
2026-09-08,2026-09-07,51203,12414454,EDCKUL21ACS032E0,L1,20,0,0.0
2026-09-08,2026-09-07,51203,12414454,EDCKUL21ACS032E0,L2,35,0,0.0
2026-09-08,2026-09-07,51203,12414454,EDCKUL21ACS032E0,L3,26,0,0.0
2026-09-08,2026-09-07,51203,12414455,EDCKUL21ACS033E0,L1,20,0,0.0
2026-09-08,2026-09-07,51203,12414455,EDCKUL21ACS033E0,L2,35,0,0.0
2026-09-08,2026-09-07,51203,12414455,EDCKUL21ACS033E0,L3,26,0,0.0
2026-09-08,2026-09-07,51203,12414456,EDCKUL21ACS032D0,L1,20,0,0.0
2026-09-08,2026-09-07,51203,12414456,EDCKUL21ACS032D0,L2,35,0,0.0
2026-09-08,2026-09-07,51203,12414456,EDCKUL21ACS032D0,L3,26,0,0.0
2026-09-08,2026-09-07,51203,12414457,EDCKUL21ACS033D0,L1,20,0,0.0
2026-09-08,2026-09-07,51203,12414457,EDCKUL21ACS033D0,L2,35,0,0.0
2026-09-08,2026-09-07,51203,12414457,EDCKUL21ACS033D0,L3,26,0,0.0
2026-09-08,2026-09-07,51203,12414458,EDCKUL21ACS032F0,L1,20,0,0.0
2026-09-08,2026-09-07,51203,12414458,EDCKUL21ACS032F0,L2,35,0,0.0
2026-09-08,2026-09-07,51203,12414458,EDCKUL21ACS032F0,L3,26,0,0.0
2026-09-08,2026-09-07,51203,12414459,EDCKUL21ACS033F0,L1,20,0,0.0
2026-09-08,2026-09-07,51203,12414459,EDCKUL21ACS033F0,L2,35,0,0.0
2026-09-08,2026-09-07,51203,12414459,EDCKUL21ACS033F0,L3,26,0,0.0
2026-09-08,2026-09-07,51203,12414460,EDCKUL21ACS031B0,L1,20,0,0.0
2026-09-08,2026-09-07,51203,12414460,EDCKUL21ACS031B0,L2,35,0,0.0
2026-09-08,2026-09-07,51203,12414460,EDCKUL21ACS031B0,L3,26,0,0.0
2026-09-08,2026-09-07,51203,12414461,EDCKUL21ACS032G0,L1,20,0,0.0
2026-09-08,2026-09-07,51203,12414461,EDCKUL21ACS032G0,L2,35,0,0.0
2026-09-08,2026-09-07,51203,12414461,EDCKUL21ACS032G0,L3,26,0,0.0
2026-09-08,2026-09-07,51203,12414462,EDCKUL21ACS033G0,L1,20,0,0.0
2026-09-08,2026-09-07,51203,12414462,EDCKUL21ACS033G0,L2,35,0,0.0
2026-09-08,2026-09-07,51203,12414462,EDCKUL21ACS033G0,L3,26,0,0.0
2026-09-08,2026-09-07,51203,12414463,EDCKUL21ACS032H0,L1,20,0,0.0
2026-09-08,2026-09-07,51203,12414463,EDCKUL21ACS032H0,L2,35,0,0.0
2026-09-08,2026-09-07,51203,12414463,EDCKUL21ACS032H0,L3,26,0,0.0
2026-09-08,2026-09-07,51203,12414464,EDCKUL21ACS033H0,L1,20,0,0.0
2026-09-08,2026-09-07,51203,12414464,EDCKUL21ACS033H0,L2,35,0,0.0
2026-09-08,2026-09-07,51203,12414464,EDCKUL21ACS033H0,L3,26,0,0.0
2026-09-08,2026-09-07,51203,12414465,EDCKUL21VRF03000,L1,20,0,0.0
2026-09-08,2026-09-07,51203,12414465,EDCKUL21VRF03000,L2,35,0,0.0
2026-09-08,2026-09-07,51203,12414465,EDCKUL21VRF03000,L3,26,0,0.0
2026-09-08,2026-09-07,51203,12414466,EDCKUL21VRF03100,L1,20,0,0.0
2026-09-08,2026-09-07,51203,12414466,EDCKUL21VRF03100,L2,35,0,0.0
2026-09-08,2026-09-07,51203,12414466,EDCKUL21VRF03100,L3,26,0,0.0
2026-09-08,2026-09-07,51203,12414467,EDCKUL21VRF03200,L1,20,0,0.0
2026-09-08,2026-09-07,51203,12414467,EDCKUL21VRF03200,L2,35,0,0.0
2026-09-08,2026-09-07,51203,12414467,EDCKUL21VRF03200,L3,26,0,0.0
2026-09-08,2026-09-07,51203,12414468,EDCKUL21VRF03300,L1,20,0,0.0
2026-09-08,2026-09-07,51203,12414468,EDCKUL21VRF03300,L2,35,0,0.0
2026-09-08,2026-09-07,51203,12414468,EDCKUL21VRF03300,L3,26,0,0.0
2026-09-08,2026-09-07,51203,12414473,EDCKUL21AHU00800,L1,20,0,0.0
2026-09-08,2026-09-07,51203,12414473,EDCKUL21AHU00800,L2,35,0,0.0
2026-09-08,2026-09-07,51203,12414473,EDCKUL21AHU00800,L3,26,0,0.0
2026-09-08,2026-09-07,51203,12414474,EDCKUL21AHU00900,L1,20,0,0.0
2026-09-08,2026-09-07,51203,12414474,EDCKUL21AHU00900,L2,35,0,0.0
2026-09-08,2026-09-07,51203,12414474,EDCKUL21AHU00900,L3,26,0,0.0
2026-09-08,2026-09-07,51203,12414475,EDCKUL21AHU01000,L1,20,0,0.0
2026-09-08,2026-09-07,51203,12414475,EDCKUL21AHU01000,L2,35,0,0.0
2026-09-08,2026-09-07,51203,12414475,EDCKUL21AHU01000,L3,26,0,0.0
2026-09-08,2026-09-07,51203,12414476,EDCKUL21AHU01100,L1,20,0,0.0
2026-09-08,2026-09-07,51203,12414476,EDCKUL21AHU01100,L2,35,0,0.0
2026-09-08,2026-09-07,51203,12414476,EDCKUL21AHU01100,L3,26,0,0.0
2026-09-08,2026-09-07,51203,12414477,EDCKUL21CDUB0102,L1,20,0,0.0
2026-09-08,2026-09-07,51203,12414477,EDCKUL21CDUB0102,L2,35,0,0.0
2026-09-08,2026-09-07,51203,12414477,EDCKUL21CDUB0102,L3,26,0,0.0
2026-09-08,2026-09-07,51203,12414478,EDCKUL21CDUB0202,L1,20,0,0.0
2026-09-08,2026-09-07,51203,12414478,EDCKUL21CDUB0202,L2,35,0,0.0
2026-09-08,2026-09-07,51203,12414478,EDCKUL21CDUB0202,L3,26,0,0.0
2026-09-08,2026-09-07,51203,12414479,EDCKUL21CDUB0302,L1,20,0,0.0
2026-09-08,2026-09-07,51203,12414479,EDCKUL21CDUB0302,L2,35,0,0.0
2026-09-08,2026-09-07,51203,12414479,EDCKUL21CDUB0302,L3,26,0,0.0
2026-09-08,2026-09-07,51203,12414480,EDCKUL21CDUB0402,L1,20,0,0.0
2026-09-08,2026-09-07,51203,12414480,EDCKUL21CDUB0402,L2,35,0,0.0
2026-09-08,2026-09-07,51203,12414480,EDCKUL21CDUB0402,L3,26,0,0.0
2026-09-08,2026-09-07,51203,12414481,EDCKUL21CDUB0502,L1,20,0,0.0
2026-09-08,2026-09-07,51203,12414481,EDCKUL21CDUB0502,L2,35,0,0.0
2026-09-08,2026-09-07,51203,12414481,EDCKUL21CDUB0502,L3,26,0,0.0
2026-09-08,2026-09-07,51203,12414482,EDCKUL21CDUB0602,L1,20,0,0.0
2026-09-08,2026-09-07,51203,12414482,EDCKUL21CDUB0602,L2,35,0,0.0
2026-09-08,2026-09-07,51203,12414482,EDCKUL21CDUB0602,L3,26,0,0.0
2026-09-08,2026-09-07,51203,12414483,EDCKUL21CDUB0103,L1,20,0,0.0
2026-09-08,2026-09-07,51203,12414483,EDCKUL21CDUB0103,L2,35,0,0.0
2026-09-08,2026-09-07,51203,12414483,EDCKUL21CDUB0103,L3,26,0,0.0
2026-09-08,2026-09-07,51203,12414484,EDCKUL21CDUB0203,L1,20,0,0.0
2026-09-08,2026-09-07,51203,12414484,EDCKUL21CDUB0203,L2,35,0,0.0
2026-09-08,2026-09-07,51203,12414484,EDCKUL21CDUB0203,L3,26,0,0.0
2026-09-08,2026-09-07,51203,12414485,EDCKUL21CDUB0303,L1,20,0,0.0
2026-09-08,2026-09-07,51203,12414485,EDCKUL21CDUB0303,L2,35,0,0.0
2026-09-08,2026-09-07,51203,12414485,EDCKUL21CDUB0303,L3,26,0,0.0
2026-09-08,2026-09-07,51203,12414486,EDCKUL21CDUB0403,L1,20,0,0.0
2026-09-08,2026-09-07,51203,12414486,EDCKUL21CDUB0403,L2,35,0,0.0
2026-09-08,2026-09-07,51203,12414486,EDCKUL21CDUB0403,L3,26,0,0.0
2026-09-08,2026-09-07,51203,12414487,EDCKUL21CDUB0503,L1,20,0,0.0
2026-09-08,2026-09-07,51203,12414487,EDCKUL21CDUB0503,L2,35,0,0.0
2026-09-08,2026-09-07,51203,12414487,EDCKUL21CDUB0503,L3,26,0,0.0
2026-09-08,2026-09-07,51203,12414488,EDCKUL21CDUB0603,L1,20,0,0.0
2026-09-08,2026-09-07,51203,12414488,EDCKUL21CDUB0603,L2,35,0,0.0
2026-09-08,2026-09-07,51203,12414488,EDCKUL21CDUB0603,L3,26,0,0.0
2026-09-08,2026-09-07,51203,12414489,EDCKUL21AISB0102,L1,20,0,0.0
2026-09-08,2026-09-07,51203,12414489,EDCKUL21AISB0102,L2,35,0,0.0
2026-09-08,2026-09-07,51203,12414489,EDCKUL21AISB0102,L3,26,0,0.0
2026-09-08,2026-09-07,51203,12414490,EDCKUL21AISB0202,L1,20,0,0.0
2026-09-08,2026-09-07,51203,12414490,EDCKUL21AISB0202,L2,35,0,0.0
2026-09-08,2026-09-07,51203,12414490,EDCKUL21AISB0202,L3,26,0,0.0
2026-09-08,2026-09-07,51203,12414491,EDCKUL21AISB0103,L1,20,0,0.0
2026-09-08,2026-09-07,51203,12414491,EDCKUL21AISB0103,L2,35,0,0.0
2026-09-08,2026-09-07,51203,12414491,EDCKUL21AISB0103,L3,26,0,0.0
2026-09-08,2026-09-07,51203,12414492,EDCKUL21AISB0203,L1,20,0,0.0
2026-09-08,2026-09-07,51203,12414492,EDCKUL21AISB0203,L2,35,0,0.0
2026-09-08,2026-09-07,51203,12414492,EDCKUL21AISB0203,L3,26,0,0.0
2026-09-08,2026-09-07,51203,12414493,EDCKUL21CTSB0102,L1,20,0,0.0
2026-09-08,2026-09-07,51203,12414493,EDCKUL21CTSB0102,L2,35,0,0.0
2026-09-08,2026-09-07,51203,12414493,EDCKUL21CTSB0102,L3,26,0,0.0
2026-09-08,2026-09-07,51203,12414494,EDCKUL21CTSB0202,L1,20,0,0.0
2026-09-08,2026-09-07,51203,12414494,EDCKUL21CTSB0202,L2,35,0,0.0
2026-09-08,2026-09-07,51203,12414494,EDCKUL21CTSB0202,L3,26,0,0.0
2026-09-08,2026-09-07,51203,12414495,EDCKUL21CTSB0103,L1,20,0,0.0
2026-09-08,2026-09-07,51203,12414495,EDCKUL21CTSB0103,L2,35,0,0.0
2026-09-08,2026-09-07,51203,12414495,EDCKUL21CTSB0103,L3,26,0,0.0
2026-09-08,2026-09-07,51203,12414496,EDCKUL21CTSB0203,L1,20,0,0.0
2026-09-08,2026-09-07,51203,12414496,EDCKUL21CTSB0203,L2,35,0,0.0
2026-09-08,2026-09-07,51203,12414496,EDCKUL21CTSB0203,L3,26,0,0.0
2026-09-08,2026-09-07,51203,12414497,EDCKUL21EXPB0102,L1,20,0,0.0
2026-09-08,2026-09-07,51203,12414497,EDCKUL21EXPB0102,L2,35,0,0.0
2026-09-08,2026-09-07,51203,12414497,EDCKUL21EXPB0102,L3,26,0,0.0
2026-09-08,2026-09-07,51203,12414498,EDCKUL21EXPB0202,L1,20,0,0.0
2026-09-08,2026-09-07,51203,12414498,EDCKUL21EXPB0202,L2,35,0,0.0
2026-09-08,2026-09-07,51203,12414498,EDCKUL21EXPB0202,L3,26,0,0.0
2026-09-08,2026-09-07,51203,12414499,EDCKUL21EXPB0103,L1,20,0,0.0
2026-09-08,2026-09-07,51203,12414499,EDCKUL21EXPB0103,L2,35,0,0.0
2026-09-08,2026-09-07,51203,12414499,EDCKUL21EXPB0103,L3,26,0,0.0
2026-09-08,2026-09-07,51203,12414500,EDCKUL21EXPB0203,L1,20,0,0.0
2026-09-08,2026-09-07,51203,12414500,EDCKUL21EXPB0203,L2,35,0,0.0
2026-09-08,2026-09-07,51203,12414500,EDCKUL21EXPB0203,L3,26,0,0.0
2026-09-08,2026-09-07,51203,12414501,EDCKUL21MUPB0102,L1,20,0,0.0
2026-09-08,2026-09-07,51203,12414501,EDCKUL21MUPB0102,L2,35,0,0.0
2026-09-08,2026-09-07,51203,12414501,EDCKUL21MUPB0102,L3,26,0,0.0
2026-09-08,2026-09-07,51203,12414502,EDCKUL21MUPB0202,L1,20,0,0.0
2026-09-08,2026-09-07,51203,12414502,EDCKUL21MUPB0202,L2,35,0,0.0
2026-09-08,2026-09-07,51203,12414502,EDCKUL21MUPB0202,L3,26,0,0.0
2026-09-08,2026-09-07,51203,12414503,EDCKUL21MUPB0103,L1,20,0,0.0
2026-09-08,2026-09-07,51203,12414503,EDCKUL21MUPB0103,L2,35,0,0.0
2026-09-08,2026-09-07,51203,12414503,EDCKUL21MUPB0103,L3,26,0,0.0
2026-09-08,2026-09-07,51203,12414504,EDCKUL21MUPB0203,L1,20,0,0.0
2026-09-08,2026-09-07,51203,12414504,EDCKUL21MUPB0203,L2,35,0,0.0
2026-09-08,2026-09-07,51203,12414504,EDCKUL21MUPB0203,L3,26,0,0.0
2026-09-08,2026-09-07,51203,12414505,EDCKUL21TESB0102,L1,20,0,0.0
2026-09-08,2026-09-07,51203,12414505,EDCKUL21TESB0102,L2,35,0,0.0
2026-09-08,2026-09-07,51203,12414505,EDCKUL21TESB0102,L3,26,0,0.0
2026-09-08,2026-09-07,51203,12414506,EDCKUL21TESB0202,L1,20,0,0.0
2026-09-08,2026-09-07,51203,12414506,EDCKUL21TESB0202,L2,35,0,0.0
2026-09-08,2026-09-07,51203,12414506,EDCKUL21TESB0202,L3,26,0,0.0
2026-09-08,2026-09-07,51203,12414507,EDCKUL21TESB0302,L1,20,0,0.0
2026-09-08,2026-09-07,51203,12414507,EDCKUL21TESB0302,L2,35,0,0.0
2026-09-08,2026-09-07,51203,12414507,EDCKUL21TESB0302,L3,26,0,0.0
2026-09-08,2026-09-07,51203,12414508,EDCKUL21TESB0402,L1,20,0,0.0
2026-09-08,2026-09-07,51203,12414508,EDCKUL21TESB0402,L2,35,0,0.0
2026-09-08,2026-09-07,51203,12414508,EDCKUL21TESB0402,L3,26,0,0.0
2026-09-08,2026-09-07,51203,12414509,EDCKUL21TESB0502,L1,20,0,0.0
2026-09-08,2026-09-07,51203,12414509,EDCKUL21TESB0502,L2,35,0,0.0
2026-09-08,2026-09-07,51203,12414509,EDCKUL21TESB0502,L3,26,0,0.0
2026-09-08,2026-09-07,51203,12414510,EDCKUL21TESB0602,L1,20,0,0.0
2026-09-08,2026-09-07,51203,12414510,EDCKUL21TESB0602,L2,35,0,0.0
2026-09-08,2026-09-07,51203,12414510,EDCKUL21TESB0602,L3,26,0,0.0
2026-09-08,2026-09-07,51203,12414511,EDCKUL21TESB0103,L1,20,0,0.0
2026-09-08,2026-09-07,51203,12414511,EDCKUL21TESB0103,L2,35,0,0.0
2026-09-08,2026-09-07,51203,12414511,EDCKUL21TESB0103,L3,26,0,0.0
2026-09-08,2026-09-07,51203,12414512,EDCKUL21TESB0203,L1,20,0,0.0
2026-09-08,2026-09-07,51203,12414512,EDCKUL21TESB0203,L2,35,0,0.0
2026-09-08,2026-09-07,51203,12414512,EDCKUL21TESB0203,L3,26,0,0.0
2026-09-08,2026-09-07,51203,12414513,EDCKUL21TESB0303,L1,20,0,0.0
2026-09-08,2026-09-07,51203,12414513,EDCKUL21TESB0303,L2,35,0,0.0
2026-09-08,2026-09-07,51203,12414513,EDCKUL21TESB0303,L3,26,0,0.0
2026-09-08,2026-09-07,51203,12414514,EDCKUL21TESB0403,L1,20,0,0.0
2026-09-08,2026-09-07,51203,12414514,EDCKUL21TESB0403,L2,35,0,0.0
2026-09-08,2026-09-07,51203,12414514,EDCKUL21TESB0403,L3,26,0,0.0
2026-09-08,2026-09-07,51203,12414515,EDCKUL21TESB0503,L1,20,0,0.0
2026-09-08,2026-09-07,51203,12414515,EDCKUL21TESB0503,L2,35,0,0.0
2026-09-08,2026-09-07,51203,12414515,EDCKUL21TESB0503,L3,26,0,0.0
2026-09-08,2026-09-07,51203,12414516,EDCKUL21TESB0603,L1,20,0,0.0
2026-09-08,2026-09-07,51203,12414516,EDCKUL21TESB0603,L2,35,0,0.0
2026-09-08,2026-09-07,51203,12414516,EDCKUL21TESB0603,L3,26,0,0.0
2026-09-08,2026-09-07,51203,12414517,EDCKUL21TESB0100,L1,20,19,95.0
2026-09-08,2026-09-07,51203,12414517,EDCKUL21TESB0100,L2,35,0,0.0
2026-09-08,2026-09-07,51203,12414517,EDCKUL21TESB0100,L3,26,0,0.0
2026-09-08,2026-09-07,51203,12414518,EDCKUL21TESB0200,L1,20,20,100.0
2026-09-08,2026-09-07,51203,12414518,EDCKUL21TESB0200,L2,35,0,0.0
2026-09-08,2026-09-07,51203,12414518,EDCKUL21TESB0200,L3,26,0,0.0
2026-09-08,2026-09-07,51203,12414519,EDCKUL21TESB0300,L1,20,20,100.0
2026-09-08,2026-09-07,51203,12414519,EDCKUL21TESB0300,L2,35,0,0.0
2026-09-08,2026-09-07,51203,12414519,EDCKUL21TESB0300,L3,26,0,0.0
2026-09-08,2026-09-07,51203,12414520,EDCKUL21TESB0400,L1,20,20,100.0
2026-09-08,2026-09-07,51203,12414520,EDCKUL21TESB0400,L2,35,0,0.0
2026-09-08,2026-09-07,51203,12414520,EDCKUL21TESB0400,L3,26,0,0.0
2026-09-08,2026-09-07,51203,12414521,EDCKUL21TESB0500,L1,20,20,100.0
2026-09-08,2026-09-07,51203,12414521,EDCKUL21TESB0500,L2,35,0,0.0
2026-09-08,2026-09-07,51203,12414521,EDCKUL21TESB0500,L3,26,0,0.0
2026-09-08,2026-09-07,51203,12414522,EDCKUL21TESB0600,L1,20,20,100.0
2026-09-08,2026-09-07,51203,12414522,EDCKUL21TESB0600,L2,35,0,0.0
2026-09-08,2026-09-07,51203,12414522,EDCKUL21TESB0600,L3,26,0,0.0
2026-09-08,2026-09-07,51203,12414523,EDCKUL21CHLB0100,L1,20,0,0.0
2026-09-08,2026-09-07,51203,12414523,EDCKUL21CHLB0100,L2,35,0,0.0
2026-09-08,2026-09-07,51203,12414523,EDCKUL21CHLB0100,L3,26,0,0.0
2026-09-08,2026-09-07,51203,12414524,EDCKUL21CHLB0200,L1,20,0,0.0
2026-09-08,2026-09-07,51203,12414524,EDCKUL21CHLB0200,L2,35,0,0.0
2026-09-08,2026-09-07,51203,12414524,EDCKUL21CHLB0200,L3,26,0,0.0
2026-09-08,2026-09-07,51203,12414525,EDCKUL21CHLB0300,L1,20,0,0.0
2026-09-08,2026-09-07,51203,12414525,EDCKUL21CHLB0300,L2,35,0,0.0
2026-09-08,2026-09-07,51203,12414525,EDCKUL21CHLB0300,L3,26,0,0.0
2026-09-08,2026-09-07,51203,12414526,EDCKUL21CHLB0400,L1,20,0,0.0
2026-09-08,2026-09-07,51203,12414526,EDCKUL21CHLB0400,L2,35,0,0.0
2026-09-08,2026-09-07,51203,12414526,EDCKUL21CHLB0400,L3,26,0,0.0
2026-09-08,2026-09-07,51203,12414527,EDCKUL21CHLB0500,L1,20,0,0.0
2026-09-08,2026-09-07,51203,12414527,EDCKUL21CHLB0500,L2,35,0,0.0
2026-09-08,2026-09-07,51203,12414527,EDCKUL21CHLB0500,L3,26,0,0.0
2026-09-08,2026-09-07,51203,12414528,EDCKUL21CHLB0600,L1,20,0,0.0
2026-09-08,2026-09-07,51203,12414528,EDCKUL21CHLB0600,L2,35,0,0.0
2026-09-08,2026-09-07,51203,12414528,EDCKUL21CHLB0600,L3,26,0,0.0
2026-09-08,2026-09-07,51203,12414529,EDCKUL21CHLB0700,L1,20,0,0.0
2026-09-08,2026-09-07,51203,12414529,EDCKUL21CHLB0700,L2,35,0,0.0
2026-09-08,2026-09-07,51203,12414529,EDCKUL21CHLB0700,L3,26,0,0.0
2026-09-08,2026-09-07,51203,12414530,EDCKUL21CHLB0800,L1,20,0,0.0
2026-09-08,2026-09-07,51203,12414530,EDCKUL21CHLB0800,L2,35,0,0.0
2026-09-08,2026-09-07,51203,12414530,EDCKUL21CHLB0800,L3,26,0,0.0
2026-09-08,2026-09-07,51203,12414531,EDCKUL21CHLB0900,L1,20,0,0.0
2026-09-08,2026-09-07,51203,12414531,EDCKUL21CHLB0900,L2,35,0,0.0
2026-09-08,2026-09-07,51203,12414531,EDCKUL21CHLB0900,L3,26,0,0.0
2026-09-08,2026-09-07,51203,12414532,EDCKUL21CHLB1000,L1,20,0,0.0
2026-09-08,2026-09-07,51203,12414532,EDCKUL21CHLB1000,L2,35,0,0.0
2026-09-08,2026-09-07,51203,12414532,EDCKUL21CHLB1000,L3,26,0,0.0
2026-09-08,2026-09-07,51203,12414533,EDCKUL21CHLB1100,L1,20,0,0.0
2026-09-08,2026-09-07,51203,12414533,EDCKUL21CHLB1100,L2,35,0,0.0
2026-09-08,2026-09-07,51203,12414533,EDCKUL21CHLB1100,L3,26,0,0.0
2026-09-08,2026-09-07,51203,12414534,EDCKUL21CHLB1200,L1,20,0,0.0
2026-09-08,2026-09-07,51203,12414534,EDCKUL21CHLB1200,L2,35,0,0.0
2026-09-08,2026-09-07,51203,12414534,EDCKUL21CHLB1200,L3,26,0,0.0
2026-09-08,2026-09-07,51203,12414535,EDCKUL21CHLB1300,L1,20,0,0.0
2026-09-08,2026-09-07,51203,12414535,EDCKUL21CHLB1300,L2,35,0,0.0
2026-09-08,2026-09-07,51203,12414535,EDCKUL21CHLB1300,L3,26,0,0.0
2026-09-08,2026-09-07,51203,12414536,EDCKUL21CHLB1400,L1,20,0,0.0
2026-09-08,2026-09-07,51203,12414536,EDCKUL21CHLB1400,L2,35,0,0.0
2026-09-08,2026-09-07,51203,12414536,EDCKUL21CHLB1400,L3,26,0,0.0
2026-09-08,2026-09-07,51203,12414537,EDCKUL21CHLB1500,L1,20,0,0.0
2026-09-08,2026-09-07,51203,12414537,EDCKUL21CHLB1500,L2,35,0,0.0
2026-09-08,2026-09-07,51203,12414537,EDCKUL21CHLB1500,L3,26,0,0.0
2026-09-08,2026-09-07,51203,12414538,EDCKUL21CHPB0100,L1,20,0,0.0
2026-09-08,2026-09-07,51203,12414538,EDCKUL21CHPB0100,L2,35,0,0.0
2026-09-08,2026-09-07,51203,12414538,EDCKUL21CHPB0100,L3,26,0,0.0
2026-09-08,2026-09-07,51203,12414539,EDCKUL21CHPB0200,L1,20,0,0.0
2026-09-08,2026-09-07,51203,12414539,EDCKUL21CHPB0200,L2,35,0,0.0
2026-09-08,2026-09-07,51203,12414539,EDCKUL21CHPB0200,L3,26,0,0.0
2026-09-08,2026-09-07,51203,12414540,EDCKUL21CHPB0300,L1,20,0,0.0
2026-09-08,2026-09-07,51203,12414540,EDCKUL21CHPB0300,L2,35,0,0.0
2026-09-08,2026-09-07,51203,12414540,EDCKUL21CHPB0300,L3,26,0,0.0
2026-09-08,2026-09-07,51203,12414541,EDCKUL21CHPB0400,L1,20,0,0.0
2026-09-08,2026-09-07,51203,12414541,EDCKUL21CHPB0400,L2,35,0,0.0
2026-09-08,2026-09-07,51203,12414541,EDCKUL21CHPB0400,L3,26,0,0.0
2026-09-08,2026-09-07,51203,12414542,EDCKUL21CHPB0500,L1,20,0,0.0
2026-09-08,2026-09-07,51203,12414542,EDCKUL21CHPB0500,L2,35,0,0.0
2026-09-08,2026-09-07,51203,12414542,EDCKUL21CHPB0500,L3,26,0,0.0
2026-09-08,2026-09-07,51203,12414543,EDCKUL21CHPB0600,L1,20,0,0.0
2026-09-08,2026-09-07,51203,12414543,EDCKUL21CHPB0600,L2,35,0,0.0
2026-09-08,2026-09-07,51203,12414543,EDCKUL21CHPB0600,L3,26,0,0.0
2026-09-08,2026-09-07,51203,12414544,EDCKUL21CHPB0700,L1,20,0,0.0
2026-09-08,2026-09-07,51203,12414544,EDCKUL21CHPB0700,L2,35,0,0.0
2026-09-08,2026-09-07,51203,12414544,EDCKUL21CHPB0700,L3,26,0,0.0
2026-09-08,2026-09-07,51203,12414545,EDCKUL21CHPB0800,L1,20,0,0.0
2026-09-08,2026-09-07,51203,12414545,EDCKUL21CHPB0800,L2,35,0,0.0
2026-09-08,2026-09-07,51203,12414545,EDCKUL21CHPB0800,L3,26,0,0.0
2026-09-08,2026-09-07,51203,12414546,EDCKUL21CHPB0900,L1,20,0,0.0
2026-09-08,2026-09-07,51203,12414546,EDCKUL21CHPB0900,L2,35,0,0.0
2026-09-08,2026-09-07,51203,12414546,EDCKUL21CHPB0900,L3,26,0,0.0
2026-09-08,2026-09-07,51203,12414547,EDCKUL21CHPB1000,L1,20,0,0.0
2026-09-08,2026-09-07,51203,12414547,EDCKUL21CHPB1000,L2,35,0,0.0
2026-09-08,2026-09-07,51203,12414547,EDCKUL21CHPB1000,L3,26,0,0.0
2026-09-08,2026-09-07,51203,12414548,EDCKUL21CHPB1100,L1,20,0,0.0
2026-09-08,2026-09-07,51203,12414548,EDCKUL21CHPB1100,L2,35,0,0.0
2026-09-08,2026-09-07,51203,12414548,EDCKUL21CHPB1100,L3,26,0,0.0
2026-09-08,2026-09-07,51203,12414549,EDCKUL21CHPB1200,L1,20,0,0.0
2026-09-08,2026-09-07,51203,12414549,EDCKUL21CHPB1200,L2,35,0,0.0
2026-09-08,2026-09-07,51203,12414549,EDCKUL21CHPB1200,L3,26,0,0.0
2026-09-08,2026-09-07,51203,12414550,EDCKUL21CHPB1300,L1,20,0,0.0
2026-09-08,2026-09-07,51203,12414550,EDCKUL21CHPB1300,L2,35,0,0.0
2026-09-08,2026-09-07,51203,12414550,EDCKUL21CHPB1300,L3,26,0,0.0
2026-09-08,2026-09-07,51203,12414551,EDCKUL21CHPB1400,L1,20,0,0.0
2026-09-08,2026-09-07,51203,12414551,EDCKUL21CHPB1400,L2,35,0,0.0
2026-09-08,2026-09-07,51203,12414551,EDCKUL21CHPB1400,L3,26,0,0.0
2026-09-08,2026-09-07,51203,12414552,EDCKUL21CHPB1500,L1,20,0,0.0
2026-09-08,2026-09-07,51203,12414552,EDCKUL21CHPB1500,L2,35,0,0.0
2026-09-08,2026-09-07,51203,12414552,EDCKUL21CHPB1500,L3,26,0,0.0
2026-09-08,2026-09-07,51203,12414553,EDCKUL21CTSB0100,L1,20,0,0.0
2026-09-08,2026-09-07,51203,12414553,EDCKUL21CTSB0100,L2,35,0,0.0
2026-09-08,2026-09-07,51203,12414553,EDCKUL21CTSB0100,L3,26,0,0.0
2026-09-08,2026-09-07,51203,12414554,EDCKUL21CTSB0200,L1,20,0,0.0
2026-09-08,2026-09-07,51203,12414554,EDCKUL21CTSB0200,L2,35,0,0.0
2026-09-08,2026-09-07,51203,12414554,EDCKUL21CTSB0200,L3,26,0,0.0
2026-09-08,2026-09-07,51203,12414555,EDCKUL21EXPB0100,L1,20,0,0.0
2026-09-08,2026-09-07,51203,12414555,EDCKUL21EXPB0100,L2,35,0,0.0
2026-09-08,2026-09-07,51203,12414555,EDCKUL21EXPB0100,L3,26,0,0.0
2026-09-08,2026-09-07,51203,12414556,EDCKUL21EXPB0200,L1,20,0,0.0
2026-09-08,2026-09-07,51203,12414556,EDCKUL21EXPB0200,L2,35,0,0.0
2026-09-08,2026-09-07,51203,12414556,EDCKUL21EXPB0200,L3,26,0,0.0
2026-09-08,2026-09-07,51203,12414557,EDCKUL21AISB0100,L1,20,0,0.0
2026-09-08,2026-09-07,51203,12414557,EDCKUL21AISB0100,L2,35,0,0.0
2026-09-08,2026-09-07,51203,12414557,EDCKUL21AISB0100,L3,26,0,0.0
2026-09-08,2026-09-07,51203,12414558,EDCKUL21AISB0200,L1,20,0,0.0
2026-09-08,2026-09-07,51203,12414558,EDCKUL21AISB0200,L2,35,0,0.0
2026-09-08,2026-09-07,51203,12414558,EDCKUL21AISB0200,L3,26,0,0.0
2026-09-08,2026-09-07,51203,12414559,EDCKUL21CRAB0100,L1,20,20,100.0
2026-09-08,2026-09-07,51203,12414559,EDCKUL21CRAB0100,L2,35,0,0.0
2026-09-08,2026-09-07,51203,12414559,EDCKUL21CRAB0100,L3,26,0,0.0
2026-09-08,2026-09-07,51203,12414560,EDCKUL21CRAB0200,L1,20,20,100.0
2026-09-08,2026-09-07,51203,12414560,EDCKUL21CRAB0200,L2,35,0,0.0
2026-09-08,2026-09-07,51203,12414560,EDCKUL21CRAB0200,L3,26,0,0.0
2026-09-08,2026-09-07,51203,12414561,EDCKUL21CRAB0300,L1,20,20,100.0
2026-09-08,2026-09-07,51203,12414561,EDCKUL21CRAB0300,L2,35,0,0.0
2026-09-08,2026-09-07,51203,12414561,EDCKUL21CRAB0300,L3,26,0,0.0
2026-09-08,2026-09-07,51203,12414562,EDCKUL21CRAB0400,L1,20,20,100.0
2026-09-08,2026-09-07,51203,12414562,EDCKUL21CRAB0400,L2,35,0,0.0
2026-09-08,2026-09-07,51203,12414562,EDCKUL21CRAB0400,L3,26,0,0.0
2026-09-08,2026-09-07,51203,12414563,EDCKUL21CRAB0500,L1,20,20,100.0
2026-09-08,2026-09-07,51203,12414563,EDCKUL21CRAB0500,L2,35,0,0.0
2026-09-08,2026-09-07,51203,12414563,EDCKUL21CRAB0500,L3,26,0,0.0
2026-09-08,2026-09-07,51203,12414564,EDCKUL21CRAB0600,L1,20,20,100.0
2026-09-08,2026-09-07,51203,12414564,EDCKUL21CRAB0600,L2,35,0,0.0
2026-09-08,2026-09-07,51203,12414564,EDCKUL21CRAB0600,L3,26,0,0.0
2026-09-08,2026-09-07,51203,12414565,EDCKUL21CRAB1500,L1,20,20,100.0
2026-09-08,2026-09-07,51203,12414565,EDCKUL21CRAB1500,L2,35,0,0.0
2026-09-08,2026-09-07,51203,12414565,EDCKUL21CRAB1500,L3,26,0,0.0
2026-09-08,2026-09-07,51203,12414566,EDCKUL21CRAB1600,L1,20,20,100.0
2026-09-08,2026-09-07,51203,12414566,EDCKUL21CRAB1600,L2,35,0,0.0
2026-09-08,2026-09-07,51203,12414566,EDCKUL21CRAB1600,L3,26,0,0.0
2026-09-08,2026-09-07,51203,12414567,EDCKUL21CRAB1100,L1,20,20,100.0
2026-09-08,2026-09-07,51203,12414567,EDCKUL21CRAB1100,L2,35,0,0.0
2026-09-08,2026-09-07,51203,12414567,EDCKUL21CRAB1100,L3,26,0,0.0
2026-09-08,2026-09-07,51203,12414568,EDCKUL21CRAB1200,L1,20,20,100.0
2026-09-08,2026-09-07,51203,12414568,EDCKUL21CRAB1200,L2,35,0,0.0
2026-09-08,2026-09-07,51203,12414568,EDCKUL21CRAB1200,L3,26,0,0.0
2026-09-08,2026-09-07,51203,12414569,EDCKUL21CRAB0900,L1,20,20,100.0
2026-09-08,2026-09-07,51203,12414569,EDCKUL21CRAB0900,L2,35,0,0.0
2026-09-08,2026-09-07,51203,12414569,EDCKUL21CRAB0900,L3,26,0,0.0
2026-09-08,2026-09-07,51203,12414570,EDCKUL21CRAB1000,L1,20,20,100.0
2026-09-08,2026-09-07,51203,12414570,EDCKUL21CRAB1000,L2,35,0,0.0
2026-09-08,2026-09-07,51203,12414570,EDCKUL21CRAB1000,L3,26,0,0.0
2026-09-08,2026-09-07,51203,12414571,EDCKUL21CRAB0700,L1,20,20,100.0
2026-09-08,2026-09-07,51203,12414571,EDCKUL21CRAB0700,L2,35,0,0.0
2026-09-08,2026-09-07,51203,12414571,EDCKUL21CRAB0700,L3,26,0,0.0
2026-09-08,2026-09-07,51203,12414572,EDCKUL21CRAB0800,L1,20,20,100.0
2026-09-08,2026-09-07,51203,12414572,EDCKUL21CRAB0800,L2,35,0,0.0
2026-09-08,2026-09-07,51203,12414572,EDCKUL21CRAB0800,L3,26,0,0.0
2026-09-08,2026-09-07,51203,12414573,EDCKUL21CRAB1300,L1,20,17,85.0
2026-09-08,2026-09-07,51203,12414573,EDCKUL21CRAB1300,L2,35,0,0.0
2026-09-08,2026-09-07,51203,12414573,EDCKUL21CRAB1300,L3,26,0,0.0
2026-09-08,2026-09-07,51203,12414574,EDCKUL21CRAB1400,L1,20,18,90.0
2026-09-08,2026-09-07,51203,12414574,EDCKUL21CRAB1400,L2,35,0,0.0
2026-09-08,2026-09-07,51203,12414574,EDCKUL21CRAB1400,L3,26,0,0.0
2026-09-08,2026-09-07,51203,12414575,EDCKUL21CRAB0102,L1,20,20,100.0
2026-09-08,2026-09-07,51203,12414575,EDCKUL21CRAB0102,L2,35,0,0.0
2026-09-08,2026-09-07,51203,12414575,EDCKUL21CRAB0102,L3,26,0,0.0
2026-09-08,2026-09-07,51203,12414576,EDCKUL21CRAB0202,L1,20,20,100.0
2026-09-08,2026-09-07,51203,12414576,EDCKUL21CRAB0202,L2,35,0,0.0
2026-09-08,2026-09-07,51203,12414576,EDCKUL21CRAB0202,L3,26,0,0.0
2026-09-08,2026-09-07,51203,12414577,EDCKUL21CRAB0302,L1,20,20,100.0
2026-09-08,2026-09-07,51203,12414577,EDCKUL21CRAB0302,L2,35,0,0.0
2026-09-08,2026-09-07,51203,12414577,EDCKUL21CRAB0302,L3,26,0,0.0
2026-09-08,2026-09-07,51203,12414578,EDCKUL21CRAB0402,L1,20,20,100.0
2026-09-08,2026-09-07,51203,12414578,EDCKUL21CRAB0402,L2,35,0,0.0
2026-09-08,2026-09-07,51203,12414578,EDCKUL21CRAB0402,L3,26,0,0.0
2026-09-08,2026-09-07,51203,12414579,EDCKUL21CRAB0802,L1,20,20,100.0
2026-09-08,2026-09-07,51203,12414579,EDCKUL21CRAB0802,L2,35,0,0.0
2026-09-08,2026-09-07,51203,12414579,EDCKUL21CRAB0802,L3,26,0,0.0
2026-09-08,2026-09-07,51203,12414580,EDCKUL21CRAB0702,L1,20,20,100.0
2026-09-08,2026-09-07,51203,12414580,EDCKUL21CRAB0702,L2,35,0,0.0
2026-09-08,2026-09-07,51203,12414580,EDCKUL21CRAB0702,L3,26,0,0.0
2026-09-08,2026-09-07,51203,12414581,EDCKUL21CRAB0602,L1,20,20,100.0
2026-09-08,2026-09-07,51203,12414581,EDCKUL21CRAB0602,L2,35,0,0.0
2026-09-08,2026-09-07,51203,12414581,EDCKUL21CRAB0602,L3,26,0,0.0
2026-09-08,2026-09-07,51203,12414582,EDCKUL21CRAB0502,L1,20,20,100.0
2026-09-08,2026-09-07,51203,12414582,EDCKUL21CRAB0502,L2,35,0,0.0
2026-09-08,2026-09-07,51203,12414582,EDCKUL21CRAB0502,L3,26,0,0.0
2026-09-08,2026-09-07,51203,12414583,EDCKUL21CRAB0103,L1,20,20,100.0
2026-09-08,2026-09-07,51203,12414583,EDCKUL21CRAB0103,L2,35,0,0.0
2026-09-08,2026-09-07,51203,12414583,EDCKUL21CRAB0103,L3,26,0,0.0
2026-09-08,2026-09-07,51203,12414584,EDCKUL21CRAB0203,L1,20,20,100.0
2026-09-08,2026-09-07,51203,12414584,EDCKUL21CRAB0203,L2,35,0,0.0
2026-09-08,2026-09-07,51203,12414584,EDCKUL21CRAB0203,L3,26,0,0.0
2026-09-08,2026-09-07,51203,12414585,EDCKUL21CRAB0303,L1,20,20,100.0
2026-09-08,2026-09-07,51203,12414585,EDCKUL21CRAB0303,L2,35,0,0.0
2026-09-08,2026-09-07,51203,12414585,EDCKUL21CRAB0303,L3,26,0,0.0
2026-09-08,2026-09-07,51203,12414586,EDCKUL21CRAB0403,L1,20,20,100.0
2026-09-08,2026-09-07,51203,12414586,EDCKUL21CRAB0403,L2,35,0,0.0
2026-09-08,2026-09-07,51203,12414586,EDCKUL21CRAB0403,L3,26,0,0.0
2026-09-08,2026-09-07,51203,12414587,EDCKUL21CRAB0803,L1,20,20,100.0
2026-09-08,2026-09-07,51203,12414587,EDCKUL21CRAB0803,L2,35,0,0.0
2026-09-08,2026-09-07,51203,12414587,EDCKUL21CRAB0803,L3,26,0,0.0
2026-09-08,2026-09-07,51203,12414588,EDCKUL21CRAB0703,L1,20,20,100.0
2026-09-08,2026-09-07,51203,12414588,EDCKUL21CRAB0703,L2,35,0,0.0
2026-09-08,2026-09-07,51203,12414588,EDCKUL21CRAB0703,L3,26,0,0.0
2026-09-08,2026-09-07,51203,12414589,EDCKUL21CRAB0603,L1,20,20,100.0
2026-09-08,2026-09-07,51203,12414589,EDCKUL21CRAB0603,L2,35,0,0.0
2026-09-08,2026-09-07,51203,12414589,EDCKUL21CRAB0603,L3,26,0,0.0
2026-09-08,2026-09-07,51203,12414590,EDCKUL21CRAB0503,L1,20,20,100.0
2026-09-08,2026-09-07,51203,12414590,EDCKUL21CRAB0503,L2,35,0,0.0
2026-09-08,2026-09-07,51203,12414590,EDCKUL21CRAB0503,L3,26,0,0.0
2026-09-08,2026-09-07,51203,12414591,EDCKUL21FOF00300,L1,20,0,0.0
2026-09-08,2026-09-07,51203,12414591,EDCKUL21FOF00300,L2,35,0,0.0
2026-09-08,2026-09-07,51203,12414591,EDCKUL21FOF00300,L3,26,0,0.0
2026-09-08,2026-09-07,51203,12414592,EDCKUL21FOF00400,L1,20,0,0.0
2026-09-08,2026-09-07,51203,12414592,EDCKUL21FOF00400,L2,35,0,0.0
2026-09-08,2026-09-07,51203,12414592,EDCKUL21FOF00400,L3,26,0,0.0
2026-09-08,2026-09-07,51203,12414593,EDCKUL21FOP00300,L1,20,0,0.0
2026-09-08,2026-09-07,51203,12414593,EDCKUL21FOP00300,L2,35,0,0.0
2026-09-08,2026-09-07,51203,12414593,EDCKUL21FOP00300,L3,26,0,0.0
2026-09-08,2026-09-07,51203,12414594,EDCKUL21FOP00400,L1,20,0,0.0
2026-09-08,2026-09-07,51203,12414594,EDCKUL21FOP00400,L2,35,0,0.0
2026-09-08,2026-09-07,51203,12414594,EDCKUL21FOP00400,L3,26,0,0.0
2026-09-08,2026-09-07,51203,12414595,EDCKUL21FPO00300,L1,20,0,0.0
2026-09-08,2026-09-07,51203,12414595,EDCKUL21FPO00300,L2,35,0,0.0
2026-09-08,2026-09-07,51203,12414595,EDCKUL21FPO00300,L3,26,0,0.0
2026-09-08,2026-09-07,51203,12414596,EDCKUL21FPO00400,L1,20,0,0.0
2026-09-08,2026-09-07,51203,12414596,EDCKUL21FPO00400,L2,35,0,0.0
2026-09-08,2026-09-07,51203,12414596,EDCKUL21FPO00400,L3,26,0,0.0
2026-09-08,2026-09-07,51203,12414597,EDCKUL21FOT00600,L1,20,20,100.0
2026-09-08,2026-09-07,51203,12414597,EDCKUL21FOT00600,L2,35,0,0.0
2026-09-08,2026-09-07,51203,12414597,EDCKUL21FOT00600,L3,26,0,0.0
2026-09-08,2026-09-07,51203,12414598,EDCKUL21FOT00700,L1,20,20,100.0
2026-09-08,2026-09-07,51203,12414598,EDCKUL21FOT00700,L2,35,0,0.0
2026-09-08,2026-09-07,51203,12414598,EDCKUL21FOT00700,L3,26,0,0.0
2026-09-08,2026-09-07,51203,12414599,EDCKUL21FOT00800,L1,20,20,100.0
2026-09-08,2026-09-07,51203,12414599,EDCKUL21FOT00800,L2,35,0,0.0
2026-09-08,2026-09-07,51203,12414599,EDCKUL21FOT00800,L3,26,0,0.0
2026-09-08,2026-09-07,51203,12414600,EDCKUL21FOT00900,L1,20,20,100.0
2026-09-08,2026-09-07,51203,12414600,EDCKUL21FOT00900,L2,35,0,0.0
2026-09-08,2026-09-07,51203,12414600,EDCKUL21FOT00900,L3,26,0,0.0
2026-09-08,2026-09-07,51203,12414601,EDCKUL21FOT01000,L1,20,20,100.0
2026-09-08,2026-09-07,51203,12414601,EDCKUL21FOT01000,L2,35,0,0.0
2026-09-08,2026-09-07,51203,12414601,EDCKUL21FOT01000,L3,26,0,0.0
2026-09-08,2026-09-07,51203,12414602,EDCKUL21FOT01100,L1,20,20,100.0
2026-09-08,2026-09-07,51203,12414602,EDCKUL21FOT01100,L2,35,0,0.0
2026-09-08,2026-09-07,51203,12414602,EDCKUL21FOT01100,L3,26,0,0.0
2026-09-08,2026-09-07,51203,12414603,EDCKUL21FOT01200,L1,20,20,100.0
2026-09-08,2026-09-07,51203,12414603,EDCKUL21FOT01200,L2,35,0,0.0
2026-09-08,2026-09-07,51203,12414603,EDCKUL21FOT01200,L3,26,0,0.0
2026-09-08,2026-09-07,51203,12414604,EDCKUL21FOT01300,L1,20,20,100.0
2026-09-08,2026-09-07,51203,12414604,EDCKUL21FOT01300,L2,35,0,0.0
2026-09-08,2026-09-07,51203,12414604,EDCKUL21FOT01300,L3,26,0,0.0
2026-09-08,2026-09-07,51203,12414605,EDCKUL21FOT01400,L1,20,20,100.0
2026-09-08,2026-09-07,51203,12414605,EDCKUL21FOT01400,L2,35,0,0.0
2026-09-08,2026-09-07,51203,12414605,EDCKUL21FOT01400,L3,26,0,0.0
2026-09-08,2026-09-07,51203,12414606,EDCKUL21FOT01500,L1,20,20,100.0
2026-09-08,2026-09-07,51203,12414606,EDCKUL21FOT01500,L2,35,0,0.0
2026-09-08,2026-09-07,51203,12414606,EDCKUL21FOT01500,L3,26,0,0.0
2026-09-08,2026-09-07,51203,12414607,EDCKUL21GDTCA100,L1,20,20,100.0
2026-09-08,2026-09-07,51203,12414607,EDCKUL21GDTCA100,L2,35,0,0.0
2026-09-08,2026-09-07,51203,12414607,EDCKUL21GDTCA100,L3,26,0,0.0
2026-09-08,2026-09-07,51203,12414608,EDCKUL21GDTCB100,L1,20,20,100.0
2026-09-08,2026-09-07,51203,12414608,EDCKUL21GDTCB100,L2,35,0,0.0
2026-09-08,2026-09-07,51203,12414608,EDCKUL21GDTCB100,L3,26,0,0.0
2026-09-08,2026-09-07,51203,12414609,EDCKUL21GDTCC100,L1,20,20,100.0
2026-09-08,2026-09-07,51203,12414609,EDCKUL21GDTCC100,L2,35,0,0.0
2026-09-08,2026-09-07,51203,12414609,EDCKUL21GDTCC100,L3,26,0,0.0
2026-09-08,2026-09-07,51203,12414610,EDCKUL21GDTCD100,L1,20,20,100.0
2026-09-08,2026-09-07,51203,12414610,EDCKUL21GDTCD100,L2,35,0,0.0
2026-09-08,2026-09-07,51203,12414610,EDCKUL21GDTCD100,L3,26,0,0.0
2026-09-08,2026-09-07,51203,12414611,EDCKUL21GDTCE100,L1,20,19,95.0
2026-09-08,2026-09-07,51203,12414611,EDCKUL21GDTCE100,L2,35,0,0.0
2026-09-08,2026-09-07,51203,12414611,EDCKUL21GDTCE100,L3,26,0,0.0
2026-09-08,2026-09-07,51203,12414612,EDCKUL21GDTCF100,L1,20,20,100.0
2026-09-08,2026-09-07,51203,12414612,EDCKUL21GDTCF100,L2,35,0,0.0
2026-09-08,2026-09-07,51203,12414612,EDCKUL21GDTCF100,L3,26,0,0.0
2026-09-08,2026-09-07,51203,12414613,EDCKUL21GDTCT100,L1,20,20,100.0
2026-09-08,2026-09-07,51203,12414613,EDCKUL21GDTCT100,L2,35,0,0.0
2026-09-08,2026-09-07,51203,12414613,EDCKUL21GDTCT100,L3,26,0,0.0
2026-09-08,2026-09-07,51203,12414614,EDCKUL21GDTCY100,L1,20,20,100.0
2026-09-08,2026-09-07,51203,12414614,EDCKUL21GDTCY100,L2,35,0,0.0
2026-09-08,2026-09-07,51203,12414614,EDCKUL21GDTCY100,L3,26,0,0.0
2026-09-08,2026-09-07,51203,12414615,EDCKUL21GENCA100,L1,20,20,100.0
2026-09-08,2026-09-07,51203,12414615,EDCKUL21GENCA100,L2,35,0,0.0
2026-09-08,2026-09-07,51203,12414615,EDCKUL21GENCA100,L3,26,0,0.0
2026-09-08,2026-09-07,51203,12414616,EDCKUL21GENCB100,L1,20,20,100.0
2026-09-08,2026-09-07,51203,12414616,EDCKUL21GENCB100,L2,35,0,0.0
2026-09-08,2026-09-07,51203,12414616,EDCKUL21GENCB100,L3,26,0,0.0
2026-09-08,2026-09-07,51203,12414617,EDCKUL21GENCC100,L1,20,20,100.0
2026-09-08,2026-09-07,51203,12414617,EDCKUL21GENCC100,L2,35,0,0.0
2026-09-08,2026-09-07,51203,12414617,EDCKUL21GENCC100,L3,26,0,0.0
2026-09-08,2026-09-07,51203,12414618,EDCKUL21GENCD100,L1,20,20,100.0
2026-09-08,2026-09-07,51203,12414618,EDCKUL21GENCD100,L2,35,0,0.0
2026-09-08,2026-09-07,51203,12414618,EDCKUL21GENCD100,L3,26,0,0.0
2026-09-08,2026-09-07,51203,12414619,EDCKUL21GENCE100,L1,20,20,100.0
2026-09-08,2026-09-07,51203,12414619,EDCKUL21GENCE100,L2,35,0,0.0
2026-09-08,2026-09-07,51203,12414619,EDCKUL21GENCE100,L3,26,0,0.0
2026-09-08,2026-09-07,51203,12414620,EDCKUL21GENCF100,L1,20,20,100.0
2026-09-08,2026-09-07,51203,12414620,EDCKUL21GENCF100,L2,35,0,0.0
2026-09-08,2026-09-07,51203,12414620,EDCKUL21GENCF100,L3,26,0,0.0
2026-09-08,2026-09-07,51203,12414621,EDCKUL21GENCT100,L1,20,20,100.0
2026-09-08,2026-09-07,51203,12414621,EDCKUL21GENCT100,L2,35,0,0.0
2026-09-08,2026-09-07,51203,12414621,EDCKUL21GENCT100,L3,26,0,0.0
2026-09-08,2026-09-07,51203,12414622,EDCKUL21GENCY100,L1,20,20,100.0
2026-09-08,2026-09-07,51203,12414622,EDCKUL21GENCY100,L2,35,0,0.0
2026-09-08,2026-09-07,51203,12414622,EDCKUL21GENCY100,L3,26,0,0.0
2026-09-08,2026-09-07,51203,12414623,EDCKUL21GSBCA100,L1,20,19,95.0
2026-09-08,2026-09-07,51203,12414623,EDCKUL21GSBCA100,L2,35,1,2.86
2026-09-08,2026-09-07,51203,12414623,EDCKUL21GSBCA100,L3,26,0,0.0
2026-09-08,2026-09-07,51203,12414624,EDCKUL21GSBCB100,L1,20,19,95.0
2026-09-08,2026-09-07,51203,12414624,EDCKUL21GSBCB100,L2,35,0,0.0
2026-09-08,2026-09-07,51203,12414624,EDCKUL21GSBCB100,L3,26,0,0.0
2026-09-08,2026-09-07,51203,12414625,EDCKUL21GSBCC100,L1,20,19,95.0
2026-09-08,2026-09-07,51203,12414625,EDCKUL21GSBCC100,L2,35,0,0.0
2026-09-08,2026-09-07,51203,12414625,EDCKUL21GSBCC100,L3,26,0,0.0
2026-09-08,2026-09-07,51203,12414626,EDCKUL21GSBCD100,L1,20,19,95.0
2026-09-08,2026-09-07,51203,12414626,EDCKUL21GSBCD100,L2,35,0,0.0
2026-09-08,2026-09-07,51203,12414626,EDCKUL21GSBCD100,L3,26,0,0.0
2026-09-08,2026-09-07,51203,12414627,EDCKUL21GSBCE100,L1,20,19,95.0
2026-09-08,2026-09-07,51203,12414627,EDCKUL21GSBCE100,L2,35,0,0.0
2026-09-08,2026-09-07,51203,12414627,EDCKUL21GSBCE100,L3,26,0,0.0
2026-09-08,2026-09-07,51203,12414628,EDCKUL21GSBCF100,L1,20,19,95.0
2026-09-08,2026-09-07,51203,12414628,EDCKUL21GSBCF100,L2,35,0,0.0
2026-09-08,2026-09-07,51203,12414628,EDCKUL21GSBCF100,L3,26,0,0.0
2026-09-08,2026-09-07,51203,12414629,EDCKUL21GSBCT100,L1,20,19,95.0
2026-09-08,2026-09-07,51203,12414629,EDCKUL21GSBCT100,L2,35,0,0.0
2026-09-08,2026-09-07,51203,12414629,EDCKUL21GSBCT100,L3,26,0,0.0
2026-09-08,2026-09-07,51203,12414630,EDCKUL21GSBCY100,L1,20,20,100.0
2026-09-08,2026-09-07,51203,12414630,EDCKUL21GSBCY100,L2,35,0,0.0
2026-09-08,2026-09-07,51203,12414630,EDCKUL21GSBCY100,L3,26,0,0.0
2026-09-08,2026-09-07,51203,12414631,EDCKUL21LBG00200,L1,20,20,100.0
2026-09-08,2026-09-07,51203,12414631,EDCKUL21LBG00200,L2,35,0,0.0
2026-09-08,2026-09-07,51203,12414631,EDCKUL21LBG00200,L3,26,0,0.0
2026-09-08,2026-09-07,51203,12414632,EDCKUL21MVSA0210,L1,20,20,100.0
2026-09-08,2026-09-07,51203,12414632,EDCKUL21MVSA0210,L2,35,8,22.86
2026-09-08,2026-09-07,51203,12414632,EDCKUL21MVSA0210,L3,26,0,0.0
2026-09-08,2026-09-07,51203,12414633,EDCKUL21MVSB0220,L1,20,20,100.0
2026-09-08,2026-09-07,51203,12414633,EDCKUL21MVSB0220,L2,35,35,100.0
2026-09-08,2026-09-07,51203,12414633,EDCKUL21MVSB0220,L3,26,0,0.0
2026-09-08,2026-09-07,51203,12414634,EDCKUL21DSGCB110,L1,20,20,100.0
2026-09-08,2026-09-07,51203,12414634,EDCKUL21DSGCB110,L2,35,7,20.0
2026-09-08,2026-09-07,51203,12414634,EDCKUL21DSGCB110,L3,26,0,0.0
2026-09-08,2026-09-07,51203,12414635,EDCKUL21DSGCC110,L1,20,20,100.0
2026-09-08,2026-09-07,51203,12414635,EDCKUL21DSGCC110,L2,35,7,20.0
2026-09-08,2026-09-07,51203,12414635,EDCKUL21DSGCC110,L3,26,0,0.0
2026-09-08,2026-09-07,51203,12414636,EDCKUL21DSGCD110,L1,20,20,100.0
2026-09-08,2026-09-07,51203,12414636,EDCKUL21DSGCD110,L2,35,7,20.0
2026-09-08,2026-09-07,51203,12414636,EDCKUL21DSGCD110,L3,26,0,0.0
2026-09-08,2026-09-07,51203,12414637,EDCKUL21DSGCE110,L1,20,20,100.0
2026-09-08,2026-09-07,51203,12414637,EDCKUL21DSGCE110,L2,35,7,20.0
2026-09-08,2026-09-07,51203,12414637,EDCKUL21DSGCE110,L3,26,0,0.0
2026-09-08,2026-09-07,51203,12414638,EDCKUL21DSGCF110,L1,20,20,100.0
2026-09-08,2026-09-07,51203,12414638,EDCKUL21DSGCF110,L2,35,6,17.14
2026-09-08,2026-09-07,51203,12414638,EDCKUL21DSGCF110,L3,26,0,0.0
2026-09-08,2026-09-07,51203,12414639,EDCKUL21DSGCT110,L1,20,20,100.0
2026-09-08,2026-09-07,51203,12414639,EDCKUL21DSGCT110,L2,35,7,20.0
2026-09-08,2026-09-07,51203,12414639,EDCKUL21DSGCT110,L3,26,0,0.0
2026-09-08,2026-09-07,51203,12414640,EDCKUL21DSGCA110,L1,20,20,100.0
2026-09-08,2026-09-07,51203,12414640,EDCKUL21DSGCA110,L2,35,6,17.14
2026-09-08,2026-09-07,51203,12414640,EDCKUL21DSGCA110,L3,26,0,0.0
2026-09-08,2026-09-07,51203,12414641,EDCKUL21DSGCY110,L1,20,20,100.0
2026-09-08,2026-09-07,51203,12414641,EDCKUL21DSGCY110,L2,35,7,20.0
2026-09-08,2026-09-07,51203,12414641,EDCKUL21DSGCY110,L3,26,0,0.0
2026-09-08,2026-09-07,51203,12414642,EDCKUL21TRNCB100,L1,20,20,100.0
2026-09-08,2026-09-07,51203,12414642,EDCKUL21TRNCB100,L2,35,7,20.0
2026-09-08,2026-09-07,51203,12414642,EDCKUL21TRNCB100,L3,26,0,0.0
2026-09-08,2026-09-07,51203,12414643,EDCKUL21TRNCC100,L1,20,20,100.0
2026-09-08,2026-09-07,51203,12414643,EDCKUL21TRNCC100,L2,35,7,20.0
2026-09-08,2026-09-07,51203,12414643,EDCKUL21TRNCC100,L3,26,0,0.0
2026-09-08,2026-09-07,51203,12414644,EDCKUL21TRNCD100,L1,20,20,100.0
2026-09-08,2026-09-07,51203,12414644,EDCKUL21TRNCD100,L2,35,7,20.0
2026-09-08,2026-09-07,51203,12414644,EDCKUL21TRNCD100,L3,26,0,0.0
2026-09-08,2026-09-07,51203,12414645,EDCKUL21TRNCE100,L1,20,20,100.0
2026-09-08,2026-09-07,51203,12414645,EDCKUL21TRNCE100,L2,35,7,20.0
2026-09-08,2026-09-07,51203,12414645,EDCKUL21TRNCE100,L3,26,0,0.0
2026-09-08,2026-09-07,51203,12414646,EDCKUL21TRNCF100,L1,20,20,100.0
2026-09-08,2026-09-07,51203,12414646,EDCKUL21TRNCF100,L2,35,7,20.0
2026-09-08,2026-09-07,51203,12414646,EDCKUL21TRNCF100,L3,26,0,0.0
2026-09-08,2026-09-07,51203,12414647,EDCKUL21TRNCT100,L1,20,20,100.0
2026-09-08,2026-09-07,51203,12414647,EDCKUL21TRNCT100,L2,35,7,20.0
2026-09-08,2026-09-07,51203,12414647,EDCKUL21TRNCT100,L3,26,0,0.0
2026-09-08,2026-09-07,51203,12414648,EDCKUL21TRNCA100,L1,20,20,100.0
2026-09-08,2026-09-07,51203,12414648,EDCKUL21TRNCA100,L2,35,7,20.0
2026-09-08,2026-09-07,51203,12414648,EDCKUL21TRNCA100,L3,26,7,26.92
2026-09-08,2026-09-07,51203,12414649,EDCKUL21TRNCY100,L1,20,20,100.0
2026-09-08,2026-09-07,51203,12414649,EDCKUL21TRNCY100,L2,35,7,20.0
2026-09-08,2026-09-07,51203,12414649,EDCKUL21TRNCY100,L3,26,0,0.0
2026-09-08,2026-09-07,51203,12414650,EDCKUL21MSBCA110,L1,20,20,100.0
2026-09-08,2026-09-07,51203,12414650,EDCKUL21MSBCA110,L2,35,0,0.0
2026-09-08,2026-09-07,51203,12414650,EDCKUL21MSBCA110,L3,26,0,0.0
2026-09-08,2026-09-07,51203,12414651,EDCKUL21MSBCB110,L1,20,20,100.0
2026-09-08,2026-09-07,51203,12414651,EDCKUL21MSBCB110,L2,35,0,0.0
2026-09-08,2026-09-07,51203,12414651,EDCKUL21MSBCB110,L3,26,0,0.0
2026-09-08,2026-09-07,51203,12414652,EDCKUL21MSBCB210,L1,20,20,100.0
2026-09-08,2026-09-07,51203,12414652,EDCKUL21MSBCB210,L2,35,0,0.0
2026-09-08,2026-09-07,51203,12414652,EDCKUL21MSBCB210,L3,26,0,0.0
2026-09-08,2026-09-07,51203,12414653,EDCKUL21MSBCC110,L1,20,20,100.0
2026-09-08,2026-09-07,51203,12414653,EDCKUL21MSBCC110,L2,35,7,20.0
2026-09-08,2026-09-07,51203,12414653,EDCKUL21MSBCC110,L3,26,0,0.0
2026-09-08,2026-09-07,51203,12414654,EDCKUL21MSBCD110,L1,20,20,100.0
2026-09-08,2026-09-07,51203,12414654,EDCKUL21MSBCD110,L2,35,0,0.0
2026-09-08,2026-09-07,51203,12414654,EDCKUL21MSBCD110,L3,26,0,0.0
2026-09-08,2026-09-07,51203,12414655,EDCKUL21MSBCE110,L1,20,20,100.0
2026-09-08,2026-09-07,51203,12414655,EDCKUL21MSBCE110,L2,35,0,0.0
2026-09-08,2026-09-07,51203,12414655,EDCKUL21MSBCE110,L3,26,0,0.0
2026-09-08,2026-09-07,51203,12414656,EDCKUL21MSBCE210,L1,20,20,100.0
2026-09-08,2026-09-07,51203,12414656,EDCKUL21MSBCE210,L2,35,0,0.0
2026-09-08,2026-09-07,51203,12414656,EDCKUL21MSBCE210,L3,26,0,0.0
2026-09-08,2026-09-07,51203,12414657,EDCKUL21MSBCF110,L1,20,20,100.0
2026-09-08,2026-09-07,51203,12414657,EDCKUL21MSBCF110,L2,35,0,0.0
2026-09-08,2026-09-07,51203,12414657,EDCKUL21MSBCF110,L3,26,0,0.0
2026-09-08,2026-09-07,51203,12414658,EDCKUL21MSBCT110,L1,20,20,100.0
2026-09-08,2026-09-07,51203,12414658,EDCKUL21MSBCT110,L2,35,0,0.0
2026-09-08,2026-09-07,51203,12414658,EDCKUL21MSBCT110,L3,26,0,0.0
2026-09-08,2026-09-07,51203,12414659,EDCKUL21MSBCY110,L1,20,20,100.0
2026-09-08,2026-09-07,51203,12414659,EDCKUL21MSBCY110,L2,35,0,0.0
2026-09-08,2026-09-07,51203,12414659,EDCKUL21MSBCY110,L3,26,0,0.0
2026-09-08,2026-09-07,51203,12414660,EDCKUL21MBCCA110,L1,20,20,100.0
2026-09-08,2026-09-07,51203,12414660,EDCKUL21MBCCA110,L2,35,0,0.0
2026-09-08,2026-09-07,51203,12414660,EDCKUL21MBCCA110,L3,26,0,0.0
2026-09-08,2026-09-07,51203,12414661,EDCKUL21MBCCB110,L1,20,20,100.0
2026-09-08,2026-09-07,51203,12414661,EDCKUL21MBCCB110,L2,35,0,0.0
2026-09-08,2026-09-07,51203,12414661,EDCKUL21MBCCB110,L3,26,0,0.0
2026-09-08,2026-09-07,51203,12414662,EDCKUL21MBCCC110,L1,20,20,100.0
2026-09-08,2026-09-07,51203,12414662,EDCKUL21MBCCC110,L2,35,0,0.0
2026-09-08,2026-09-07,51203,12414662,EDCKUL21MBCCC110,L3,26,0,0.0
2026-09-08,2026-09-07,51203,12414663,EDCKUL21MBCCD110,L1,20,20,100.0
2026-09-08,2026-09-07,51203,12414663,EDCKUL21MBCCD110,L2,35,0,0.0
2026-09-08,2026-09-07,51203,12414663,EDCKUL21MBCCD110,L3,26,0,0.0
2026-09-08,2026-09-07,51203,12414664,EDCKUL21MBCCE110,L1,20,20,100.0
2026-09-08,2026-09-07,51203,12414664,EDCKUL21MBCCE110,L2,35,0,0.0
2026-09-08,2026-09-07,51203,12414664,EDCKUL21MBCCE110,L3,26,0,0.0
2026-09-08,2026-09-07,51203,12414665,EDCKUL21MBCCF110,L1,20,20,100.0
2026-09-08,2026-09-07,51203,12414665,EDCKUL21MBCCF110,L2,35,0,0.0
2026-09-08,2026-09-07,51203,12414665,EDCKUL21MBCCF110,L3,26,0,0.0
2026-09-08,2026-09-07,51203,12414666,EDCKUL21MBCCT110,L1,20,20,100.0
2026-09-08,2026-09-07,51203,12414666,EDCKUL21MBCCT110,L2,35,0,0.0
2026-09-08,2026-09-07,51203,12414666,EDCKUL21MBCCT110,L3,26,0,0.0
2026-09-08,2026-09-07,51203,12414667,EDCKUL21MBCCY110,L1,20,20,100.0
2026-09-08,2026-09-07,51203,12414667,EDCKUL21MBCCY110,L2,35,0,0.0
2026-09-08,2026-09-07,51203,12414667,EDCKUL21MBCCY110,L3,26,0,0.0
2026-09-08,2026-09-07,51203,12414668,EDCKUL21MDPCA110,L1,20,20,100.0
2026-09-08,2026-09-07,51203,12414668,EDCKUL21MDPCA110,L2,35,0,0.0
2026-09-08,2026-09-07,51203,12414668,EDCKUL21MDPCA110,L3,26,0,0.0
2026-09-08,2026-09-07,51203,12414669,EDCKUL21MDPCB110,L1,20,20,100.0
2026-09-08,2026-09-07,51203,12414669,EDCKUL21MDPCB110,L2,35,0,0.0
2026-09-08,2026-09-07,51203,12414669,EDCKUL21MDPCB110,L3,26,0,0.0
2026-09-08,2026-09-07,51203,12414670,EDCKUL21MDPCC110,L1,20,20,100.0
2026-09-08,2026-09-07,51203,12414670,EDCKUL21MDPCC110,L2,35,0,0.0
2026-09-08,2026-09-07,51203,12414670,EDCKUL21MDPCC110,L3,26,0,0.0
2026-09-08,2026-09-07,51203,12414671,EDCKUL21MDPCD110,L1,20,20,100.0
2026-09-08,2026-09-07,51203,12414671,EDCKUL21MDPCD110,L2,35,0,0.0
2026-09-08,2026-09-07,51203,12414671,EDCKUL21MDPCD110,L3,26,0,0.0
2026-09-08,2026-09-07,51203,12414672,EDCKUL21MDPCE110,L1,20,20,100.0
2026-09-08,2026-09-07,51203,12414672,EDCKUL21MDPCE110,L2,35,0,0.0
2026-09-08,2026-09-07,51203,12414672,EDCKUL21MDPCE110,L3,26,0,0.0
2026-09-08,2026-09-07,51203,12414673,EDCKUL21MDPCF110,L1,20,20,100.0
2026-09-08,2026-09-07,51203,12414673,EDCKUL21MDPCF110,L2,35,0,0.0
2026-09-08,2026-09-07,51203,12414673,EDCKUL21MDPCF110,L3,26,0,0.0
2026-09-08,2026-09-07,51203,12414674,EDCKUL21MDPCA210,L1,20,0,0.0
2026-09-08,2026-09-07,51203,12414674,EDCKUL21MDPCA210,L2,35,0,0.0
2026-09-08,2026-09-07,51203,12414674,EDCKUL21MDPCA210,L3,26,0,0.0
2026-09-08,2026-09-07,51203,12414675,EDCKUL21MDPCT310,L1,20,0,0.0
2026-09-08,2026-09-07,51203,12414675,EDCKUL21MDPCT310,L2,35,0,0.0
2026-09-08,2026-09-07,51203,12414675,EDCKUL21MDPCT310,L3,26,0,0.0
2026-09-08,2026-09-07,51203,12414676,EDCKUL21MDPCC210,L1,20,20,100.0
2026-09-08,2026-09-07,51203,12414676,EDCKUL21MDPCC210,L2,35,0,0.0
2026-09-08,2026-09-07,51203,12414676,EDCKUL21MDPCC210,L3,26,0,0.0
2026-09-08,2026-09-07,51203,12414677,EDCKUL21MDPCD210,L1,20,20,100.0
2026-09-08,2026-09-07,51203,12414677,EDCKUL21MDPCD210,L2,35,0,0.0
2026-09-08,2026-09-07,51203,12414677,EDCKUL21MDPCD210,L3,26,0,0.0
2026-09-08,2026-09-07,51203,12414678,EDCKUL21MDPCT110,L1,20,20,100.0
2026-09-08,2026-09-07,51203,12414678,EDCKUL21MDPCT110,L2,35,0,0.0
2026-09-08,2026-09-07,51203,12414678,EDCKUL21MDPCT110,L3,26,0,0.0
2026-09-08,2026-09-07,51203,12414679,EDCKUL21MDPCT210,L1,20,20,100.0
2026-09-08,2026-09-07,51203,12414679,EDCKUL21MDPCT210,L2,35,0,0.0
2026-09-08,2026-09-07,51203,12414679,EDCKUL21MDPCT210,L3,26,0,0.0
2026-09-08,2026-09-07,51203,12414680,EDCKUL21MDPCT410,L1,20,20,100.0
2026-09-08,2026-09-07,51203,12414680,EDCKUL21MDPCT410,L2,35,0,0.0
2026-09-08,2026-09-07,51203,12414680,EDCKUL21MDPCT410,L3,26,0,0.0
2026-09-08,2026-09-07,51203,12414681,EDCKUL21DPPCA110,L1,20,20,100.0
2026-09-08,2026-09-07,51203,12414681,EDCKUL21DPPCA110,L2,35,0,0.0
2026-09-08,2026-09-07,51203,12414681,EDCKUL21DPPCA110,L3,26,0,0.0
2026-09-08,2026-09-07,51203,12414682,EDCKUL21DPPCB110,L1,20,20,100.0
2026-09-08,2026-09-07,51203,12414682,EDCKUL21DPPCB110,L2,35,0,0.0
2026-09-08,2026-09-07,51203,12414682,EDCKUL21DPPCB110,L3,26,0,0.0
2026-09-08,2026-09-07,51203,12414683,EDCKUL21DPPCC110,L1,20,20,100.0
2026-09-08,2026-09-07,51203,12414683,EDCKUL21DPPCC110,L2,35,0,0.0
2026-09-08,2026-09-07,51203,12414683,EDCKUL21DPPCC110,L3,26,0,0.0
2026-09-08,2026-09-07,51203,12414684,EDCKUL21DPPCD110,L1,20,20,100.0
2026-09-08,2026-09-07,51203,12414684,EDCKUL21DPPCD110,L2,35,0,0.0
2026-09-08,2026-09-07,51203,12414684,EDCKUL21DPPCD110,L3,26,0,0.0
2026-09-08,2026-09-07,51203,12414685,EDCKUL21DPPCE110,L1,20,20,100.0
2026-09-08,2026-09-07,51203,12414685,EDCKUL21DPPCE110,L2,35,0,0.0
2026-09-08,2026-09-07,51203,12414685,EDCKUL21DPPCE110,L3,26,0,0.0
2026-09-08,2026-09-07,51203,12414686,EDCKUL21DPPCF110,L1,20,20,100.0
2026-09-08,2026-09-07,51203,12414686,EDCKUL21DPPCF110,L2,35,0,0.0
2026-09-08,2026-09-07,51203,12414686,EDCKUL21DPPCF110,L3,26,0,0.0
2026-09-08,2026-09-07,51203,12414687,EDCKUL21DPPCT110,L1,20,20,100.0
2026-09-08,2026-09-07,51203,12414687,EDCKUL21DPPCT110,L2,35,0,0.0
2026-09-08,2026-09-07,51203,12414687,EDCKUL21DPPCT110,L3,26,0,0.0
2026-09-08,2026-09-07,51203,12414688,EDCKUL21DPPCY110,L1,20,20,100.0
2026-09-08,2026-09-07,51203,12414688,EDCKUL21DPPCY110,L2,35,0,0.0
2026-09-08,2026-09-07,51203,12414688,EDCKUL21DPPCY110,L3,26,0,0.0
2026-09-08,2026-09-07,51203,12414689,EDCKUL21ELPCB120,L1,20,20,100.0
2026-09-08,2026-09-07,51203,12414689,EDCKUL21ELPCB120,L2,35,0,0.0
2026-09-08,2026-09-07,51203,12414689,EDCKUL21ELPCB120,L3,26,0,0.0
2026-09-08,2026-09-07,51203,12414690,EDCKUL21ELPCC110,L1,20,20,100.0
2026-09-08,2026-09-07,51203,12414690,EDCKUL21ELPCC110,L2,35,0,0.0
2026-09-08,2026-09-07,51203,12414690,EDCKUL21ELPCC110,L3,26,0,0.0
2026-09-08,2026-09-07,51203,12414691,EDCKUL21ELPCD110,L1,20,20,100.0
2026-09-08,2026-09-07,51203,12414691,EDCKUL21ELPCD110,L2,35,0,0.0
2026-09-08,2026-09-07,51203,12414691,EDCKUL21ELPCD110,L3,26,0,0.0
2026-09-08,2026-09-07,51203,12414692,EDCKUL21ELPCE120,L1,20,20,100.0
2026-09-08,2026-09-07,51203,12414692,EDCKUL21ELPCE120,L2,35,0,0.0
2026-09-08,2026-09-07,51203,12414692,EDCKUL21ELPCE120,L3,26,0,0.0
2026-09-08,2026-09-07,51203,12414693,EDCKUL21EPPCA110,L1,20,20,100.0
2026-09-08,2026-09-07,51203,12414693,EDCKUL21EPPCA110,L2,35,0,0.0
2026-09-08,2026-09-07,51203,12414693,EDCKUL21EPPCA110,L3,26,0,0.0
2026-09-08,2026-09-07,51203,12414694,EDCKUL21EPPCB120,L1,20,20,100.0
2026-09-08,2026-09-07,51203,12414694,EDCKUL21EPPCB120,L2,35,0,0.0
2026-09-08,2026-09-07,51203,12414694,EDCKUL21EPPCB120,L3,26,0,0.0
2026-09-08,2026-09-07,51203,12414695,EDCKUL21EPPCE120,L1,20,7,35.0
2026-09-08,2026-09-07,51203,12414695,EDCKUL21EPPCE120,L2,35,0,0.0
2026-09-08,2026-09-07,51203,12414695,EDCKUL21EPPCE120,L3,26,0,0.0
2026-09-08,2026-09-07,51203,12414696,EDCKUL21EPPCF110,L1,20,20,100.0
2026-09-08,2026-09-07,51203,12414696,EDCKUL21EPPCF110,L2,35,0,0.0
2026-09-08,2026-09-07,51203,12414696,EDCKUL21EPPCF110,L3,26,0,0.0
2026-09-08,2026-09-07,51203,12414697,EDCKUL21RPPCA112,L1,20,0,0.0
2026-09-08,2026-09-07,51203,12414697,EDCKUL21RPPCA112,L2,35,0,0.0
2026-09-08,2026-09-07,51203,12414697,EDCKUL21RPPCA112,L3,26,0,0.0
2026-09-08,2026-09-07,51203,12414698,EDCKUL21RPPCB112,L1,20,0,0.0
2026-09-08,2026-09-07,51203,12414698,EDCKUL21RPPCB112,L2,35,0,0.0
2026-09-08,2026-09-07,51203,12414698,EDCKUL21RPPCB112,L3,26,0,0.0
2026-09-08,2026-09-07,51203,12414699,EDCKUL21RPPCC112,L1,20,0,0.0
2026-09-08,2026-09-07,51203,12414699,EDCKUL21RPPCC112,L2,35,0,0.0
2026-09-08,2026-09-07,51203,12414699,EDCKUL21RPPCC112,L3,26,0,0.0
2026-09-08,2026-09-07,51203,12414700,EDCKUL21RPPCC212,L1,20,0,0.0
2026-09-08,2026-09-07,51203,12414700,EDCKUL21RPPCC212,L2,35,0,0.0
2026-09-08,2026-09-07,51203,12414700,EDCKUL21RPPCC212,L3,26,0,0.0
2026-09-08,2026-09-07,51203,12414701,EDCKUL21RPPCD112,L1,20,0,0.0
2026-09-08,2026-09-07,51203,12414701,EDCKUL21RPPCD112,L2,35,0,0.0
2026-09-08,2026-09-07,51203,12414701,EDCKUL21RPPCD112,L3,26,0,0.0
2026-09-08,2026-09-07,51203,12414702,EDCKUL21RPPCD212,L1,20,0,0.0
2026-09-08,2026-09-07,51203,12414702,EDCKUL21RPPCD212,L2,35,0,0.0
2026-09-08,2026-09-07,51203,12414702,EDCKUL21RPPCD212,L3,26,0,0.0
2026-09-08,2026-09-07,51203,12414703,EDCKUL21RPPCE112,L1,20,0,0.0
2026-09-08,2026-09-07,51203,12414703,EDCKUL21RPPCE112,L2,35,0,0.0
2026-09-08,2026-09-07,51203,12414703,EDCKUL21RPPCE112,L3,26,0,0.0
2026-09-08,2026-09-07,51203,12414704,EDCKUL21RPPCF112,L1,20,0,0.0
2026-09-08,2026-09-07,51203,12414704,EDCKUL21RPPCF112,L2,35,0,0.0
2026-09-08,2026-09-07,51203,12414704,EDCKUL21RPPCF112,L3,26,0,0.0
2026-09-08,2026-09-07,51203,12414705,EDCKUL21RPPCA113,L1,20,0,0.0
2026-09-08,2026-09-07,51203,12414705,EDCKUL21RPPCA113,L2,35,0,0.0
2026-09-08,2026-09-07,51203,12414705,EDCKUL21RPPCA113,L3,26,0,0.0
2026-09-08,2026-09-07,51203,12414706,EDCKUL21RPPCB113,L1,20,0,0.0
2026-09-08,2026-09-07,51203,12414706,EDCKUL21RPPCB113,L2,35,0,0.0
2026-09-08,2026-09-07,51203,12414706,EDCKUL21RPPCB113,L3,26,0,0.0
2026-09-08,2026-09-07,51203,12414707,EDCKUL21RPPCC113,L1,20,0,0.0
2026-09-08,2026-09-07,51203,12414707,EDCKUL21RPPCC113,L2,35,0,0.0
2026-09-08,2026-09-07,51203,12414707,EDCKUL21RPPCC113,L3,26,0,0.0
2026-09-08,2026-09-07,51203,12414708,EDCKUL21RPPCD113,L1,20,0,0.0
2026-09-08,2026-09-07,51203,12414708,EDCKUL21RPPCD113,L2,35,0,0.0
2026-09-08,2026-09-07,51203,12414708,EDCKUL21RPPCD113,L3,26,0,0.0
2026-09-08,2026-09-07,51203,12414709,EDCKUL21RPPCE113,L1,20,0,0.0
2026-09-08,2026-09-07,51203,12414709,EDCKUL21RPPCE113,L2,35,0,0.0
2026-09-08,2026-09-07,51203,12414709,EDCKUL21RPPCE113,L3,26,0,0.0
2026-09-08,2026-09-07,51203,12414710,EDCKUL21RPPCE213,L1,20,0,0.0
2026-09-08,2026-09-07,51203,12414710,EDCKUL21RPPCE213,L2,35,0,0.0
2026-09-08,2026-09-07,51203,12414710,EDCKUL21RPPCE213,L3,26,0,0.0
2026-09-08,2026-09-07,51203,12414711,EDCKUL21RPPCF113,L1,20,0,0.0
2026-09-08,2026-09-07,51203,12414711,EDCKUL21RPPCF113,L2,35,0,0.0
2026-09-08,2026-09-07,51203,12414711,EDCKUL21RPPCF113,L3,26,0,0.0
2026-09-08,2026-09-07,51203,12414712,EDCKUL21RPPCF213,L1,20,0,0.0
2026-09-08,2026-09-07,51203,12414712,EDCKUL21RPPCF213,L2,35,0,0.0
2026-09-08,2026-09-07,51203,12414712,EDCKUL21RPPCF213,L3,26,0,0.0
2026-09-08,2026-09-07,51203,12414713,EDCKUL21UDPCA110,L1,20,20,100.0
2026-09-08,2026-09-07,51203,12414713,EDCKUL21UDPCA110,L2,35,0,0.0
2026-09-08,2026-09-07,51203,12414713,EDCKUL21UDPCA110,L3,26,0,0.0
2026-09-08,2026-09-07,51203,12414714,EDCKUL21UDPCB110,L1,20,20,100.0
2026-09-08,2026-09-07,51203,12414714,EDCKUL21UDPCB110,L2,35,0,0.0
2026-09-08,2026-09-07,51203,12414714,EDCKUL21UDPCB110,L3,26,0,0.0
2026-09-08,2026-09-07,51203,12414715,EDCKUL21UDPCC110,L1,20,20,100.0
2026-09-08,2026-09-07,51203,12414715,EDCKUL21UDPCC110,L2,35,0,0.0
2026-09-08,2026-09-07,51203,12414715,EDCKUL21UDPCC110,L3,26,0,0.0
2026-09-08,2026-09-07,51203,12414716,EDCKUL21UDPCD110,L1,20,20,100.0
2026-09-08,2026-09-07,51203,12414716,EDCKUL21UDPCD110,L2,35,0,0.0
2026-09-08,2026-09-07,51203,12414716,EDCKUL21UDPCD110,L3,26,0,0.0
2026-09-08,2026-09-07,51203,12414717,EDCKUL21UDPCE110,L1,20,20,100.0
2026-09-08,2026-09-07,51203,12414717,EDCKUL21UDPCE110,L2,35,0,0.0
2026-09-08,2026-09-07,51203,12414717,EDCKUL21UDPCE110,L3,26,0,0.0
2026-09-08,2026-09-07,51203,12414718,EDCKUL21UDPCF110,L1,20,20,100.0
2026-09-08,2026-09-07,51203,12414718,EDCKUL21UDPCF110,L2,35,0,0.0
2026-09-08,2026-09-07,51203,12414718,EDCKUL21UDPCF110,L3,26,0,0.0
2026-09-08,2026-09-07,51203,12414719,EDCKUL21UMPCT110,L1,20,20,100.0
2026-09-08,2026-09-07,51203,12414719,EDCKUL21UMPCT110,L2,35,0,0.0
2026-09-08,2026-09-07,51203,12414719,EDCKUL21UMPCT110,L3,26,0,0.0
2026-09-08,2026-09-07,51203,12414720,EDCKUL21UPBCA110,L1,20,20,100.0
2026-09-08,2026-09-07,51203,12414720,EDCKUL21UPBCA110,L2,35,0,0.0
2026-09-08,2026-09-07,51203,12414720,EDCKUL21UPBCA110,L3,26,0,0.0
2026-09-08,2026-09-07,51203,12414721,EDCKUL21UPBCB110,L1,20,20,100.0
2026-09-08,2026-09-07,51203,12414721,EDCKUL21UPBCB110,L2,35,0,0.0
2026-09-08,2026-09-07,51203,12414721,EDCKUL21UPBCB110,L3,26,0,0.0
2026-09-08,2026-09-07,51203,12414722,EDCKUL21UPBCC110,L1,20,20,100.0
2026-09-08,2026-09-07,51203,12414722,EDCKUL21UPBCC110,L2,35,0,0.0
2026-09-08,2026-09-07,51203,12414722,EDCKUL21UPBCC110,L3,26,0,0.0
2026-09-08,2026-09-07,51203,12414723,EDCKUL21UPBCD110,L1,20,20,100.0
2026-09-08,2026-09-07,51203,12414723,EDCKUL21UPBCD110,L2,35,0,0.0
2026-09-08,2026-09-07,51203,12414723,EDCKUL21UPBCD110,L3,26,0,0.0
2026-09-08,2026-09-07,51203,12414724,EDCKUL21UPBCE110,L1,20,20,100.0
2026-09-08,2026-09-07,51203,12414724,EDCKUL21UPBCE110,L2,35,0,0.0
2026-09-08,2026-09-07,51203,12414724,EDCKUL21UPBCE110,L3,26,0,0.0
2026-09-08,2026-09-07,51203,12414725,EDCKUL21UPBCF110,L1,20,20,100.0
2026-09-08,2026-09-07,51203,12414725,EDCKUL21UPBCF110,L2,35,0,0.0
2026-09-08,2026-09-07,51203,12414725,EDCKUL21UPBCF110,L3,26,0,0.0
2026-09-08,2026-09-07,51203,12414726,EDCKUL21UPBCT110,L1,20,20,100.0
2026-09-08,2026-09-07,51203,12414726,EDCKUL21UPBCT110,L2,35,0,0.0
2026-09-08,2026-09-07,51203,12414726,EDCKUL21UPBCT110,L3,26,0,0.0
2026-09-08,2026-09-07,51203,12414727,EDCKUL21UPBCY110,L1,20,20,100.0
2026-09-08,2026-09-07,51203,12414727,EDCKUL21UPBCY110,L2,35,0,0.0
2026-09-08,2026-09-07,51203,12414727,EDCKUL21UPBCY110,L3,26,0,0.0
2026-09-08,2026-09-07,51203,12414728,EDCKUL21UPPCB110,L1,20,20,100.0
2026-09-08,2026-09-07,51203,12414728,EDCKUL21UPPCB110,L2,35,0,0.0
2026-09-08,2026-09-07,51203,12414728,EDCKUL21UPPCB110,L3,26,0,0.0
2026-09-08,2026-09-07,51203,12414729,EDCKUL21UPPCC110,L1,20,20,100.0
2026-09-08,2026-09-07,51203,12414729,EDCKUL21UPPCC110,L2,35,0,0.0
2026-09-08,2026-09-07,51203,12414729,EDCKUL21UPPCC110,L3,26,0,0.0
2026-09-08,2026-09-07,51203,12414730,EDCKUL21UPPCD110,L1,20,20,100.0
2026-09-08,2026-09-07,51203,12414730,EDCKUL21UPPCD110,L2,35,0,0.0
2026-09-08,2026-09-07,51203,12414730,EDCKUL21UPPCD110,L3,26,0,0.0
2026-09-08,2026-09-07,51203,12414731,EDCKUL21UPPCE110,L1,20,20,100.0
2026-09-08,2026-09-07,51203,12414731,EDCKUL21UPPCE110,L2,35,0,0.0
2026-09-08,2026-09-07,51203,12414731,EDCKUL21UPPCE110,L3,26,0,0.0
2026-09-08,2026-09-07,51203,12414732,EDCKUL21UPPCF110,L1,20,20,100.0
2026-09-08,2026-09-07,51203,12414732,EDCKUL21UPPCF110,L2,35,0,0.0
2026-09-08,2026-09-07,51203,12414732,EDCKUL21UPPCF110,L3,26,0,0.0
2026-09-08,2026-09-07,51203,12414733,EDCKUL21UPPCA110,L1,20,20,100.0
2026-09-08,2026-09-07,51203,12414733,EDCKUL21UPPCA110,L2,35,0,0.0
2026-09-08,2026-09-07,51203,12414733,EDCKUL21UPPCA110,L3,26,0,0.0
2026-09-08,2026-09-07,51203,12414734,EDCKUL21UPPCT110,L1,20,20,100.0
2026-09-08,2026-09-07,51203,12414734,EDCKUL21UPPCT110,L2,35,0,0.0
2026-09-08,2026-09-07,51203,12414734,EDCKUL21UPPCT110,L3,26,0,0.0
2026-09-08,2026-09-07,51203,12414735,EDCKUL21UPSCA110,L1,20,20,100.0
2026-09-08,2026-09-07,51203,12414735,EDCKUL21UPSCA110,L2,35,0,0.0
2026-09-08,2026-09-07,51203,12414735,EDCKUL21UPSCA110,L3,26,0,0.0
2026-09-08,2026-09-07,51203,12414736,EDCKUL21UPSCB110,L1,20,20,100.0
2026-09-08,2026-09-07,51203,12414736,EDCKUL21UPSCB110,L2,35,0,0.0
2026-09-08,2026-09-07,51203,12414736,EDCKUL21UPSCB110,L3,26,0,0.0
2026-09-08,2026-09-07,51203,12414737,EDCKUL21UPSCC110,L1,20,20,100.0
2026-09-08,2026-09-07,51203,12414737,EDCKUL21UPSCC110,L2,35,0,0.0
2026-09-08,2026-09-07,51203,12414737,EDCKUL21UPSCC110,L3,26,0,0.0
2026-09-08,2026-09-07,51203,12414738,EDCKUL21UPSCD110,L1,20,20,100.0
2026-09-08,2026-09-07,51203,12414738,EDCKUL21UPSCD110,L2,35,0,0.0
2026-09-08,2026-09-07,51203,12414738,EDCKUL21UPSCD110,L3,26,0,0.0
2026-09-08,2026-09-07,51203,12414739,EDCKUL21UPSCE110,L1,20,20,100.0
2026-09-08,2026-09-07,51203,12414739,EDCKUL21UPSCE110,L2,35,0,0.0
2026-09-08,2026-09-07,51203,12414739,EDCKUL21UPSCE110,L3,26,0,0.0
2026-09-08,2026-09-07,51203,12414740,EDCKUL21UPSCF110,L1,20,20,100.0
2026-09-08,2026-09-07,51203,12414740,EDCKUL21UPSCF110,L2,35,0,0.0
2026-09-08,2026-09-07,51203,12414740,EDCKUL21UPSCF110,L3,26,0,0.0
2026-09-08,2026-09-07,51203,12414741,EDCKUL21UPSCT110,L1,20,20,100.0
2026-09-08,2026-09-07,51203,12414741,EDCKUL21UPSCT110,L2,35,0,0.0
2026-09-08,2026-09-07,51203,12414741,EDCKUL21UPSCT110,L3,26,0,0.0
2026-09-08,2026-09-07,51203,12414742,EDCKUL21UPSCY110,L1,20,20,100.0
2026-09-08,2026-09-07,51203,12414742,EDCKUL21UPSCY110,L2,35,0,0.0
2026-09-08,2026-09-07,51203,12414742,EDCKUL21UPSCY110,L3,26,0,0.0
2026-09-08,2026-09-07,51203,12414743,EDCKUL21ATSCT110,L1,20,20,100.0
2026-09-08,2026-09-07,51203,12414743,EDCKUL21ATSCT110,L2,35,0,0.0
2026-09-08,2026-09-07,51203,12414743,EDCKUL21ATSCT110,L3,26,0,0.0
2026-09-08,2026-09-07,51203,12414744,EDCKUL21ATSCT210,L1,20,20,100.0
2026-09-08,2026-09-07,51203,12414744,EDCKUL21ATSCT210,L2,35,0,0.0
2026-09-08,2026-09-07,51203,12414744,EDCKUL21ATSCT210,L3,26,0,0.0
2026-09-08,2026-09-07,51203,12414745,EDCKUL21ATSCT310,L1,20,20,100.0
2026-09-08,2026-09-07,51203,12414745,EDCKUL21ATSCT310,L2,35,0,0.0
2026-09-08,2026-09-07,51203,12414745,EDCKUL21ATSCT310,L3,26,0,0.0
2026-09-08,2026-09-07,51203,12414746,EDCKUL21ATSCT410,L1,20,20,100.0
2026-09-08,2026-09-07,51203,12414746,EDCKUL21ATSCT410,L2,35,0,0.0
2026-09-08,2026-09-07,51203,12414746,EDCKUL21ATSCT410,L3,26,0,0.0
2026-09-08,2026-09-07,51203,12414747,EDCKUL21ATSCT510,L1,20,20,100.0
2026-09-08,2026-09-07,51203,12414747,EDCKUL21ATSCT510,L2,35,0,0.0
2026-09-08,2026-09-07,51203,12414747,EDCKUL21ATSCT510,L3,26,0,0.0
2026-09-08,2026-09-07,51203,12414763,EDCKUL21VES00102,L1,20,0,0.0
2026-09-08,2026-09-07,51203,12414763,EDCKUL21VES00102,L2,35,0,0.0
2026-09-08,2026-09-07,51203,12414763,EDCKUL21VES00102,L3,26,0,0.0
2026-09-08,2026-09-07,51203,12414764,EDCKUL21VES00202,L1,20,0,0.0
2026-09-08,2026-09-07,51203,12414764,EDCKUL21VES00202,L2,35,0,0.0
2026-09-08,2026-09-07,51203,12414764,EDCKUL21VES00202,L3,26,0,0.0
2026-09-08,2026-09-07,51203,12414765,EDCKUL21VES00302,L1,20,0,0.0
2026-09-08,2026-09-07,51203,12414765,EDCKUL21VES00302,L2,35,0,0.0
2026-09-08,2026-09-07,51203,12414765,EDCKUL21VES00302,L3,26,0,0.0
2026-09-08,2026-09-07,51203,12414766,EDCKUL21VES00402,L1,20,0,0.0
2026-09-08,2026-09-07,51203,12414766,EDCKUL21VES00402,L2,35,0,0.0
2026-09-08,2026-09-07,51203,12414766,EDCKUL21VES00402,L3,26,0,0.0
2026-09-08,2026-09-07,51203,12414767,EDCKUL21VES00502,L1,20,0,0.0
2026-09-08,2026-09-07,51203,12414767,EDCKUL21VES00502,L2,35,0,0.0
2026-09-08,2026-09-07,51203,12414767,EDCKUL21VES00502,L3,26,0,0.0
2026-09-08,2026-09-07,51203,12414768,EDCKUL21VES00602,L1,20,0,0.0
2026-09-08,2026-09-07,51203,12414768,EDCKUL21VES00602,L2,35,0,0.0
2026-09-08,2026-09-07,51203,12414768,EDCKUL21VES00602,L3,26,0,0.0
2026-09-08,2026-09-07,51203,12414769,EDCKUL21VES00702,L1,20,0,0.0
2026-09-08,2026-09-07,51203,12414769,EDCKUL21VES00702,L2,35,0,0.0
2026-09-08,2026-09-07,51203,12414769,EDCKUL21VES00702,L3,26,0,0.0
2026-09-08,2026-09-07,51203,12414770,EDCKUL21VES00802,L1,20,0,0.0
2026-09-08,2026-09-07,51203,12414770,EDCKUL21VES00802,L2,35,0,0.0
2026-09-08,2026-09-07,51203,12414770,EDCKUL21VES00802,L3,26,0,0.0
2026-09-08,2026-09-07,51203,12414771,EDCKUL21VES00902,L1,20,0,0.0
2026-09-08,2026-09-07,51203,12414771,EDCKUL21VES00902,L2,35,0,0.0
2026-09-08,2026-09-07,51203,12414771,EDCKUL21VES00902,L3,26,0,0.0
2026-09-08,2026-09-07,51203,12414772,EDCKUL21VES01002,L1,20,0,0.0
2026-09-08,2026-09-07,51203,12414772,EDCKUL21VES01002,L2,35,0,0.0
2026-09-08,2026-09-07,51203,12414772,EDCKUL21VES01002,L3,26,0,0.0
2026-09-08,2026-09-07,51203,12414773,EDCKUL21VES01102,L1,20,0,0.0
2026-09-08,2026-09-07,51203,12414773,EDCKUL21VES01102,L2,35,0,0.0
2026-09-08,2026-09-07,51203,12414773,EDCKUL21VES01102,L3,26,0,0.0
2026-09-08,2026-09-07,51203,12414774,EDCKUL21VES01202,L1,20,0,0.0
2026-09-08,2026-09-07,51203,12414774,EDCKUL21VES01202,L2,35,0,0.0
2026-09-08,2026-09-07,51203,12414774,EDCKUL21VES01202,L3,26,0,0.0
2026-09-08,2026-09-07,51203,12414775,EDCKUL21VES00103,L1,20,0,0.0
2026-09-08,2026-09-07,51203,12414775,EDCKUL21VES00103,L2,35,0,0.0
2026-09-08,2026-09-07,51203,12414775,EDCKUL21VES00103,L3,26,0,0.0
2026-09-08,2026-09-07,51203,12414776,EDCKUL21VES00203,L1,20,0,0.0
2026-09-08,2026-09-07,51203,12414776,EDCKUL21VES00203,L2,35,0,0.0
2026-09-08,2026-09-07,51203,12414776,EDCKUL21VES00203,L3,26,0,0.0
2026-09-08,2026-09-07,51203,12414777,EDCKUL21VES00303,L1,20,0,0.0
2026-09-08,2026-09-07,51203,12414777,EDCKUL21VES00303,L2,35,0,0.0
2026-09-08,2026-09-07,51203,12414777,EDCKUL21VES00303,L3,26,0,0.0
2026-09-08,2026-09-07,51203,12414778,EDCKUL21VES00403,L1,20,0,0.0
2026-09-08,2026-09-07,51203,12414778,EDCKUL21VES00403,L2,35,0,0.0
2026-09-08,2026-09-07,51203,12414778,EDCKUL21VES00403,L3,26,0,0.0
2026-09-08,2026-09-07,51203,12414779,EDCKUL21VES00503,L1,20,0,0.0
2026-09-08,2026-09-07,51203,12414779,EDCKUL21VES00503,L2,35,0,0.0
2026-09-08,2026-09-07,51203,12414779,EDCKUL21VES00503,L3,26,0,0.0
2026-09-08,2026-09-07,51203,12414780,EDCKUL21VES00603,L1,20,0,0.0
2026-09-08,2026-09-07,51203,12414780,EDCKUL21VES00603,L2,35,0,0.0
2026-09-08,2026-09-07,51203,12414780,EDCKUL21VES00603,L3,26,0,0.0
2026-09-08,2026-09-07,51203,12414781,EDCKUL21VES00703,L1,20,0,0.0
2026-09-08,2026-09-07,51203,12414781,EDCKUL21VES00703,L2,35,0,0.0
2026-09-08,2026-09-07,51203,12414781,EDCKUL21VES00703,L3,26,0,0.0
2026-09-08,2026-09-07,51203,12414782,EDCKUL21VES00803,L1,20,0,0.0
2026-09-08,2026-09-07,51203,12414782,EDCKUL21VES00803,L2,35,0,0.0
2026-09-08,2026-09-07,51203,12414782,EDCKUL21VES00803,L3,26,0,0.0
2026-09-08,2026-09-07,51203,12414783,EDCKUL21VES00903,L1,20,0,0.0
2026-09-08,2026-09-07,51203,12414783,EDCKUL21VES00903,L2,35,0,0.0
2026-09-08,2026-09-07,51203,12414783,EDCKUL21VES00903,L3,26,0,0.0
2026-09-08,2026-09-07,51203,12414784,EDCKUL21VES01003,L1,20,0,0.0
2026-09-08,2026-09-07,51203,12414784,EDCKUL21VES01003,L2,35,0,0.0
2026-09-08,2026-09-07,51203,12414784,EDCKUL21VES01003,L3,26,0,0.0
2026-09-08,2026-09-07,51203,12414785,EDCKUL21VES01103,L1,20,0,0.0
2026-09-08,2026-09-07,51203,12414785,EDCKUL21VES01103,L2,35,0,0.0
2026-09-08,2026-09-07,51203,12414785,EDCKUL21VES01103,L3,26,0,0.0
2026-09-08,2026-09-07,51203,12414786,EDCKUL21VES01203,L1,20,0,0.0
2026-09-08,2026-09-07,51203,12414786,EDCKUL21VES01203,L2,35,0,0.0
2026-09-08,2026-09-07,51203,12414786,EDCKUL21VES01203,L3,26,0,0.0
2026-09-08,2026-09-07,51203,12414787,EDCKUL21VES04300,L1,20,20,100.0
2026-09-08,2026-09-07,51203,12414787,EDCKUL21VES04300,L2,35,0,0.0
2026-09-08,2026-09-07,51203,12414787,EDCKUL21VES04300,L3,26,0,0.0
2026-09-08,2026-09-07,51203,12414788,EDCKUL21VES04400,L1,20,20,100.0
2026-09-08,2026-09-07,51203,12414788,EDCKUL21VES04400,L2,35,0,0.0
2026-09-08,2026-09-07,51203,12414788,EDCKUL21VES04400,L3,26,0,0.0
2026-09-08,2026-09-07,51203,12414789,EDCKUL21VES04500,L1,20,20,100.0
2026-09-08,2026-09-07,51203,12414789,EDCKUL21VES04500,L2,35,0,0.0
2026-09-08,2026-09-07,51203,12414789,EDCKUL21VES04500,L3,26,0,0.0
2026-09-08,2026-09-07,51203,12414790,EDCKUL21VES05000,L1,20,20,100.0
2026-09-08,2026-09-07,51203,12414790,EDCKUL21VES05000,L2,35,0,0.0
2026-09-08,2026-09-07,51203,12414790,EDCKUL21VES05000,L3,26,0,0.0
2026-09-08,2026-09-07,51203,12414791,EDCKUL21VES04900,L1,20,20,100.0
2026-09-08,2026-09-07,51203,12414791,EDCKUL21VES04900,L2,35,0,0.0
2026-09-08,2026-09-07,51203,12414791,EDCKUL21VES04900,L3,26,0,0.0
2026-09-08,2026-09-07,51203,12414792,EDCKUL21VES04800,L1,20,20,100.0
2026-09-08,2026-09-07,51203,12414792,EDCKUL21VES04800,L2,35,0,0.0
2026-09-08,2026-09-07,51203,12414792,EDCKUL21VES04800,L3,26,0,0.0
2026-09-08,2026-09-07,51203,12414793,EDCKUL21VES04700,L1,20,20,100.0
2026-09-08,2026-09-07,51203,12414793,EDCKUL21VES04700,L2,35,0,0.0
2026-09-08,2026-09-07,51203,12414793,EDCKUL21VES04700,L3,26,0,0.0
2026-09-08,2026-09-07,51203,12414794,EDCKUL21VES04200,L1,20,20,100.0
2026-09-08,2026-09-07,51203,12414794,EDCKUL21VES04200,L2,35,0,0.0
2026-09-08,2026-09-07,51203,12414794,EDCKUL21VES04200,L3,26,0,0.0
2026-09-08,2026-09-07,51203,12414795,EDCKUL21VES04000,L1,20,20,100.0
2026-09-08,2026-09-07,51203,12414795,EDCKUL21VES04000,L2,35,0,0.0
2026-09-08,2026-09-07,51203,12414795,EDCKUL21VES04000,L3,26,0,0.0
2026-09-08,2026-09-07,51203,12414796,EDCKUL21VES05200,L1,20,20,100.0
2026-09-08,2026-09-07,51203,12414796,EDCKUL21VES05200,L2,35,0,0.0
2026-09-08,2026-09-07,51203,12414796,EDCKUL21VES05200,L3,26,0,0.0
2026-09-08,2026-09-07,51203,12414797,EDCKUL21VES04100,L1,20,20,100.0
2026-09-08,2026-09-07,51203,12414797,EDCKUL21VES04100,L2,35,0,0.0
2026-09-08,2026-09-07,51203,12414797,EDCKUL21VES04100,L3,26,0,0.0
2026-09-08,2026-09-07,51203,12414798,EDCKUL21VES05100,L1,20,20,100.0
2026-09-08,2026-09-07,51203,12414798,EDCKUL21VES05100,L2,35,0,0.0
2026-09-08,2026-09-07,51203,12414798,EDCKUL21VES05100,L3,26,0,0.0
2026-09-08,2026-09-07,51203,12414799,EDCKUL21VES04600,L1,20,0,0.0
2026-09-08,2026-09-07,51203,12414799,EDCKUL21VES04600,L2,35,0,0.0
2026-09-08,2026-09-07,51203,12414799,EDCKUL21VES04600,L3,26,0,0.0
2026-09-08,2026-09-07,51203,12549573,EDCKUL21FAP02100,L1,20,0,0.0
2026-09-08,2026-09-07,51203,12549573,EDCKUL21FAP02100,L2,35,0,0.0
2026-09-08,2026-09-07,51203,12549573,EDCKUL21FAP02100,L3,26,0,0.0
2026-09-08,2026-09-07,51203,12549574,EDCKUL21FAP02200,L1,20,0,0.0
2026-09-08,2026-09-07,51203,12549574,EDCKUL21FAP02200,L2,35,0,0.0
2026-09-08,2026-09-07,51203,12549574,EDCKUL21FAP02200,L3,26,0,0.0
2026-09-08,2026-09-07,51203,12549575,EDCKUL21FAP02300,L1,20,0,0.0
2026-09-08,2026-09-07,51203,12549575,EDCKUL21FAP02300,L2,35,0,0.0
2026-09-08,2026-09-07,51203,12549575,EDCKUL21FAP02300,L3,26,0,0.0
2026-09-08,2026-09-07,51203,12549576,EDCKUL21FAP02400,L1,20,0,0.0
2026-09-08,2026-09-07,51203,12549576,EDCKUL21FAP02400,L2,35,0,0.0
2026-09-08,2026-09-07,51203,12549576,EDCKUL21FAP02400,L3,26,0,0.0
2026-09-08,2026-09-07,51203,12549577,EDCKUL21FAP02500,L1,20,0,0.0
2026-09-08,2026-09-07,51203,12549577,EDCKUL21FAP02500,L2,35,0,0.0
2026-09-08,2026-09-07,51203,12549577,EDCKUL21FAP02500,L3,26,0,0.0
2026-09-08,2026-09-07,51203,12549578,EDCKUL21FAP02600,L1,20,0,0.0
2026-09-08,2026-09-07,51203,12549578,EDCKUL21FAP02600,L2,35,0,0.0
2026-09-08,2026-09-07,51203,12549578,EDCKUL21FAP02600,L3,26,0,0.0
2026-09-08,2026-09-07,51203,12549579,EDCKUL21FAP02700,L1,20,0,0.0
2026-09-08,2026-09-07,51203,12549579,EDCKUL21FAP02700,L2,35,0,0.0
2026-09-08,2026-09-07,51203,12549579,EDCKUL21FAP02700,L3,26,0,0.0
2026-09-08,2026-09-07,51203,12549580,EDCKUL21FAP02800,L1,20,0,0.0
2026-09-08,2026-09-07,51203,12549580,EDCKUL21FAP02800,L2,35,0,0.0
2026-09-08,2026-09-07,51203,12549580,EDCKUL21FAP02800,L3,26,0,0.0
2026-09-08,2026-09-07,51203,12549581,EDCKUL21FAP02900,L1,20,0,0.0
2026-09-08,2026-09-07,51203,12549581,EDCKUL21FAP02900,L2,35,0,0.0
2026-09-08,2026-09-07,51203,12549581,EDCKUL21FAP02900,L3,26,0,0.0
2026-09-08,2026-09-07,51203,12549582,EDCKUL21FAP03000,L1,20,0,0.0
2026-09-08,2026-09-07,51203,12549582,EDCKUL21FAP03000,L2,35,0,0.0
2026-09-08,2026-09-07,51203,12549582,EDCKUL21FAP03000,L3,26,0,0.0
2026-09-08,2026-09-07,51203,12549583,EDCKUL21FAP03100,L1,20,0,0.0
2026-09-08,2026-09-07,51203,12549583,EDCKUL21FAP03100,L2,35,0,0.0
2026-09-08,2026-09-07,51203,12549583,EDCKUL21FAP03100,L3,26,0,0.0
2026-09-08,2026-09-07,51203,12549584,EDCKUL21EXF04000,L1,20,0,0.0
2026-09-08,2026-09-07,51203,12549584,EDCKUL21EXF04000,L2,35,0,0.0
2026-09-08,2026-09-07,51203,12549584,EDCKUL21EXF04000,L3,26,0,0.0
2026-09-08,2026-09-07,51203,12549585,EDCKUL21EXF04100,L1,20,0,0.0
2026-09-08,2026-09-07,51203,12549585,EDCKUL21EXF04100,L2,35,0,0.0
2026-09-08,2026-09-07,51203,12549585,EDCKUL21EXF04100,L3,26,0,0.0
2026-09-08,2026-09-07,51203,12549586,EDCKUL21EXF04200,L1,20,0,0.0
2026-09-08,2026-09-07,51203,12549586,EDCKUL21EXF04200,L2,35,0,0.0
2026-09-08,2026-09-07,51203,12549586,EDCKUL21EXF04200,L3,26,0,0.0
2026-09-08,2026-09-07,51203,12549587,EDCKUL21EXF04300,L1,20,0,0.0
2026-09-08,2026-09-07,51203,12549587,EDCKUL21EXF04300,L2,35,0,0.0
2026-09-08,2026-09-07,51203,12549587,EDCKUL21EXF04300,L3,26,0,0.0
2026-09-08,2026-09-07,51203,12549588,EDCKUL21EXF04400,L1,20,0,0.0
2026-09-08,2026-09-07,51203,12549588,EDCKUL21EXF04400,L2,35,0,0.0
2026-09-08,2026-09-07,51203,12549588,EDCKUL21EXF04400,L3,26,0,0.0
2026-09-08,2026-09-07,51203,12549589,EDCKUL21EXF04500,L1,20,0,0.0
2026-09-08,2026-09-07,51203,12549589,EDCKUL21EXF04500,L2,35,0,0.0
2026-09-08,2026-09-07,51203,12549589,EDCKUL21EXF04500,L3,26,0,0.0
2026-09-08,2026-09-07,51203,12549590,EDCKUL21EXF04600,L1,20,0,0.0
2026-09-08,2026-09-07,51203,12549590,EDCKUL21EXF04600,L2,35,0,0.0
2026-09-08,2026-09-07,51203,12549590,EDCKUL21EXF04600,L3,26,0,0.0
2026-09-08,2026-09-07,51203,12549591,EDCKUL21EXF04700,L1,20,0,0.0
2026-09-08,2026-09-07,51203,12549591,EDCKUL21EXF04700,L2,35,0,0.0
2026-09-08,2026-09-07,51203,12549591,EDCKUL21EXF04700,L3,26,0,0.0
2026-09-08,2026-09-07,51203,12549592,EDCKUL21BSW00200,L1,20,0,0.0
2026-09-08,2026-09-07,51203,12549592,EDCKUL21BSW00200,L2,35,0,0.0
2026-09-08,2026-09-07,51203,12549592,EDCKUL21BSW00200,L3,26,0,0.0
2026-09-08,2026-09-07,51203,12549593,EDCKUL21BSWCA100,L1,20,0,0.0
2026-09-08,2026-09-07,51203,12549593,EDCKUL21BSWCA100,L2,35,0,0.0
2026-09-08,2026-09-07,51203,12549593,EDCKUL21BSWCA100,L3,26,0,0.0
2026-09-08,2026-09-07,51203,12549594,EDCKUL21BSWCA112,L1,20,0,0.0
2026-09-08,2026-09-07,51203,12549594,EDCKUL21BSWCA112,L2,35,0,0.0
2026-09-08,2026-09-07,51203,12549594,EDCKUL21BSWCA112,L3,26,0,0.0
2026-09-08,2026-09-07,51203,12549595,EDCKUL21BSWCA113,L1,20,0,0.0
2026-09-08,2026-09-07,51203,12549595,EDCKUL21BSWCA113,L2,35,0,0.0
2026-09-08,2026-09-07,51203,12549595,EDCKUL21BSWCA113,L3,26,0,0.0
2026-09-08,2026-09-07,51203,12549596,EDCKUL21BSWCA200,L1,20,0,0.0
2026-09-08,2026-09-07,51203,12549596,EDCKUL21BSWCA200,L2,35,0,0.0
2026-09-08,2026-09-07,51203,12549596,EDCKUL21BSWCA200,L3,26,0,0.0
2026-09-08,2026-09-07,51203,12549597,EDCKUL21BSWCA212,L1,20,0,0.0
2026-09-08,2026-09-07,51203,12549597,EDCKUL21BSWCA212,L2,35,0,0.0
2026-09-08,2026-09-07,51203,12549597,EDCKUL21BSWCA212,L3,26,0,0.0
2026-09-08,2026-09-07,51203,12549598,EDCKUL21BSWCA213,L1,20,0,0.0
2026-09-08,2026-09-07,51203,12549598,EDCKUL21BSWCA213,L2,35,0,0.0
2026-09-08,2026-09-07,51203,12549598,EDCKUL21BSWCA213,L3,26,0,0.0
2026-09-08,2026-09-07,51203,12549599,EDCKUL21BSWCA300,L1,20,0,0.0
2026-09-08,2026-09-07,51203,12549599,EDCKUL21BSWCA300,L2,35,0,0.0
2026-09-08,2026-09-07,51203,12549599,EDCKUL21BSWCA300,L3,26,0,0.0
2026-09-08,2026-09-07,51203,12549600,EDCKUL21BSWCA312,L1,20,0,0.0
2026-09-08,2026-09-07,51203,12549600,EDCKUL21BSWCA312,L2,35,0,0.0
2026-09-08,2026-09-07,51203,12549600,EDCKUL21BSWCA312,L3,26,0,0.0
2026-09-08,2026-09-07,51203,12549601,EDCKUL21BSWCA313,L1,20,0,0.0
2026-09-08,2026-09-07,51203,12549601,EDCKUL21BSWCA313,L2,35,0,0.0
2026-09-08,2026-09-07,51203,12549601,EDCKUL21BSWCA313,L3,26,0,0.0
2026-09-08,2026-09-07,51203,12549602,EDCKUL21BSWCA400,L1,20,0,0.0
2026-09-08,2026-09-07,51203,12549602,EDCKUL21BSWCA400,L2,35,0,0.0
2026-09-08,2026-09-07,51203,12549602,EDCKUL21BSWCA400,L3,26,0,0.0
2026-09-08,2026-09-07,51203,12549603,EDCKUL21BSWCA500,L1,20,0,0.0
2026-09-08,2026-09-07,51203,12549603,EDCKUL21BSWCA500,L2,35,0,0.0
2026-09-08,2026-09-07,51203,12549603,EDCKUL21BSWCA500,L3,26,0,0.0
2026-09-08,2026-09-07,51203,12549604,EDCKUL21BSWCA600,L1,20,0,0.0
2026-09-08,2026-09-07,51203,12549604,EDCKUL21BSWCA600,L2,35,0,0.0
2026-09-08,2026-09-07,51203,12549604,EDCKUL21BSWCA600,L3,26,0,0.0
2026-09-08,2026-09-07,51203,12549605,EDCKUL21BSWCB100,L1,20,0,0.0
2026-09-08,2026-09-07,51203,12549605,EDCKUL21BSWCB100,L2,35,0,0.0
2026-09-08,2026-09-07,51203,12549605,EDCKUL21BSWCB100,L3,26,0,0.0
2026-09-08,2026-09-07,51203,12549606,EDCKUL21BSWCB112,L1,20,0,0.0
2026-09-08,2026-09-07,51203,12549606,EDCKUL21BSWCB112,L2,35,0,0.0
2026-09-08,2026-09-07,51203,12549606,EDCKUL21BSWCB112,L3,26,0,0.0
2026-09-08,2026-09-07,51203,12549607,EDCKUL21BSWCB113,L1,20,0,0.0
2026-09-08,2026-09-07,51203,12549607,EDCKUL21BSWCB113,L2,35,0,0.0
2026-09-08,2026-09-07,51203,12549607,EDCKUL21BSWCB113,L3,26,0,0.0
2026-09-08,2026-09-07,51203,12549608,EDCKUL21BSWCB200,L1,20,0,0.0
2026-09-08,2026-09-07,51203,12549608,EDCKUL21BSWCB200,L2,35,0,0.0
2026-09-08,2026-09-07,51203,12549608,EDCKUL21BSWCB200,L3,26,0,0.0
2026-09-08,2026-09-07,51203,12549609,EDCKUL21BSWCB212,L1,20,0,0.0
2026-09-08,2026-09-07,51203,12549609,EDCKUL21BSWCB212,L2,35,0,0.0
2026-09-08,2026-09-07,51203,12549609,EDCKUL21BSWCB212,L3,26,0,0.0
2026-09-08,2026-09-07,51203,12549610,EDCKUL21BSWCB213,L1,20,0,0.0
2026-09-08,2026-09-07,51203,12549610,EDCKUL21BSWCB213,L2,35,0,0.0
2026-09-08,2026-09-07,51203,12549610,EDCKUL21BSWCB213,L3,26,0,0.0
2026-09-08,2026-09-07,51203,12549611,EDCKUL21BSWCB300,L1,20,0,0.0
2026-09-08,2026-09-07,51203,12549611,EDCKUL21BSWCB300,L2,35,0,0.0
2026-09-08,2026-09-07,51203,12549611,EDCKUL21BSWCB300,L3,26,0,0.0
2026-09-08,2026-09-07,51203,12549612,EDCKUL21BSWCB312,L1,20,0,0.0
2026-09-08,2026-09-07,51203,12549612,EDCKUL21BSWCB312,L2,35,0,0.0
2026-09-08,2026-09-07,51203,12549612,EDCKUL21BSWCB312,L3,26,0,0.0
2026-09-08,2026-09-07,51203,12549613,EDCKUL21BSWCB313,L1,20,0,0.0
2026-09-08,2026-09-07,51203,12549613,EDCKUL21BSWCB313,L2,35,0,0.0
2026-09-08,2026-09-07,51203,12549613,EDCKUL21BSWCB313,L3,26,0,0.0
2026-09-08,2026-09-07,51203,12549614,EDCKUL21BSWCB400,L1,20,0,0.0
2026-09-08,2026-09-07,51203,12549614,EDCKUL21BSWCB400,L2,35,0,0.0
2026-09-08,2026-09-07,51203,12549614,EDCKUL21BSWCB400,L3,26,0,0.0
2026-09-08,2026-09-07,51203,12549615,EDCKUL21BSWCB500,L1,20,0,0.0
2026-09-08,2026-09-07,51203,12549615,EDCKUL21BSWCB500,L2,35,0,0.0
2026-09-08,2026-09-07,51203,12549615,EDCKUL21BSWCB500,L3,26,0,0.0
2026-09-08,2026-09-07,51203,12549616,EDCKUL21BSWCB600,L1,20,0,0.0
2026-09-08,2026-09-07,51203,12549616,EDCKUL21BSWCB600,L2,35,0,0.0
2026-09-08,2026-09-07,51203,12549616,EDCKUL21BSWCB600,L3,26,0,0.0
2026-09-08,2026-09-07,51203,12549617,EDCKUL21BSWCC100,L1,20,0,0.0
2026-09-08,2026-09-07,51203,12549617,EDCKUL21BSWCC100,L2,35,0,0.0
2026-09-08,2026-09-07,51203,12549617,EDCKUL21BSWCC100,L3,26,0,0.0
2026-09-08,2026-09-07,51203,12549618,EDCKUL21BSWCC112,L1,20,0,0.0
2026-09-08,2026-09-07,51203,12549618,EDCKUL21BSWCC112,L2,35,0,0.0
2026-09-08,2026-09-07,51203,12549618,EDCKUL21BSWCC112,L3,26,0,0.0
2026-09-08,2026-09-07,51203,12549619,EDCKUL21BSWCC113,L1,20,0,0.0
2026-09-08,2026-09-07,51203,12549619,EDCKUL21BSWCC113,L2,35,0,0.0
2026-09-08,2026-09-07,51203,12549619,EDCKUL21BSWCC113,L3,26,0,0.0
2026-09-08,2026-09-07,51203,12549620,EDCKUL21BSWCC200,L1,20,0,0.0
2026-09-08,2026-09-07,51203,12549620,EDCKUL21BSWCC200,L2,35,0,0.0
2026-09-08,2026-09-07,51203,12549620,EDCKUL21BSWCC200,L3,26,0,0.0
2026-09-08,2026-09-07,51203,12549621,EDCKUL21BSWCC212,L1,20,0,0.0
2026-09-08,2026-09-07,51203,12549621,EDCKUL21BSWCC212,L2,35,0,0.0
2026-09-08,2026-09-07,51203,12549621,EDCKUL21BSWCC212,L3,26,0,0.0
2026-09-08,2026-09-07,51203,12549622,EDCKUL21BSWCC213,L1,20,0,0.0
2026-09-08,2026-09-07,51203,12549622,EDCKUL21BSWCC213,L2,35,0,0.0
2026-09-08,2026-09-07,51203,12549622,EDCKUL21BSWCC213,L3,26,0,0.0
2026-09-08,2026-09-07,51203,12549623,EDCKUL21BSWCC300,L1,20,0,0.0
2026-09-08,2026-09-07,51203,12549623,EDCKUL21BSWCC300,L2,35,0,0.0
2026-09-08,2026-09-07,51203,12549623,EDCKUL21BSWCC300,L3,26,0,0.0
2026-09-08,2026-09-07,51203,12549624,EDCKUL21BSWCC312,L1,20,0,0.0
2026-09-08,2026-09-07,51203,12549624,EDCKUL21BSWCC312,L2,35,0,0.0
2026-09-08,2026-09-07,51203,12549624,EDCKUL21BSWCC312,L3,26,0,0.0
2026-09-08,2026-09-07,51203,12549625,EDCKUL21BSWCC313,L1,20,0,0.0
2026-09-08,2026-09-07,51203,12549625,EDCKUL21BSWCC313,L2,35,0,0.0
2026-09-08,2026-09-07,51203,12549625,EDCKUL21BSWCC313,L3,26,0,0.0
2026-09-08,2026-09-07,51203,12549626,EDCKUL21BSWCC400,L1,20,0,0.0
2026-09-08,2026-09-07,51203,12549626,EDCKUL21BSWCC400,L2,35,0,0.0
2026-09-08,2026-09-07,51203,12549626,EDCKUL21BSWCC400,L3,26,0,0.0
2026-09-08,2026-09-07,51203,12549627,EDCKUL21BSWCC500,L1,20,0,0.0
2026-09-08,2026-09-07,51203,12549627,EDCKUL21BSWCC500,L2,35,0,0.0
2026-09-08,2026-09-07,51203,12549627,EDCKUL21BSWCC500,L3,26,0,0.0
2026-09-08,2026-09-07,51203,12549628,EDCKUL21BSWCC600,L1,20,0,0.0
2026-09-08,2026-09-07,51203,12549628,EDCKUL21BSWCC600,L2,35,0,0.0
2026-09-08,2026-09-07,51203,12549628,EDCKUL21BSWCC600,L3,26,0,0.0
2026-09-08,2026-09-07,51203,12549629,EDCKUL21BSWCD100,L1,20,0,0.0
2026-09-08,2026-09-07,51203,12549629,EDCKUL21BSWCD100,L2,35,0,0.0
2026-09-08,2026-09-07,51203,12549629,EDCKUL21BSWCD100,L3,26,0,0.0
2026-09-08,2026-09-07,51203,12549630,EDCKUL21BSWCD112,L1,20,0,0.0
2026-09-08,2026-09-07,51203,12549630,EDCKUL21BSWCD112,L2,35,0,0.0
2026-09-08,2026-09-07,51203,12549630,EDCKUL21BSWCD112,L3,26,0,0.0
2026-09-08,2026-09-07,51203,12549631,EDCKUL21BSWCD113,L1,20,0,0.0
2026-09-08,2026-09-07,51203,12549631,EDCKUL21BSWCD113,L2,35,0,0.0
2026-09-08,2026-09-07,51203,12549631,EDCKUL21BSWCD113,L3,26,0,0.0
2026-09-08,2026-09-07,51203,12549632,EDCKUL21BSWCD200,L1,20,0,0.0
2026-09-08,2026-09-07,51203,12549632,EDCKUL21BSWCD200,L2,35,0,0.0
2026-09-08,2026-09-07,51203,12549632,EDCKUL21BSWCD200,L3,26,0,0.0
2026-09-08,2026-09-07,51203,12549633,EDCKUL21BSWCD212,L1,20,0,0.0
2026-09-08,2026-09-07,51203,12549633,EDCKUL21BSWCD212,L2,35,0,0.0
2026-09-08,2026-09-07,51203,12549633,EDCKUL21BSWCD212,L3,26,0,0.0
2026-09-08,2026-09-07,51203,12549634,EDCKUL21BSWCD213,L1,20,0,0.0
2026-09-08,2026-09-07,51203,12549634,EDCKUL21BSWCD213,L2,35,0,0.0
2026-09-08,2026-09-07,51203,12549634,EDCKUL21BSWCD213,L3,26,0,0.0
2026-09-08,2026-09-07,51203,12549635,EDCKUL21BSWCD300,L1,20,0,0.0
2026-09-08,2026-09-07,51203,12549635,EDCKUL21BSWCD300,L2,35,0,0.0
2026-09-08,2026-09-07,51203,12549635,EDCKUL21BSWCD300,L3,26,0,0.0
2026-09-08,2026-09-07,51203,12549636,EDCKUL21BSWCD312,L1,20,0,0.0
2026-09-08,2026-09-07,51203,12549636,EDCKUL21BSWCD312,L2,35,0,0.0
2026-09-08,2026-09-07,51203,12549636,EDCKUL21BSWCD312,L3,26,0,0.0
2026-09-08,2026-09-07,51203,12549637,EDCKUL21BSWCD313,L1,20,0,0.0
2026-09-08,2026-09-07,51203,12549637,EDCKUL21BSWCD313,L2,35,0,0.0
2026-09-08,2026-09-07,51203,12549637,EDCKUL21BSWCD313,L3,26,0,0.0
2026-09-08,2026-09-07,51203,12549638,EDCKUL21BSWCD400,L1,20,0,0.0
2026-09-08,2026-09-07,51203,12549638,EDCKUL21BSWCD400,L2,35,0,0.0
2026-09-08,2026-09-07,51203,12549638,EDCKUL21BSWCD400,L3,26,0,0.0
2026-09-08,2026-09-07,51203,12549639,EDCKUL21BSWCD500,L1,20,0,0.0
2026-09-08,2026-09-07,51203,12549639,EDCKUL21BSWCD500,L2,35,0,0.0
2026-09-08,2026-09-07,51203,12549639,EDCKUL21BSWCD500,L3,26,0,0.0
2026-09-08,2026-09-07,51203,12549640,EDCKUL21BSWCD600,L1,20,0,0.0
2026-09-08,2026-09-07,51203,12549640,EDCKUL21BSWCD600,L2,35,0,0.0
2026-09-08,2026-09-07,51203,12549640,EDCKUL21BSWCD600,L3,26,0,0.0
2026-09-08,2026-09-07,51203,12549641,EDCKUL21BSWCE100,L1,20,0,0.0
2026-09-08,2026-09-07,51203,12549641,EDCKUL21BSWCE100,L2,35,0,0.0
2026-09-08,2026-09-07,51203,12549641,EDCKUL21BSWCE100,L3,26,0,0.0
2026-09-08,2026-09-07,51203,12549642,EDCKUL21BSWCE112,L1,20,0,0.0
2026-09-08,2026-09-07,51203,12549642,EDCKUL21BSWCE112,L2,35,0,0.0
2026-09-08,2026-09-07,51203,12549642,EDCKUL21BSWCE112,L3,26,0,0.0
2026-09-08,2026-09-07,51203,12549643,EDCKUL21BSWCE113,L1,20,0,0.0
2026-09-08,2026-09-07,51203,12549643,EDCKUL21BSWCE113,L2,35,0,0.0
2026-09-08,2026-09-07,51203,12549643,EDCKUL21BSWCE113,L3,26,0,0.0
2026-09-08,2026-09-07,51203,12549644,EDCKUL21BSWCE200,L1,20,0,0.0
2026-09-08,2026-09-07,51203,12549644,EDCKUL21BSWCE200,L2,35,0,0.0
2026-09-08,2026-09-07,51203,12549644,EDCKUL21BSWCE200,L3,26,0,0.0
2026-09-08,2026-09-07,51203,12549645,EDCKUL21BSWCE212,L1,20,0,0.0
2026-09-08,2026-09-07,51203,12549645,EDCKUL21BSWCE212,L2,35,0,0.0
2026-09-08,2026-09-07,51203,12549645,EDCKUL21BSWCE212,L3,26,0,0.0
2026-09-08,2026-09-07,51203,12549646,EDCKUL21BSWCE213,L1,20,0,0.0
2026-09-08,2026-09-07,51203,12549646,EDCKUL21BSWCE213,L2,35,0,0.0
2026-09-08,2026-09-07,51203,12549646,EDCKUL21BSWCE213,L3,26,0,0.0
2026-09-08,2026-09-07,51203,12549647,EDCKUL21BSWCE300,L1,20,0,0.0
2026-09-08,2026-09-07,51203,12549647,EDCKUL21BSWCE300,L2,35,0,0.0
2026-09-08,2026-09-07,51203,12549647,EDCKUL21BSWCE300,L3,26,0,0.0
2026-09-08,2026-09-07,51203,12549648,EDCKUL21BSWCE312,L1,20,0,0.0
2026-09-08,2026-09-07,51203,12549648,EDCKUL21BSWCE312,L2,35,0,0.0
2026-09-08,2026-09-07,51203,12549648,EDCKUL21BSWCE312,L3,26,0,0.0
2026-09-08,2026-09-07,51203,12549649,EDCKUL21BSWCE400,L1,20,0,0.0
2026-09-08,2026-09-07,51203,12549649,EDCKUL21BSWCE400,L2,35,0,0.0
2026-09-08,2026-09-07,51203,12549649,EDCKUL21BSWCE400,L3,26,0,0.0
2026-09-08,2026-09-07,51203,12549650,EDCKUL21BSWCE412,L1,20,0,0.0
2026-09-08,2026-09-07,51203,12549650,EDCKUL21BSWCE412,L2,35,0,0.0
2026-09-08,2026-09-07,51203,12549650,EDCKUL21BSWCE412,L3,26,0,0.0
2026-09-08,2026-09-07,51203,12549651,EDCKUL21BSWCE500,L1,20,0,0.0
2026-09-08,2026-09-07,51203,12549651,EDCKUL21BSWCE500,L2,35,0,0.0
2026-09-08,2026-09-07,51203,12549651,EDCKUL21BSWCE500,L3,26,0,0.0
2026-09-08,2026-09-07,51203,12549652,EDCKUL21BSWCE600,L1,20,0,0.0
2026-09-08,2026-09-07,51203,12549652,EDCKUL21BSWCE600,L2,35,0,0.0
2026-09-08,2026-09-07,51203,12549652,EDCKUL21BSWCE600,L3,26,0,0.0
2026-09-08,2026-09-07,51203,12549653,EDCKUL21BSWCF100,L1,20,0,0.0
2026-09-08,2026-09-07,51203,12549653,EDCKUL21BSWCF100,L2,35,0,0.0
2026-09-08,2026-09-07,51203,12549653,EDCKUL21BSWCF100,L3,26,0,0.0
2026-09-08,2026-09-07,51203,12549654,EDCKUL21BSWCF112,L1,20,0,0.0
2026-09-08,2026-09-07,51203,12549654,EDCKUL21BSWCF112,L2,35,0,0.0
2026-09-08,2026-09-07,51203,12549654,EDCKUL21BSWCF112,L3,26,0,0.0
2026-09-08,2026-09-07,51203,12549655,EDCKUL21BSWCF113,L1,20,0,0.0
2026-09-08,2026-09-07,51203,12549655,EDCKUL21BSWCF113,L2,35,0,0.0
2026-09-08,2026-09-07,51203,12549655,EDCKUL21BSWCF113,L3,26,0,0.0
2026-09-08,2026-09-07,51203,12549656,EDCKUL21BSWCF200,L1,20,0,0.0
2026-09-08,2026-09-07,51203,12549656,EDCKUL21BSWCF200,L2,35,0,0.0
2026-09-08,2026-09-07,51203,12549656,EDCKUL21BSWCF200,L3,26,0,0.0
2026-09-08,2026-09-07,51203,12549657,EDCKUL21BSWCF212,L1,20,0,0.0
2026-09-08,2026-09-07,51203,12549657,EDCKUL21BSWCF212,L2,35,0,0.0
2026-09-08,2026-09-07,51203,12549657,EDCKUL21BSWCF212,L3,26,0,0.0
2026-09-08,2026-09-07,51203,12549658,EDCKUL21BSWCF213,L1,20,0,0.0
2026-09-08,2026-09-07,51203,12549658,EDCKUL21BSWCF213,L2,35,0,0.0
2026-09-08,2026-09-07,51203,12549658,EDCKUL21BSWCF213,L3,26,0,0.0
2026-09-08,2026-09-07,51203,12549659,EDCKUL21BSWCF300,L1,20,0,0.0
2026-09-08,2026-09-07,51203,12549659,EDCKUL21BSWCF300,L2,35,0,0.0
2026-09-08,2026-09-07,51203,12549659,EDCKUL21BSWCF300,L3,26,0,0.0
2026-09-08,2026-09-07,51203,12549660,EDCKUL21BSWCF313,L1,20,0,0.0
2026-09-08,2026-09-07,51203,12549660,EDCKUL21BSWCF313,L2,35,0,0.0
2026-09-08,2026-09-07,51203,12549660,EDCKUL21BSWCF313,L3,26,0,0.0
2026-09-08,2026-09-07,51203,12549661,EDCKUL21BSWCF400,L1,20,0,0.0
2026-09-08,2026-09-07,51203,12549661,EDCKUL21BSWCF400,L2,35,0,0.0
2026-09-08,2026-09-07,51203,12549661,EDCKUL21BSWCF400,L3,26,0,0.0
2026-09-08,2026-09-07,51203,12549662,EDCKUL21BSWCF413,L1,20,0,0.0
2026-09-08,2026-09-07,51203,12549662,EDCKUL21BSWCF413,L2,35,0,0.0
2026-09-08,2026-09-07,51203,12549662,EDCKUL21BSWCF413,L3,26,0,0.0
2026-09-08,2026-09-07,51203,12549663,EDCKUL21BSWCF500,L1,20,0,0.0
2026-09-08,2026-09-07,51203,12549663,EDCKUL21BSWCF500,L2,35,0,0.0
2026-09-08,2026-09-07,51203,12549663,EDCKUL21BSWCF500,L3,26,0,0.0
2026-09-08,2026-09-07,51203,12549664,EDCKUL21BSWCF600,L1,20,0,0.0
2026-09-08,2026-09-07,51203,12549664,EDCKUL21BSWCF600,L2,35,0,0.0
2026-09-08,2026-09-07,51203,12549664,EDCKUL21BSWCF600,L3,26,0,0.0
2026-09-08,2026-09-07,51203,12549665,EDCKUL21BSWCT100,L1,20,0,0.0
2026-09-08,2026-09-07,51203,12549665,EDCKUL21BSWCT100,L2,35,0,0.0
2026-09-08,2026-09-07,51203,12549665,EDCKUL21BSWCT100,L3,26,0,0.0
2026-09-08,2026-09-07,51203,12549666,EDCKUL21BSWCT200,L1,20,0,0.0
2026-09-08,2026-09-07,51203,12549666,EDCKUL21BSWCT200,L2,35,0,0.0
2026-09-08,2026-09-07,51203,12549666,EDCKUL21BSWCT200,L3,26,0,0.0
2026-09-08,2026-09-07,51203,12549667,EDCKUL21BSWCT300,L1,20,0,0.0
2026-09-08,2026-09-07,51203,12549667,EDCKUL21BSWCT300,L2,35,0,0.0
2026-09-08,2026-09-07,51203,12549667,EDCKUL21BSWCT300,L3,26,0,0.0
2026-09-08,2026-09-07,51203,12549668,EDCKUL21BSWCT400,L1,20,0,0.0
2026-09-08,2026-09-07,51203,12549668,EDCKUL21BSWCT400,L2,35,0,0.0
2026-09-08,2026-09-07,51203,12549668,EDCKUL21BSWCT400,L3,26,0,0.0
2026-09-08,2026-09-07,51203,12549669,EDCKUL21BSWCT500,L1,20,0,0.0
2026-09-08,2026-09-07,51203,12549669,EDCKUL21BSWCT500,L2,35,0,0.0
2026-09-08,2026-09-07,51203,12549669,EDCKUL21BSWCT500,L3,26,0,0.0
2026-09-08,2026-09-07,51203,12549670,EDCKUL21BSWCY100,L1,20,0,0.0
2026-09-08,2026-09-07,51203,12549670,EDCKUL21BSWCY100,L2,35,0,0.0
2026-09-08,2026-09-07,51203,12549670,EDCKUL21BSWCY100,L3,26,0,0.0
2026-09-08,2026-09-07,51203,12549671,EDCKUL21BSWCY200,L1,20,0,0.0
2026-09-08,2026-09-07,51203,12549671,EDCKUL21BSWCY200,L2,35,0,0.0
2026-09-08,2026-09-07,51203,12549671,EDCKUL21BSWCY200,L3,26,0,0.0
2026-09-08,2026-09-07,51203,12549672,EDCKUL21BSWCY300,L1,20,0,0.0
2026-09-08,2026-09-07,51203,12549672,EDCKUL21BSWCY300,L2,35,0,0.0
2026-09-08,2026-09-07,51203,12549672,EDCKUL21BSWCY300,L3,26,0,0.0
2026-09-08,2026-09-07,51203,12549673,EDCKUL21BSWCY400,L1,20,0,0.0
2026-09-08,2026-09-07,51203,12549673,EDCKUL21BSWCY400,L2,35,0,0.0
2026-09-08,2026-09-07,51203,12549673,EDCKUL21BSWCY400,L3,26,0,0.0
2026-09-08,2026-09-07,51203,12549674,EDCKUL21BSWCY500,L1,20,0,0.0
2026-09-08,2026-09-07,51203,12549674,EDCKUL21BSWCY500,L2,35,0,0.0
2026-09-08,2026-09-07,51203,12549674,EDCKUL21BSWCY500,L3,26,0,0.0
2026-09-08,2026-09-07,51203,12549675,EDCKUL21BSWCY600,L1,20,0,0.0
2026-09-08,2026-09-07,51203,12549675,EDCKUL21BSWCY600,L2,35,0,0.0
2026-09-08,2026-09-07,51203,12549675,EDCKUL21BSWCY600,L3,26,0,0.0
2026-09-08,2026-09-07,51203,12549676,EDCKUL21BSWCY700,L1,20,0,0.0
2026-09-08,2026-09-07,51203,12549676,EDCKUL21BSWCY700,L2,35,0,0.0
2026-09-08,2026-09-07,51203,12549676,EDCKUL21BSWCY700,L3,26,0,0.0
2026-09-08,2026-09-07,51203,13390244,EDCKUL21DPPCA210,L1,20,20,100.0
2026-09-08,2026-09-07,51203,13390244,EDCKUL21DPPCA210,L2,35,0,0.0
2026-09-08,2026-09-07,51203,13390244,EDCKUL21DPPCA210,L3,26,0,0.0
2026-09-08,2026-09-07,51203,13390245,EDCKUL21DPPCB210,L1,20,20,100.0
2026-09-08,2026-09-07,51203,13390245,EDCKUL21DPPCB210,L2,35,0,0.0
2026-09-08,2026-09-07,51203,13390245,EDCKUL21DPPCB210,L3,26,0,0.0
2026-09-08,2026-09-07,51203,13390246,EDCKUL21DPPCC210,L1,20,20,100.0
2026-09-08,2026-09-07,51203,13390246,EDCKUL21DPPCC210,L2,35,0,0.0
2026-09-08,2026-09-07,51203,13390246,EDCKUL21DPPCC210,L3,26,0,0.0
2026-09-08,2026-09-07,51203,13390247,EDCKUL21DPPCD210,L1,20,20,100.0
2026-09-08,2026-09-07,51203,13390247,EDCKUL21DPPCD210,L2,35,0,0.0
2026-09-08,2026-09-07,51203,13390247,EDCKUL21DPPCD210,L3,26,0,0.0
2026-09-08,2026-09-07,51203,13390248,EDCKUL21DPPCE210,L1,20,20,100.0
2026-09-08,2026-09-07,51203,13390248,EDCKUL21DPPCE210,L2,35,0,0.0
2026-09-08,2026-09-07,51203,13390248,EDCKUL21DPPCE210,L3,26,0,0.0
2026-09-08,2026-09-07,51203,13390249,EDCKUL21DPPCF210,L1,20,20,100.0
2026-09-08,2026-09-07,51203,13390249,EDCKUL21DPPCF210,L2,35,0,0.0
2026-09-08,2026-09-07,51203,13390249,EDCKUL21DPPCF210,L3,26,0,0.0
2026-09-08,2026-09-07,51203,13390250,EDCKUL21DPPCT210,L1,20,20,100.0
2026-09-08,2026-09-07,51203,13390250,EDCKUL21DPPCT210,L2,35,0,0.0
2026-09-08,2026-09-07,51203,13390250,EDCKUL21DPPCT210,L3,26,0,0.0
2026-09-08,2026-09-07,51203,13390251,EDCKUL21DPPCY210,L1,20,20,100.0
2026-09-08,2026-09-07,51203,13390251,EDCKUL21DPPCY210,L2,35,0,0.0
2026-09-08,2026-09-07,51203,13390251,EDCKUL21DPPCY210,L3,26,0,0.0
2026-09-08,2026-09-07,51203,13390252,EDCKUL21FAP03200,L1,20,0,0.0
2026-09-08,2026-09-07,51203,13390252,EDCKUL21FAP03200,L2,35,0,0.0
2026-09-08,2026-09-07,51203,13390252,EDCKUL21FAP03200,L3,26,0,0.0
2026-09-08,2026-09-07,51203,13390253,EDCKUL21GDS00500,L1,20,0,0.0
2026-09-08,2026-09-07,51203,13390253,EDCKUL21GDS00500,L2,35,0,0.0
2026-09-08,2026-09-07,51203,13390253,EDCKUL21GDS00500,L3,26,0,0.0
2026-09-08,2026-09-07,51203,13593088,EDCKUL21DHU00102,L1,20,0,0.0
2026-09-08,2026-09-07,51203,13593088,EDCKUL21DHU00102,L2,35,0,0.0
2026-09-08,2026-09-07,51203,13593088,EDCKUL21DHU00102,L3,26,0,0.0
2026-09-08,2026-09-07,51203,13593089,EDCKUL21DHU00202,L1,20,0,0.0
2026-09-08,2026-09-07,51203,13593089,EDCKUL21DHU00202,L2,35,0,0.0
2026-09-08,2026-09-07,51203,13593089,EDCKUL21DHU00202,L3,26,0,0.0
2026-09-08,2026-09-07,51203,13593090,EDCKUL21DHU00103,L1,20,0,0.0
2026-09-08,2026-09-07,51203,13593090,EDCKUL21DHU00103,L2,35,0,0.0
2026-09-08,2026-09-07,51203,13593090,EDCKUL21DHU00103,L3,26,0,0.0
2026-09-08,2026-09-07,51203,13593091,EDCKUL21DHU00203,L1,20,0,0.0
2026-09-08,2026-09-07,51203,13593091,EDCKUL21DHU00203,L2,35,0,0.0
2026-09-08,2026-09-07,51203,13593091,EDCKUL21DHU00203,L3,26,0,0.0
2026-09-08,2026-09-07,51203,13593092,EDCKUL21BMPB0100,L1,20,0,0.0
2026-09-08,2026-09-07,51203,13593092,EDCKUL21BMPB0100,L2,35,0,0.0
2026-09-08,2026-09-07,51203,13593092,EDCKUL21BMPB0100,L3,26,0,0.0
2026-09-08,2026-09-07,51203,13593093,EDCKUL21BMPB0200,L1,20,0,0.0
2026-09-08,2026-09-07,51203,13593093,EDCKUL21BMPB0200,L2,35,0,0.0
2026-09-08,2026-09-07,51203,13593093,EDCKUL21BMPB0200,L3,26,0,0.0
2026-09-08,2026-09-07,51203,13593094,EDCKUL21BMPB0300,L1,20,0,0.0
2026-09-08,2026-09-07,51203,13593094,EDCKUL21BMPB0300,L2,35,0,0.0
2026-09-08,2026-09-07,51203,13593094,EDCKUL21BMPB0300,L3,26,0,0.0
2026-09-08,2026-09-07,51203,13593095,EDCKUL21BMPB0400,L1,20,0,0.0
2026-09-08,2026-09-07,51203,13593095,EDCKUL21BMPB0400,L2,35,0,0.0
2026-09-08,2026-09-07,51203,13593095,EDCKUL21BMPB0400,L3,26,0,0.0
2026-09-08,2026-09-07,51203,13593096,EDCKUL21BMPB0500,L1,20,0,0.0
2026-09-08,2026-09-07,51203,13593096,EDCKUL21BMPB0500,L2,35,0,0.0
2026-09-08,2026-09-07,51203,13593096,EDCKUL21BMPB0500,L3,26,0,0.0
2026-09-08,2026-09-07,51203,13593097,EDCKUL21BMPB0600,L1,20,0,0.0
2026-09-08,2026-09-07,51203,13593097,EDCKUL21BMPB0600,L2,35,0,0.0
2026-09-08,2026-09-07,51203,13593097,EDCKUL21BMPB0600,L3,26,0,0.0
2026-09-08,2026-09-07,51203,13593098,EDCKUL21BMPB0700,L1,20,0,0.0
2026-09-08,2026-09-07,51203,13593098,EDCKUL21BMPB0700,L2,35,0,0.0
2026-09-08,2026-09-07,51203,13593098,EDCKUL21BMPB0700,L3,26,0,0.0
2026-09-08,2026-09-07,51203,13593099,EDCKUL21BMPB0800,L1,20,0,0.0
2026-09-08,2026-09-07,51203,13593099,EDCKUL21BMPB0800,L2,35,0,0.0
2026-09-08,2026-09-07,51203,13593099,EDCKUL21BMPB0800,L3,26,0,0.0
2026-09-08,2026-09-07,51203,13593100,EDCKUL21BMPB0900,L1,20,0,0.0
2026-09-08,2026-09-07,51203,13593100,EDCKUL21BMPB0900,L2,35,0,0.0
2026-09-08,2026-09-07,51203,13593100,EDCKUL21BMPB0900,L3,26,0,0.0
2026-09-08,2026-09-07,51203,13593101,EDCKUL21BMPB1000,L1,20,0,0.0
2026-09-08,2026-09-07,51203,13593101,EDCKUL21BMPB1000,L2,35,0,0.0
2026-09-08,2026-09-07,51203,13593101,EDCKUL21BMPB1000,L3,26,0,0.0
2026-09-08,2026-09-07,51203,13593102,EDCKUL21BMPB1100,L1,20,0,0.0
2026-09-08,2026-09-07,51203,13593102,EDCKUL21BMPB1100,L2,35,0,0.0
2026-09-08,2026-09-07,51203,13593102,EDCKUL21BMPB1100,L3,26,0,0.0
2026-09-08,2026-09-07,51203,13593103,EDCKUL21BMPB1200,L1,20,0,0.0
2026-09-08,2026-09-07,51203,13593103,EDCKUL21BMPB1200,L2,35,0,0.0
2026-09-08,2026-09-07,51203,13593103,EDCKUL21BMPB1200,L3,26,0,0.0
2026-09-08,2026-09-07,51203,13593104,EDCKUL21BMPB1300,L1,20,0,0.0
2026-09-08,2026-09-07,51203,13593104,EDCKUL21BMPB1300,L2,35,0,0.0
2026-09-08,2026-09-07,51203,13593104,EDCKUL21BMPB1300,L3,26,0,0.0
2026-09-08,2026-09-07,51203,13593105,EDCKUL21BMPB1400,L1,20,0,0.0
2026-09-08,2026-09-07,51203,13593105,EDCKUL21BMPB1400,L2,35,0,0.0
2026-09-08,2026-09-07,51203,13593105,EDCKUL21BMPB1400,L3,26,0,0.0
2026-09-08,2026-09-07,51203,13593106,EDCKUL21BMPB1500,L1,20,0,0.0
2026-09-08,2026-09-07,51203,13593106,EDCKUL21BMPB1500,L2,35,0,0.0
2026-09-08,2026-09-07,51203,13593106,EDCKUL21BMPB1500,L3,26,0,0.0
2026-09-08,2026-09-07,51203,13593107,EDCKUL21BMPMPMB1,L1,20,0,0.0
2026-09-08,2026-09-07,51203,13593107,EDCKUL21BMPMPMB1,L2,35,0,0.0
2026-09-08,2026-09-07,51203,13593107,EDCKUL21BMPMPMB1,L3,26,0,0.0
2026-09-08,2026-09-07,51203,13593108,EDCKUL21BMPMPMB2,L1,20,0,0.0
2026-09-08,2026-09-07,51203,13593108,EDCKUL21BMPMPMB2,L2,35,0,0.0
2026-09-08,2026-09-07,51203,13593108,EDCKUL21BMPMPMB2,L3,26,0,0.0
2026-09-08,2026-09-07,51203,13593109,EDCKUL21BMPMPMB3,L1,20,0,0.0
2026-09-08,2026-09-07,51203,13593109,EDCKUL21BMPMPMB3,L2,35,0,0.0
2026-09-08,2026-09-07,51203,13593109,EDCKUL21BMPMPMB3,L3,26,0,0.0
2026-09-08,2026-09-07,51203,13593110,EDCKUL21BMPMPMB4,L1,20,0,0.0
2026-09-08,2026-09-07,51203,13593110,EDCKUL21BMPMPMB4,L2,35,0,0.0
2026-09-08,2026-09-07,51203,13593110,EDCKUL21BMPMPMB4,L3,26,0,0.0
2026-09-08,2026-09-07,51203,13593111,EDCKUL21VES09200,L1,20,0,0.0
2026-09-08,2026-09-07,51203,13593111,EDCKUL21VES09200,L2,35,0,0.0
2026-09-08,2026-09-07,51203,13593111,EDCKUL21VES09200,L3,26,0,0.0
2026-09-08,2026-09-07,51203,13737882,EDCKUL21BMPCY100,L1,20,0,0.0
2026-09-08,2026-09-07,51203,13737882,EDCKUL21BMPCY100,L2,35,0,0.0
2026-09-08,2026-09-07,51203,13737882,EDCKUL21BMPCY100,L3,26,0,0.0
2026-09-08,2026-09-07,51203,13737883,EDCKUL21BMPCA100,L1,20,0,0.0
2026-09-08,2026-09-07,51203,13737883,EDCKUL21BMPCA100,L2,35,0,0.0
2026-09-08,2026-09-07,51203,13737883,EDCKUL21BMPCA100,L3,26,0,0.0
2026-09-08,2026-09-07,51203,13737884,EDCKUL21BMPCB100,L1,20,0,0.0
2026-09-08,2026-09-07,51203,13737884,EDCKUL21BMPCB100,L2,35,0,0.0
2026-09-08,2026-09-07,51203,13737884,EDCKUL21BMPCB100,L3,26,0,0.0
2026-09-08,2026-09-07,51203,13737885,EDCKUL21BMPCC100,L1,20,0,0.0
2026-09-08,2026-09-07,51203,13737885,EDCKUL21BMPCC100,L2,35,0,0.0
2026-09-08,2026-09-07,51203,13737885,EDCKUL21BMPCC100,L3,26,0,0.0
2026-09-08,2026-09-07,51203,13737886,EDCKUL21BMPCD100,L1,20,0,0.0
2026-09-08,2026-09-07,51203,13737886,EDCKUL21BMPCD100,L2,35,0,0.0
2026-09-08,2026-09-07,51203,13737886,EDCKUL21BMPCD100,L3,26,0,0.0
2026-09-08,2026-09-07,51203,13737887,EDCKUL21BMPCE100,L1,20,0,0.0
2026-09-08,2026-09-07,51203,13737887,EDCKUL21BMPCE100,L2,35,0,0.0
2026-09-08,2026-09-07,51203,13737887,EDCKUL21BMPCE100,L3,26,0,0.0
2026-09-08,2026-09-07,51203,13737888,EDCKUL21BMPCF100,L1,20,0,0.0
2026-09-08,2026-09-07,51203,13737888,EDCKUL21BMPCF100,L2,35,0,0.0
2026-09-08,2026-09-07,51203,13737888,EDCKUL21BMPCF100,L3,26,0,0.0
2026-09-08,2026-09-07,51203,13737889,EDCKUL21BMPCT100,L1,20,0,0.0
2026-09-08,2026-09-07,51203,13737889,EDCKUL21BMPCT100,L2,35,0,0.0
2026-09-08,2026-09-07,51203,13737889,EDCKUL21BMPCT100,L3,26,0,0.0
2026-09-08,2026-09-07,51203,13737890,EDCKUL21BMP00102,L1,20,0,0.0
2026-09-08,2026-09-07,51203,13737890,EDCKUL21BMP00102,L2,35,0,0.0
2026-09-08,2026-09-07,51203,13737890,EDCKUL21BMP00102,L3,26,0,0.0
2026-09-08,2026-09-07,51203,13737891,EDCKUL21BMP00103,L1,20,0,0.0
2026-09-08,2026-09-07,51203,13737891,EDCKUL21BMP00103,L2,35,0,0.0
2026-09-08,2026-09-07,51203,13737891,EDCKUL21BMP00103,L3,26,0,0.0
2026-09-08,2026-09-07,51203,13737892,EDCKUL21BMPTCS12,L1,20,0,0.0
2026-09-08,2026-09-07,51203,13737892,EDCKUL21BMPTCS12,L2,35,0,0.0
2026-09-08,2026-09-07,51203,13737892,EDCKUL21BMPTCS12,L3,26,0,0.0
2026-09-08,2026-09-07,51203,13737893,EDCKUL21BMPTCS22,L1,20,0,0.0
2026-09-08,2026-09-07,51203,13737893,EDCKUL21BMPTCS22,L2,35,0,0.0
2026-09-08,2026-09-07,51203,13737893,EDCKUL21BMPTCS22,L3,26,0,0.0
2026-09-08,2026-09-07,51203,13737894,EDCKUL21BMPTCS13,L1,20,0,0.0
2026-09-08,2026-09-07,51203,13737894,EDCKUL21BMPTCS13,L2,35,0,0.0
2026-09-08,2026-09-07,51203,13737894,EDCKUL21BMPTCS13,L3,26,0,0.0
2026-09-08,2026-09-07,51203,13737895,EDCKUL21BMPTCS23,L1,20,0,0.0
2026-09-08,2026-09-07,51203,13737895,EDCKUL21BMPTCS23,L2,35,0,0.0
2026-09-08,2026-09-07,51203,13737895,EDCKUL21BMPTCS23,L3,26,0,0.0
2026-09-08,2026-09-07,51203,13851798,EDCKUL21PAC00900,L1,20,0,0.0
2026-09-08,2026-09-07,51203,13851798,EDCKUL21PAC00900,L2,35,0,0.0
2026-09-08,2026-09-07,51203,13851798,EDCKUL21PAC00900,L3,26,0,0.0
2026-09-08,2026-09-07,51203,13851799,EDCKUL21PAC01000,L1,20,0,0.0
2026-09-08,2026-09-07,51203,13851799,EDCKUL21PAC01000,L2,35,0,0.0
2026-09-08,2026-09-07,51203,13851799,EDCKUL21PAC01000,L3,26,0,0.0
2026-09-08,2026-09-07,51203,13851800,EDCKUL21PAS01700,L1,20,0,0.0
2026-09-08,2026-09-07,51203,13851800,EDCKUL21PAS01700,L2,35,0,0.0
2026-09-08,2026-09-07,51203,13851800,EDCKUL21PAS01700,L3,26,0,0.0
2026-09-08,2026-09-07,51203,13851801,EDCKUL21PAS01800,L1,20,0,0.0
2026-09-08,2026-09-07,51203,13851801,EDCKUL21PAS01800,L2,35,0,0.0
2026-09-08,2026-09-07,51203,13851801,EDCKUL21PAS01800,L3,26,0,0.0
2026-09-08,2026-09-07,51203,13851802,EDCKUL21PAS01900,L1,20,0,0.0
2026-09-08,2026-09-07,51203,13851802,EDCKUL21PAS01900,L2,35,0,0.0
2026-09-08,2026-09-07,51203,13851802,EDCKUL21PAS01900,L3,26,0,0.0
2026-09-08,2026-09-07,51203,13851803,EDCKUL21PAS02000,L1,20,0,0.0
2026-09-08,2026-09-07,51203,13851803,EDCKUL21PAS02000,L2,35,0,0.0
2026-09-08,2026-09-07,51203,13851803,EDCKUL21PAS02000,L3,26,0,0.0
2026-09-08,2026-09-07,51203,13851804,EDCKUL21PAS02100,L1,20,0,0.0
2026-09-08,2026-09-07,51203,13851804,EDCKUL21PAS02100,L2,35,0,0.0
2026-09-08,2026-09-07,51203,13851804,EDCKUL21PAS02100,L3,26,0,0.0
2026-09-08,2026-09-07,51203,13851805,EDCKUL21PAS02200,L1,20,0,0.0
2026-09-08,2026-09-07,51203,13851805,EDCKUL21PAS02200,L2,35,0,0.0
2026-09-08,2026-09-07,51203,13851805,EDCKUL21PAS02200,L3,26,0,0.0
2026-09-08,2026-09-07,51204,12414800,EDCKUL21ACS04150,L1,20,0,0.0
2026-09-08,2026-09-07,51204,12414800,EDCKUL21ACS04150,L2,35,0,0.0
2026-09-08,2026-09-07,51204,12414800,EDCKUL21ACS04150,L3,26,0,0.0
2026-09-08,2026-09-07,51204,12414801,EDCKUL21ACS04050,L1,20,0,0.0
2026-09-08,2026-09-07,51204,12414801,EDCKUL21ACS04050,L2,35,0,0.0
2026-09-08,2026-09-07,51204,12414801,EDCKUL21ACS04050,L3,26,0,0.0
2026-09-08,2026-09-07,51204,12414802,EDCKUL21ACS04160,L1,20,0,0.0
2026-09-08,2026-09-07,51204,12414802,EDCKUL21ACS04160,L2,35,0,0.0
2026-09-08,2026-09-07,51204,12414802,EDCKUL21ACS04160,L3,26,0,0.0
2026-09-08,2026-09-07,51204,12414803,EDCKUL21ACS04060,L1,20,0,0.0
2026-09-08,2026-09-07,51204,12414803,EDCKUL21ACS04060,L2,35,0,0.0
2026-09-08,2026-09-07,51204,12414803,EDCKUL21ACS04060,L3,26,0,0.0
2026-09-08,2026-09-07,51204,12414804,EDCKUL21ACS04170,L1,20,0,0.0
2026-09-08,2026-09-07,51204,12414804,EDCKUL21ACS04170,L2,35,0,0.0
2026-09-08,2026-09-07,51204,12414804,EDCKUL21ACS04170,L3,26,0,0.0
2026-09-08,2026-09-07,51204,12414805,EDCKUL21ACS04070,L1,20,0,0.0
2026-09-08,2026-09-07,51204,12414805,EDCKUL21ACS04070,L2,35,0,0.0
2026-09-08,2026-09-07,51204,12414805,EDCKUL21ACS04070,L3,26,0,0.0
2026-09-08,2026-09-07,51204,12414806,EDCKUL21ACS04180,L1,20,0,0.0
2026-09-08,2026-09-07,51204,12414806,EDCKUL21ACS04180,L2,35,0,0.0
2026-09-08,2026-09-07,51204,12414806,EDCKUL21ACS04180,L3,26,0,0.0
2026-09-08,2026-09-07,51204,12414807,EDCKUL21ACS04080,L1,20,0,0.0
2026-09-08,2026-09-07,51204,12414807,EDCKUL21ACS04080,L2,35,0,0.0
2026-09-08,2026-09-07,51204,12414807,EDCKUL21ACS04080,L3,26,0,0.0
2026-09-08,2026-09-07,51204,12414808,EDCKUL21ACS04190,L1,20,0,0.0
2026-09-08,2026-09-07,51204,12414808,EDCKUL21ACS04190,L2,35,0,0.0
2026-09-08,2026-09-07,51204,12414808,EDCKUL21ACS04190,L3,26,0,0.0
2026-09-08,2026-09-07,51204,12414809,EDCKUL21ACS04090,L1,20,0,0.0
2026-09-08,2026-09-07,51204,12414809,EDCKUL21ACS04090,L2,35,0,0.0
2026-09-08,2026-09-07,51204,12414809,EDCKUL21ACS04090,L3,26,0,0.0
2026-09-08,2026-09-07,51204,12414810,EDCKUL21ACS041A0,L1,20,0,0.0
2026-09-08,2026-09-07,51204,12414810,EDCKUL21ACS041A0,L2,35,0,0.0
2026-09-08,2026-09-07,51204,12414810,EDCKUL21ACS041A0,L3,26,0,0.0
2026-09-08,2026-09-07,51204,12414811,EDCKUL21ACS040A0,L1,20,0,0.0
2026-09-08,2026-09-07,51204,12414811,EDCKUL21ACS040A0,L2,35,0,0.0
2026-09-08,2026-09-07,51204,12414811,EDCKUL21ACS040A0,L3,26,0,0.0
2026-09-08,2026-09-07,51204,12414812,EDCKUL21ACS04140,L1,20,0,0.0
2026-09-08,2026-09-07,51204,12414812,EDCKUL21ACS04140,L2,35,0,0.0
2026-09-08,2026-09-07,51204,12414812,EDCKUL21ACS04140,L3,26,0,0.0
2026-09-08,2026-09-07,51204,12414813,EDCKUL21ACS04040,L1,20,0,0.0
2026-09-08,2026-09-07,51204,12414813,EDCKUL21ACS04040,L2,35,0,0.0
2026-09-08,2026-09-07,51204,12414813,EDCKUL21ACS04040,L3,26,0,0.0
2026-09-08,2026-09-07,51204,12414814,EDCKUL21ACS041B0,L1,20,0,0.0
2026-09-08,2026-09-07,51204,12414814,EDCKUL21ACS041B0,L2,35,0,0.0
2026-09-08,2026-09-07,51204,12414814,EDCKUL21ACS041B0,L3,26,0,0.0
2026-09-08,2026-09-07,51204,12414815,EDCKUL21ACS040B0,L1,20,0,0.0
2026-09-08,2026-09-07,51204,12414815,EDCKUL21ACS040B0,L2,35,0,0.0
2026-09-08,2026-09-07,51204,12414815,EDCKUL21ACS040B0,L3,26,0,0.0
2026-09-08,2026-09-07,51204,12414816,EDCKUL21ACS03850,L1,20,0,0.0
2026-09-08,2026-09-07,51204,12414816,EDCKUL21ACS03850,L2,35,0,0.0
2026-09-08,2026-09-07,51204,12414816,EDCKUL21ACS03850,L3,26,0,0.0
2026-09-08,2026-09-07,51204,12414817,EDCKUL21ACS03860,L1,20,0,0.0
2026-09-08,2026-09-07,51204,12414817,EDCKUL21ACS03860,L2,35,0,0.0
2026-09-08,2026-09-07,51204,12414817,EDCKUL21ACS03860,L3,26,0,0.0
2026-09-08,2026-09-07,51204,12414818,EDCKUL21ACS03830,L1,20,0,0.0
2026-09-08,2026-09-07,51204,12414818,EDCKUL21ACS03830,L2,35,0,0.0
2026-09-08,2026-09-07,51204,12414818,EDCKUL21ACS03830,L3,26,0,0.0
2026-09-08,2026-09-07,51204,12414819,EDCKUL21ACS03820,L1,20,0,0.0
2026-09-08,2026-09-07,51204,12414819,EDCKUL21ACS03820,L2,35,0,0.0
2026-09-08,2026-09-07,51204,12414819,EDCKUL21ACS03820,L3,26,0,0.0
2026-09-08,2026-09-07,51204,12414820,EDCKUL21ACS03910,L1,20,0,0.0
2026-09-08,2026-09-07,51204,12414820,EDCKUL21ACS03910,L2,35,0,0.0
2026-09-08,2026-09-07,51204,12414820,EDCKUL21ACS03910,L3,26,0,0.0
2026-09-08,2026-09-07,51204,12414821,EDCKUL21ACS03920,L1,20,0,0.0
2026-09-08,2026-09-07,51204,12414821,EDCKUL21ACS03920,L2,35,0,0.0
2026-09-08,2026-09-07,51204,12414821,EDCKUL21ACS03920,L3,26,0,0.0
2026-09-08,2026-09-07,51204,12414822,EDCKUL21ACS03950,L1,20,0,0.0
2026-09-08,2026-09-07,51204,12414822,EDCKUL21ACS03950,L2,35,0,0.0
2026-09-08,2026-09-07,51204,12414822,EDCKUL21ACS03950,L3,26,0,0.0
2026-09-08,2026-09-07,51204,12414823,EDCKUL21ACS03960,L1,20,0,0.0
2026-09-08,2026-09-07,51204,12414823,EDCKUL21ACS03960,L2,35,0,0.0
2026-09-08,2026-09-07,51204,12414823,EDCKUL21ACS03960,L3,26,0,0.0
2026-09-08,2026-09-07,51204,12414824,EDCKUL21ACS03810,L1,20,0,0.0
2026-09-08,2026-09-07,51204,12414824,EDCKUL21ACS03810,L2,35,0,0.0
2026-09-08,2026-09-07,51204,12414824,EDCKUL21ACS03810,L3,26,0,0.0
2026-09-08,2026-09-07,51204,12414825,EDCKUL21ACS03990,L1,20,0,0.0
2026-09-08,2026-09-07,51204,12414825,EDCKUL21ACS03990,L2,35,0,0.0
2026-09-08,2026-09-07,51204,12414825,EDCKUL21ACS03990,L3,26,0,0.0
2026-09-08,2026-09-07,51204,12414826,EDCKUL21ACS039A0,L1,20,0,0.0
2026-09-08,2026-09-07,51204,12414826,EDCKUL21ACS039A0,L2,35,0,0.0
2026-09-08,2026-09-07,51204,12414826,EDCKUL21ACS039A0,L3,26,0,0.0
2026-09-08,2026-09-07,51204,12414827,EDCKUL21ACS03880,L1,20,0,0.0
2026-09-08,2026-09-07,51204,12414827,EDCKUL21ACS03880,L2,35,0,0.0
2026-09-08,2026-09-07,51204,12414827,EDCKUL21ACS03880,L3,26,0,0.0
2026-09-08,2026-09-07,51204,12414828,EDCKUL21ACS03870,L1,20,0,0.0
2026-09-08,2026-09-07,51204,12414828,EDCKUL21ACS03870,L2,35,0,0.0
2026-09-08,2026-09-07,51204,12414828,EDCKUL21ACS03870,L3,26,0,0.0
2026-09-08,2026-09-07,51204,12414829,EDCKUL21ACS03970,L1,20,0,0.0
2026-09-08,2026-09-07,51204,12414829,EDCKUL21ACS03970,L2,35,0,0.0
2026-09-08,2026-09-07,51204,12414829,EDCKUL21ACS03970,L3,26,0,0.0
2026-09-08,2026-09-07,51204,12414830,EDCKUL21ACS03940,L1,20,0,0.0
2026-09-08,2026-09-07,51204,12414830,EDCKUL21ACS03940,L2,35,0,0.0
2026-09-08,2026-09-07,51204,12414830,EDCKUL21ACS03940,L3,26,0,0.0
2026-09-08,2026-09-07,51204,12414831,EDCKUL21ACS03840,L1,20,0,0.0
2026-09-08,2026-09-07,51204,12414831,EDCKUL21ACS03840,L2,35,0,0.0
2026-09-08,2026-09-07,51204,12414831,EDCKUL21ACS03840,L3,26,0,0.0
2026-09-08,2026-09-07,51204,12414832,EDCKUL21ACS03930,L1,20,0,0.0
2026-09-08,2026-09-07,51204,12414832,EDCKUL21ACS03930,L2,35,0,0.0
2026-09-08,2026-09-07,51204,12414832,EDCKUL21ACS03930,L3,26,0,0.0
2026-09-08,2026-09-07,51204,12414833,EDCKUL21ACS04110,L1,20,0,0.0
2026-09-08,2026-09-07,51204,12414833,EDCKUL21ACS04110,L2,35,0,0.0
2026-09-08,2026-09-07,51204,12414833,EDCKUL21ACS04110,L3,26,0,0.0
2026-09-08,2026-09-07,51204,12414834,EDCKUL21ACS04010,L1,20,0,0.0
2026-09-08,2026-09-07,51204,12414834,EDCKUL21ACS04010,L2,35,0,0.0
2026-09-08,2026-09-07,51204,12414834,EDCKUL21ACS04010,L3,26,0,0.0
2026-09-08,2026-09-07,51204,12414835,EDCKUL21ACS04120,L1,20,0,0.0
2026-09-08,2026-09-07,51204,12414835,EDCKUL21ACS04120,L2,35,0,0.0
2026-09-08,2026-09-07,51204,12414835,EDCKUL21ACS04120,L3,26,0,0.0
2026-09-08,2026-09-07,51204,12414836,EDCKUL21ACS04020,L1,20,0,0.0
2026-09-08,2026-09-07,51204,12414836,EDCKUL21ACS04020,L2,35,0,0.0
2026-09-08,2026-09-07,51204,12414836,EDCKUL21ACS04020,L3,26,0,0.0
2026-09-08,2026-09-07,51204,12414837,EDCKUL21ACS04130,L1,20,0,0.0
2026-09-08,2026-09-07,51204,12414837,EDCKUL21ACS04130,L2,35,0,0.0
2026-09-08,2026-09-07,51204,12414837,EDCKUL21ACS04130,L3,26,0,0.0
2026-09-08,2026-09-07,51204,12414838,EDCKUL21ACS04030,L1,20,0,0.0
2026-09-08,2026-09-07,51204,12414838,EDCKUL21ACS04030,L2,35,0,0.0
2026-09-08,2026-09-07,51204,12414838,EDCKUL21ACS04030,L3,26,0,0.0
2026-09-08,2026-09-07,51204,12414839,EDCKUL21ACS03890,L1,20,0,0.0
2026-09-08,2026-09-07,51204,12414839,EDCKUL21ACS03890,L2,35,0,0.0
2026-09-08,2026-09-07,51204,12414839,EDCKUL21ACS03890,L3,26,0,0.0
2026-09-08,2026-09-07,51204,12414840,EDCKUL21ACS03980,L1,20,0,0.0
2026-09-08,2026-09-07,51204,12414840,EDCKUL21ACS03980,L2,35,0,0.0
2026-09-08,2026-09-07,51204,12414840,EDCKUL21ACS03980,L3,26,0,0.0
2026-09-08,2026-09-07,51204,12414841,EDCKUL21ACS038A0,L1,20,0,0.0
2026-09-08,2026-09-07,51204,12414841,EDCKUL21ACS038A0,L2,35,0,0.0
2026-09-08,2026-09-07,51204,12414841,EDCKUL21ACS038A0,L3,26,0,0.0
2026-09-08,2026-09-07,51204,12414842,EDCKUL21VRF03800,L1,20,0,0.0
2026-09-08,2026-09-07,51204,12414842,EDCKUL21VRF03800,L2,35,0,0.0
2026-09-08,2026-09-07,51204,12414842,EDCKUL21VRF03800,L3,26,0,0.0
2026-09-08,2026-09-07,51204,12414843,EDCKUL21VRF03900,L1,20,0,0.0
2026-09-08,2026-09-07,51204,12414843,EDCKUL21VRF03900,L2,35,0,0.0
2026-09-08,2026-09-07,51204,12414843,EDCKUL21VRF03900,L3,26,0,0.0
2026-09-08,2026-09-07,51204,12414844,EDCKUL21VRF04000,L1,20,0,0.0
2026-09-08,2026-09-07,51204,12414844,EDCKUL21VRF04000,L2,35,0,0.0
2026-09-08,2026-09-07,51204,12414844,EDCKUL21VRF04000,L3,26,0,0.0
2026-09-08,2026-09-07,51204,12414845,EDCKUL21VRF04100,L1,20,0,0.0
2026-09-08,2026-09-07,51204,12414845,EDCKUL21VRF04100,L2,35,0,0.0
2026-09-08,2026-09-07,51204,12414845,EDCKUL21VRF04100,L3,26,0,0.0
2026-09-08,2026-09-07,51204,12414850,EDCKUL21CDUC0108,L1,20,0,0.0
2026-09-08,2026-09-07,51204,12414850,EDCKUL21CDUC0108,L2,35,0,0.0
2026-09-08,2026-09-07,51204,12414850,EDCKUL21CDUC0108,L3,26,0,0.0
2026-09-08,2026-09-07,51204,12414851,EDCKUL21CDUC0208,L1,20,0,0.0
2026-09-08,2026-09-07,51204,12414851,EDCKUL21CDUC0208,L2,35,0,0.0
2026-09-08,2026-09-07,51204,12414851,EDCKUL21CDUC0208,L3,26,0,0.0
2026-09-08,2026-09-07,51204,12414852,EDCKUL21CDUC0308,L1,20,0,0.0
2026-09-08,2026-09-07,51204,12414852,EDCKUL21CDUC0308,L2,35,0,0.0
2026-09-08,2026-09-07,51204,12414852,EDCKUL21CDUC0308,L3,26,0,0.0
2026-09-08,2026-09-07,51204,12414853,EDCKUL21CDUC0408,L1,20,0,0.0
2026-09-08,2026-09-07,51204,12414853,EDCKUL21CDUC0408,L2,35,0,0.0
2026-09-08,2026-09-07,51204,12414853,EDCKUL21CDUC0408,L3,26,0,0.0
2026-09-08,2026-09-07,51204,12414854,EDCKUL21CDUC0508,L1,20,0,0.0
2026-09-08,2026-09-07,51204,12414854,EDCKUL21CDUC0508,L2,35,0,0.0
2026-09-08,2026-09-07,51204,12414854,EDCKUL21CDUC0508,L3,26,0,0.0
2026-09-08,2026-09-07,51204,12414855,EDCKUL21CDUC0608,L1,20,0,0.0
2026-09-08,2026-09-07,51204,12414855,EDCKUL21CDUC0608,L2,35,0,0.0
2026-09-08,2026-09-07,51204,12414855,EDCKUL21CDUC0608,L3,26,0,0.0
2026-09-08,2026-09-07,51204,12414856,EDCKUL21CDUC0109,L1,20,0,0.0
2026-09-08,2026-09-07,51204,12414856,EDCKUL21CDUC0109,L2,35,0,0.0
2026-09-08,2026-09-07,51204,12414856,EDCKUL21CDUC0109,L3,26,0,0.0
2026-09-08,2026-09-07,51204,12414857,EDCKUL21CDUC0209,L1,20,0,0.0
2026-09-08,2026-09-07,51204,12414857,EDCKUL21CDUC0209,L2,35,0,0.0
2026-09-08,2026-09-07,51204,12414857,EDCKUL21CDUC0209,L3,26,0,0.0
2026-09-08,2026-09-07,51204,12414858,EDCKUL21CDUC0309,L1,20,0,0.0
2026-09-08,2026-09-07,51204,12414858,EDCKUL21CDUC0309,L2,35,0,0.0
2026-09-08,2026-09-07,51204,12414858,EDCKUL21CDUC0309,L3,26,0,0.0
2026-09-08,2026-09-07,51204,12414859,EDCKUL21CDUC0409,L1,20,0,0.0
2026-09-08,2026-09-07,51204,12414859,EDCKUL21CDUC0409,L2,35,0,0.0
2026-09-08,2026-09-07,51204,12414859,EDCKUL21CDUC0409,L3,26,0,0.0
2026-09-08,2026-09-07,51204,12414860,EDCKUL21CDUC0509,L1,20,0,0.0
2026-09-08,2026-09-07,51204,12414860,EDCKUL21CDUC0509,L2,35,0,0.0
2026-09-08,2026-09-07,51204,12414860,EDCKUL21CDUC0509,L3,26,0,0.0
2026-09-08,2026-09-07,51204,12414861,EDCKUL21CDUC0609,L1,20,0,0.0
2026-09-08,2026-09-07,51204,12414861,EDCKUL21CDUC0609,L2,35,0,0.0
2026-09-08,2026-09-07,51204,12414861,EDCKUL21CDUC0609,L3,26,0,0.0
2026-09-08,2026-09-07,51204,12414862,EDCKUL21AISC0108,L1,20,0,0.0
2026-09-08,2026-09-07,51204,12414862,EDCKUL21AISC0108,L2,35,0,0.0
2026-09-08,2026-09-07,51204,12414862,EDCKUL21AISC0108,L3,26,0,0.0
2026-09-08,2026-09-07,51204,12414863,EDCKUL21AISC0208,L1,20,0,0.0
2026-09-08,2026-09-07,51204,12414863,EDCKUL21AISC0208,L2,35,0,0.0
2026-09-08,2026-09-07,51204,12414863,EDCKUL21AISC0208,L3,26,0,0.0
2026-09-08,2026-09-07,51204,12414864,EDCKUL21AISC0109,L1,20,0,0.0
2026-09-08,2026-09-07,51204,12414864,EDCKUL21AISC0109,L2,35,0,0.0
2026-09-08,2026-09-07,51204,12414864,EDCKUL21AISC0109,L3,26,0,0.0
2026-09-08,2026-09-07,51204,12414865,EDCKUL21AISC0209,L1,20,0,0.0
2026-09-08,2026-09-07,51204,12414865,EDCKUL21AISC0209,L2,35,0,0.0
2026-09-08,2026-09-07,51204,12414865,EDCKUL21AISC0209,L3,26,0,0.0
2026-09-08,2026-09-07,51204,12414866,EDCKUL21CTSC0108,L1,20,0,0.0
2026-09-08,2026-09-07,51204,12414866,EDCKUL21CTSC0108,L2,35,0,0.0
2026-09-08,2026-09-07,51204,12414866,EDCKUL21CTSC0108,L3,26,0,0.0
2026-09-08,2026-09-07,51204,12414867,EDCKUL21CTSC0208,L1,20,0,0.0
2026-09-08,2026-09-07,51204,12414867,EDCKUL21CTSC0208,L2,35,0,0.0
2026-09-08,2026-09-07,51204,12414867,EDCKUL21CTSC0208,L3,26,0,0.0
2026-09-08,2026-09-07,51204,12414868,EDCKUL21CTSC0109,L1,20,0,0.0
2026-09-08,2026-09-07,51204,12414868,EDCKUL21CTSC0109,L2,35,0,0.0
2026-09-08,2026-09-07,51204,12414868,EDCKUL21CTSC0109,L3,26,0,0.0
2026-09-08,2026-09-07,51204,12414869,EDCKUL21CTSC0209,L1,20,0,0.0
2026-09-08,2026-09-07,51204,12414869,EDCKUL21CTSC0209,L2,35,0,0.0
2026-09-08,2026-09-07,51204,12414869,EDCKUL21CTSC0209,L3,26,0,0.0
2026-09-08,2026-09-07,51204,12414870,EDCKUL21EXPC0108,L1,20,0,0.0
2026-09-08,2026-09-07,51204,12414870,EDCKUL21EXPC0108,L2,35,0,0.0
2026-09-08,2026-09-07,51204,12414870,EDCKUL21EXPC0108,L3,26,0,0.0
2026-09-08,2026-09-07,51204,12414871,EDCKUL21EXPC0208,L1,20,0,0.0
2026-09-08,2026-09-07,51204,12414871,EDCKUL21EXPC0208,L2,35,0,0.0
2026-09-08,2026-09-07,51204,12414871,EDCKUL21EXPC0208,L3,26,0,0.0
2026-09-08,2026-09-07,51204,12414872,EDCKUL21EXPC0109,L1,20,0,0.0
2026-09-08,2026-09-07,51204,12414872,EDCKUL21EXPC0109,L2,35,0,0.0
2026-09-08,2026-09-07,51204,12414872,EDCKUL21EXPC0109,L3,26,0,0.0
2026-09-08,2026-09-07,51204,12414873,EDCKUL21EXPC0209,L1,20,0,0.0
2026-09-08,2026-09-07,51204,12414873,EDCKUL21EXPC0209,L2,35,0,0.0
2026-09-08,2026-09-07,51204,12414873,EDCKUL21EXPC0209,L3,26,0,0.0
2026-09-08,2026-09-07,51204,12414874,EDCKUL21MUPC0108,L1,20,0,0.0
2026-09-08,2026-09-07,51204,12414874,EDCKUL21MUPC0108,L2,35,0,0.0
2026-09-08,2026-09-07,51204,12414874,EDCKUL21MUPC0108,L3,26,0,0.0
2026-09-08,2026-09-07,51204,12414875,EDCKUL21MUPC0208,L1,20,0,0.0
2026-09-08,2026-09-07,51204,12414875,EDCKUL21MUPC0208,L2,35,0,0.0
2026-09-08,2026-09-07,51204,12414875,EDCKUL21MUPC0208,L3,26,0,0.0
2026-09-08,2026-09-07,51204,12414876,EDCKUL21MUPC0109,L1,20,0,0.0
2026-09-08,2026-09-07,51204,12414876,EDCKUL21MUPC0109,L2,35,0,0.0
2026-09-08,2026-09-07,51204,12414876,EDCKUL21MUPC0109,L3,26,0,0.0
2026-09-08,2026-09-07,51204,12414877,EDCKUL21MUPC0209,L1,20,0,0.0
2026-09-08,2026-09-07,51204,12414877,EDCKUL21MUPC0209,L2,35,0,0.0
2026-09-08,2026-09-07,51204,12414877,EDCKUL21MUPC0209,L3,26,0,0.0
2026-09-08,2026-09-07,51204,12414878,EDCKUL21TESC0108,L1,20,0,0.0
2026-09-08,2026-09-07,51204,12414878,EDCKUL21TESC0108,L2,35,0,0.0
2026-09-08,2026-09-07,51204,12414878,EDCKUL21TESC0108,L3,26,0,0.0
2026-09-08,2026-09-07,51204,12414879,EDCKUL21TESC0208,L1,20,0,0.0
2026-09-08,2026-09-07,51204,12414879,EDCKUL21TESC0208,L2,35,0,0.0
2026-09-08,2026-09-07,51204,12414879,EDCKUL21TESC0208,L3,26,0,0.0
2026-09-08,2026-09-07,51204,12414880,EDCKUL21TESC0308,L1,20,0,0.0
2026-09-08,2026-09-07,51204,12414880,EDCKUL21TESC0308,L2,35,0,0.0
2026-09-08,2026-09-07,51204,12414880,EDCKUL21TESC0308,L3,26,0,0.0
2026-09-08,2026-09-07,51204,12414881,EDCKUL21TESC0408,L1,20,0,0.0
2026-09-08,2026-09-07,51204,12414881,EDCKUL21TESC0408,L2,35,0,0.0
2026-09-08,2026-09-07,51204,12414881,EDCKUL21TESC0408,L3,26,0,0.0
2026-09-08,2026-09-07,51204,12414882,EDCKUL21TESC0508,L1,20,0,0.0
2026-09-08,2026-09-07,51204,12414882,EDCKUL21TESC0508,L2,35,0,0.0
2026-09-08,2026-09-07,51204,12414882,EDCKUL21TESC0508,L3,26,0,0.0
2026-09-08,2026-09-07,51204,12414883,EDCKUL21TESC0608,L1,20,0,0.0
2026-09-08,2026-09-07,51204,12414883,EDCKUL21TESC0608,L2,35,0,0.0
2026-09-08,2026-09-07,51204,12414883,EDCKUL21TESC0608,L3,26,0,0.0
2026-09-08,2026-09-07,51204,12414884,EDCKUL21TESC0109,L1,20,0,0.0
2026-09-08,2026-09-07,51204,12414884,EDCKUL21TESC0109,L2,35,0,0.0
2026-09-08,2026-09-07,51204,12414884,EDCKUL21TESC0109,L3,26,0,0.0
2026-09-08,2026-09-07,51204,12414885,EDCKUL21TESC0209,L1,20,0,0.0
2026-09-08,2026-09-07,51204,12414885,EDCKUL21TESC0209,L2,35,0,0.0
2026-09-08,2026-09-07,51204,12414885,EDCKUL21TESC0209,L3,26,0,0.0
2026-09-08,2026-09-07,51204,12414886,EDCKUL21TESC0309,L1,20,0,0.0
2026-09-08,2026-09-07,51204,12414886,EDCKUL21TESC0309,L2,35,0,0.0
2026-09-08,2026-09-07,51204,12414886,EDCKUL21TESC0309,L3,26,0,0.0
2026-09-08,2026-09-07,51204,12414887,EDCKUL21TESC0409,L1,20,0,0.0
2026-09-08,2026-09-07,51204,12414887,EDCKUL21TESC0409,L2,35,0,0.0
2026-09-08,2026-09-07,51204,12414887,EDCKUL21TESC0409,L3,26,0,0.0
2026-09-08,2026-09-07,51204,12414888,EDCKUL21TESC0509,L1,20,0,0.0
2026-09-08,2026-09-07,51204,12414888,EDCKUL21TESC0509,L2,35,0,0.0
2026-09-08,2026-09-07,51204,12414888,EDCKUL21TESC0509,L3,26,0,0.0
2026-09-08,2026-09-07,51204,12414889,EDCKUL21TESC0609,L1,20,0,0.0
2026-09-08,2026-09-07,51204,12414889,EDCKUL21TESC0609,L2,35,0,0.0
2026-09-08,2026-09-07,51204,12414889,EDCKUL21TESC0609,L3,26,0,0.0
2026-09-08,2026-09-07,51204,12414890,EDCKUL21TESC0100,L1,20,20,100.0
2026-09-08,2026-09-07,51204,12414890,EDCKUL21TESC0100,L2,35,0,0.0
2026-09-08,2026-09-07,51204,12414890,EDCKUL21TESC0100,L3,26,0,0.0
2026-09-08,2026-09-07,51204,12414891,EDCKUL21TESC0200,L1,20,20,100.0
2026-09-08,2026-09-07,51204,12414891,EDCKUL21TESC0200,L2,35,0,0.0
2026-09-08,2026-09-07,51204,12414891,EDCKUL21TESC0200,L3,26,0,0.0
2026-09-08,2026-09-07,51204,12414892,EDCKUL21TESC0300,L1,20,20,100.0
2026-09-08,2026-09-07,51204,12414892,EDCKUL21TESC0300,L2,35,0,0.0
2026-09-08,2026-09-07,51204,12414892,EDCKUL21TESC0300,L3,26,0,0.0
2026-09-08,2026-09-07,51204,12414893,EDCKUL21TESC0400,L1,20,20,100.0
2026-09-08,2026-09-07,51204,12414893,EDCKUL21TESC0400,L2,35,0,0.0
2026-09-08,2026-09-07,51204,12414893,EDCKUL21TESC0400,L3,26,0,0.0
2026-09-08,2026-09-07,51204,12414894,EDCKUL21TESC0500,L1,20,20,100.0
2026-09-08,2026-09-07,51204,12414894,EDCKUL21TESC0500,L2,35,0,0.0
2026-09-08,2026-09-07,51204,12414894,EDCKUL21TESC0500,L3,26,0,0.0
2026-09-08,2026-09-07,51204,12414895,EDCKUL21TESC0600,L1,20,20,100.0
2026-09-08,2026-09-07,51204,12414895,EDCKUL21TESC0600,L2,35,0,0.0
2026-09-08,2026-09-07,51204,12414895,EDCKUL21TESC0600,L3,26,0,0.0
2026-09-08,2026-09-07,51204,12414896,EDCKUL21CHLC0100,L1,20,0,0.0
2026-09-08,2026-09-07,51204,12414896,EDCKUL21CHLC0100,L2,35,0,0.0
2026-09-08,2026-09-07,51204,12414896,EDCKUL21CHLC0100,L3,26,0,0.0
2026-09-08,2026-09-07,51204,12414897,EDCKUL21CHLC0200,L1,20,0,0.0
2026-09-08,2026-09-07,51204,12414897,EDCKUL21CHLC0200,L2,35,0,0.0
2026-09-08,2026-09-07,51204,12414897,EDCKUL21CHLC0200,L3,26,0,0.0
2026-09-08,2026-09-07,51204,12414898,EDCKUL21CHLC0300,L1,20,0,0.0
2026-09-08,2026-09-07,51204,12414898,EDCKUL21CHLC0300,L2,35,0,0.0
2026-09-08,2026-09-07,51204,12414898,EDCKUL21CHLC0300,L3,26,0,0.0
2026-09-08,2026-09-07,51204,12414899,EDCKUL21CHLC0400,L1,20,0,0.0
2026-09-08,2026-09-07,51204,12414899,EDCKUL21CHLC0400,L2,35,0,0.0
2026-09-08,2026-09-07,51204,12414899,EDCKUL21CHLC0400,L3,26,0,0.0
2026-09-08,2026-09-07,51204,12414900,EDCKUL21CHLC0500,L1,20,0,0.0
2026-09-08,2026-09-07,51204,12414900,EDCKUL21CHLC0500,L2,35,0,0.0
2026-09-08,2026-09-07,51204,12414900,EDCKUL21CHLC0500,L3,26,0,0.0
2026-09-08,2026-09-07,51204,12414901,EDCKUL21CHLC0600,L1,20,0,0.0
2026-09-08,2026-09-07,51204,12414901,EDCKUL21CHLC0600,L2,35,0,0.0
2026-09-08,2026-09-07,51204,12414901,EDCKUL21CHLC0600,L3,26,0,0.0
2026-09-08,2026-09-07,51204,12414902,EDCKUL21CHLC0700,L1,20,0,0.0
2026-09-08,2026-09-07,51204,12414902,EDCKUL21CHLC0700,L2,35,0,0.0
2026-09-08,2026-09-07,51204,12414902,EDCKUL21CHLC0700,L3,26,0,0.0
2026-09-08,2026-09-07,51204,12414903,EDCKUL21CHLC0800,L1,20,0,0.0
2026-09-08,2026-09-07,51204,12414903,EDCKUL21CHLC0800,L2,35,0,0.0
2026-09-08,2026-09-07,51204,12414903,EDCKUL21CHLC0800,L3,26,0,0.0
2026-09-08,2026-09-07,51204,12414904,EDCKUL21CHLC0900,L1,20,0,0.0
2026-09-08,2026-09-07,51204,12414904,EDCKUL21CHLC0900,L2,35,0,0.0
2026-09-08,2026-09-07,51204,12414904,EDCKUL21CHLC0900,L3,26,0,0.0
2026-09-08,2026-09-07,51204,12414905,EDCKUL21CHLC1000,L1,20,0,0.0
2026-09-08,2026-09-07,51204,12414905,EDCKUL21CHLC1000,L2,35,0,0.0
2026-09-08,2026-09-07,51204,12414905,EDCKUL21CHLC1000,L3,26,0,0.0
2026-09-08,2026-09-07,51204,12414906,EDCKUL21CHLC1100,L1,20,0,0.0
2026-09-08,2026-09-07,51204,12414906,EDCKUL21CHLC1100,L2,35,0,0.0
2026-09-08,2026-09-07,51204,12414906,EDCKUL21CHLC1100,L3,26,0,0.0
2026-09-08,2026-09-07,51204,12414907,EDCKUL21CHLC1200,L1,20,0,0.0
2026-09-08,2026-09-07,51204,12414907,EDCKUL21CHLC1200,L2,35,0,0.0
2026-09-08,2026-09-07,51204,12414907,EDCKUL21CHLC1200,L3,26,0,0.0
2026-09-08,2026-09-07,51204,12414908,EDCKUL21CHLC1300,L1,20,0,0.0
2026-09-08,2026-09-07,51204,12414908,EDCKUL21CHLC1300,L2,35,0,0.0
2026-09-08,2026-09-07,51204,12414908,EDCKUL21CHLC1300,L3,26,0,0.0
2026-09-08,2026-09-07,51204,12414909,EDCKUL21CHLC1400,L1,20,0,0.0
2026-09-08,2026-09-07,51204,12414909,EDCKUL21CHLC1400,L2,35,0,0.0
2026-09-08,2026-09-07,51204,12414909,EDCKUL21CHLC1400,L3,26,0,0.0
2026-09-08,2026-09-07,51204,12414910,EDCKUL21CHLC1500,L1,20,0,0.0
2026-09-08,2026-09-07,51204,12414910,EDCKUL21CHLC1500,L2,35,0,0.0
2026-09-08,2026-09-07,51204,12414910,EDCKUL21CHLC1500,L3,26,0,0.0
2026-09-08,2026-09-07,51204,12414911,EDCKUL21CHPC0100,L1,20,0,0.0
2026-09-08,2026-09-07,51204,12414911,EDCKUL21CHPC0100,L2,35,0,0.0
2026-09-08,2026-09-07,51204,12414911,EDCKUL21CHPC0100,L3,26,0,0.0
2026-09-08,2026-09-07,51204,12414912,EDCKUL21CHPC0200,L1,20,0,0.0
2026-09-08,2026-09-07,51204,12414912,EDCKUL21CHPC0200,L2,35,0,0.0
2026-09-08,2026-09-07,51204,12414912,EDCKUL21CHPC0200,L3,26,0,0.0
2026-09-08,2026-09-07,51204,12414913,EDCKUL21CHPC0300,L1,20,0,0.0
2026-09-08,2026-09-07,51204,12414913,EDCKUL21CHPC0300,L2,35,0,0.0
2026-09-08,2026-09-07,51204,12414913,EDCKUL21CHPC0300,L3,26,0,0.0
2026-09-08,2026-09-07,51204,12414914,EDCKUL21CHPC0400,L1,20,0,0.0
2026-09-08,2026-09-07,51204,12414914,EDCKUL21CHPC0400,L2,35,0,0.0
2026-09-08,2026-09-07,51204,12414914,EDCKUL21CHPC0400,L3,26,0,0.0
2026-09-08,2026-09-07,51204,12414915,EDCKUL21CHPC0500,L1,20,0,0.0
2026-09-08,2026-09-07,51204,12414915,EDCKUL21CHPC0500,L2,35,0,0.0
2026-09-08,2026-09-07,51204,12414915,EDCKUL21CHPC0500,L3,26,0,0.0
2026-09-08,2026-09-07,51204,12414916,EDCKUL21CHPC0600,L1,20,0,0.0
2026-09-08,2026-09-07,51204,12414916,EDCKUL21CHPC0600,L2,35,0,0.0
2026-09-08,2026-09-07,51204,12414916,EDCKUL21CHPC0600,L3,26,0,0.0
2026-09-08,2026-09-07,51204,12414917,EDCKUL21CHPC0700,L1,20,0,0.0
2026-09-08,2026-09-07,51204,12414917,EDCKUL21CHPC0700,L2,35,0,0.0
2026-09-08,2026-09-07,51204,12414917,EDCKUL21CHPC0700,L3,26,0,0.0
2026-09-08,2026-09-07,51204,12414918,EDCKUL21CHPC0800,L1,20,0,0.0
2026-09-08,2026-09-07,51204,12414918,EDCKUL21CHPC0800,L2,35,0,0.0
2026-09-08,2026-09-07,51204,12414918,EDCKUL21CHPC0800,L3,26,0,0.0
2026-09-08,2026-09-07,51204,12414919,EDCKUL21CHPC0900,L1,20,0,0.0
2026-09-08,2026-09-07,51204,12414919,EDCKUL21CHPC0900,L2,35,0,0.0
2026-09-08,2026-09-07,51204,12414919,EDCKUL21CHPC0900,L3,26,0,0.0
2026-09-08,2026-09-07,51204,12414920,EDCKUL21CHPC1000,L1,20,0,0.0
2026-09-08,2026-09-07,51204,12414920,EDCKUL21CHPC1000,L2,35,0,0.0
2026-09-08,2026-09-07,51204,12414920,EDCKUL21CHPC1000,L3,26,0,0.0
2026-09-08,2026-09-07,51204,12414921,EDCKUL21CHPC1100,L1,20,0,0.0
2026-09-08,2026-09-07,51204,12414921,EDCKUL21CHPC1100,L2,35,0,0.0
2026-09-08,2026-09-07,51204,12414921,EDCKUL21CHPC1100,L3,26,0,0.0
2026-09-08,2026-09-07,51204,12414922,EDCKUL21CHPC1200,L1,20,0,0.0
2026-09-08,2026-09-07,51204,12414922,EDCKUL21CHPC1200,L2,35,0,0.0
2026-09-08,2026-09-07,51204,12414922,EDCKUL21CHPC1200,L3,26,0,0.0
2026-09-08,2026-09-07,51204,12414923,EDCKUL21CHPC1300,L1,20,0,0.0
2026-09-08,2026-09-07,51204,12414923,EDCKUL21CHPC1300,L2,35,0,0.0
2026-09-08,2026-09-07,51204,12414923,EDCKUL21CHPC1300,L3,26,0,0.0
2026-09-08,2026-09-07,51204,12414924,EDCKUL21CHPC1400,L1,20,0,0.0
2026-09-08,2026-09-07,51204,12414924,EDCKUL21CHPC1400,L2,35,0,0.0
2026-09-08,2026-09-07,51204,12414924,EDCKUL21CHPC1400,L3,26,0,0.0
2026-09-08,2026-09-07,51204,12414925,EDCKUL21CHPC1500,L1,20,0,0.0
2026-09-08,2026-09-07,51204,12414925,EDCKUL21CHPC1500,L2,35,0,0.0
2026-09-08,2026-09-07,51204,12414925,EDCKUL21CHPC1500,L3,26,0,0.0
2026-09-08,2026-09-07,51204,12414926,EDCKUL21CTSC0100,L1,20,0,0.0
2026-09-08,2026-09-07,51204,12414926,EDCKUL21CTSC0100,L2,35,0,0.0
2026-09-08,2026-09-07,51204,12414926,EDCKUL21CTSC0100,L3,26,0,0.0
2026-09-08,2026-09-07,51204,12414927,EDCKUL21CTSC0200,L1,20,0,0.0
2026-09-08,2026-09-07,51204,12414927,EDCKUL21CTSC0200,L2,35,0,0.0
2026-09-08,2026-09-07,51204,12414927,EDCKUL21CTSC0200,L3,26,0,0.0
2026-09-08,2026-09-07,51204,12414928,EDCKUL21EXPC0100,L1,20,0,0.0
2026-09-08,2026-09-07,51204,12414928,EDCKUL21EXPC0100,L2,35,0,0.0
2026-09-08,2026-09-07,51204,12414928,EDCKUL21EXPC0100,L3,26,0,0.0
2026-09-08,2026-09-07,51204,12414929,EDCKUL21EXPC0200,L1,20,0,0.0
2026-09-08,2026-09-07,51204,12414929,EDCKUL21EXPC0200,L2,35,0,0.0
2026-09-08,2026-09-07,51204,12414929,EDCKUL21EXPC0200,L3,26,0,0.0
2026-09-08,2026-09-07,51204,12414930,EDCKUL21AISC0100,L1,20,0,0.0
2026-09-08,2026-09-07,51204,12414930,EDCKUL21AISC0100,L2,35,0,0.0
2026-09-08,2026-09-07,51204,12414930,EDCKUL21AISC0100,L3,26,0,0.0
2026-09-08,2026-09-07,51204,12414931,EDCKUL21AISC0200,L1,20,0,0.0
2026-09-08,2026-09-07,51204,12414931,EDCKUL21AISC0200,L2,35,0,0.0
2026-09-08,2026-09-07,51204,12414931,EDCKUL21AISC0200,L3,26,0,0.0
2026-09-08,2026-09-07,51204,12414932,EDCKUL21CRAC0100,L1,20,20,100.0
2026-09-08,2026-09-07,51204,12414932,EDCKUL21CRAC0100,L2,35,0,0.0
2026-09-08,2026-09-07,51204,12414932,EDCKUL21CRAC0100,L3,26,0,0.0
2026-09-08,2026-09-07,51204,12414933,EDCKUL21CRAC0200,L1,20,20,100.0
2026-09-08,2026-09-07,51204,12414933,EDCKUL21CRAC0200,L2,35,0,0.0
2026-09-08,2026-09-07,51204,12414933,EDCKUL21CRAC0200,L3,26,0,0.0
2026-09-08,2026-09-07,51204,12414934,EDCKUL21CRAC0300,L1,20,20,100.0
2026-09-08,2026-09-07,51204,12414934,EDCKUL21CRAC0300,L2,35,0,0.0
2026-09-08,2026-09-07,51204,12414934,EDCKUL21CRAC0300,L3,26,0,0.0
2026-09-08,2026-09-07,51204,12414935,EDCKUL21CRAC0400,L1,20,20,100.0
2026-09-08,2026-09-07,51204,12414935,EDCKUL21CRAC0400,L2,35,0,0.0
2026-09-08,2026-09-07,51204,12414935,EDCKUL21CRAC0400,L3,26,0,0.0
2026-09-08,2026-09-07,51204,12414936,EDCKUL21CRAC0500,L1,20,20,100.0
2026-09-08,2026-09-07,51204,12414936,EDCKUL21CRAC0500,L2,35,0,0.0
2026-09-08,2026-09-07,51204,12414936,EDCKUL21CRAC0500,L3,26,0,0.0
2026-09-08,2026-09-07,51204,12414937,EDCKUL21CRAC0600,L1,20,20,100.0
2026-09-08,2026-09-07,51204,12414937,EDCKUL21CRAC0600,L2,35,0,0.0
2026-09-08,2026-09-07,51204,12414937,EDCKUL21CRAC0600,L3,26,0,0.0
2026-09-08,2026-09-07,51204,12414938,EDCKUL21CRAC1500,L1,20,20,100.0
2026-09-08,2026-09-07,51204,12414938,EDCKUL21CRAC1500,L2,35,0,0.0
2026-09-08,2026-09-07,51204,12414938,EDCKUL21CRAC1500,L3,26,0,0.0
2026-09-08,2026-09-07,51204,12414939,EDCKUL21CRAC1600,L1,20,20,100.0
2026-09-08,2026-09-07,51204,12414939,EDCKUL21CRAC1600,L2,35,0,0.0
2026-09-08,2026-09-07,51204,12414939,EDCKUL21CRAC1600,L3,26,0,0.0
2026-09-08,2026-09-07,51204,12414940,EDCKUL21CRAC1100,L1,20,20,100.0
2026-09-08,2026-09-07,51204,12414940,EDCKUL21CRAC1100,L2,35,0,0.0
2026-09-08,2026-09-07,51204,12414940,EDCKUL21CRAC1100,L3,26,0,0.0
2026-09-08,2026-09-07,51204,12414941,EDCKUL21CRAC1200,L1,20,20,100.0
2026-09-08,2026-09-07,51204,12414941,EDCKUL21CRAC1200,L2,35,0,0.0
2026-09-08,2026-09-07,51204,12414941,EDCKUL21CRAC1200,L3,26,0,0.0
2026-09-08,2026-09-07,51204,12414942,EDCKUL21CRAC0900,L1,20,20,100.0
2026-09-08,2026-09-07,51204,12414942,EDCKUL21CRAC0900,L2,35,0,0.0
2026-09-08,2026-09-07,51204,12414942,EDCKUL21CRAC0900,L3,26,0,0.0
2026-09-08,2026-09-07,51204,12414943,EDCKUL21CRAC1000,L1,20,20,100.0
2026-09-08,2026-09-07,51204,12414943,EDCKUL21CRAC1000,L2,35,0,0.0
2026-09-08,2026-09-07,51204,12414943,EDCKUL21CRAC1000,L3,26,0,0.0
2026-09-08,2026-09-07,51204,12414944,EDCKUL21CRAC1300,L1,20,20,100.0
2026-09-08,2026-09-07,51204,12414944,EDCKUL21CRAC1300,L2,35,0,0.0
2026-09-08,2026-09-07,51204,12414944,EDCKUL21CRAC1300,L3,26,0,0.0
2026-09-08,2026-09-07,51204,12414945,EDCKUL21CRAC1400,L1,20,20,100.0
2026-09-08,2026-09-07,51204,12414945,EDCKUL21CRAC1400,L2,35,0,0.0
2026-09-08,2026-09-07,51204,12414945,EDCKUL21CRAC1400,L3,26,0,0.0
2026-09-08,2026-09-07,51204,12414946,EDCKUL21CRAC0700,L1,20,20,100.0
2026-09-08,2026-09-07,51204,12414946,EDCKUL21CRAC0700,L2,35,0,0.0
2026-09-08,2026-09-07,51204,12414946,EDCKUL21CRAC0700,L3,26,0,0.0
2026-09-08,2026-09-07,51204,12414947,EDCKUL21CRAC0800,L1,20,20,100.0
2026-09-08,2026-09-07,51204,12414947,EDCKUL21CRAC0800,L2,35,0,0.0
2026-09-08,2026-09-07,51204,12414947,EDCKUL21CRAC0800,L3,26,0,0.0
2026-09-08,2026-09-07,51204,12414948,EDCKUL21CRAC0108,L1,20,20,100.0
2026-09-08,2026-09-07,51204,12414948,EDCKUL21CRAC0108,L2,35,0,0.0
2026-09-08,2026-09-07,51204,12414948,EDCKUL21CRAC0108,L3,26,0,0.0
2026-09-08,2026-09-07,51204,12414949,EDCKUL21CRAC0208,L1,20,20,100.0
2026-09-08,2026-09-07,51204,12414949,EDCKUL21CRAC0208,L2,35,0,0.0
2026-09-08,2026-09-07,51204,12414949,EDCKUL21CRAC0208,L3,26,0,0.0
2026-09-08,2026-09-07,51204,12414950,EDCKUL21CRAC0308,L1,20,20,100.0
2026-09-08,2026-09-07,51204,12414950,EDCKUL21CRAC0308,L2,35,0,0.0
2026-09-08,2026-09-07,51204,12414950,EDCKUL21CRAC0308,L3,26,0,0.0
2026-09-08,2026-09-07,51204,12414951,EDCKUL21CRAC0408,L1,20,20,100.0
2026-09-08,2026-09-07,51204,12414951,EDCKUL21CRAC0408,L2,35,0,0.0
2026-09-08,2026-09-07,51204,12414951,EDCKUL21CRAC0408,L3,26,0,0.0
2026-09-08,2026-09-07,51204,12414952,EDCKUL21CRAC0808,L1,20,20,100.0
2026-09-08,2026-09-07,51204,12414952,EDCKUL21CRAC0808,L2,35,0,0.0
2026-09-08,2026-09-07,51204,12414952,EDCKUL21CRAC0808,L3,26,0,0.0
2026-09-08,2026-09-07,51204,12414953,EDCKUL21CRAC0708,L1,20,20,100.0
2026-09-08,2026-09-07,51204,12414953,EDCKUL21CRAC0708,L2,35,0,0.0
2026-09-08,2026-09-07,51204,12414953,EDCKUL21CRAC0708,L3,26,0,0.0
2026-09-08,2026-09-07,51204,12414954,EDCKUL21CRAC0608,L1,20,20,100.0
2026-09-08,2026-09-07,51204,12414954,EDCKUL21CRAC0608,L2,35,0,0.0
2026-09-08,2026-09-07,51204,12414954,EDCKUL21CRAC0608,L3,26,0,0.0
2026-09-08,2026-09-07,51204,12414955,EDCKUL21CRAC0508,L1,20,20,100.0
2026-09-08,2026-09-07,51204,12414955,EDCKUL21CRAC0508,L2,35,0,0.0
2026-09-08,2026-09-07,51204,12414955,EDCKUL21CRAC0508,L3,26,0,0.0
2026-09-08,2026-09-07,51204,12414956,EDCKUL21CRAC0109,L1,20,20,100.0
2026-09-08,2026-09-07,51204,12414956,EDCKUL21CRAC0109,L2,35,0,0.0
2026-09-08,2026-09-07,51204,12414956,EDCKUL21CRAC0109,L3,26,0,0.0
2026-09-08,2026-09-07,51204,12414957,EDCKUL21CRAC0209,L1,20,20,100.0
2026-09-08,2026-09-07,51204,12414957,EDCKUL21CRAC0209,L2,35,0,0.0
2026-09-08,2026-09-07,51204,12414957,EDCKUL21CRAC0209,L3,26,0,0.0
2026-09-08,2026-09-07,51204,12414958,EDCKUL21CRAC0309,L1,20,20,100.0
2026-09-08,2026-09-07,51204,12414958,EDCKUL21CRAC0309,L2,35,0,0.0
2026-09-08,2026-09-07,51204,12414958,EDCKUL21CRAC0309,L3,26,0,0.0
2026-09-08,2026-09-07,51204,12414959,EDCKUL21CRAC0409,L1,20,20,100.0
2026-09-08,2026-09-07,51204,12414959,EDCKUL21CRAC0409,L2,35,0,0.0
2026-09-08,2026-09-07,51204,12414959,EDCKUL21CRAC0409,L3,26,0,0.0
2026-09-08,2026-09-07,51204,12414960,EDCKUL21CRAC0809,L1,20,20,100.0
2026-09-08,2026-09-07,51204,12414960,EDCKUL21CRAC0809,L2,35,0,0.0
2026-09-08,2026-09-07,51204,12414960,EDCKUL21CRAC0809,L3,26,0,0.0
2026-09-08,2026-09-07,51204,12414961,EDCKUL21CRAC0709,L1,20,20,100.0
2026-09-08,2026-09-07,51204,12414961,EDCKUL21CRAC0709,L2,35,0,0.0
2026-09-08,2026-09-07,51204,12414961,EDCKUL21CRAC0709,L3,26,0,0.0
2026-09-08,2026-09-07,51204,12414962,EDCKUL21CRAC0609,L1,20,20,100.0
2026-09-08,2026-09-07,51204,12414962,EDCKUL21CRAC0609,L2,35,0,0.0
2026-09-08,2026-09-07,51204,12414962,EDCKUL21CRAC0609,L3,26,0,0.0
2026-09-08,2026-09-07,51204,12414963,EDCKUL21CRAC0509,L1,20,20,100.0
2026-09-08,2026-09-07,51204,12414963,EDCKUL21CRAC0509,L2,35,0,0.0
2026-09-08,2026-09-07,51204,12414963,EDCKUL21CRAC0509,L3,26,0,0.0
2026-09-08,2026-09-07,51204,12414964,EDCKUL21GDTEA100,L1,20,20,100.0
2026-09-08,2026-09-07,51204,12414964,EDCKUL21GDTEA100,L2,35,0,0.0
2026-09-08,2026-09-07,51204,12414964,EDCKUL21GDTEA100,L3,26,0,0.0
2026-09-08,2026-09-07,51204,12414965,EDCKUL21GDTEB100,L1,20,20,100.0
2026-09-08,2026-09-07,51204,12414965,EDCKUL21GDTEB100,L2,35,0,0.0
2026-09-08,2026-09-07,51204,12414965,EDCKUL21GDTEB100,L3,26,0,0.0
2026-09-08,2026-09-07,51204,12414966,EDCKUL21GDTEC100,L1,20,20,100.0
2026-09-08,2026-09-07,51204,12414966,EDCKUL21GDTEC100,L2,35,0,0.0
2026-09-08,2026-09-07,51204,12414966,EDCKUL21GDTEC100,L3,26,0,0.0
2026-09-08,2026-09-07,51204,12414967,EDCKUL21GDTED100,L1,20,20,100.0
2026-09-08,2026-09-07,51204,12414967,EDCKUL21GDTED100,L2,35,0,0.0
2026-09-08,2026-09-07,51204,12414967,EDCKUL21GDTED100,L3,26,0,0.0
2026-09-08,2026-09-07,51204,12414968,EDCKUL21GDTEE100,L1,20,20,100.0
2026-09-08,2026-09-07,51204,12414968,EDCKUL21GDTEE100,L2,35,0,0.0
2026-09-08,2026-09-07,51204,12414968,EDCKUL21GDTEE100,L3,26,0,0.0
2026-09-08,2026-09-07,51204,12414969,EDCKUL21GDTEF100,L1,20,20,100.0
2026-09-08,2026-09-07,51204,12414969,EDCKUL21GDTEF100,L2,35,0,0.0
2026-09-08,2026-09-07,51204,12414969,EDCKUL21GDTEF100,L3,26,0,0.0
2026-09-08,2026-09-07,51204,12414970,EDCKUL21GDTET100,L1,20,20,100.0
2026-09-08,2026-09-07,51204,12414970,EDCKUL21GDTET100,L2,35,0,0.0
2026-09-08,2026-09-07,51204,12414970,EDCKUL21GDTET100,L3,26,0,0.0
2026-09-08,2026-09-07,51204,12414971,EDCKUL21GDTET200,L1,20,20,100.0
2026-09-08,2026-09-07,51204,12414971,EDCKUL21GDTET200,L2,35,0,0.0
2026-09-08,2026-09-07,51204,12414971,EDCKUL21GDTET200,L3,26,0,0.0
2026-09-08,2026-09-07,51204,12414972,EDCKUL21GENEA100,L1,20,20,100.0
2026-09-08,2026-09-07,51204,12414972,EDCKUL21GENEA100,L2,35,0,0.0
2026-09-08,2026-09-07,51204,12414972,EDCKUL21GENEA100,L3,26,0,0.0
2026-09-08,2026-09-07,51204,12414973,EDCKUL21GENEB100,L1,20,20,100.0
2026-09-08,2026-09-07,51204,12414973,EDCKUL21GENEB100,L2,35,0,0.0
2026-09-08,2026-09-07,51204,12414973,EDCKUL21GENEB100,L3,26,0,0.0
2026-09-08,2026-09-07,51204,12414974,EDCKUL21GENEC100,L1,20,20,100.0
2026-09-08,2026-09-07,51204,12414974,EDCKUL21GENEC100,L2,35,0,0.0
2026-09-08,2026-09-07,51204,12414974,EDCKUL21GENEC100,L3,26,0,0.0
2026-09-08,2026-09-07,51204,12414975,EDCKUL21GENED100,L1,20,20,100.0
2026-09-08,2026-09-07,51204,12414975,EDCKUL21GENED100,L2,35,0,0.0
2026-09-08,2026-09-07,51204,12414975,EDCKUL21GENED100,L3,26,0,0.0
2026-09-08,2026-09-07,51204,12414976,EDCKUL21GENEE100,L1,20,20,100.0
2026-09-08,2026-09-07,51204,12414976,EDCKUL21GENEE100,L2,35,0,0.0
2026-09-08,2026-09-07,51204,12414976,EDCKUL21GENEE100,L3,26,0,0.0
2026-09-08,2026-09-07,51204,12414977,EDCKUL21GENEF100,L1,20,20,100.0
2026-09-08,2026-09-07,51204,12414977,EDCKUL21GENEF100,L2,35,0,0.0
2026-09-08,2026-09-07,51204,12414977,EDCKUL21GENEF100,L3,26,0,0.0
2026-09-08,2026-09-07,51204,12414978,EDCKUL21GENET100,L1,20,20,100.0
2026-09-08,2026-09-07,51204,12414978,EDCKUL21GENET100,L2,35,0,0.0
2026-09-08,2026-09-07,51204,12414978,EDCKUL21GENET100,L3,26,0,0.0
2026-09-08,2026-09-07,51204,12414979,EDCKUL21GENET200,L1,20,20,100.0
2026-09-08,2026-09-07,51204,12414979,EDCKUL21GENET200,L2,35,0,0.0
2026-09-08,2026-09-07,51204,12414979,EDCKUL21GENET200,L3,26,0,0.0
2026-09-08,2026-09-07,51204,12414980,EDCKUL21GSBEA100,L1,20,19,95.0
2026-09-08,2026-09-07,51204,12414980,EDCKUL21GSBEA100,L2,35,0,0.0
2026-09-08,2026-09-07,51204,12414980,EDCKUL21GSBEA100,L3,26,0,0.0
2026-09-08,2026-09-07,51204,12414981,EDCKUL21GSBEB100,L1,20,19,95.0
2026-09-08,2026-09-07,51204,12414981,EDCKUL21GSBEB100,L2,35,0,0.0
2026-09-08,2026-09-07,51204,12414981,EDCKUL21GSBEB100,L3,26,0,0.0
2026-09-08,2026-09-07,51204,12414982,EDCKUL21GSBEC100,L1,20,19,95.0
2026-09-08,2026-09-07,51204,12414982,EDCKUL21GSBEC100,L2,35,0,0.0
2026-09-08,2026-09-07,51204,12414982,EDCKUL21GSBEC100,L3,26,0,0.0
2026-09-08,2026-09-07,51204,12414983,EDCKUL21GSBED100,L1,20,19,95.0
2026-09-08,2026-09-07,51204,12414983,EDCKUL21GSBED100,L2,35,0,0.0
2026-09-08,2026-09-07,51204,12414983,EDCKUL21GSBED100,L3,26,0,0.0
2026-09-08,2026-09-07,51204,12414984,EDCKUL21GSBEE100,L1,20,19,95.0
2026-09-08,2026-09-07,51204,12414984,EDCKUL21GSBEE100,L2,35,0,0.0
2026-09-08,2026-09-07,51204,12414984,EDCKUL21GSBEE100,L3,26,0,0.0
2026-09-08,2026-09-07,51204,12414985,EDCKUL21GSBEF100,L1,20,19,95.0
2026-09-08,2026-09-07,51204,12414985,EDCKUL21GSBEF100,L2,35,0,0.0
2026-09-08,2026-09-07,51204,12414985,EDCKUL21GSBEF100,L3,26,0,0.0
2026-09-08,2026-09-07,51204,12414986,EDCKUL21GSBET100,L1,20,19,95.0
2026-09-08,2026-09-07,51204,12414986,EDCKUL21GSBET100,L2,35,0,0.0
2026-09-08,2026-09-07,51204,12414986,EDCKUL21GSBET100,L3,26,0,0.0
2026-09-08,2026-09-07,51204,12414987,EDCKUL21GSBET200,L1,20,19,95.0
2026-09-08,2026-09-07,51204,12414987,EDCKUL21GSBET200,L2,35,0,0.0
2026-09-08,2026-09-07,51204,12414987,EDCKUL21GSBET200,L3,26,0,0.0
2026-09-08,2026-09-07,51204,12414988,EDCKUL21DSGEB110,L1,20,20,100.0
2026-09-08,2026-09-07,51204,12414988,EDCKUL21DSGEB110,L2,35,7,20.0
2026-09-08,2026-09-07,51204,12414988,EDCKUL21DSGEB110,L3,26,0,0.0
2026-09-08,2026-09-07,51204,12414989,EDCKUL21DSGEC110,L1,20,20,100.0
2026-09-08,2026-09-07,51204,12414989,EDCKUL21DSGEC110,L2,35,7,20.0
2026-09-08,2026-09-07,51204,12414989,EDCKUL21DSGEC110,L3,26,0,0.0
2026-09-08,2026-09-07,51204,12414990,EDCKUL21DSGED110,L1,20,20,100.0
2026-09-08,2026-09-07,51204,12414990,EDCKUL21DSGED110,L2,35,7,20.0
2026-09-08,2026-09-07,51204,12414990,EDCKUL21DSGED110,L3,26,0,0.0
2026-09-08,2026-09-07,51204,12414991,EDCKUL21DSGEE110,L1,20,20,100.0
2026-09-08,2026-09-07,51204,12414991,EDCKUL21DSGEE110,L2,35,7,20.0
2026-09-08,2026-09-07,51204,12414991,EDCKUL21DSGEE110,L3,26,0,0.0
2026-09-08,2026-09-07,51204,12414992,EDCKUL21DSGEF110,L1,20,20,100.0
2026-09-08,2026-09-07,51204,12414992,EDCKUL21DSGEF110,L2,35,7,20.0
2026-09-08,2026-09-07,51204,12414992,EDCKUL21DSGEF110,L3,26,0,0.0
2026-09-08,2026-09-07,51204,12414993,EDCKUL21DSGET120,L1,20,20,100.0
2026-09-08,2026-09-07,51204,12414993,EDCKUL21DSGET120,L2,35,7,20.0
2026-09-08,2026-09-07,51204,12414993,EDCKUL21DSGET120,L3,26,0,0.0
2026-09-08,2026-09-07,51204,12414994,EDCKUL21DSGEA110,L1,20,20,100.0
2026-09-08,2026-09-07,51204,12414994,EDCKUL21DSGEA110,L2,35,7,20.0
2026-09-08,2026-09-07,51204,12414994,EDCKUL21DSGEA110,L3,26,0,0.0
2026-09-08,2026-09-07,51204,12414995,EDCKUL21DSGET110,L1,20,20,100.0
2026-09-08,2026-09-07,51204,12414995,EDCKUL21DSGET110,L2,35,7,20.0
2026-09-08,2026-09-07,51204,12414995,EDCKUL21DSGET110,L3,26,0,0.0
2026-09-08,2026-09-07,51204,12414996,EDCKUL21TRNEB100,L1,20,20,100.0
2026-09-08,2026-09-07,51204,12414996,EDCKUL21TRNEB100,L2,35,7,20.0
2026-09-08,2026-09-07,51204,12414996,EDCKUL21TRNEB100,L3,26,0,0.0
2026-09-08,2026-09-07,51204,12414997,EDCKUL21TRNEC100,L1,20,20,100.0
2026-09-08,2026-09-07,51204,12414997,EDCKUL21TRNEC100,L2,35,7,20.0
2026-09-08,2026-09-07,51204,12414997,EDCKUL21TRNEC100,L3,26,0,0.0
2026-09-08,2026-09-07,51204,12414998,EDCKUL21TRNED100,L1,20,20,100.0
2026-09-08,2026-09-07,51204,12414998,EDCKUL21TRNED100,L2,35,7,20.0
2026-09-08,2026-09-07,51204,12414998,EDCKUL21TRNED100,L3,26,0,0.0
2026-09-08,2026-09-07,51204,12414999,EDCKUL21TRNEE100,L1,20,20,100.0
2026-09-08,2026-09-07,51204,12414999,EDCKUL21TRNEE100,L2,35,7,20.0
2026-09-08,2026-09-07,51204,12414999,EDCKUL21TRNEE100,L3,26,0,0.0
2026-09-08,2026-09-07,51204,12415000,EDCKUL21TRNEF100,L1,20,20,100.0
2026-09-08,2026-09-07,51204,12415000,EDCKUL21TRNEF100,L2,35,7,20.0
2026-09-08,2026-09-07,51204,12415000,EDCKUL21TRNEF100,L3,26,0,0.0
2026-09-08,2026-09-07,51204,12415001,EDCKUL21TRNET200,L1,20,20,100.0
2026-09-08,2026-09-07,51204,12415001,EDCKUL21TRNET200,L2,35,7,20.0
2026-09-08,2026-09-07,51204,12415001,EDCKUL21TRNET200,L3,26,0,0.0
2026-09-08,2026-09-07,51204,12415002,EDCKUL21TRNEA100,L1,20,20,100.0
2026-09-08,2026-09-07,51204,12415002,EDCKUL21TRNEA100,L2,35,7,20.0
2026-09-08,2026-09-07,51204,12415002,EDCKUL21TRNEA100,L3,26,0,0.0
2026-09-08,2026-09-07,51204,12415003,EDCKUL21TRNET100,L1,20,20,100.0
2026-09-08,2026-09-07,51204,12415003,EDCKUL21TRNET100,L2,35,7,20.0
2026-09-08,2026-09-07,51204,12415003,EDCKUL21TRNET100,L3,26,0,0.0
2026-09-08,2026-09-07,51204,12415004,EDCKUL21MSBEA110,L1,20,0,0.0
2026-09-08,2026-09-07,51204,12415004,EDCKUL21MSBEA110,L2,35,0,0.0
2026-09-08,2026-09-07,51204,12415004,EDCKUL21MSBEA110,L3,26,0,0.0
2026-09-08,2026-09-07,51204,12415005,EDCKUL21MSBEB110,L1,20,20,100.0
2026-09-08,2026-09-07,51204,12415005,EDCKUL21MSBEB110,L2,35,0,0.0
2026-09-08,2026-09-07,51204,12415005,EDCKUL21MSBEB110,L3,26,0,0.0
2026-09-08,2026-09-07,51204,12415006,EDCKUL21MSBEB210,L1,20,20,100.0
2026-09-08,2026-09-07,51204,12415006,EDCKUL21MSBEB210,L2,35,0,0.0
2026-09-08,2026-09-07,51204,12415006,EDCKUL21MSBEB210,L3,26,0,0.0
2026-09-08,2026-09-07,51204,12415007,EDCKUL21MSBEC110,L1,20,20,100.0
2026-09-08,2026-09-07,51204,12415007,EDCKUL21MSBEC110,L2,35,0,0.0
2026-09-08,2026-09-07,51204,12415007,EDCKUL21MSBEC110,L3,26,0,0.0
2026-09-08,2026-09-07,51204,12415008,EDCKUL21MSBED110,L1,20,20,100.0
2026-09-08,2026-09-07,51204,12415008,EDCKUL21MSBED110,L2,35,0,0.0
2026-09-08,2026-09-07,51204,12415008,EDCKUL21MSBED110,L3,26,0,0.0
2026-09-08,2026-09-07,51204,12415009,EDCKUL21MSBEE110,L1,20,0,0.0
2026-09-08,2026-09-07,51204,12415009,EDCKUL21MSBEE110,L2,35,0,0.0
2026-09-08,2026-09-07,51204,12415009,EDCKUL21MSBEE110,L3,26,0,0.0
2026-09-08,2026-09-07,51204,12415010,EDCKUL21MSBEE210,L1,20,20,100.0
2026-09-08,2026-09-07,51204,12415010,EDCKUL21MSBEE210,L2,35,0,0.0
2026-09-08,2026-09-07,51204,12415010,EDCKUL21MSBEE210,L3,26,0,0.0
2026-09-08,2026-09-07,51204,12415011,EDCKUL21MSBEF110,L1,20,20,100.0
2026-09-08,2026-09-07,51204,12415011,EDCKUL21MSBEF110,L2,35,0,0.0
2026-09-08,2026-09-07,51204,12415011,EDCKUL21MSBEF110,L3,26,0,0.0
2026-09-08,2026-09-07,51204,12415012,EDCKUL21MSBET110,L1,20,20,100.0
2026-09-08,2026-09-07,51204,12415012,EDCKUL21MSBET110,L2,35,0,0.0
2026-09-08,2026-09-07,51204,12415012,EDCKUL21MSBET110,L3,26,0,0.0
2026-09-08,2026-09-07,51204,12415013,EDCKUL21MSBET120,L1,20,20,100.0
2026-09-08,2026-09-07,51204,12415013,EDCKUL21MSBET120,L2,35,0,0.0
2026-09-08,2026-09-07,51204,12415013,EDCKUL21MSBET120,L3,26,0,0.0
2026-09-08,2026-09-07,51204,12415014,EDCKUL21MBCEA110,L1,20,0,0.0
2026-09-08,2026-09-07,51204,12415014,EDCKUL21MBCEA110,L2,35,0,0.0
2026-09-08,2026-09-07,51204,12415014,EDCKUL21MBCEA110,L3,26,0,0.0
2026-09-08,2026-09-07,51204,12415015,EDCKUL21MBCEB110,L1,20,20,100.0
2026-09-08,2026-09-07,51204,12415015,EDCKUL21MBCEB110,L2,35,0,0.0
2026-09-08,2026-09-07,51204,12415015,EDCKUL21MBCEB110,L3,26,0,0.0
2026-09-08,2026-09-07,51204,12415016,EDCKUL21MBCEC110,L1,20,20,100.0
2026-09-08,2026-09-07,51204,12415016,EDCKUL21MBCEC110,L2,35,0,0.0
2026-09-08,2026-09-07,51204,12415016,EDCKUL21MBCEC110,L3,26,0,0.0
2026-09-08,2026-09-07,51204,12415017,EDCKUL21MBCED110,L1,20,20,100.0
2026-09-08,2026-09-07,51204,12415017,EDCKUL21MBCED110,L2,35,0,0.0
2026-09-08,2026-09-07,51204,12415017,EDCKUL21MBCED110,L3,26,0,0.0
2026-09-08,2026-09-07,51204,12415018,EDCKUL21MBCEE110,L1,20,0,0.0
2026-09-08,2026-09-07,51204,12415018,EDCKUL21MBCEE110,L2,35,0,0.0
2026-09-08,2026-09-07,51204,12415018,EDCKUL21MBCEE110,L3,26,0,0.0
2026-09-08,2026-09-07,51204,12415019,EDCKUL21MBCEF110,L1,20,20,100.0
2026-09-08,2026-09-07,51204,12415019,EDCKUL21MBCEF110,L2,35,0,0.0
2026-09-08,2026-09-07,51204,12415019,EDCKUL21MBCEF110,L3,26,0,0.0
2026-09-08,2026-09-07,51204,12415020,EDCKUL21MBCET110,L1,20,20,100.0
2026-09-08,2026-09-07,51204,12415020,EDCKUL21MBCET110,L2,35,0,0.0
2026-09-08,2026-09-07,51204,12415020,EDCKUL21MBCET110,L3,26,0,0.0
2026-09-08,2026-09-07,51204,12415021,EDCKUL21MBCET120,L1,20,20,100.0
2026-09-08,2026-09-07,51204,12415021,EDCKUL21MBCET120,L2,35,0,0.0
2026-09-08,2026-09-07,51204,12415021,EDCKUL21MBCET120,L3,26,0,0.0
2026-09-08,2026-09-07,51204,12415022,EDCKUL21MDPEA110,L1,20,0,0.0
2026-09-08,2026-09-07,51204,12415022,EDCKUL21MDPEA110,L2,35,0,0.0
2026-09-08,2026-09-07,51204,12415022,EDCKUL21MDPEA110,L3,26,0,0.0
2026-09-08,2026-09-07,51204,12415023,EDCKUL21MDPEB110,L1,20,20,100.0
2026-09-08,2026-09-07,51204,12415023,EDCKUL21MDPEB110,L2,35,0,0.0
2026-09-08,2026-09-07,51204,12415023,EDCKUL21MDPEB110,L3,26,0,0.0
2026-09-08,2026-09-07,51204,12415024,EDCKUL21MDPEC110,L1,20,20,100.0
2026-09-08,2026-09-07,51204,12415024,EDCKUL21MDPEC110,L2,35,0,0.0
2026-09-08,2026-09-07,51204,12415024,EDCKUL21MDPEC110,L3,26,0,0.0
2026-09-08,2026-09-07,51204,12415025,EDCKUL21MDPED110,L1,20,20,100.0
2026-09-08,2026-09-07,51204,12415025,EDCKUL21MDPED110,L2,35,0,0.0
2026-09-08,2026-09-07,51204,12415025,EDCKUL21MDPED110,L3,26,0,0.0
2026-09-08,2026-09-07,51204,12415026,EDCKUL21MDPEE110,L1,20,0,0.0
2026-09-08,2026-09-07,51204,12415026,EDCKUL21MDPEE110,L2,35,0,0.0
2026-09-08,2026-09-07,51204,12415026,EDCKUL21MDPEE110,L3,26,0,0.0
2026-09-08,2026-09-07,51204,12415027,EDCKUL21MDPEF110,L1,20,20,100.0
2026-09-08,2026-09-07,51204,12415027,EDCKUL21MDPEF110,L2,35,0,0.0
2026-09-08,2026-09-07,51204,12415027,EDCKUL21MDPEF110,L3,26,0,0.0
2026-09-08,2026-09-07,51204,12415028,EDCKUL21MDPET110,L1,20,20,100.0
2026-09-08,2026-09-07,51204,12415028,EDCKUL21MDPET110,L2,35,0,0.0
2026-09-08,2026-09-07,51204,12415028,EDCKUL21MDPET110,L3,26,0,0.0
2026-09-08,2026-09-07,51204,12415029,EDCKUL21MDPET120,L1,20,20,100.0
2026-09-08,2026-09-07,51204,12415029,EDCKUL21MDPET120,L2,35,0,0.0
2026-09-08,2026-09-07,51204,12415029,EDCKUL21MDPET120,L3,26,0,0.0
2026-09-08,2026-09-07,51204,12415030,EDCKUL21DPPEA110,L1,20,20,100.0
2026-09-08,2026-09-07,51204,12415030,EDCKUL21DPPEA110,L2,35,0,0.0
2026-09-08,2026-09-07,51204,12415030,EDCKUL21DPPEA110,L3,26,0,0.0
2026-09-08,2026-09-07,51204,12415031,EDCKUL21DPPEB110,L1,20,20,100.0
2026-09-08,2026-09-07,51204,12415031,EDCKUL21DPPEB110,L2,35,0,0.0
2026-09-08,2026-09-07,51204,12415031,EDCKUL21DPPEB110,L3,26,0,0.0
2026-09-08,2026-09-07,51204,12415032,EDCKUL21DPPEC110,L1,20,20,100.0
2026-09-08,2026-09-07,51204,12415032,EDCKUL21DPPEC110,L2,35,0,0.0
2026-09-08,2026-09-07,51204,12415032,EDCKUL21DPPEC110,L3,26,0,0.0
2026-09-08,2026-09-07,51204,12415033,EDCKUL21DPPED110,L1,20,20,100.0
2026-09-08,2026-09-07,51204,12415033,EDCKUL21DPPED110,L2,35,0,0.0
2026-09-08,2026-09-07,51204,12415033,EDCKUL21DPPED110,L3,26,0,0.0
2026-09-08,2026-09-07,51204,12415034,EDCKUL21DPPEE110,L1,20,20,100.0
2026-09-08,2026-09-07,51204,12415034,EDCKUL21DPPEE110,L2,35,0,0.0
2026-09-08,2026-09-07,51204,12415034,EDCKUL21DPPEE110,L3,26,0,0.0
2026-09-08,2026-09-07,51204,12415035,EDCKUL21DPPEF110,L1,20,20,100.0
2026-09-08,2026-09-07,51204,12415035,EDCKUL21DPPEF110,L2,35,0,0.0
2026-09-08,2026-09-07,51204,12415035,EDCKUL21DPPEF110,L3,26,0,0.0
2026-09-08,2026-09-07,51204,12415036,EDCKUL21DPPET110,L1,20,20,100.0
2026-09-08,2026-09-07,51204,12415036,EDCKUL21DPPET110,L2,35,0,0.0
2026-09-08,2026-09-07,51204,12415036,EDCKUL21DPPET110,L3,26,0,0.0
2026-09-08,2026-09-07,51204,12415037,EDCKUL21DPPET120,L1,20,20,100.0
2026-09-08,2026-09-07,51204,12415037,EDCKUL21DPPET120,L2,35,0,0.0
2026-09-08,2026-09-07,51204,12415037,EDCKUL21DPPET120,L3,26,0,0.0
2026-09-08,2026-09-07,51204,12415038,EDCKUL21ELPEB120,L1,20,20,100.0
2026-09-08,2026-09-07,51204,12415038,EDCKUL21ELPEB120,L2,35,0,0.0
2026-09-08,2026-09-07,51204,12415038,EDCKUL21ELPEB120,L3,26,0,0.0
2026-09-08,2026-09-07,51204,12415039,EDCKUL21ELPEC110,L1,20,20,100.0
2026-09-08,2026-09-07,51204,12415039,EDCKUL21ELPEC110,L2,35,0,0.0
2026-09-08,2026-09-07,51204,12415039,EDCKUL21ELPEC110,L3,26,0,0.0
2026-09-08,2026-09-07,51204,12415040,EDCKUL21ELPEE120,L1,20,20,100.0
2026-09-08,2026-09-07,51204,12415040,EDCKUL21ELPEE120,L2,35,0,0.0
2026-09-08,2026-09-07,51204,12415040,EDCKUL21ELPEE120,L3,26,0,0.0
2026-09-08,2026-09-07,51204,12415041,EDCKUL21ELPED110,L1,20,20,100.0
2026-09-08,2026-09-07,51204,12415041,EDCKUL21ELPED110,L2,35,0,0.0
2026-09-08,2026-09-07,51204,12415041,EDCKUL21ELPED110,L3,26,0,0.0
2026-09-08,2026-09-07,51204,12415042,EDCKUL21EPPEB120,L1,20,20,100.0
2026-09-08,2026-09-07,51204,12415042,EDCKUL21EPPEB120,L2,35,0,0.0
2026-09-08,2026-09-07,51204,12415042,EDCKUL21EPPEB120,L3,26,0,0.0
2026-09-08,2026-09-07,51204,12415043,EDCKUL21EPPEA110,L1,20,20,100.0
2026-09-08,2026-09-07,51204,12415043,EDCKUL21EPPEA110,L2,35,0,0.0
2026-09-08,2026-09-07,51204,12415043,EDCKUL21EPPEA110,L3,26,0,0.0
2026-09-08,2026-09-07,51204,12415044,EDCKUL21EPPEE120,L1,20,20,100.0
2026-09-08,2026-09-07,51204,12415044,EDCKUL21EPPEE120,L2,35,0,0.0
2026-09-08,2026-09-07,51204,12415044,EDCKUL21EPPEE120,L3,26,0,0.0
2026-09-08,2026-09-07,51204,12415045,EDCKUL21EPPEF110,L1,20,20,100.0
2026-09-08,2026-09-07,51204,12415045,EDCKUL21EPPEF110,L2,35,0,0.0
2026-09-08,2026-09-07,51204,12415045,EDCKUL21EPPEF110,L3,26,0,0.0
2026-09-08,2026-09-07,51204,12415046,EDCKUL21RPPEA118,L1,20,0,0.0
2026-09-08,2026-09-07,51204,12415046,EDCKUL21RPPEA118,L2,35,0,0.0
2026-09-08,2026-09-07,51204,12415046,EDCKUL21RPPEA118,L3,26,0,0.0
2026-09-08,2026-09-07,51204,12415047,EDCKUL21RPPEB118,L1,20,0,0.0
2026-09-08,2026-09-07,51204,12415047,EDCKUL21RPPEB118,L2,35,0,0.0
2026-09-08,2026-09-07,51204,12415047,EDCKUL21RPPEB118,L3,26,0,0.0
2026-09-08,2026-09-07,51204,12415048,EDCKUL21RPPEC118,L1,20,0,0.0
2026-09-08,2026-09-07,51204,12415048,EDCKUL21RPPEC118,L2,35,0,0.0
2026-09-08,2026-09-07,51204,12415048,EDCKUL21RPPEC118,L3,26,0,0.0
2026-09-08,2026-09-07,51204,12415049,EDCKUL21RPPED118,L1,20,0,0.0
2026-09-08,2026-09-07,51204,12415049,EDCKUL21RPPED118,L2,35,0,0.0
2026-09-08,2026-09-07,51204,12415049,EDCKUL21RPPED118,L3,26,0,0.0
2026-09-08,2026-09-07,51204,12415050,EDCKUL21RPPEC218,L1,20,0,0.0
2026-09-08,2026-09-07,51204,12415050,EDCKUL21RPPEC218,L2,35,0,0.0
2026-09-08,2026-09-07,51204,12415050,EDCKUL21RPPEC218,L3,26,0,0.0
2026-09-08,2026-09-07,51204,12415051,EDCKUL21RPPED218,L1,20,0,0.0
2026-09-08,2026-09-07,51204,12415051,EDCKUL21RPPED218,L2,35,0,0.0
2026-09-08,2026-09-07,51204,12415051,EDCKUL21RPPED218,L3,26,0,0.0
2026-09-08,2026-09-07,51204,12415052,EDCKUL21RPPEE118,L1,20,0,0.0
2026-09-08,2026-09-07,51204,12415052,EDCKUL21RPPEE118,L2,35,0,0.0
2026-09-08,2026-09-07,51204,12415052,EDCKUL21RPPEE118,L3,26,0,0.0
2026-09-08,2026-09-07,51204,12415053,EDCKUL21RPPEF118,L1,20,0,0.0
2026-09-08,2026-09-07,51204,12415053,EDCKUL21RPPEF118,L2,35,0,0.0
2026-09-08,2026-09-07,51204,12415053,EDCKUL21RPPEF118,L3,26,0,0.0
2026-09-08,2026-09-07,51204,12415054,EDCKUL21RPPEA119,L1,20,0,0.0
2026-09-08,2026-09-07,51204,12415054,EDCKUL21RPPEA119,L2,35,0,0.0
2026-09-08,2026-09-07,51204,12415054,EDCKUL21RPPEA119,L3,26,0,0.0
2026-09-08,2026-09-07,51204,12415055,EDCKUL21RPPEC119,L1,20,0,0.0
2026-09-08,2026-09-07,51204,12415055,EDCKUL21RPPEC119,L2,35,0,0.0
2026-09-08,2026-09-07,51204,12415055,EDCKUL21RPPEC119,L3,26,0,0.0
2026-09-08,2026-09-07,51204,12415056,EDCKUL21RPPEB119,L1,20,0,0.0
2026-09-08,2026-09-07,51204,12415056,EDCKUL21RPPEB119,L2,35,0,0.0
2026-09-08,2026-09-07,51204,12415056,EDCKUL21RPPEB119,L3,26,0,0.0
2026-09-08,2026-09-07,51204,12415057,EDCKUL21RPPED119,L1,20,0,0.0
2026-09-08,2026-09-07,51204,12415057,EDCKUL21RPPED119,L2,35,0,0.0
2026-09-08,2026-09-07,51204,12415057,EDCKUL21RPPED119,L3,26,0,0.0
2026-09-08,2026-09-07,51204,12415058,EDCKUL21RPPEE119,L1,20,0,0.0
2026-09-08,2026-09-07,51204,12415058,EDCKUL21RPPEE119,L2,35,0,0.0
2026-09-08,2026-09-07,51204,12415058,EDCKUL21RPPEE119,L3,26,0,0.0
2026-09-08,2026-09-07,51204,12415059,EDCKUL21RPPEF119,L1,20,0,0.0
2026-09-08,2026-09-07,51204,12415059,EDCKUL21RPPEF119,L2,35,0,0.0
2026-09-08,2026-09-07,51204,12415059,EDCKUL21RPPEF119,L3,26,0,0.0
2026-09-08,2026-09-07,51204,12415060,EDCKUL21RPPEE219,L1,20,0,0.0
2026-09-08,2026-09-07,51204,12415060,EDCKUL21RPPEE219,L2,35,0,0.0
2026-09-08,2026-09-07,51204,12415060,EDCKUL21RPPEE219,L3,26,0,0.0
2026-09-08,2026-09-07,51204,12415061,EDCKUL21RPPEF219,L1,20,0,0.0
2026-09-08,2026-09-07,51204,12415061,EDCKUL21RPPEF219,L2,35,0,0.0
2026-09-08,2026-09-07,51204,12415061,EDCKUL21RPPEF219,L3,26,0,0.0
2026-09-08,2026-09-07,51204,12415062,EDCKUL21UDPEA110,L1,20,0,0.0
2026-09-08,2026-09-07,51204,12415062,EDCKUL21UDPEA110,L2,35,0,0.0
2026-09-08,2026-09-07,51204,12415062,EDCKUL21UDPEA110,L3,26,0,0.0
2026-09-08,2026-09-07,51204,12415063,EDCKUL21UDPEB110,L1,20,20,100.0
2026-09-08,2026-09-07,51204,12415063,EDCKUL21UDPEB110,L2,35,0,0.0
2026-09-08,2026-09-07,51204,12415063,EDCKUL21UDPEB110,L3,26,0,0.0
2026-09-08,2026-09-07,51204,12415064,EDCKUL21UDPEC110,L1,20,20,100.0
2026-09-08,2026-09-07,51204,12415064,EDCKUL21UDPEC110,L2,35,0,0.0
2026-09-08,2026-09-07,51204,12415064,EDCKUL21UDPEC110,L3,26,0,0.0
2026-09-08,2026-09-07,51204,12415065,EDCKUL21UDPED110,L1,20,20,100.0
2026-09-08,2026-09-07,51204,12415065,EDCKUL21UDPED110,L2,35,0,0.0
2026-09-08,2026-09-07,51204,12415065,EDCKUL21UDPED110,L3,26,0,0.0
2026-09-08,2026-09-07,51204,12415066,EDCKUL21UDPEE110,L1,20,0,0.0
2026-09-08,2026-09-07,51204,12415066,EDCKUL21UDPEE110,L2,35,0,0.0
2026-09-08,2026-09-07,51204,12415066,EDCKUL21UDPEE110,L3,26,0,0.0
2026-09-08,2026-09-07,51204,12415067,EDCKUL21UDPEF110,L1,20,20,100.0
2026-09-08,2026-09-07,51204,12415067,EDCKUL21UDPEF110,L2,35,0,0.0
2026-09-08,2026-09-07,51204,12415067,EDCKUL21UDPEF110,L3,26,0,0.0
2026-09-08,2026-09-07,51204,12415068,EDCKUL21UMPET110,L1,20,20,100.0
2026-09-08,2026-09-07,51204,12415068,EDCKUL21UMPET110,L2,35,0,0.0
2026-09-08,2026-09-07,51204,12415068,EDCKUL21UMPET110,L3,26,0,0.0
2026-09-08,2026-09-07,51204,12415069,EDCKUL21UMPET120,L1,20,20,100.0
2026-09-08,2026-09-07,51204,12415069,EDCKUL21UMPET120,L2,35,0,0.0
2026-09-08,2026-09-07,51204,12415069,EDCKUL21UMPET120,L3,26,0,0.0
2026-09-08,2026-09-07,51204,12415070,EDCKUL21UPBEA110,L1,20,7,35.0
2026-09-08,2026-09-07,51204,12415070,EDCKUL21UPBEA110,L2,35,0,0.0
2026-09-08,2026-09-07,51204,12415070,EDCKUL21UPBEA110,L3,26,0,0.0
2026-09-08,2026-09-07,51204,12415071,EDCKUL21UPBEB110,L1,20,0,0.0
2026-09-08,2026-09-07,51204,12415071,EDCKUL21UPBEB110,L2,35,0,0.0
2026-09-08,2026-09-07,51204,12415071,EDCKUL21UPBEB110,L3,26,0,0.0
2026-09-08,2026-09-07,51204,12415072,EDCKUL21UPBEC110,L1,20,0,0.0
2026-09-08,2026-09-07,51204,12415072,EDCKUL21UPBEC110,L2,35,0,0.0
2026-09-08,2026-09-07,51204,12415072,EDCKUL21UPBEC110,L3,26,0,0.0
2026-09-08,2026-09-07,51204,12415073,EDCKUL21UPBED110,L1,20,0,0.0
2026-09-08,2026-09-07,51204,12415073,EDCKUL21UPBED110,L2,35,0,0.0
2026-09-08,2026-09-07,51204,12415073,EDCKUL21UPBED110,L3,26,0,0.0
2026-09-08,2026-09-07,51204,12415074,EDCKUL21UPBEE110,L1,20,0,0.0
2026-09-08,2026-09-07,51204,12415074,EDCKUL21UPBEE110,L2,35,0,0.0
2026-09-08,2026-09-07,51204,12415074,EDCKUL21UPBEE110,L3,26,0,0.0
2026-09-08,2026-09-07,51204,12415075,EDCKUL21UPBEF110,L1,20,0,0.0
2026-09-08,2026-09-07,51204,12415075,EDCKUL21UPBEF110,L2,35,0,0.0
2026-09-08,2026-09-07,51204,12415075,EDCKUL21UPBEF110,L3,26,0,0.0
2026-09-08,2026-09-07,51204,12415076,EDCKUL21UPBET110,L1,20,0,0.0
2026-09-08,2026-09-07,51204,12415076,EDCKUL21UPBET110,L2,35,0,0.0
2026-09-08,2026-09-07,51204,12415076,EDCKUL21UPBET110,L3,26,0,0.0
2026-09-08,2026-09-07,51204,12415077,EDCKUL21UPBET120,L1,20,0,0.0
2026-09-08,2026-09-07,51204,12415077,EDCKUL21UPBET120,L2,35,0,0.0
2026-09-08,2026-09-07,51204,12415077,EDCKUL21UPBET120,L3,26,0,0.0
2026-09-08,2026-09-07,51204,12415078,EDCKUL21UPPET110,L1,20,20,100.0
2026-09-08,2026-09-07,51204,12415078,EDCKUL21UPPET110,L2,35,0,0.0
2026-09-08,2026-09-07,51204,12415078,EDCKUL21UPPET110,L3,26,0,0.0
2026-09-08,2026-09-07,51204,12415079,EDCKUL21UPPET120,L1,20,20,100.0
2026-09-08,2026-09-07,51204,12415079,EDCKUL21UPPET120,L2,35,0,0.0
2026-09-08,2026-09-07,51204,12415079,EDCKUL21UPPET120,L3,26,0,0.0
2026-09-08,2026-09-07,51204,12415080,EDCKUL21UPPET210,L1,20,0,0.0
2026-09-08,2026-09-07,51204,12415080,EDCKUL21UPPET210,L2,35,0,0.0
2026-09-08,2026-09-07,51204,12415080,EDCKUL21UPPET210,L3,26,0,0.0
2026-09-08,2026-09-07,51204,12415082,EDCKUL21UPSEA110,L1,20,6,30.0
2026-09-08,2026-09-07,51204,12415082,EDCKUL21UPSEA110,L2,35,6,17.14
2026-09-08,2026-09-07,51204,12415082,EDCKUL21UPSEA110,L3,26,0,0.0
2026-09-08,2026-09-07,51204,12415083,EDCKUL21UPSEB110,L1,20,6,30.0
2026-09-08,2026-09-07,51204,12415083,EDCKUL21UPSEB110,L2,35,0,0.0
2026-09-08,2026-09-07,51204,12415083,EDCKUL21UPSEB110,L3,26,0,0.0
2026-09-08,2026-09-07,51204,12415084,EDCKUL21UPSEC110,L1,20,6,30.0
2026-09-08,2026-09-07,51204,12415084,EDCKUL21UPSEC110,L2,35,0,0.0
2026-09-08,2026-09-07,51204,12415084,EDCKUL21UPSEC110,L3,26,0,0.0
2026-09-08,2026-09-07,51204,12415085,EDCKUL21UPSED110,L1,20,6,30.0
2026-09-08,2026-09-07,51204,12415085,EDCKUL21UPSED110,L2,35,0,0.0
2026-09-08,2026-09-07,51204,12415085,EDCKUL21UPSED110,L3,26,0,0.0
2026-09-08,2026-09-07,51204,12415086,EDCKUL21UPSEE110,L1,20,6,30.0
2026-09-08,2026-09-07,51204,12415086,EDCKUL21UPSEE110,L2,35,0,0.0
2026-09-08,2026-09-07,51204,12415086,EDCKUL21UPSEE110,L3,26,0,0.0
2026-09-08,2026-09-07,51204,12415087,EDCKUL21UPSEF110,L1,20,6,30.0
2026-09-08,2026-09-07,51204,12415087,EDCKUL21UPSEF110,L2,35,0,0.0
2026-09-08,2026-09-07,51204,12415087,EDCKUL21UPSEF110,L3,26,0,0.0
2026-09-08,2026-09-07,51204,12415088,EDCKUL21UPSET110,L1,20,6,30.0
2026-09-08,2026-09-07,51204,12415088,EDCKUL21UPSET110,L2,35,0,0.0
2026-09-08,2026-09-07,51204,12415088,EDCKUL21UPSET110,L3,26,0,0.0
2026-09-08,2026-09-07,51204,12415089,EDCKUL21UPSET120,L1,20,6,30.0
2026-09-08,2026-09-07,51204,12415089,EDCKUL21UPSET120,L2,35,0,0.0
2026-09-08,2026-09-07,51204,12415089,EDCKUL21UPSET120,L3,26,0,0.0
2026-09-08,2026-09-07,51204,12415090,EDCKUL21ATSET110,L1,20,20,100.0
2026-09-08,2026-09-07,51204,12415090,EDCKUL21ATSET110,L2,35,0,0.0
2026-09-08,2026-09-07,51204,12415090,EDCKUL21ATSET110,L3,26,0,0.0
2026-09-08,2026-09-07,51204,12415091,EDCKUL21ATSET210,L1,20,20,100.0
2026-09-08,2026-09-07,51204,12415091,EDCKUL21ATSET210,L2,35,0,0.0
2026-09-08,2026-09-07,51204,12415091,EDCKUL21ATSET210,L3,26,0,0.0
2026-09-08,2026-09-07,51204,12415092,EDCKUL21ATSET310,L1,20,20,100.0
2026-09-08,2026-09-07,51204,12415092,EDCKUL21ATSET310,L2,35,0,0.0
2026-09-08,2026-09-07,51204,12415092,EDCKUL21ATSET310,L3,26,0,0.0
2026-09-08,2026-09-07,51204,12415093,EDCKUL21ATSET410,L1,20,20,100.0
2026-09-08,2026-09-07,51204,12415093,EDCKUL21ATSET410,L2,35,0,0.0
2026-09-08,2026-09-07,51204,12415093,EDCKUL21ATSET410,L3,26,0,0.0
2026-09-08,2026-09-07,51204,12415094,EDCKUL21ATSET510,L1,20,20,100.0
2026-09-08,2026-09-07,51204,12415094,EDCKUL21ATSET510,L2,35,0,0.0
2026-09-08,2026-09-07,51204,12415094,EDCKUL21ATSET510,L3,26,0,0.0
2026-09-08,2026-09-07,51204,12415095,EDCKUL21ATSET120,L1,20,20,100.0
2026-09-08,2026-09-07,51204,12415095,EDCKUL21ATSET120,L2,35,0,0.0
2026-09-08,2026-09-07,51204,12415095,EDCKUL21ATSET120,L3,26,0,0.0
2026-09-08,2026-09-07,51204,12415096,EDCKUL21ATSET220,L1,20,20,100.0
2026-09-08,2026-09-07,51204,12415096,EDCKUL21ATSET220,L2,35,0,0.0
2026-09-08,2026-09-07,51204,12415096,EDCKUL21ATSET220,L3,26,0,0.0
2026-09-08,2026-09-07,51204,12415097,EDCKUL21ATSET320,L1,20,20,100.0
2026-09-08,2026-09-07,51204,12415097,EDCKUL21ATSET320,L2,35,0,0.0
2026-09-08,2026-09-07,51204,12415097,EDCKUL21ATSET320,L3,26,0,0.0
2026-09-08,2026-09-07,51204,12415098,EDCKUL21ATSET420,L1,20,20,100.0
2026-09-08,2026-09-07,51204,12415098,EDCKUL21ATSET420,L2,35,0,0.0
2026-09-08,2026-09-07,51204,12415098,EDCKUL21ATSET420,L3,26,0,0.0
2026-09-08,2026-09-07,51204,12415099,EDCKUL21ATSET520,L1,20,20,100.0
2026-09-08,2026-09-07,51204,12415099,EDCKUL21ATSET520,L2,35,0,0.0
2026-09-08,2026-09-07,51204,12415099,EDCKUL21ATSET520,L3,26,0,0.0
2026-09-08,2026-09-07,51204,12415130,EDCKUL21VES00108,L1,20,0,0.0
2026-09-08,2026-09-07,51204,12415130,EDCKUL21VES00108,L2,35,0,0.0
2026-09-08,2026-09-07,51204,12415130,EDCKUL21VES00108,L3,26,0,0.0
2026-09-08,2026-09-07,51204,12415131,EDCKUL21VES00208,L1,20,0,0.0
2026-09-08,2026-09-07,51204,12415131,EDCKUL21VES00208,L2,35,0,0.0
2026-09-08,2026-09-07,51204,12415131,EDCKUL21VES00208,L3,26,0,0.0
2026-09-08,2026-09-07,51204,12415132,EDCKUL21VES00308,L1,20,0,0.0
2026-09-08,2026-09-07,51204,12415132,EDCKUL21VES00308,L2,35,0,0.0
2026-09-08,2026-09-07,51204,12415132,EDCKUL21VES00308,L3,26,0,0.0
2026-09-08,2026-09-07,51204,12415133,EDCKUL21VES00408,L1,20,0,0.0
2026-09-08,2026-09-07,51204,12415133,EDCKUL21VES00408,L2,35,0,0.0
2026-09-08,2026-09-07,51204,12415133,EDCKUL21VES00408,L3,26,0,0.0
2026-09-08,2026-09-07,51204,12415134,EDCKUL21VES00508,L1,20,0,0.0
2026-09-08,2026-09-07,51204,12415134,EDCKUL21VES00508,L2,35,0,0.0
2026-09-08,2026-09-07,51204,12415134,EDCKUL21VES00508,L3,26,0,0.0
2026-09-08,2026-09-07,51204,12415135,EDCKUL21VES00608,L1,20,0,0.0
2026-09-08,2026-09-07,51204,12415135,EDCKUL21VES00608,L2,35,0,0.0
2026-09-08,2026-09-07,51204,12415135,EDCKUL21VES00608,L3,26,0,0.0
2026-09-08,2026-09-07,51204,12415136,EDCKUL21VES00708,L1,20,0,0.0
2026-09-08,2026-09-07,51204,12415136,EDCKUL21VES00708,L2,35,0,0.0
2026-09-08,2026-09-07,51204,12415136,EDCKUL21VES00708,L3,26,0,0.0
2026-09-08,2026-09-07,51204,12415137,EDCKUL21VES00808,L1,20,0,0.0
2026-09-08,2026-09-07,51204,12415137,EDCKUL21VES00808,L2,35,0,0.0
2026-09-08,2026-09-07,51204,12415137,EDCKUL21VES00808,L3,26,0,0.0
2026-09-08,2026-09-07,51204,12415138,EDCKUL21VES00908,L1,20,0,0.0
2026-09-08,2026-09-07,51204,12415138,EDCKUL21VES00908,L2,35,0,0.0
2026-09-08,2026-09-07,51204,12415138,EDCKUL21VES00908,L3,26,0,0.0
2026-09-08,2026-09-07,51204,12415139,EDCKUL21VES01008,L1,20,0,0.0
2026-09-08,2026-09-07,51204,12415139,EDCKUL21VES01008,L2,35,0,0.0
2026-09-08,2026-09-07,51204,12415139,EDCKUL21VES01008,L3,26,0,0.0
2026-09-08,2026-09-07,51204,12415140,EDCKUL21VES01108,L1,20,0,0.0
2026-09-08,2026-09-07,51204,12415140,EDCKUL21VES01108,L2,35,0,0.0
2026-09-08,2026-09-07,51204,12415140,EDCKUL21VES01108,L3,26,0,0.0
2026-09-08,2026-09-07,51204,12415141,EDCKUL21VES01208,L1,20,0,0.0
2026-09-08,2026-09-07,51204,12415141,EDCKUL21VES01208,L2,35,0,0.0
2026-09-08,2026-09-07,51204,12415141,EDCKUL21VES01208,L3,26,0,0.0
2026-09-08,2026-09-07,51204,12415142,EDCKUL21VES00109,L1,20,0,0.0
2026-09-08,2026-09-07,51204,12415142,EDCKUL21VES00109,L2,35,0,0.0
2026-09-08,2026-09-07,51204,12415142,EDCKUL21VES00109,L3,26,0,0.0
2026-09-08,2026-09-07,51204,12415143,EDCKUL21VES00209,L1,20,0,0.0
2026-09-08,2026-09-07,51204,12415143,EDCKUL21VES00209,L2,35,0,0.0
2026-09-08,2026-09-07,51204,12415143,EDCKUL21VES00209,L3,26,0,0.0
2026-09-08,2026-09-07,51204,12415144,EDCKUL21VES00309,L1,20,0,0.0
2026-09-08,2026-09-07,51204,12415144,EDCKUL21VES00309,L2,35,0,0.0
2026-09-08,2026-09-07,51204,12415144,EDCKUL21VES00309,L3,26,0,0.0
2026-09-08,2026-09-07,51204,12415145,EDCKUL21VES00409,L1,20,0,0.0
2026-09-08,2026-09-07,51204,12415145,EDCKUL21VES00409,L2,35,0,0.0
2026-09-08,2026-09-07,51204,12415145,EDCKUL21VES00409,L3,26,0,0.0
2026-09-08,2026-09-07,51204,12415146,EDCKUL21VES00509,L1,20,0,0.0
2026-09-08,2026-09-07,51204,12415146,EDCKUL21VES00509,L2,35,0,0.0
2026-09-08,2026-09-07,51204,12415146,EDCKUL21VES00509,L3,26,0,0.0
2026-09-08,2026-09-07,51204,12415147,EDCKUL21VES00609,L1,20,0,0.0
2026-09-08,2026-09-07,51204,12415147,EDCKUL21VES00609,L2,35,0,0.0
2026-09-08,2026-09-07,51204,12415147,EDCKUL21VES00609,L3,26,0,0.0
2026-09-08,2026-09-07,51204,12415148,EDCKUL21VES00709,L1,20,0,0.0
2026-09-08,2026-09-07,51204,12415148,EDCKUL21VES00709,L2,35,0,0.0
2026-09-08,2026-09-07,51204,12415148,EDCKUL21VES00709,L3,26,0,0.0
2026-09-08,2026-09-07,51204,12415149,EDCKUL21VES00809,L1,20,0,0.0
2026-09-08,2026-09-07,51204,12415149,EDCKUL21VES00809,L2,35,0,0.0
2026-09-08,2026-09-07,51204,12415149,EDCKUL21VES00809,L3,26,0,0.0
2026-09-08,2026-09-07,51204,12415150,EDCKUL21VES00909,L1,20,0,0.0
2026-09-08,2026-09-07,51204,12415150,EDCKUL21VES00909,L2,35,0,0.0
2026-09-08,2026-09-07,51204,12415150,EDCKUL21VES00909,L3,26,0,0.0
2026-09-08,2026-09-07,51204,12415151,EDCKUL21VES01009,L1,20,0,0.0
2026-09-08,2026-09-07,51204,12415151,EDCKUL21VES01009,L2,35,0,0.0
2026-09-08,2026-09-07,51204,12415151,EDCKUL21VES01009,L3,26,0,0.0
2026-09-08,2026-09-07,51204,12415152,EDCKUL21VES01109,L1,20,0,0.0
2026-09-08,2026-09-07,51204,12415152,EDCKUL21VES01109,L2,35,0,0.0
2026-09-08,2026-09-07,51204,12415152,EDCKUL21VES01109,L3,26,0,0.0
2026-09-08,2026-09-07,51204,12415153,EDCKUL21VES01209,L1,20,0,0.0
2026-09-08,2026-09-07,51204,12415153,EDCKUL21VES01209,L2,35,0,0.0
2026-09-08,2026-09-07,51204,12415153,EDCKUL21VES01209,L3,26,0,0.0
2026-09-08,2026-09-07,51204,12415154,EDCKUL21VES06200,L1,20,20,100.0
2026-09-08,2026-09-07,51204,12415154,EDCKUL21VES06200,L2,35,0,0.0
2026-09-08,2026-09-07,51204,12415154,EDCKUL21VES06200,L3,26,0,0.0
2026-09-08,2026-09-07,51204,12415155,EDCKUL21VES06300,L1,20,20,100.0
2026-09-08,2026-09-07,51204,12415155,EDCKUL21VES06300,L2,35,0,0.0
2026-09-08,2026-09-07,51204,12415155,EDCKUL21VES06300,L3,26,0,0.0
2026-09-08,2026-09-07,51204,12415156,EDCKUL21VES06400,L1,20,20,100.0
2026-09-08,2026-09-07,51204,12415156,EDCKUL21VES06400,L2,35,0,0.0
2026-09-08,2026-09-07,51204,12415156,EDCKUL21VES06400,L3,26,0,0.0
2026-09-08,2026-09-07,51204,12415157,EDCKUL21VES06800,L1,20,20,100.0
2026-09-08,2026-09-07,51204,12415157,EDCKUL21VES06800,L2,35,0,0.0
2026-09-08,2026-09-07,51204,12415157,EDCKUL21VES06800,L3,26,0,0.0
2026-09-08,2026-09-07,51204,12415158,EDCKUL21VES06700,L1,20,20,100.0
2026-09-08,2026-09-07,51204,12415158,EDCKUL21VES06700,L2,35,0,0.0
2026-09-08,2026-09-07,51204,12415158,EDCKUL21VES06700,L3,26,0,0.0
2026-09-08,2026-09-07,51204,12415159,EDCKUL21VES06600,L1,20,20,100.0
2026-09-08,2026-09-07,51204,12415159,EDCKUL21VES06600,L2,35,0,0.0
2026-09-08,2026-09-07,51204,12415159,EDCKUL21VES06600,L3,26,0,0.0
2026-09-08,2026-09-07,51204,12415160,EDCKUL21VES06100,L1,20,20,100.0
2026-09-08,2026-09-07,51204,12415160,EDCKUL21VES06100,L2,35,0,0.0
2026-09-08,2026-09-07,51204,12415160,EDCKUL21VES06100,L3,26,0,0.0
2026-09-08,2026-09-07,51204,12415161,EDCKUL21VES06500,L1,20,20,100.0
2026-09-08,2026-09-07,51204,12415161,EDCKUL21VES06500,L2,35,0,0.0
2026-09-08,2026-09-07,51204,12415161,EDCKUL21VES06500,L3,26,0,0.0
2026-09-08,2026-09-07,51204,12535514,EDCKUL21MVSA0310,L1,20,20,100.0
2026-09-08,2026-09-07,51204,12535514,EDCKUL21MVSA0310,L2,35,35,100.0
2026-09-08,2026-09-07,51204,12535514,EDCKUL21MVSA0310,L3,26,0,0.0
2026-09-08,2026-09-07,51204,12535515,EDCKUL21MVSB0320,L1,20,20,100.0
2026-09-08,2026-09-07,51204,12535515,EDCKUL21MVSB0320,L2,35,35,100.0
2026-09-08,2026-09-07,51204,12535515,EDCKUL21MVSB0320,L3,26,0,0.0
2026-09-08,2026-09-07,51204,12549874,EDCKUL21EXF05600,L1,20,0,0.0
2026-09-08,2026-09-07,51204,12549874,EDCKUL21EXF05600,L2,35,0,0.0
2026-09-08,2026-09-07,51204,12549874,EDCKUL21EXF05600,L3,26,0,0.0
2026-09-08,2026-09-07,51204,12549875,EDCKUL21EXF05700,L1,20,0,0.0
2026-09-08,2026-09-07,51204,12549875,EDCKUL21EXF05700,L2,35,0,0.0
2026-09-08,2026-09-07,51204,12549875,EDCKUL21EXF05700,L3,26,0,0.0
2026-09-08,2026-09-07,51204,12549876,EDCKUL21EXF05800,L1,20,0,0.0
2026-09-08,2026-09-07,51204,12549876,EDCKUL21EXF05800,L2,35,0,0.0
2026-09-08,2026-09-07,51204,12549876,EDCKUL21EXF05800,L3,26,0,0.0
2026-09-08,2026-09-07,51204,12549877,EDCKUL21EXF05900,L1,20,0,0.0
2026-09-08,2026-09-07,51204,12549877,EDCKUL21EXF05900,L2,35,0,0.0
2026-09-08,2026-09-07,51204,12549877,EDCKUL21EXF05900,L3,26,0,0.0
2026-09-08,2026-09-07,51204,12549878,EDCKUL21EXF06000,L1,20,0,0.0
2026-09-08,2026-09-07,51204,12549878,EDCKUL21EXF06000,L2,35,0,0.0
2026-09-08,2026-09-07,51204,12549878,EDCKUL21EXF06000,L3,26,0,0.0
2026-09-08,2026-09-07,51204,12549879,EDCKUL21EXF06100,L1,20,0,0.0
2026-09-08,2026-09-07,51204,12549879,EDCKUL21EXF06100,L2,35,0,0.0
2026-09-08,2026-09-07,51204,12549879,EDCKUL21EXF06100,L3,26,0,0.0
2026-09-08,2026-09-07,51204,12549880,EDCKUL21EXF06200,L1,20,0,0.0
2026-09-08,2026-09-07,51204,12549880,EDCKUL21EXF06200,L2,35,0,0.0
2026-09-08,2026-09-07,51204,12549880,EDCKUL21EXF06200,L3,26,0,0.0
2026-09-08,2026-09-07,51204,12549881,EDCKUL21EXF06300,L1,20,0,0.0
2026-09-08,2026-09-07,51204,12549881,EDCKUL21EXF06300,L2,35,0,0.0
2026-09-08,2026-09-07,51204,12549881,EDCKUL21EXF06300,L3,26,0,0.0
2026-09-08,2026-09-07,51204,12549882,EDCKUL21BSWEA118,L1,20,0,0.0
2026-09-08,2026-09-07,51204,12549882,EDCKUL21BSWEA118,L2,35,0,0.0
2026-09-08,2026-09-07,51204,12549882,EDCKUL21BSWEA118,L3,26,0,0.0
2026-09-08,2026-09-07,51204,12549883,EDCKUL21BSWEA218,L1,20,0,0.0
2026-09-08,2026-09-07,51204,12549883,EDCKUL21BSWEA218,L2,35,0,0.0
2026-09-08,2026-09-07,51204,12549883,EDCKUL21BSWEA218,L3,26,0,0.0
2026-09-08,2026-09-07,51204,12549884,EDCKUL21BSWEA318,L1,20,0,0.0
2026-09-08,2026-09-07,51204,12549884,EDCKUL21BSWEA318,L2,35,0,0.0
2026-09-08,2026-09-07,51204,12549884,EDCKUL21BSWEA318,L3,26,0,0.0
2026-09-08,2026-09-07,51204,12549885,EDCKUL21BSWEB118,L1,20,0,0.0
2026-09-08,2026-09-07,51204,12549885,EDCKUL21BSWEB118,L2,35,0,0.0
2026-09-08,2026-09-07,51204,12549885,EDCKUL21BSWEB118,L3,26,0,0.0
2026-09-08,2026-09-07,51204,12549886,EDCKUL21BSWEB218,L1,20,0,0.0
2026-09-08,2026-09-07,51204,12549886,EDCKUL21BSWEB218,L2,35,0,0.0
2026-09-08,2026-09-07,51204,12549886,EDCKUL21BSWEB218,L3,26,0,0.0
2026-09-08,2026-09-07,51204,12549887,EDCKUL21BSWEB318,L1,20,0,0.0
2026-09-08,2026-09-07,51204,12549887,EDCKUL21BSWEB318,L2,35,0,0.0
2026-09-08,2026-09-07,51204,12549887,EDCKUL21BSWEB318,L3,26,0,0.0
2026-09-08,2026-09-07,51204,12549888,EDCKUL21BSWEC118,L1,20,0,0.0
2026-09-08,2026-09-07,51204,12549888,EDCKUL21BSWEC118,L2,35,0,0.0
2026-09-08,2026-09-07,51204,12549888,EDCKUL21BSWEC118,L3,26,0,0.0
2026-09-08,2026-09-07,51204,12549889,EDCKUL21BSWEC218,L1,20,0,0.0
2026-09-08,2026-09-07,51204,12549889,EDCKUL21BSWEC218,L2,35,0,0.0
2026-09-08,2026-09-07,51204,12549889,EDCKUL21BSWEC218,L3,26,0,0.0
2026-09-08,2026-09-07,51204,12549890,EDCKUL21BSWEC318,L1,20,0,0.0
2026-09-08,2026-09-07,51204,12549890,EDCKUL21BSWEC318,L2,35,0,0.0
2026-09-08,2026-09-07,51204,12549890,EDCKUL21BSWEC318,L3,26,0,0.0
2026-09-08,2026-09-07,51204,12549891,EDCKUL21BSWED118,L1,20,0,0.0
2026-09-08,2026-09-07,51204,12549891,EDCKUL21BSWED118,L2,35,0,0.0
2026-09-08,2026-09-07,51204,12549891,EDCKUL21BSWED118,L3,26,0,0.0
2026-09-08,2026-09-07,51204,12549892,EDCKUL21BSWED218,L1,20,0,0.0
2026-09-08,2026-09-07,51204,12549892,EDCKUL21BSWED218,L2,35,0,0.0
2026-09-08,2026-09-07,51204,12549892,EDCKUL21BSWED218,L3,26,0,0.0
2026-09-08,2026-09-07,51204,12549893,EDCKUL21BSWED318,L1,20,0,0.0
2026-09-08,2026-09-07,51204,12549893,EDCKUL21BSWED318,L2,35,0,0.0
2026-09-08,2026-09-07,51204,12549893,EDCKUL21BSWED318,L3,26,0,0.0
2026-09-08,2026-09-07,51204,12549894,EDCKUL21BSWEE118,L1,20,0,0.0
2026-09-08,2026-09-07,51204,12549894,EDCKUL21BSWEE118,L2,35,0,0.0
2026-09-08,2026-09-07,51204,12549894,EDCKUL21BSWEE118,L3,26,0,0.0
2026-09-08,2026-09-07,51204,12549895,EDCKUL21BSWEE218,L1,20,0,0.0
2026-09-08,2026-09-07,51204,12549895,EDCKUL21BSWEE218,L2,35,0,0.0
2026-09-08,2026-09-07,51204,12549895,EDCKUL21BSWEE218,L3,26,0,0.0
2026-09-08,2026-09-07,51204,12549896,EDCKUL21BSWEE318,L1,20,0,0.0
2026-09-08,2026-09-07,51204,12549896,EDCKUL21BSWEE318,L2,35,0,0.0
2026-09-08,2026-09-07,51204,12549896,EDCKUL21BSWEE318,L3,26,0,0.0
2026-09-08,2026-09-07,51204,12549897,EDCKUL21BSWEE418,L1,20,0,0.0
2026-09-08,2026-09-07,51204,12549897,EDCKUL21BSWEE418,L2,35,0,0.0
2026-09-08,2026-09-07,51204,12549897,EDCKUL21BSWEE418,L3,26,0,0.0
2026-09-08,2026-09-07,51204,12549898,EDCKUL21BSWEF118,L1,20,0,0.0
2026-09-08,2026-09-07,51204,12549898,EDCKUL21BSWEF118,L2,35,0,0.0
2026-09-08,2026-09-07,51204,12549898,EDCKUL21BSWEF118,L3,26,0,0.0
2026-09-08,2026-09-07,51204,12549899,EDCKUL21BSWEF218,L1,20,0,0.0
2026-09-08,2026-09-07,51204,12549899,EDCKUL21BSWEF218,L2,35,0,0.0
2026-09-08,2026-09-07,51204,12549899,EDCKUL21BSWEF218,L3,26,0,0.0
2026-09-08,2026-09-07,51204,12549900,EDCKUL21BSWEA119,L1,20,0,0.0
2026-09-08,2026-09-07,51204,12549900,EDCKUL21BSWEA119,L2,35,0,0.0
2026-09-08,2026-09-07,51204,12549900,EDCKUL21BSWEA119,L3,26,0,0.0
2026-09-08,2026-09-07,51204,12549901,EDCKUL21BSWEA219,L1,20,0,0.0
2026-09-08,2026-09-07,51204,12549901,EDCKUL21BSWEA219,L2,35,0,0.0
2026-09-08,2026-09-07,51204,12549901,EDCKUL21BSWEA219,L3,26,0,0.0
2026-09-08,2026-09-07,51204,12549902,EDCKUL21BSWEA319,L1,20,0,0.0
2026-09-08,2026-09-07,51204,12549902,EDCKUL21BSWEA319,L2,35,0,0.0
2026-09-08,2026-09-07,51204,12549902,EDCKUL21BSWEA319,L3,26,0,0.0
2026-09-08,2026-09-07,51204,12549903,EDCKUL21BSWEB119,L1,20,0,0.0
2026-09-08,2026-09-07,51204,12549903,EDCKUL21BSWEB119,L2,35,0,0.0
2026-09-08,2026-09-07,51204,12549903,EDCKUL21BSWEB119,L3,26,0,0.0
2026-09-08,2026-09-07,51204,12549904,EDCKUL21BSWEB219,L1,20,0,0.0
2026-09-08,2026-09-07,51204,12549904,EDCKUL21BSWEB219,L2,35,0,0.0
2026-09-08,2026-09-07,51204,12549904,EDCKUL21BSWEB219,L3,26,0,0.0
2026-09-08,2026-09-07,51204,12549905,EDCKUL21BSWEB319,L1,20,0,0.0
2026-09-08,2026-09-07,51204,12549905,EDCKUL21BSWEB319,L2,35,0,0.0
2026-09-08,2026-09-07,51204,12549905,EDCKUL21BSWEB319,L3,26,0,0.0
2026-09-08,2026-09-07,51204,12549906,EDCKUL21BSWEC119,L1,20,0,0.0
2026-09-08,2026-09-07,51204,12549906,EDCKUL21BSWEC119,L2,35,0,0.0
2026-09-08,2026-09-07,51204,12549906,EDCKUL21BSWEC119,L3,26,0,0.0
2026-09-08,2026-09-07,51204,12549907,EDCKUL21BSWEC219,L1,20,0,0.0
2026-09-08,2026-09-07,51204,12549907,EDCKUL21BSWEC219,L2,35,0,0.0
2026-09-08,2026-09-07,51204,12549907,EDCKUL21BSWEC219,L3,26,0,0.0
2026-09-08,2026-09-07,51204,12549908,EDCKUL21BSWEC319,L1,20,0,0.0
2026-09-08,2026-09-07,51204,12549908,EDCKUL21BSWEC319,L2,35,0,0.0
2026-09-08,2026-09-07,51204,12549908,EDCKUL21BSWEC319,L3,26,0,0.0
2026-09-08,2026-09-07,51204,12549909,EDCKUL21BSWED119,L1,20,0,0.0
2026-09-08,2026-09-07,51204,12549909,EDCKUL21BSWED119,L2,35,0,0.0
2026-09-08,2026-09-07,51204,12549909,EDCKUL21BSWED119,L3,26,0,0.0
2026-09-08,2026-09-07,51204,12549910,EDCKUL21BSWED219,L1,20,0,0.0
2026-09-08,2026-09-07,51204,12549910,EDCKUL21BSWED219,L2,35,0,0.0
2026-09-08,2026-09-07,51204,12549910,EDCKUL21BSWED219,L3,26,0,0.0
2026-09-08,2026-09-07,51204,12549911,EDCKUL21BSWED319,L1,20,0,0.0
2026-09-08,2026-09-07,51204,12549911,EDCKUL21BSWED319,L2,35,0,0.0
2026-09-08,2026-09-07,51204,12549911,EDCKUL21BSWED319,L3,26,0,0.0
2026-09-08,2026-09-07,51204,12549912,EDCKUL21BSWEE119,L1,20,0,0.0
2026-09-08,2026-09-07,51204,12549912,EDCKUL21BSWEE119,L2,35,0,0.0
2026-09-08,2026-09-07,51204,12549912,EDCKUL21BSWEE119,L3,26,0,0.0
2026-09-08,2026-09-07,51204,12549913,EDCKUL21BSWEE219,L1,20,0,0.0
2026-09-08,2026-09-07,51204,12549913,EDCKUL21BSWEE219,L2,35,0,0.0
2026-09-08,2026-09-07,51204,12549913,EDCKUL21BSWEE219,L3,26,0,0.0
2026-09-08,2026-09-07,51204,12549914,EDCKUL21BSWEF119,L1,20,0,0.0
2026-09-08,2026-09-07,51204,12549914,EDCKUL21BSWEF119,L2,35,0,0.0
2026-09-08,2026-09-07,51204,12549914,EDCKUL21BSWEF119,L3,26,0,0.0
2026-09-08,2026-09-07,51204,12549915,EDCKUL21BSWEF219,L1,20,0,0.0
2026-09-08,2026-09-07,51204,12549915,EDCKUL21BSWEF219,L2,35,0,0.0
2026-09-08,2026-09-07,51204,12549915,EDCKUL21BSWEF219,L3,26,0,0.0
2026-09-08,2026-09-07,51204,12549916,EDCKUL21BSWEF319,L1,20,0,0.0
2026-09-08,2026-09-07,51204,12549916,EDCKUL21BSWEF319,L2,35,0,0.0
2026-09-08,2026-09-07,51204,12549916,EDCKUL21BSWEF319,L3,26,0,0.0
2026-09-08,2026-09-07,51204,12549917,EDCKUL21BSWEF419,L1,20,0,0.0
2026-09-08,2026-09-07,51204,12549917,EDCKUL21BSWEF419,L2,35,0,0.0
2026-09-08,2026-09-07,51204,12549917,EDCKUL21BSWEF419,L3,26,0,0.0
2026-09-08,2026-09-07,51204,12549918,EDCKUL21BSWEA100,L1,20,0,0.0
2026-09-08,2026-09-07,51204,12549918,EDCKUL21BSWEA100,L2,35,0,0.0
2026-09-08,2026-09-07,51204,12549918,EDCKUL21BSWEA100,L3,26,0,0.0
2026-09-08,2026-09-07,51204,12549919,EDCKUL21BSWEA200,L1,20,0,0.0
2026-09-08,2026-09-07,51204,12549919,EDCKUL21BSWEA200,L2,35,0,0.0
2026-09-08,2026-09-07,51204,12549919,EDCKUL21BSWEA200,L3,26,0,0.0
2026-09-08,2026-09-07,51204,12549920,EDCKUL21BSWEA300,L1,20,0,0.0
2026-09-08,2026-09-07,51204,12549920,EDCKUL21BSWEA300,L2,35,0,0.0
2026-09-08,2026-09-07,51204,12549920,EDCKUL21BSWEA300,L3,26,0,0.0
2026-09-08,2026-09-07,51204,12549921,EDCKUL21BSWEA400,L1,20,0,0.0
2026-09-08,2026-09-07,51204,12549921,EDCKUL21BSWEA400,L2,35,0,0.0
2026-09-08,2026-09-07,51204,12549921,EDCKUL21BSWEA400,L3,26,0,0.0
2026-09-08,2026-09-07,51204,12549922,EDCKUL21BSWEA500,L1,20,0,0.0
2026-09-08,2026-09-07,51204,12549922,EDCKUL21BSWEA500,L2,35,0,0.0
2026-09-08,2026-09-07,51204,12549922,EDCKUL21BSWEA500,L3,26,0,0.0
2026-09-08,2026-09-07,51204,12549923,EDCKUL21BSWEA600,L1,20,0,0.0
2026-09-08,2026-09-07,51204,12549923,EDCKUL21BSWEA600,L2,35,0,0.0
2026-09-08,2026-09-07,51204,12549923,EDCKUL21BSWEA600,L3,26,0,0.0
2026-09-08,2026-09-07,51204,12549924,EDCKUL21BSWEB100,L1,20,0,0.0
2026-09-08,2026-09-07,51204,12549924,EDCKUL21BSWEB100,L2,35,0,0.0
2026-09-08,2026-09-07,51204,12549924,EDCKUL21BSWEB100,L3,26,0,0.0
2026-09-08,2026-09-07,51204,12549925,EDCKUL21BSWEB200,L1,20,0,0.0
2026-09-08,2026-09-07,51204,12549925,EDCKUL21BSWEB200,L2,35,0,0.0
2026-09-08,2026-09-07,51204,12549925,EDCKUL21BSWEB200,L3,26,0,0.0
2026-09-08,2026-09-07,51204,12549926,EDCKUL21BSWEB300,L1,20,0,0.0
2026-09-08,2026-09-07,51204,12549926,EDCKUL21BSWEB300,L2,35,0,0.0
2026-09-08,2026-09-07,51204,12549926,EDCKUL21BSWEB300,L3,26,0,0.0
2026-09-08,2026-09-07,51204,12549927,EDCKUL21BSWEB400,L1,20,0,0.0
2026-09-08,2026-09-07,51204,12549927,EDCKUL21BSWEB400,L2,35,0,0.0
2026-09-08,2026-09-07,51204,12549927,EDCKUL21BSWEB400,L3,26,0,0.0
2026-09-08,2026-09-07,51204,12549928,EDCKUL21BSWEB500,L1,20,0,0.0
2026-09-08,2026-09-07,51204,12549928,EDCKUL21BSWEB500,L2,35,0,0.0
2026-09-08,2026-09-07,51204,12549928,EDCKUL21BSWEB500,L3,26,0,0.0
2026-09-08,2026-09-07,51204,12549929,EDCKUL21BSWEB600,L1,20,0,0.0
2026-09-08,2026-09-07,51204,12549929,EDCKUL21BSWEB600,L2,35,0,0.0
2026-09-08,2026-09-07,51204,12549929,EDCKUL21BSWEB600,L3,26,0,0.0
2026-09-08,2026-09-07,51204,12549930,EDCKUL21BSWEC100,L1,20,0,0.0
2026-09-08,2026-09-07,51204,12549930,EDCKUL21BSWEC100,L2,35,0,0.0
2026-09-08,2026-09-07,51204,12549930,EDCKUL21BSWEC100,L3,26,0,0.0
2026-09-08,2026-09-07,51204,12549931,EDCKUL21BSWEC200,L1,20,0,0.0
2026-09-08,2026-09-07,51204,12549931,EDCKUL21BSWEC200,L2,35,0,0.0
2026-09-08,2026-09-07,51204,12549931,EDCKUL21BSWEC200,L3,26,0,0.0
2026-09-08,2026-09-07,51204,12549932,EDCKUL21BSWEC300,L1,20,0,0.0
2026-09-08,2026-09-07,51204,12549932,EDCKUL21BSWEC300,L2,35,0,0.0
2026-09-08,2026-09-07,51204,12549932,EDCKUL21BSWEC300,L3,26,0,0.0
2026-09-08,2026-09-07,51204,12549933,EDCKUL21BSWEC400,L1,20,0,0.0
2026-09-08,2026-09-07,51204,12549933,EDCKUL21BSWEC400,L2,35,0,0.0
2026-09-08,2026-09-07,51204,12549933,EDCKUL21BSWEC400,L3,26,0,0.0
2026-09-08,2026-09-07,51204,12549934,EDCKUL21BSWEC500,L1,20,0,0.0
2026-09-08,2026-09-07,51204,12549934,EDCKUL21BSWEC500,L2,35,0,0.0
2026-09-08,2026-09-07,51204,12549934,EDCKUL21BSWEC500,L3,26,0,0.0
2026-09-08,2026-09-07,51204,12549935,EDCKUL21BSWEC600,L1,20,0,0.0
2026-09-08,2026-09-07,51204,12549935,EDCKUL21BSWEC600,L2,35,0,0.0
2026-09-08,2026-09-07,51204,12549935,EDCKUL21BSWEC600,L3,26,0,0.0
2026-09-08,2026-09-07,51204,12549936,EDCKUL21BSWED100,L1,20,0,0.0
2026-09-08,2026-09-07,51204,12549936,EDCKUL21BSWED100,L2,35,0,0.0
2026-09-08,2026-09-07,51204,12549936,EDCKUL21BSWED100,L3,26,0,0.0
2026-09-08,2026-09-07,51204,12549937,EDCKUL21BSWED200,L1,20,0,0.0
2026-09-08,2026-09-07,51204,12549937,EDCKUL21BSWED200,L2,35,0,0.0
2026-09-08,2026-09-07,51204,12549937,EDCKUL21BSWED200,L3,26,0,0.0
2026-09-08,2026-09-07,51204,12549938,EDCKUL21BSWED300,L1,20,0,0.0
2026-09-08,2026-09-07,51204,12549938,EDCKUL21BSWED300,L2,35,0,0.0
2026-09-08,2026-09-07,51204,12549938,EDCKUL21BSWED300,L3,26,0,0.0
2026-09-08,2026-09-07,51204,12549939,EDCKUL21BSWED400,L1,20,0,0.0
2026-09-08,2026-09-07,51204,12549939,EDCKUL21BSWED400,L2,35,0,0.0
2026-09-08,2026-09-07,51204,12549939,EDCKUL21BSWED400,L3,26,0,0.0
2026-09-08,2026-09-07,51204,12549940,EDCKUL21BSWED500,L1,20,0,0.0
2026-09-08,2026-09-07,51204,12549940,EDCKUL21BSWED500,L2,35,0,0.0
2026-09-08,2026-09-07,51204,12549940,EDCKUL21BSWED500,L3,26,0,0.0
2026-09-08,2026-09-07,51204,12549941,EDCKUL21BSWED600,L1,20,0,0.0
2026-09-08,2026-09-07,51204,12549941,EDCKUL21BSWED600,L2,35,0,0.0
2026-09-08,2026-09-07,51204,12549941,EDCKUL21BSWED600,L3,26,0,0.0
2026-09-08,2026-09-07,51204,12549942,EDCKUL21BSWEE100,L1,20,0,0.0
2026-09-08,2026-09-07,51204,12549942,EDCKUL21BSWEE100,L2,35,0,0.0
2026-09-08,2026-09-07,51204,12549942,EDCKUL21BSWEE100,L3,26,0,0.0
2026-09-08,2026-09-07,51204,12549943,EDCKUL21BSWEE200,L1,20,0,0.0
2026-09-08,2026-09-07,51204,12549943,EDCKUL21BSWEE200,L2,35,0,0.0
2026-09-08,2026-09-07,51204,12549943,EDCKUL21BSWEE200,L3,26,0,0.0
2026-09-08,2026-09-07,51204,12549944,EDCKUL21BSWEE300,L1,20,0,0.0
2026-09-08,2026-09-07,51204,12549944,EDCKUL21BSWEE300,L2,35,0,0.0
2026-09-08,2026-09-07,51204,12549944,EDCKUL21BSWEE300,L3,26,0,0.0
2026-09-08,2026-09-07,51204,12549945,EDCKUL21BSWEE400,L1,20,0,0.0
2026-09-08,2026-09-07,51204,12549945,EDCKUL21BSWEE400,L2,35,0,0.0
2026-09-08,2026-09-07,51204,12549945,EDCKUL21BSWEE400,L3,26,0,0.0
2026-09-08,2026-09-07,51204,12549946,EDCKUL21BSWEE500,L1,20,0,0.0
2026-09-08,2026-09-07,51204,12549946,EDCKUL21BSWEE500,L2,35,0,0.0
2026-09-08,2026-09-07,51204,12549946,EDCKUL21BSWEE500,L3,26,0,0.0
2026-09-08,2026-09-07,51204,12549947,EDCKUL21BSWEE600,L1,20,0,0.0
2026-09-08,2026-09-07,51204,12549947,EDCKUL21BSWEE600,L2,35,0,0.0
2026-09-08,2026-09-07,51204,12549947,EDCKUL21BSWEE600,L3,26,0,0.0
2026-09-08,2026-09-07,51204,12549948,EDCKUL21BSWEF100,L1,20,0,0.0
2026-09-08,2026-09-07,51204,12549948,EDCKUL21BSWEF100,L2,35,0,0.0
2026-09-08,2026-09-07,51204,12549948,EDCKUL21BSWEF100,L3,26,0,0.0
2026-09-08,2026-09-07,51204,12549949,EDCKUL21BSWEF200,L1,20,0,0.0
2026-09-08,2026-09-07,51204,12549949,EDCKUL21BSWEF200,L2,35,0,0.0
2026-09-08,2026-09-07,51204,12549949,EDCKUL21BSWEF200,L3,26,0,0.0
2026-09-08,2026-09-07,51204,12549950,EDCKUL21BSWEF300,L1,20,0,0.0
2026-09-08,2026-09-07,51204,12549950,EDCKUL21BSWEF300,L2,35,0,0.0
2026-09-08,2026-09-07,51204,12549950,EDCKUL21BSWEF300,L3,26,0,0.0
2026-09-08,2026-09-07,51204,12549951,EDCKUL21BSWEF400,L1,20,0,0.0
2026-09-08,2026-09-07,51204,12549951,EDCKUL21BSWEF400,L2,35,0,0.0
2026-09-08,2026-09-07,51204,12549951,EDCKUL21BSWEF400,L3,26,0,0.0
2026-09-08,2026-09-07,51204,12549952,EDCKUL21BSWEF500,L1,20,0,0.0
2026-09-08,2026-09-07,51204,12549952,EDCKUL21BSWEF500,L2,35,0,0.0
2026-09-08,2026-09-07,51204,12549952,EDCKUL21BSWEF500,L3,26,0,0.0
2026-09-08,2026-09-07,51204,12549953,EDCKUL21BSWEF600,L1,20,0,0.0
2026-09-08,2026-09-07,51204,12549953,EDCKUL21BSWEF600,L2,35,0,0.0
2026-09-08,2026-09-07,51204,12549953,EDCKUL21BSWEF600,L3,26,0,0.0
2026-09-08,2026-09-07,51204,12549954,EDCKUL21BSWET110,L1,20,0,0.0
2026-09-08,2026-09-07,51204,12549954,EDCKUL21BSWET110,L2,35,0,0.0
2026-09-08,2026-09-07,51204,12549954,EDCKUL21BSWET110,L3,26,0,0.0
2026-09-08,2026-09-07,51204,12549955,EDCKUL21BSWET210,L1,20,0,0.0
2026-09-08,2026-09-07,51204,12549955,EDCKUL21BSWET210,L2,35,0,0.0
2026-09-08,2026-09-07,51204,12549955,EDCKUL21BSWET210,L3,26,0,0.0
2026-09-08,2026-09-07,51204,12549956,EDCKUL21BSWET310,L1,20,0,0.0
2026-09-08,2026-09-07,51204,12549956,EDCKUL21BSWET310,L2,35,0,0.0
2026-09-08,2026-09-07,51204,12549956,EDCKUL21BSWET310,L3,26,0,0.0
2026-09-08,2026-09-07,51204,12549957,EDCKUL21BSWET410,L1,20,0,0.0
2026-09-08,2026-09-07,51204,12549957,EDCKUL21BSWET410,L2,35,0,0.0
2026-09-08,2026-09-07,51204,12549957,EDCKUL21BSWET410,L3,26,0,0.0
2026-09-08,2026-09-07,51204,12549958,EDCKUL21BSWET510,L1,20,0,0.0
2026-09-08,2026-09-07,51204,12549958,EDCKUL21BSWET510,L2,35,0,0.0
2026-09-08,2026-09-07,51204,12549958,EDCKUL21BSWET510,L3,26,0,0.0
2026-09-08,2026-09-07,51204,12549959,EDCKUL21BSWET120,L1,20,0,0.0
2026-09-08,2026-09-07,51204,12549959,EDCKUL21BSWET120,L2,35,0,0.0
2026-09-08,2026-09-07,51204,12549959,EDCKUL21BSWET120,L3,26,0,0.0
2026-09-08,2026-09-07,51204,12549960,EDCKUL21BSWET220,L1,20,0,0.0
2026-09-08,2026-09-07,51204,12549960,EDCKUL21BSWET220,L2,35,0,0.0
2026-09-08,2026-09-07,51204,12549960,EDCKUL21BSWET220,L3,26,0,0.0
2026-09-08,2026-09-07,51204,12549961,EDCKUL21BSWET320,L1,20,0,0.0
2026-09-08,2026-09-07,51204,12549961,EDCKUL21BSWET320,L2,35,0,0.0
2026-09-08,2026-09-07,51204,12549961,EDCKUL21BSWET320,L3,26,0,0.0
2026-09-08,2026-09-07,51204,12549962,EDCKUL21BSWET420,L1,20,0,0.0
2026-09-08,2026-09-07,51204,12549962,EDCKUL21BSWET420,L2,35,0,0.0
2026-09-08,2026-09-07,51204,12549962,EDCKUL21BSWET420,L3,26,0,0.0
2026-09-08,2026-09-07,51204,12549963,EDCKUL21BSWET520,L1,20,0,0.0
2026-09-08,2026-09-07,51204,12549963,EDCKUL21BSWET520,L2,35,0,0.0
2026-09-08,2026-09-07,51204,12549963,EDCKUL21BSWET520,L3,26,0,0.0
2026-09-08,2026-09-07,51204,13427822,EDCKUL21DPPEA210,L1,20,20,100.0
2026-09-08,2026-09-07,51204,13427822,EDCKUL21DPPEA210,L2,35,0,0.0
2026-09-08,2026-09-07,51204,13427822,EDCKUL21DPPEA210,L3,26,0,0.0
2026-09-08,2026-09-07,51204,13427823,EDCKUL21DPPEB210,L1,20,20,100.0
2026-09-08,2026-09-07,51204,13427823,EDCKUL21DPPEB210,L2,35,0,0.0
2026-09-08,2026-09-07,51204,13427823,EDCKUL21DPPEB210,L3,26,0,0.0
2026-09-08,2026-09-07,51204,13427824,EDCKUL21DPPEC210,L1,20,20,100.0
2026-09-08,2026-09-07,51204,13427824,EDCKUL21DPPEC210,L2,35,0,0.0
2026-09-08,2026-09-07,51204,13427824,EDCKUL21DPPEC210,L3,26,0,0.0
2026-09-08,2026-09-07,51204,13427825,EDCKUL21DPPED210,L1,20,20,100.0
2026-09-08,2026-09-07,51204,13427825,EDCKUL21DPPED210,L2,35,0,0.0
2026-09-08,2026-09-07,51204,13427825,EDCKUL21DPPED210,L3,26,0,0.0
2026-09-08,2026-09-07,51204,13427826,EDCKUL21DPPEE210,L1,20,20,100.0
2026-09-08,2026-09-07,51204,13427826,EDCKUL21DPPEE210,L2,35,0,0.0
2026-09-08,2026-09-07,51204,13427826,EDCKUL21DPPEE210,L3,26,0,0.0
2026-09-08,2026-09-07,51204,13427827,EDCKUL21DPPEF210,L1,20,20,100.0
2026-09-08,2026-09-07,51204,13427827,EDCKUL21DPPEF210,L2,35,0,0.0
2026-09-08,2026-09-07,51204,13427827,EDCKUL21DPPEF210,L3,26,0,0.0
2026-09-08,2026-09-07,51204,13427828,EDCKUL21DPPET210,L1,20,20,100.0
2026-09-08,2026-09-07,51204,13427828,EDCKUL21DPPET210,L2,35,0,0.0
2026-09-08,2026-09-07,51204,13427828,EDCKUL21DPPET210,L3,26,0,0.0
2026-09-08,2026-09-07,51204,13427829,EDCKUL21DPPET220,L1,20,20,100.0
2026-09-08,2026-09-07,51204,13427829,EDCKUL21DPPET220,L2,35,0,0.0
2026-09-08,2026-09-07,51204,13427829,EDCKUL21DPPET220,L3,26,0,0.0
2026-09-08,2026-09-07,51204,13582072,EDCKUL21DHU00108,L1,20,0,0.0
2026-09-08,2026-09-07,51204,13582072,EDCKUL21DHU00108,L2,35,0,0.0
2026-09-08,2026-09-07,51204,13582072,EDCKUL21DHU00108,L3,26,0,0.0
2026-09-08,2026-09-07,51204,13582073,EDCKUL21DHU00208,L1,20,0,0.0
2026-09-08,2026-09-07,51204,13582073,EDCKUL21DHU00208,L2,35,0,0.0
2026-09-08,2026-09-07,51204,13582073,EDCKUL21DHU00208,L3,26,0,0.0
2026-09-08,2026-09-07,51204,13582074,EDCKUL21DHU00109,L1,20,0,0.0
2026-09-08,2026-09-07,51204,13582074,EDCKUL21DHU00109,L2,35,0,0.0
2026-09-08,2026-09-07,51204,13582074,EDCKUL21DHU00109,L3,26,0,0.0
2026-09-08,2026-09-07,51204,13582075,EDCKUL21DHU00209,L1,20,0,0.0
2026-09-08,2026-09-07,51204,13582075,EDCKUL21DHU00209,L2,35,0,0.0
2026-09-08,2026-09-07,51204,13582075,EDCKUL21DHU00209,L3,26,0,0.0
2026-09-08,2026-09-07,51204,13582076,EDCKUL21GDS00700,L1,20,0,0.0
2026-09-08,2026-09-07,51204,13582076,EDCKUL21GDS00700,L2,35,0,0.0
2026-09-08,2026-09-07,51204,13582076,EDCKUL21GDS00700,L3,26,0,0.0
2026-09-08,2026-09-07,51204,13582077,EDCKUL21BMPC0100,L1,20,0,0.0
2026-09-08,2026-09-07,51204,13582077,EDCKUL21BMPC0100,L2,35,0,0.0
2026-09-08,2026-09-07,51204,13582077,EDCKUL21BMPC0100,L3,26,0,0.0
2026-09-08,2026-09-07,51204,13582078,EDCKUL21BMPC0200,L1,20,0,0.0
2026-09-08,2026-09-07,51204,13582078,EDCKUL21BMPC0200,L2,35,0,0.0
2026-09-08,2026-09-07,51204,13582078,EDCKUL21BMPC0200,L3,26,0,0.0
2026-09-08,2026-09-07,51204,13582079,EDCKUL21BMPC0300,L1,20,0,0.0
2026-09-08,2026-09-07,51204,13582079,EDCKUL21BMPC0300,L2,35,0,0.0
2026-09-08,2026-09-07,51204,13582079,EDCKUL21BMPC0300,L3,26,0,0.0
2026-09-08,2026-09-07,51204,13582080,EDCKUL21BMPC0400,L1,20,0,0.0
2026-09-08,2026-09-07,51204,13582080,EDCKUL21BMPC0400,L2,35,0,0.0
2026-09-08,2026-09-07,51204,13582080,EDCKUL21BMPC0400,L3,26,0,0.0
2026-09-08,2026-09-07,51204,13582081,EDCKUL21BMPC0500,L1,20,0,0.0
2026-09-08,2026-09-07,51204,13582081,EDCKUL21BMPC0500,L2,35,0,0.0
2026-09-08,2026-09-07,51204,13582081,EDCKUL21BMPC0500,L3,26,0,0.0
2026-09-08,2026-09-07,51204,13582082,EDCKUL21BMPC0600,L1,20,0,0.0
2026-09-08,2026-09-07,51204,13582082,EDCKUL21BMPC0600,L2,35,0,0.0
2026-09-08,2026-09-07,51204,13582082,EDCKUL21BMPC0600,L3,26,0,0.0
2026-09-08,2026-09-07,51204,13582083,EDCKUL21BMPC0700,L1,20,0,0.0
2026-09-08,2026-09-07,51204,13582083,EDCKUL21BMPC0700,L2,35,0,0.0
2026-09-08,2026-09-07,51204,13582083,EDCKUL21BMPC0700,L3,26,0,0.0
2026-09-08,2026-09-07,51204,13582084,EDCKUL21BMPC0800,L1,20,0,0.0
2026-09-08,2026-09-07,51204,13582084,EDCKUL21BMPC0800,L2,35,0,0.0
2026-09-08,2026-09-07,51204,13582084,EDCKUL21BMPC0800,L3,26,0,0.0
2026-09-08,2026-09-07,51204,13582085,EDCKUL21BMPC0900,L1,20,0,0.0
2026-09-08,2026-09-07,51204,13582085,EDCKUL21BMPC0900,L2,35,0,0.0
2026-09-08,2026-09-07,51204,13582085,EDCKUL21BMPC0900,L3,26,0,0.0
2026-09-08,2026-09-07,51204,13582086,EDCKUL21BMPC1000,L1,20,0,0.0
2026-09-08,2026-09-07,51204,13582086,EDCKUL21BMPC1000,L2,35,0,0.0
2026-09-08,2026-09-07,51204,13582086,EDCKUL21BMPC1000,L3,26,0,0.0
2026-09-08,2026-09-07,51204,13582087,EDCKUL21BMPC1100,L1,20,0,0.0
2026-09-08,2026-09-07,51204,13582087,EDCKUL21BMPC1100,L2,35,0,0.0
2026-09-08,2026-09-07,51204,13582087,EDCKUL21BMPC1100,L3,26,0,0.0
2026-09-08,2026-09-07,51204,13582088,EDCKUL21BMPC1200,L1,20,0,0.0
2026-09-08,2026-09-07,51204,13582088,EDCKUL21BMPC1200,L2,35,0,0.0
2026-09-08,2026-09-07,51204,13582088,EDCKUL21BMPC1200,L3,26,0,0.0
2026-09-08,2026-09-07,51204,13582089,EDCKUL21BMPC1300,L1,20,0,0.0
2026-09-08,2026-09-07,51204,13582089,EDCKUL21BMPC1300,L2,35,0,0.0
2026-09-08,2026-09-07,51204,13582089,EDCKUL21BMPC1300,L3,26,0,0.0
2026-09-08,2026-09-07,51204,13582090,EDCKUL21BMPC1400,L1,20,0,0.0
2026-09-08,2026-09-07,51204,13582090,EDCKUL21BMPC1400,L2,35,0,0.0
2026-09-08,2026-09-07,51204,13582090,EDCKUL21BMPC1400,L3,26,0,0.0
2026-09-08,2026-09-07,51204,13582091,EDCKUL21BMPC1500,L1,20,0,0.0
2026-09-08,2026-09-07,51204,13582091,EDCKUL21BMPC1500,L2,35,0,0.0
2026-09-08,2026-09-07,51204,13582091,EDCKUL21BMPC1500,L3,26,0,0.0
2026-09-08,2026-09-07,51204,13582092,EDCKUL21BMPMPMC1,L1,20,0,0.0
2026-09-08,2026-09-07,51204,13582092,EDCKUL21BMPMPMC1,L2,35,0,0.0
2026-09-08,2026-09-07,51204,13582092,EDCKUL21BMPMPMC1,L3,26,0,0.0
2026-09-08,2026-09-07,51204,13582093,EDCKUL21BMPMPMC2,L1,20,0,0.0
2026-09-08,2026-09-07,51204,13582093,EDCKUL21BMPMPMC2,L2,35,0,0.0
2026-09-08,2026-09-07,51204,13582093,EDCKUL21BMPMPMC2,L3,26,0,0.0
2026-09-08,2026-09-07,51204,13582094,EDCKUL21BMPMPMC3,L1,20,0,0.0
2026-09-08,2026-09-07,51204,13582094,EDCKUL21BMPMPMC3,L2,35,0,0.0
2026-09-08,2026-09-07,51204,13582094,EDCKUL21BMPMPMC3,L3,26,0,0.0
2026-09-08,2026-09-07,51204,13582095,EDCKUL21BMPMPMC4,L1,20,0,0.0
2026-09-08,2026-09-07,51204,13582095,EDCKUL21BMPMPMC4,L2,35,0,0.0
2026-09-08,2026-09-07,51204,13582095,EDCKUL21BMPMPMC4,L3,26,0,0.0
2026-09-08,2026-09-07,51204,13723718,EDCKUL21BMPET100,L1,20,0,0.0
2026-09-08,2026-09-07,51204,13723718,EDCKUL21BMPET100,L2,35,0,0.0
2026-09-08,2026-09-07,51204,13723718,EDCKUL21BMPET100,L3,26,0,0.0
2026-09-08,2026-09-07,51204,13723719,EDCKUL21BMPEA100,L1,20,0,0.0
2026-09-08,2026-09-07,51204,13723719,EDCKUL21BMPEA100,L2,35,0,0.0
2026-09-08,2026-09-07,51204,13723719,EDCKUL21BMPEA100,L3,26,0,0.0
2026-09-08,2026-09-07,51204,13723720,EDCKUL21BMPEB100,L1,20,0,0.0
2026-09-08,2026-09-07,51204,13723720,EDCKUL21BMPEB100,L2,35,0,0.0
2026-09-08,2026-09-07,51204,13723720,EDCKUL21BMPEB100,L3,26,0,0.0
2026-09-08,2026-09-07,51204,13723721,EDCKUL21BMPEC100,L1,20,0,0.0
2026-09-08,2026-09-07,51204,13723721,EDCKUL21BMPEC100,L2,35,0,0.0
2026-09-08,2026-09-07,51204,13723721,EDCKUL21BMPEC100,L3,26,0,0.0
2026-09-08,2026-09-07,51204,13723722,EDCKUL21BMPED100,L1,20,0,0.0
2026-09-08,2026-09-07,51204,13723722,EDCKUL21BMPED100,L2,35,0,0.0
2026-09-08,2026-09-07,51204,13723722,EDCKUL21BMPED100,L3,26,0,0.0
2026-09-08,2026-09-07,51204,13723723,EDCKUL21BMPEE100,L1,20,0,0.0
2026-09-08,2026-09-07,51204,13723723,EDCKUL21BMPEE100,L2,35,0,0.0
2026-09-08,2026-09-07,51204,13723723,EDCKUL21BMPEE100,L3,26,0,0.0
2026-09-08,2026-09-07,51204,13723724,EDCKUL21BMPEF100,L1,20,0,0.0
2026-09-08,2026-09-07,51204,13723724,EDCKUL21BMPEF100,L2,35,0,0.0
2026-09-08,2026-09-07,51204,13723724,EDCKUL21BMPEF100,L3,26,0,0.0
2026-09-08,2026-09-07,51204,13723725,EDCKUL21BMPET200,L1,20,0,0.0
2026-09-08,2026-09-07,51204,13723725,EDCKUL21BMPET200,L2,35,0,0.0
2026-09-08,2026-09-07,51204,13723725,EDCKUL21BMPET200,L3,26,0,0.0
2026-09-08,2026-09-07,51204,13723726,EDCKUL21BMP00108,L1,20,0,0.0
2026-09-08,2026-09-07,51204,13723726,EDCKUL21BMP00108,L2,35,0,0.0
2026-09-08,2026-09-07,51204,13723726,EDCKUL21BMP00108,L3,26,0,0.0
2026-09-08,2026-09-07,51204,13723727,EDCKUL21BMP00109,L1,20,0,0.0
2026-09-08,2026-09-07,51204,13723727,EDCKUL21BMP00109,L2,35,0,0.0
2026-09-08,2026-09-07,51204,13723727,EDCKUL21BMP00109,L3,26,0,0.0
2026-09-08,2026-09-07,51204,13723728,EDCKUL21BMPTCS18,L1,20,0,0.0
2026-09-08,2026-09-07,51204,13723728,EDCKUL21BMPTCS18,L2,35,0,0.0
2026-09-08,2026-09-07,51204,13723728,EDCKUL21BMPTCS18,L3,26,0,0.0
2026-09-08,2026-09-07,51204,13723729,EDCKUL21BMPTCS28,L1,20,0,0.0
2026-09-08,2026-09-07,51204,13723729,EDCKUL21BMPTCS28,L2,35,0,0.0
2026-09-08,2026-09-07,51204,13723729,EDCKUL21BMPTCS28,L3,26,0,0.0
2026-09-08,2026-09-07,51204,13723730,EDCKUL21BMPTCS19,L1,20,0,0.0
2026-09-08,2026-09-07,51204,13723730,EDCKUL21BMPTCS19,L2,35,0,0.0
2026-09-08,2026-09-07,51204,13723730,EDCKUL21BMPTCS19,L3,26,0,0.0
2026-09-08,2026-09-07,51204,13723731,EDCKUL21BMPTCS29,L1,20,0,0.0
2026-09-08,2026-09-07,51204,13723731,EDCKUL21BMPTCS29,L2,35,0,0.0
2026-09-08,2026-09-07,51204,13723731,EDCKUL21BMPTCS29,L3,26,0,0.0
2026-09-08,2026-09-07,51204,13723732,EDCKUL21MDPET210,L1,20,20,100.0
2026-09-08,2026-09-07,51204,13723732,EDCKUL21MDPET210,L2,35,0,0.0
2026-09-08,2026-09-07,51204,13723732,EDCKUL21MDPET210,L3,26,0,0.0
2026-09-08,2026-09-07,51204,13723733,EDCKUL21MDPET310,L1,20,20,100.0
2026-09-08,2026-09-07,51204,13723733,EDCKUL21MDPET310,L2,35,0,0.0
2026-09-08,2026-09-07,51204,13723733,EDCKUL21MDPET310,L3,26,0,0.0
2026-09-08,2026-09-07,51204,13723734,EDCKUL21MDPET220,L1,20,20,100.0
2026-09-08,2026-09-07,51204,13723734,EDCKUL21MDPET220,L2,35,0,0.0
2026-09-08,2026-09-07,51204,13723734,EDCKUL21MDPET220,L3,26,0,0.0
2026-09-08,2026-09-07,51204,13851814,EDCKUL21PAC01300,L1,20,0,0.0
2026-09-08,2026-09-07,51204,13851814,EDCKUL21PAC01300,L2,35,0,0.0
2026-09-08,2026-09-07,51204,13851814,EDCKUL21PAC01300,L3,26,0,0.0
2026-09-08,2026-09-07,51204,13851815,EDCKUL21PAC01400,L1,20,0,0.0
2026-09-08,2026-09-07,51204,13851815,EDCKUL21PAC01400,L2,35,0,0.0
2026-09-08,2026-09-07,51204,13851815,EDCKUL21PAC01400,L3,26,0,0.0
2026-09-08,2026-09-07,51204,13851816,EDCKUL21PAS02900,L1,20,0,0.0
2026-09-08,2026-09-07,51204,13851816,EDCKUL21PAS02900,L2,35,0,0.0
2026-09-08,2026-09-07,51204,13851816,EDCKUL21PAS02900,L3,26,0,0.0
2026-09-08,2026-09-07,51204,13851817,EDCKUL21PAS03000,L1,20,0,0.0
2026-09-08,2026-09-07,51204,13851817,EDCKUL21PAS03000,L2,35,0,0.0
2026-09-08,2026-09-07,51204,13851817,EDCKUL21PAS03000,L3,26,0,0.0
2026-09-08,2026-09-07,51204,13851818,EDCKUL21PAS03100,L1,20,0,0.0
2026-09-08,2026-09-07,51204,13851818,EDCKUL21PAS03100,L2,35,0,0.0
2026-09-08,2026-09-07,51204,13851818,EDCKUL21PAS03100,L3,26,0,0.0
2026-09-08,2026-09-07,51204,13851819,EDCKUL21PAS03200,L1,20,0,0.0
2026-09-08,2026-09-07,51204,13851819,EDCKUL21PAS03200,L2,35,0,0.0
2026-09-08,2026-09-07,51204,13851819,EDCKUL21PAS03200,L3,26,0,0.0
2026-09-08,2026-09-07,51204,13851820,EDCKUL21PAS03300,L1,20,0,0.0
2026-09-08,2026-09-07,51204,13851820,EDCKUL21PAS03300,L2,35,0,0.0
2026-09-08,2026-09-07,51204,13851820,EDCKUL21PAS03300,L3,26,0,0.0
2026-09-08,2026-09-07,51204,13851821,EDCKUL21PAS03400,L1,20,0,0.0
2026-09-08,2026-09-07,51204,13851821,EDCKUL21PAS03400,L2,35,0,0.0
2026-09-08,2026-09-07,51204,13851821,EDCKUL21PAS03400,L3,26,0,0.0
2026-09-08,2026-09-07,52047,12442390,EDCKUL21ACS03750,L1,20,0,0.0
2026-09-08,2026-09-07,52047,12442390,EDCKUL21ACS03750,L2,35,0,0.0
2026-09-08,2026-09-07,52047,12442390,EDCKUL21ACS03750,L3,26,0,0.0
2026-09-08,2026-09-07,52047,12442391,EDCKUL21ACS03650,L1,20,0,0.0
2026-09-08,2026-09-07,52047,12442391,EDCKUL21ACS03650,L2,35,0,0.0
2026-09-08,2026-09-07,52047,12442391,EDCKUL21ACS03650,L3,26,0,0.0
2026-09-08,2026-09-07,52047,12442392,EDCKUL21ACS03760,L1,20,0,0.0
2026-09-08,2026-09-07,52047,12442392,EDCKUL21ACS03760,L2,35,0,0.0
2026-09-08,2026-09-07,52047,12442392,EDCKUL21ACS03760,L3,26,0,0.0
2026-09-08,2026-09-07,52047,12442393,EDCKUL21ACS03660,L1,20,0,0.0
2026-09-08,2026-09-07,52047,12442393,EDCKUL21ACS03660,L2,35,0,0.0
2026-09-08,2026-09-07,52047,12442393,EDCKUL21ACS03660,L3,26,0,0.0
2026-09-08,2026-09-07,52047,12442394,EDCKUL21ACS03770,L1,20,0,0.0
2026-09-08,2026-09-07,52047,12442394,EDCKUL21ACS03770,L2,35,0,0.0
2026-09-08,2026-09-07,52047,12442394,EDCKUL21ACS03770,L3,26,0,0.0
2026-09-08,2026-09-07,52047,12442395,EDCKUL21ACS03670,L1,20,0,0.0
2026-09-08,2026-09-07,52047,12442395,EDCKUL21ACS03670,L2,35,0,0.0
2026-09-08,2026-09-07,52047,12442395,EDCKUL21ACS03670,L3,26,0,0.0
2026-09-08,2026-09-07,52047,12442396,EDCKUL21ACS03780,L1,20,0,0.0
2026-09-08,2026-09-07,52047,12442396,EDCKUL21ACS03780,L2,35,0,0.0
2026-09-08,2026-09-07,52047,12442396,EDCKUL21ACS03780,L3,26,0,0.0
2026-09-08,2026-09-07,52047,12442397,EDCKUL21ACS03680,L1,20,0,0.0
2026-09-08,2026-09-07,52047,12442397,EDCKUL21ACS03680,L2,35,0,0.0
2026-09-08,2026-09-07,52047,12442397,EDCKUL21ACS03680,L3,26,0,0.0
2026-09-08,2026-09-07,52047,12442398,EDCKUL21ACS03790,L1,20,0,0.0
2026-09-08,2026-09-07,52047,12442398,EDCKUL21ACS03790,L2,35,0,0.0
2026-09-08,2026-09-07,52047,12442398,EDCKUL21ACS03790,L3,26,0,0.0
2026-09-08,2026-09-07,52047,12442399,EDCKUL21ACS03690,L1,20,0,0.0
2026-09-08,2026-09-07,52047,12442399,EDCKUL21ACS03690,L2,35,0,0.0
2026-09-08,2026-09-07,52047,12442399,EDCKUL21ACS03690,L3,26,0,0.0
2026-09-08,2026-09-07,52047,12442400,EDCKUL21ACS037A0,L1,20,0,0.0
2026-09-08,2026-09-07,52047,12442400,EDCKUL21ACS037A0,L2,35,0,0.0
2026-09-08,2026-09-07,52047,12442400,EDCKUL21ACS037A0,L3,26,0,0.0
2026-09-08,2026-09-07,52047,12442401,EDCKUL21ACS036A0,L1,20,0,0.0
2026-09-08,2026-09-07,52047,12442401,EDCKUL21ACS036A0,L2,35,0,0.0
2026-09-08,2026-09-07,52047,12442401,EDCKUL21ACS036A0,L3,26,0,0.0
2026-09-08,2026-09-07,52047,12442402,EDCKUL21ACS037B0,L1,20,0,0.0
2026-09-08,2026-09-07,52047,12442402,EDCKUL21ACS037B0,L2,35,0,0.0
2026-09-08,2026-09-07,52047,12442402,EDCKUL21ACS037B0,L3,26,0,0.0
2026-09-08,2026-09-07,52047,12442403,EDCKUL21ACS036B0,L1,20,0,0.0
2026-09-08,2026-09-07,52047,12442403,EDCKUL21ACS036B0,L2,35,0,0.0
2026-09-08,2026-09-07,52047,12442403,EDCKUL21ACS036B0,L3,26,0,0.0
2026-09-08,2026-09-07,52047,12442404,EDCKUL21ACS03740,L1,20,0,0.0
2026-09-08,2026-09-07,52047,12442404,EDCKUL21ACS03740,L2,35,0,0.0
2026-09-08,2026-09-07,52047,12442404,EDCKUL21ACS03740,L3,26,0,0.0
2026-09-08,2026-09-07,52047,12442405,EDCKUL21ACS03640,L1,20,0,0.0
2026-09-08,2026-09-07,52047,12442405,EDCKUL21ACS03640,L2,35,0,0.0
2026-09-08,2026-09-07,52047,12442405,EDCKUL21ACS03640,L3,26,0,0.0
2026-09-08,2026-09-07,52047,12442406,EDCKUL21ACS03450,L1,20,0,0.0
2026-09-08,2026-09-07,52047,12442406,EDCKUL21ACS03450,L2,35,0,0.0
2026-09-08,2026-09-07,52047,12442406,EDCKUL21ACS03450,L3,26,0,0.0
2026-09-08,2026-09-07,52047,12442407,EDCKUL21ACS03460,L1,20,0,0.0
2026-09-08,2026-09-07,52047,12442407,EDCKUL21ACS03460,L2,35,0,0.0
2026-09-08,2026-09-07,52047,12442407,EDCKUL21ACS03460,L3,26,0,0.0
2026-09-08,2026-09-07,52047,12442408,EDCKUL21ACS03430,L1,20,0,0.0
2026-09-08,2026-09-07,52047,12442408,EDCKUL21ACS03430,L2,35,0,0.0
2026-09-08,2026-09-07,52047,12442408,EDCKUL21ACS03430,L3,26,0,0.0
2026-09-08,2026-09-07,52047,12442409,EDCKUL21ACS03420,L1,20,0,0.0
2026-09-08,2026-09-07,52047,12442409,EDCKUL21ACS03420,L2,35,0,0.0
2026-09-08,2026-09-07,52047,12442409,EDCKUL21ACS03420,L3,26,0,0.0
2026-09-08,2026-09-07,52047,12442410,EDCKUL21ACS03510,L1,20,0,0.0
2026-09-08,2026-09-07,52047,12442410,EDCKUL21ACS03510,L2,35,0,0.0
2026-09-08,2026-09-07,52047,12442410,EDCKUL21ACS03510,L3,26,0,0.0
2026-09-08,2026-09-07,52047,12442411,EDCKUL21ACS03520,L1,20,0,0.0
2026-09-08,2026-09-07,52047,12442411,EDCKUL21ACS03520,L2,35,0,0.0
2026-09-08,2026-09-07,52047,12442411,EDCKUL21ACS03520,L3,26,0,0.0
2026-09-08,2026-09-07,52047,12442412,EDCKUL21ACS03550,L1,20,0,0.0
2026-09-08,2026-09-07,52047,12442412,EDCKUL21ACS03550,L2,35,0,0.0
2026-09-08,2026-09-07,52047,12442412,EDCKUL21ACS03550,L3,26,0,0.0
2026-09-08,2026-09-07,52047,12442413,EDCKUL21ACS03560,L1,20,0,0.0
2026-09-08,2026-09-07,52047,12442413,EDCKUL21ACS03560,L2,35,0,0.0
2026-09-08,2026-09-07,52047,12442413,EDCKUL21ACS03560,L3,26,0,0.0
2026-09-08,2026-09-07,52047,12442414,EDCKUL21ACS03410,L1,20,0,0.0
2026-09-08,2026-09-07,52047,12442414,EDCKUL21ACS03410,L2,35,0,0.0
2026-09-08,2026-09-07,52047,12442414,EDCKUL21ACS03410,L3,26,0,0.0
2026-09-08,2026-09-07,52047,12442415,EDCKUL21ACS035A0,L1,20,0,0.0
2026-09-08,2026-09-07,52047,12442415,EDCKUL21ACS035A0,L2,35,0,0.0
2026-09-08,2026-09-07,52047,12442415,EDCKUL21ACS035A0,L3,26,0,0.0
2026-09-08,2026-09-07,52047,12442416,EDCKUL21ACS03590,L1,20,0,0.0
2026-09-08,2026-09-07,52047,12442416,EDCKUL21ACS03590,L2,35,0,0.0
2026-09-08,2026-09-07,52047,12442416,EDCKUL21ACS03590,L3,26,0,0.0
2026-09-08,2026-09-07,52047,12442417,EDCKUL21ACS03480,L1,20,0,0.0
2026-09-08,2026-09-07,52047,12442417,EDCKUL21ACS03480,L2,35,0,0.0
2026-09-08,2026-09-07,52047,12442417,EDCKUL21ACS03480,L3,26,0,0.0
2026-09-08,2026-09-07,52047,12442418,EDCKUL21ACS03470,L1,20,0,0.0
2026-09-08,2026-09-07,52047,12442418,EDCKUL21ACS03470,L2,35,0,0.0
2026-09-08,2026-09-07,52047,12442418,EDCKUL21ACS03470,L3,26,0,0.0
2026-09-08,2026-09-07,52047,12442419,EDCKUL21ACS03570,L1,20,0,0.0
2026-09-08,2026-09-07,52047,12442419,EDCKUL21ACS03570,L2,35,0,0.0
2026-09-08,2026-09-07,52047,12442419,EDCKUL21ACS03570,L3,26,0,0.0
2026-09-08,2026-09-07,52047,12442420,EDCKUL21ACS03540,L1,20,0,0.0
2026-09-08,2026-09-07,52047,12442420,EDCKUL21ACS03540,L2,35,0,0.0
2026-09-08,2026-09-07,52047,12442420,EDCKUL21ACS03540,L3,26,0,0.0
2026-09-08,2026-09-07,52047,12442421,EDCKUL21ACS03440,L1,20,0,0.0
2026-09-08,2026-09-07,52047,12442421,EDCKUL21ACS03440,L2,35,0,0.0
2026-09-08,2026-09-07,52047,12442421,EDCKUL21ACS03440,L3,26,0,0.0
2026-09-08,2026-09-07,52047,12442422,EDCKUL21ACS03530,L1,20,0,0.0
2026-09-08,2026-09-07,52047,12442422,EDCKUL21ACS03530,L2,35,0,0.0
2026-09-08,2026-09-07,52047,12442422,EDCKUL21ACS03530,L3,26,0,0.0
2026-09-08,2026-09-07,52047,12442423,EDCKUL21ACS03710,L1,20,0,0.0
2026-09-08,2026-09-07,52047,12442423,EDCKUL21ACS03710,L2,35,0,0.0
2026-09-08,2026-09-07,52047,12442423,EDCKUL21ACS03710,L3,26,0,0.0
2026-09-08,2026-09-07,52047,12442424,EDCKUL21ACS03610,L1,20,0,0.0
2026-09-08,2026-09-07,52047,12442424,EDCKUL21ACS03610,L2,35,0,0.0
2026-09-08,2026-09-07,52047,12442424,EDCKUL21ACS03610,L3,26,0,0.0
2026-09-08,2026-09-07,52047,12442425,EDCKUL21ACS03720,L1,20,0,0.0
2026-09-08,2026-09-07,52047,12442425,EDCKUL21ACS03720,L2,35,0,0.0
2026-09-08,2026-09-07,52047,12442425,EDCKUL21ACS03720,L3,26,0,0.0
2026-09-08,2026-09-07,52047,12442426,EDCKUL21ACS03620,L1,20,0,0.0
2026-09-08,2026-09-07,52047,12442426,EDCKUL21ACS03620,L2,35,0,0.0
2026-09-08,2026-09-07,52047,12442426,EDCKUL21ACS03620,L3,26,0,0.0
2026-09-08,2026-09-07,52047,12442427,EDCKUL21ACS03730,L1,20,0,0.0
2026-09-08,2026-09-07,52047,12442427,EDCKUL21ACS03730,L2,35,0,0.0
2026-09-08,2026-09-07,52047,12442427,EDCKUL21ACS03730,L3,26,0,0.0
2026-09-08,2026-09-07,52047,12442428,EDCKUL21ACS03630,L1,20,0,0.0
2026-09-08,2026-09-07,52047,12442428,EDCKUL21ACS03630,L2,35,0,0.0
2026-09-08,2026-09-07,52047,12442428,EDCKUL21ACS03630,L3,26,0,0.0
2026-09-08,2026-09-07,52047,12442429,EDCKUL21ACS03490,L1,20,0,0.0
2026-09-08,2026-09-07,52047,12442429,EDCKUL21ACS03490,L2,35,0,0.0
2026-09-08,2026-09-07,52047,12442429,EDCKUL21ACS03490,L3,26,0,0.0
2026-09-08,2026-09-07,52047,12442430,EDCKUL21ACS03580,L1,20,0,0.0
2026-09-08,2026-09-07,52047,12442430,EDCKUL21ACS03580,L2,35,0,0.0
2026-09-08,2026-09-07,52047,12442430,EDCKUL21ACS03580,L3,26,0,0.0
2026-09-08,2026-09-07,52047,12442431,EDCKUL21ACS034A0,L1,20,0,0.0
2026-09-08,2026-09-07,52047,12442431,EDCKUL21ACS034A0,L2,35,0,0.0
2026-09-08,2026-09-07,52047,12442431,EDCKUL21ACS034A0,L3,26,0,0.0
2026-09-08,2026-09-07,52047,12442432,EDCKUL21VRF03400,L1,20,0,0.0
2026-09-08,2026-09-07,52047,12442432,EDCKUL21VRF03400,L2,35,0,0.0
2026-09-08,2026-09-07,52047,12442432,EDCKUL21VRF03400,L3,26,0,0.0
2026-09-08,2026-09-07,52047,12442433,EDCKUL21VRF03500,L1,20,0,0.0
2026-09-08,2026-09-07,52047,12442433,EDCKUL21VRF03500,L2,35,0,0.0
2026-09-08,2026-09-07,52047,12442433,EDCKUL21VRF03500,L3,26,0,0.0
2026-09-08,2026-09-07,52047,12442434,EDCKUL21VRF03600,L1,20,0,0.0
2026-09-08,2026-09-07,52047,12442434,EDCKUL21VRF03600,L2,35,0,0.0
2026-09-08,2026-09-07,52047,12442434,EDCKUL21VRF03600,L3,26,0,0.0
2026-09-08,2026-09-07,52047,12442435,EDCKUL21VRF03700,L1,20,0,0.0
2026-09-08,2026-09-07,52047,12442435,EDCKUL21VRF03700,L2,35,0,0.0
2026-09-08,2026-09-07,52047,12442435,EDCKUL21VRF03700,L3,26,0,0.0
2026-09-08,2026-09-07,52047,12442440,EDCKUL21CDUB0105,L1,20,0,0.0
2026-09-08,2026-09-07,52047,12442440,EDCKUL21CDUB0105,L2,35,0,0.0
2026-09-08,2026-09-07,52047,12442440,EDCKUL21CDUB0105,L3,26,0,0.0
2026-09-08,2026-09-07,52047,12442441,EDCKUL21CDUB0205,L1,20,0,0.0
2026-09-08,2026-09-07,52047,12442441,EDCKUL21CDUB0205,L2,35,0,0.0
2026-09-08,2026-09-07,52047,12442441,EDCKUL21CDUB0205,L3,26,0,0.0
2026-09-08,2026-09-07,52047,12442442,EDCKUL21CDUB0305,L1,20,0,0.0
2026-09-08,2026-09-07,52047,12442442,EDCKUL21CDUB0305,L2,35,0,0.0
2026-09-08,2026-09-07,52047,12442442,EDCKUL21CDUB0305,L3,26,0,0.0
2026-09-08,2026-09-07,52047,12442443,EDCKUL21CDUB0405,L1,20,0,0.0
2026-09-08,2026-09-07,52047,12442443,EDCKUL21CDUB0405,L2,35,0,0.0
2026-09-08,2026-09-07,52047,12442443,EDCKUL21CDUB0405,L3,26,0,0.0
2026-09-08,2026-09-07,52047,12442444,EDCKUL21CDUB0505,L1,20,0,0.0
2026-09-08,2026-09-07,52047,12442444,EDCKUL21CDUB0505,L2,35,0,0.0
2026-09-08,2026-09-07,52047,12442444,EDCKUL21CDUB0505,L3,26,0,0.0
2026-09-08,2026-09-07,52047,12442445,EDCKUL21CDUB0605,L1,20,0,0.0
2026-09-08,2026-09-07,52047,12442445,EDCKUL21CDUB0605,L2,35,0,0.0
2026-09-08,2026-09-07,52047,12442445,EDCKUL21CDUB0605,L3,26,0,0.0
2026-09-08,2026-09-07,52047,12442446,EDCKUL21CDUB0106,L1,20,0,0.0
2026-09-08,2026-09-07,52047,12442446,EDCKUL21CDUB0106,L2,35,0,0.0
2026-09-08,2026-09-07,52047,12442446,EDCKUL21CDUB0106,L3,26,0,0.0
2026-09-08,2026-09-07,52047,12442447,EDCKUL21CDUB0206,L1,20,0,0.0
2026-09-08,2026-09-07,52047,12442447,EDCKUL21CDUB0206,L2,35,0,0.0
2026-09-08,2026-09-07,52047,12442447,EDCKUL21CDUB0206,L3,26,0,0.0
2026-09-08,2026-09-07,52047,12442448,EDCKUL21CDUB0306,L1,20,0,0.0
2026-09-08,2026-09-07,52047,12442448,EDCKUL21CDUB0306,L2,35,0,0.0
2026-09-08,2026-09-07,52047,12442448,EDCKUL21CDUB0306,L3,26,0,0.0
2026-09-08,2026-09-07,52047,12442449,EDCKUL21CDUB0406,L1,20,0,0.0
2026-09-08,2026-09-07,52047,12442449,EDCKUL21CDUB0406,L2,35,0,0.0
2026-09-08,2026-09-07,52047,12442449,EDCKUL21CDUB0406,L3,26,0,0.0
2026-09-08,2026-09-07,52047,12442450,EDCKUL21CDUB0506,L1,20,0,0.0
2026-09-08,2026-09-07,52047,12442450,EDCKUL21CDUB0506,L2,35,0,0.0
2026-09-08,2026-09-07,52047,12442450,EDCKUL21CDUB0506,L3,26,0,0.0
2026-09-08,2026-09-07,52047,12442451,EDCKUL21CDUB0606,L1,20,0,0.0
2026-09-08,2026-09-07,52047,12442451,EDCKUL21CDUB0606,L2,35,0,0.0
2026-09-08,2026-09-07,52047,12442451,EDCKUL21CDUB0606,L3,26,0,0.0
2026-09-08,2026-09-07,52047,12442452,EDCKUL21AISB0105,L1,20,0,0.0
2026-09-08,2026-09-07,52047,12442452,EDCKUL21AISB0105,L2,35,0,0.0
2026-09-08,2026-09-07,52047,12442452,EDCKUL21AISB0105,L3,26,0,0.0
2026-09-08,2026-09-07,52047,12442453,EDCKUL21AISB0205,L1,20,0,0.0
2026-09-08,2026-09-07,52047,12442453,EDCKUL21AISB0205,L2,35,0,0.0
2026-09-08,2026-09-07,52047,12442453,EDCKUL21AISB0205,L3,26,0,0.0
2026-09-08,2026-09-07,52047,12442454,EDCKUL21AISB0106,L1,20,0,0.0
2026-09-08,2026-09-07,52047,12442454,EDCKUL21AISB0106,L2,35,0,0.0
2026-09-08,2026-09-07,52047,12442454,EDCKUL21AISB0106,L3,26,0,0.0
2026-09-08,2026-09-07,52047,12442455,EDCKUL21AISB0206,L1,20,0,0.0
2026-09-08,2026-09-07,52047,12442455,EDCKUL21AISB0206,L2,35,0,0.0
2026-09-08,2026-09-07,52047,12442455,EDCKUL21AISB0206,L3,26,0,0.0
2026-09-08,2026-09-07,52047,12442456,EDCKUL21TESB0105,L1,20,0,0.0
2026-09-08,2026-09-07,52047,12442456,EDCKUL21TESB0105,L2,35,0,0.0
2026-09-08,2026-09-07,52047,12442456,EDCKUL21TESB0105,L3,26,0,0.0
2026-09-08,2026-09-07,52047,12442457,EDCKUL21TESB0205,L1,20,0,0.0
2026-09-08,2026-09-07,52047,12442457,EDCKUL21TESB0205,L2,35,0,0.0
2026-09-08,2026-09-07,52047,12442457,EDCKUL21TESB0205,L3,26,0,0.0
2026-09-08,2026-09-07,52047,12442458,EDCKUL21TESB0305,L1,20,0,0.0
2026-09-08,2026-09-07,52047,12442458,EDCKUL21TESB0305,L2,35,0,0.0
2026-09-08,2026-09-07,52047,12442458,EDCKUL21TESB0305,L3,26,0,0.0
2026-09-08,2026-09-07,52047,12442459,EDCKUL21TESB0405,L1,20,0,0.0
2026-09-08,2026-09-07,52047,12442459,EDCKUL21TESB0405,L2,35,0,0.0
2026-09-08,2026-09-07,52047,12442459,EDCKUL21TESB0405,L3,26,0,0.0
2026-09-08,2026-09-07,52047,12442460,EDCKUL21TESB0505,L1,20,0,0.0
2026-09-08,2026-09-07,52047,12442460,EDCKUL21TESB0505,L2,35,0,0.0
2026-09-08,2026-09-07,52047,12442460,EDCKUL21TESB0505,L3,26,0,0.0
2026-09-08,2026-09-07,52047,12442461,EDCKUL21TESB0605,L1,20,0,0.0
2026-09-08,2026-09-07,52047,12442461,EDCKUL21TESB0605,L2,35,0,0.0
2026-09-08,2026-09-07,52047,12442461,EDCKUL21TESB0605,L3,26,0,0.0
2026-09-08,2026-09-07,52047,12442462,EDCKUL21TESB0106,L1,20,0,0.0
2026-09-08,2026-09-07,52047,12442462,EDCKUL21TESB0106,L2,35,0,0.0
2026-09-08,2026-09-07,52047,12442462,EDCKUL21TESB0106,L3,26,0,0.0
2026-09-08,2026-09-07,52047,12442463,EDCKUL21TESB0206,L1,20,0,0.0
2026-09-08,2026-09-07,52047,12442463,EDCKUL21TESB0206,L2,35,0,0.0
2026-09-08,2026-09-07,52047,12442463,EDCKUL21TESB0206,L3,26,0,0.0
2026-09-08,2026-09-07,52047,12442464,EDCKUL21TESB0306,L1,20,0,0.0
2026-09-08,2026-09-07,52047,12442464,EDCKUL21TESB0306,L2,35,0,0.0
2026-09-08,2026-09-07,52047,12442464,EDCKUL21TESB0306,L3,26,0,0.0
2026-09-08,2026-09-07,52047,12442465,EDCKUL21TESB0406,L1,20,0,0.0
2026-09-08,2026-09-07,52047,12442465,EDCKUL21TESB0406,L2,35,0,0.0
2026-09-08,2026-09-07,52047,12442465,EDCKUL21TESB0406,L3,26,0,0.0
2026-09-08,2026-09-07,52047,12442466,EDCKUL21TESB0506,L1,20,0,0.0
2026-09-08,2026-09-07,52047,12442466,EDCKUL21TESB0506,L2,35,0,0.0
2026-09-08,2026-09-07,52047,12442466,EDCKUL21TESB0506,L3,26,0,0.0
2026-09-08,2026-09-07,52047,12442467,EDCKUL21TESB0606,L1,20,0,0.0
2026-09-08,2026-09-07,52047,12442467,EDCKUL21TESB0606,L2,35,0,0.0
2026-09-08,2026-09-07,52047,12442467,EDCKUL21TESB0606,L3,26,0,0.0
2026-09-08,2026-09-07,52047,12442468,EDCKUL21CTSB0105,L1,20,0,0.0
2026-09-08,2026-09-07,52047,12442468,EDCKUL21CTSB0105,L2,35,0,0.0
2026-09-08,2026-09-07,52047,12442468,EDCKUL21CTSB0105,L3,26,0,0.0
2026-09-08,2026-09-07,52047,12442469,EDCKUL21CTSB0205,L1,20,0,0.0
2026-09-08,2026-09-07,52047,12442469,EDCKUL21CTSB0205,L2,35,0,0.0
2026-09-08,2026-09-07,52047,12442469,EDCKUL21CTSB0205,L3,26,0,0.0
2026-09-08,2026-09-07,52047,12442470,EDCKUL21CTSB0106,L1,20,0,0.0
2026-09-08,2026-09-07,52047,12442470,EDCKUL21CTSB0106,L2,35,0,0.0
2026-09-08,2026-09-07,52047,12442470,EDCKUL21CTSB0106,L3,26,0,0.0
2026-09-08,2026-09-07,52047,12442471,EDCKUL21CTSB0206,L1,20,0,0.0
2026-09-08,2026-09-07,52047,12442471,EDCKUL21CTSB0206,L2,35,0,0.0
2026-09-08,2026-09-07,52047,12442471,EDCKUL21CTSB0206,L3,26,0,0.0
2026-09-08,2026-09-07,52047,12442472,EDCKUL21MUPB0105,L1,20,0,0.0
2026-09-08,2026-09-07,52047,12442472,EDCKUL21MUPB0105,L2,35,0,0.0
2026-09-08,2026-09-07,52047,12442472,EDCKUL21MUPB0105,L3,26,0,0.0
2026-09-08,2026-09-07,52047,12442473,EDCKUL21MUPB0205,L1,20,0,0.0
2026-09-08,2026-09-07,52047,12442473,EDCKUL21MUPB0205,L2,35,0,0.0
2026-09-08,2026-09-07,52047,12442473,EDCKUL21MUPB0205,L3,26,0,0.0
2026-09-08,2026-09-07,52047,12442474,EDCKUL21MUPB0106,L1,20,0,0.0
2026-09-08,2026-09-07,52047,12442474,EDCKUL21MUPB0106,L2,35,0,0.0
2026-09-08,2026-09-07,52047,12442474,EDCKUL21MUPB0106,L3,26,0,0.0
2026-09-08,2026-09-07,52047,12442475,EDCKUL21MUPB0206,L1,20,0,0.0
2026-09-08,2026-09-07,52047,12442475,EDCKUL21MUPB0206,L2,35,0,0.0
2026-09-08,2026-09-07,52047,12442475,EDCKUL21MUPB0206,L3,26,0,0.0
2026-09-08,2026-09-07,52047,12442476,EDCKUL21EXPB0105,L1,20,0,0.0
2026-09-08,2026-09-07,52047,12442476,EDCKUL21EXPB0105,L2,35,0,0.0
2026-09-08,2026-09-07,52047,12442476,EDCKUL21EXPB0105,L3,26,0,0.0
2026-09-08,2026-09-07,52047,12442477,EDCKUL21EXPB0205,L1,20,0,0.0
2026-09-08,2026-09-07,52047,12442477,EDCKUL21EXPB0205,L2,35,0,0.0
2026-09-08,2026-09-07,52047,12442477,EDCKUL21EXPB0205,L3,26,0,0.0
2026-09-08,2026-09-07,52047,12442478,EDCKUL21EXPB0106,L1,20,0,0.0
2026-09-08,2026-09-07,52047,12442478,EDCKUL21EXPB0106,L2,35,0,0.0
2026-09-08,2026-09-07,52047,12442478,EDCKUL21EXPB0106,L3,26,0,0.0
2026-09-08,2026-09-07,52047,12442479,EDCKUL21EXPB0206,L1,20,0,0.0
2026-09-08,2026-09-07,52047,12442479,EDCKUL21EXPB0206,L2,35,0,0.0
2026-09-08,2026-09-07,52047,12442479,EDCKUL21EXPB0206,L3,26,0,0.0
2026-09-08,2026-09-07,52047,12442480,EDCKUL21CRAB1700,L1,20,20,100.0
2026-09-08,2026-09-07,52047,12442480,EDCKUL21CRAB1700,L2,35,0,0.0
2026-09-08,2026-09-07,52047,12442480,EDCKUL21CRAB1700,L3,26,0,0.0
2026-09-08,2026-09-07,52047,12442481,EDCKUL21CRAB1800,L1,20,20,100.0
2026-09-08,2026-09-07,52047,12442481,EDCKUL21CRAB1800,L2,35,0,0.0
2026-09-08,2026-09-07,52047,12442481,EDCKUL21CRAB1800,L3,26,0,0.0
2026-09-08,2026-09-07,52047,12442482,EDCKUL21CRAB1900,L1,20,20,100.0
2026-09-08,2026-09-07,52047,12442482,EDCKUL21CRAB1900,L2,35,0,0.0
2026-09-08,2026-09-07,52047,12442482,EDCKUL21CRAB1900,L3,26,0,0.0
2026-09-08,2026-09-07,52047,12442483,EDCKUL21CRAB2000,L1,20,20,100.0
2026-09-08,2026-09-07,52047,12442483,EDCKUL21CRAB2000,L2,35,0,0.0
2026-09-08,2026-09-07,52047,12442483,EDCKUL21CRAB2000,L3,26,0,0.0
2026-09-08,2026-09-07,52047,12442484,EDCKUL21CRAB2100,L1,20,20,100.0
2026-09-08,2026-09-07,52047,12442484,EDCKUL21CRAB2100,L2,35,0,0.0
2026-09-08,2026-09-07,52047,12442484,EDCKUL21CRAB2100,L3,26,0,0.0
2026-09-08,2026-09-07,52047,12442485,EDCKUL21CRAB2200,L1,20,20,100.0
2026-09-08,2026-09-07,52047,12442485,EDCKUL21CRAB2200,L2,35,0,0.0
2026-09-08,2026-09-07,52047,12442485,EDCKUL21CRAB2200,L3,26,0,0.0
2026-09-08,2026-09-07,52047,12442486,EDCKUL21CRAB3100,L1,20,20,100.0
2026-09-08,2026-09-07,52047,12442486,EDCKUL21CRAB3100,L2,35,0,0.0
2026-09-08,2026-09-07,52047,12442486,EDCKUL21CRAB3100,L3,26,0,0.0
2026-09-08,2026-09-07,52047,12442487,EDCKUL21CRAB3200,L1,20,20,100.0
2026-09-08,2026-09-07,52047,12442487,EDCKUL21CRAB3200,L2,35,0,0.0
2026-09-08,2026-09-07,52047,12442487,EDCKUL21CRAB3200,L3,26,0,0.0
2026-09-08,2026-09-07,52047,12442488,EDCKUL21CRAB2700,L1,20,20,100.0
2026-09-08,2026-09-07,52047,12442488,EDCKUL21CRAB2700,L2,35,0,0.0
2026-09-08,2026-09-07,52047,12442488,EDCKUL21CRAB2700,L3,26,0,0.0
2026-09-08,2026-09-07,52047,12442489,EDCKUL21CRAB2800,L1,20,20,100.0
2026-09-08,2026-09-07,52047,12442489,EDCKUL21CRAB2800,L2,35,0,0.0
2026-09-08,2026-09-07,52047,12442489,EDCKUL21CRAB2800,L3,26,0,0.0
2026-09-08,2026-09-07,52047,12442490,EDCKUL21CRAB2500,L1,20,20,100.0
2026-09-08,2026-09-07,52047,12442490,EDCKUL21CRAB2500,L2,35,0,0.0
2026-09-08,2026-09-07,52047,12442490,EDCKUL21CRAB2500,L3,26,0,0.0
2026-09-08,2026-09-07,52047,12442491,EDCKUL21CRAB2600,L1,20,20,100.0
2026-09-08,2026-09-07,52047,12442491,EDCKUL21CRAB2600,L2,35,0,0.0
2026-09-08,2026-09-07,52047,12442491,EDCKUL21CRAB2600,L3,26,0,0.0
2026-09-08,2026-09-07,52047,12442492,EDCKUL21CRAB2900,L1,20,20,100.0
2026-09-08,2026-09-07,52047,12442492,EDCKUL21CRAB2900,L2,35,0,0.0
2026-09-08,2026-09-07,52047,12442492,EDCKUL21CRAB2900,L3,26,0,0.0
2026-09-08,2026-09-07,52047,12442493,EDCKUL21CRAB3000,L1,20,20,100.0
2026-09-08,2026-09-07,52047,12442493,EDCKUL21CRAB3000,L2,35,0,0.0
2026-09-08,2026-09-07,52047,12442493,EDCKUL21CRAB3000,L3,26,0,0.0
2026-09-08,2026-09-07,52047,12442494,EDCKUL21CRAB2300,L1,20,20,100.0
2026-09-08,2026-09-07,52047,12442494,EDCKUL21CRAB2300,L2,35,0,0.0
2026-09-08,2026-09-07,52047,12442494,EDCKUL21CRAB2300,L3,26,0,0.0
2026-09-08,2026-09-07,52047,12442495,EDCKUL21CRAB2400,L1,20,20,100.0
2026-09-08,2026-09-07,52047,12442495,EDCKUL21CRAB2400,L2,35,0,0.0
2026-09-08,2026-09-07,52047,12442495,EDCKUL21CRAB2400,L3,26,0,0.0
2026-09-08,2026-09-07,52047,12442496,EDCKUL21CRAB0105,L1,20,20,100.0
2026-09-08,2026-09-07,52047,12442496,EDCKUL21CRAB0105,L2,35,0,0.0
2026-09-08,2026-09-07,52047,12442496,EDCKUL21CRAB0105,L3,26,0,0.0
2026-09-08,2026-09-07,52047,12442497,EDCKUL21CRAB0205,L1,20,20,100.0
2026-09-08,2026-09-07,52047,12442497,EDCKUL21CRAB0205,L2,35,0,0.0
2026-09-08,2026-09-07,52047,12442497,EDCKUL21CRAB0205,L3,26,0,0.0
2026-09-08,2026-09-07,52047,12442498,EDCKUL21CRAB0305,L1,20,20,100.0
2026-09-08,2026-09-07,52047,12442498,EDCKUL21CRAB0305,L2,35,0,0.0
2026-09-08,2026-09-07,52047,12442498,EDCKUL21CRAB0305,L3,26,0,0.0
2026-09-08,2026-09-07,52047,12442499,EDCKUL21CRAB0405,L1,20,20,100.0
2026-09-08,2026-09-07,52047,12442499,EDCKUL21CRAB0405,L2,35,0,0.0
2026-09-08,2026-09-07,52047,12442499,EDCKUL21CRAB0405,L3,26,0,0.0
2026-09-08,2026-09-07,52047,12442500,EDCKUL21CRAB0805,L1,20,20,100.0
2026-09-08,2026-09-07,52047,12442500,EDCKUL21CRAB0805,L2,35,0,0.0
2026-09-08,2026-09-07,52047,12442500,EDCKUL21CRAB0805,L3,26,0,0.0
2026-09-08,2026-09-07,52047,12442501,EDCKUL21CRAB0705,L1,20,20,100.0
2026-09-08,2026-09-07,52047,12442501,EDCKUL21CRAB0705,L2,35,0,0.0
2026-09-08,2026-09-07,52047,12442501,EDCKUL21CRAB0705,L3,26,0,0.0
2026-09-08,2026-09-07,52047,12442502,EDCKUL21CRAB0605,L1,20,20,100.0
2026-09-08,2026-09-07,52047,12442502,EDCKUL21CRAB0605,L2,35,0,0.0
2026-09-08,2026-09-07,52047,12442502,EDCKUL21CRAB0605,L3,26,0,0.0
2026-09-08,2026-09-07,52047,12442503,EDCKUL21CRAB0505,L1,20,20,100.0
2026-09-08,2026-09-07,52047,12442503,EDCKUL21CRAB0505,L2,35,0,0.0
2026-09-08,2026-09-07,52047,12442503,EDCKUL21CRAB0505,L3,26,0,0.0
2026-09-08,2026-09-07,52047,12442504,EDCKUL21CRAB0106,L1,20,20,100.0
2026-09-08,2026-09-07,52047,12442504,EDCKUL21CRAB0106,L2,35,0,0.0
2026-09-08,2026-09-07,52047,12442504,EDCKUL21CRAB0106,L3,26,0,0.0
2026-09-08,2026-09-07,52047,12442505,EDCKUL21CRAB0206,L1,20,20,100.0
2026-09-08,2026-09-07,52047,12442505,EDCKUL21CRAB0206,L2,35,0,0.0
2026-09-08,2026-09-07,52047,12442505,EDCKUL21CRAB0206,L3,26,0,0.0
2026-09-08,2026-09-07,52047,12442506,EDCKUL21CRAB0306,L1,20,20,100.0
2026-09-08,2026-09-07,52047,12442506,EDCKUL21CRAB0306,L2,35,0,0.0
2026-09-08,2026-09-07,52047,12442506,EDCKUL21CRAB0306,L3,26,0,0.0
2026-09-08,2026-09-07,52047,12442507,EDCKUL21CRAB0406,L1,20,20,100.0
2026-09-08,2026-09-07,52047,12442507,EDCKUL21CRAB0406,L2,35,0,0.0
2026-09-08,2026-09-07,52047,12442507,EDCKUL21CRAB0406,L3,26,0,0.0
2026-09-08,2026-09-07,52047,12442508,EDCKUL21CRAB0806,L1,20,20,100.0
2026-09-08,2026-09-07,52047,12442508,EDCKUL21CRAB0806,L2,35,0,0.0
2026-09-08,2026-09-07,52047,12442508,EDCKUL21CRAB0806,L3,26,0,0.0
2026-09-08,2026-09-07,52047,12442509,EDCKUL21CRAB0706,L1,20,20,100.0
2026-09-08,2026-09-07,52047,12442509,EDCKUL21CRAB0706,L2,35,0,0.0
2026-09-08,2026-09-07,52047,12442509,EDCKUL21CRAB0706,L3,26,0,0.0
2026-09-08,2026-09-07,52047,12442510,EDCKUL21CRAB0606,L1,20,20,100.0
2026-09-08,2026-09-07,52047,12442510,EDCKUL21CRAB0606,L2,35,0,0.0
2026-09-08,2026-09-07,52047,12442510,EDCKUL21CRAB0606,L3,26,0,0.0
2026-09-08,2026-09-07,52047,12442511,EDCKUL21CRAB0506,L1,20,20,100.0
2026-09-08,2026-09-07,52047,12442511,EDCKUL21CRAB0506,L2,35,0,0.0
2026-09-08,2026-09-07,52047,12442511,EDCKUL21CRAB0506,L3,26,0,0.0
2026-09-08,2026-09-07,52047,12442512,EDCKUL21GDTDA100,L1,20,20,100.0
2026-09-08,2026-09-07,52047,12442512,EDCKUL21GDTDA100,L2,35,0,0.0
2026-09-08,2026-09-07,52047,12442512,EDCKUL21GDTDA100,L3,26,0,0.0
2026-09-08,2026-09-07,52047,12442513,EDCKUL21GDTDB100,L1,20,20,100.0
2026-09-08,2026-09-07,52047,12442513,EDCKUL21GDTDB100,L2,35,0,0.0
2026-09-08,2026-09-07,52047,12442513,EDCKUL21GDTDB100,L3,26,0,0.0
2026-09-08,2026-09-07,52047,12442514,EDCKUL21GDTDC100,L1,20,20,100.0
2026-09-08,2026-09-07,52047,12442514,EDCKUL21GDTDC100,L2,35,0,0.0
2026-09-08,2026-09-07,52047,12442514,EDCKUL21GDTDC100,L3,26,0,0.0
2026-09-08,2026-09-07,52047,12442515,EDCKUL21GDTDD100,L1,20,20,100.0
2026-09-08,2026-09-07,52047,12442515,EDCKUL21GDTDD100,L2,35,0,0.0
2026-09-08,2026-09-07,52047,12442515,EDCKUL21GDTDD100,L3,26,0,0.0
2026-09-08,2026-09-07,52047,12442516,EDCKUL21GDTDE100,L1,20,20,100.0
2026-09-08,2026-09-07,52047,12442516,EDCKUL21GDTDE100,L2,35,0,0.0
2026-09-08,2026-09-07,52047,12442516,EDCKUL21GDTDE100,L3,26,0,0.0
2026-09-08,2026-09-07,52047,12442517,EDCKUL21GDTDF100,L1,20,20,100.0
2026-09-08,2026-09-07,52047,12442517,EDCKUL21GDTDF100,L2,35,0,0.0
2026-09-08,2026-09-07,52047,12442517,EDCKUL21GDTDF100,L3,26,0,0.0
2026-09-08,2026-09-07,52047,12442518,EDCKUL21GDTDT100,L1,20,20,100.0
2026-09-08,2026-09-07,52047,12442518,EDCKUL21GDTDT100,L2,35,0,0.0
2026-09-08,2026-09-07,52047,12442518,EDCKUL21GDTDT100,L3,26,0,0.0
2026-09-08,2026-09-07,52047,12442519,EDCKUL21GDTDT200,L1,20,20,100.0
2026-09-08,2026-09-07,52047,12442519,EDCKUL21GDTDT200,L2,35,0,0.0
2026-09-08,2026-09-07,52047,12442519,EDCKUL21GDTDT200,L3,26,0,0.0
2026-09-08,2026-09-07,52047,12442520,EDCKUL21GENDA100,L1,20,20,100.0
2026-09-08,2026-09-07,52047,12442520,EDCKUL21GENDA100,L2,35,0,0.0
2026-09-08,2026-09-07,52047,12442520,EDCKUL21GENDA100,L3,26,0,0.0
2026-09-08,2026-09-07,52047,12442521,EDCKUL21GENDB100,L1,20,20,100.0
2026-09-08,2026-09-07,52047,12442521,EDCKUL21GENDB100,L2,35,0,0.0
2026-09-08,2026-09-07,52047,12442521,EDCKUL21GENDB100,L3,26,0,0.0
2026-09-08,2026-09-07,52047,12442522,EDCKUL21GENDC100,L1,20,20,100.0
2026-09-08,2026-09-07,52047,12442522,EDCKUL21GENDC100,L2,35,0,0.0
2026-09-08,2026-09-07,52047,12442522,EDCKUL21GENDC100,L3,26,0,0.0
2026-09-08,2026-09-07,52047,12442523,EDCKUL21GENDD100,L1,20,20,100.0
2026-09-08,2026-09-07,52047,12442523,EDCKUL21GENDD100,L2,35,0,0.0
2026-09-08,2026-09-07,52047,12442523,EDCKUL21GENDD100,L3,26,0,0.0
2026-09-08,2026-09-07,52047,12442524,EDCKUL21GENDE100,L1,20,20,100.0
2026-09-08,2026-09-07,52047,12442524,EDCKUL21GENDE100,L2,35,0,0.0
2026-09-08,2026-09-07,52047,12442524,EDCKUL21GENDE100,L3,26,0,0.0
2026-09-08,2026-09-07,52047,12442525,EDCKUL21GENDF100,L1,20,20,100.0
2026-09-08,2026-09-07,52047,12442525,EDCKUL21GENDF100,L2,35,0,0.0
2026-09-08,2026-09-07,52047,12442525,EDCKUL21GENDF100,L3,26,0,0.0
2026-09-08,2026-09-07,52047,12442526,EDCKUL21GENDT100,L1,20,20,100.0
2026-09-08,2026-09-07,52047,12442526,EDCKUL21GENDT100,L2,35,0,0.0
2026-09-08,2026-09-07,52047,12442526,EDCKUL21GENDT100,L3,26,0,0.0
2026-09-08,2026-09-07,52047,12442527,EDCKUL21GENDT200,L1,20,20,100.0
2026-09-08,2026-09-07,52047,12442527,EDCKUL21GENDT200,L2,35,0,0.0
2026-09-08,2026-09-07,52047,12442527,EDCKUL21GENDT200,L3,26,0,0.0
2026-09-08,2026-09-07,52047,12442528,EDCKUL21GSBDA100,L1,20,19,95.0
2026-09-08,2026-09-07,52047,12442528,EDCKUL21GSBDA100,L2,35,0,0.0
2026-09-08,2026-09-07,52047,12442528,EDCKUL21GSBDA100,L3,26,0,0.0
2026-09-08,2026-09-07,52047,12442529,EDCKUL21GSBDB100,L1,20,19,95.0
2026-09-08,2026-09-07,52047,12442529,EDCKUL21GSBDB100,L2,35,0,0.0
2026-09-08,2026-09-07,52047,12442529,EDCKUL21GSBDB100,L3,26,0,0.0
2026-09-08,2026-09-07,52047,12442530,EDCKUL21GSBDC100,L1,20,19,95.0
2026-09-08,2026-09-07,52047,12442530,EDCKUL21GSBDC100,L2,35,0,0.0
2026-09-08,2026-09-07,52047,12442530,EDCKUL21GSBDC100,L3,26,0,0.0
2026-09-08,2026-09-07,52047,12442531,EDCKUL21GSBDD100,L1,20,19,95.0
2026-09-08,2026-09-07,52047,12442531,EDCKUL21GSBDD100,L2,35,0,0.0
2026-09-08,2026-09-07,52047,12442531,EDCKUL21GSBDD100,L3,26,0,0.0
2026-09-08,2026-09-07,52047,12442532,EDCKUL21GSBDE100,L1,20,19,95.0
2026-09-08,2026-09-07,52047,12442532,EDCKUL21GSBDE100,L2,35,0,0.0
2026-09-08,2026-09-07,52047,12442532,EDCKUL21GSBDE100,L3,26,0,0.0
2026-09-08,2026-09-07,52047,12442533,EDCKUL21GSBDF100,L1,20,19,95.0
2026-09-08,2026-09-07,52047,12442533,EDCKUL21GSBDF100,L2,35,0,0.0
2026-09-08,2026-09-07,52047,12442533,EDCKUL21GSBDF100,L3,26,0,0.0
2026-09-08,2026-09-07,52047,12442534,EDCKUL21GSBDT100,L1,20,19,95.0
2026-09-08,2026-09-07,52047,12442534,EDCKUL21GSBDT100,L2,35,0,0.0
2026-09-08,2026-09-07,52047,12442534,EDCKUL21GSBDT100,L3,26,0,0.0
2026-09-08,2026-09-07,52047,12442535,EDCKUL21GSBDT200,L1,20,19,95.0
2026-09-08,2026-09-07,52047,12442535,EDCKUL21GSBDT200,L2,35,0,0.0
2026-09-08,2026-09-07,52047,12442535,EDCKUL21GSBDT200,L3,26,0,0.0
2026-09-08,2026-09-07,52047,12442536,EDCKUL21DSGDB110,L1,20,20,100.0
2026-09-08,2026-09-07,52047,12442536,EDCKUL21DSGDB110,L2,35,7,20.0
2026-09-08,2026-09-07,52047,12442536,EDCKUL21DSGDB110,L3,26,0,0.0
2026-09-08,2026-09-07,52047,12442537,EDCKUL21DSGDC110,L1,20,20,100.0
2026-09-08,2026-09-07,52047,12442537,EDCKUL21DSGDC110,L2,35,7,20.0
2026-09-08,2026-09-07,52047,12442537,EDCKUL21DSGDC110,L3,26,0,0.0
2026-09-08,2026-09-07,52047,12442538,EDCKUL21DSGDD110,L1,20,20,100.0
2026-09-08,2026-09-07,52047,12442538,EDCKUL21DSGDD110,L2,35,7,20.0
2026-09-08,2026-09-07,52047,12442538,EDCKUL21DSGDD110,L3,26,0,0.0
2026-09-08,2026-09-07,52047,12442539,EDCKUL21DSGDE110,L1,20,20,100.0
2026-09-08,2026-09-07,52047,12442539,EDCKUL21DSGDE110,L2,35,7,20.0
2026-09-08,2026-09-07,52047,12442539,EDCKUL21DSGDE110,L3,26,0,0.0
2026-09-08,2026-09-07,52047,12442540,EDCKUL21DSGDF110,L1,20,20,100.0
2026-09-08,2026-09-07,52047,12442540,EDCKUL21DSGDF110,L2,35,7,20.0
2026-09-08,2026-09-07,52047,12442540,EDCKUL21DSGDF110,L3,26,0,0.0
2026-09-08,2026-09-07,52047,12442541,EDCKUL21DSGDT120,L1,20,20,100.0
2026-09-08,2026-09-07,52047,12442541,EDCKUL21DSGDT120,L2,35,7,20.0
2026-09-08,2026-09-07,52047,12442541,EDCKUL21DSGDT120,L3,26,0,0.0
2026-09-08,2026-09-07,52047,12442542,EDCKUL21DSGDA110,L1,20,20,100.0
2026-09-08,2026-09-07,52047,12442542,EDCKUL21DSGDA110,L2,35,7,20.0
2026-09-08,2026-09-07,52047,12442542,EDCKUL21DSGDA110,L3,26,0,0.0
2026-09-08,2026-09-07,52047,12442543,EDCKUL21DSGDT110,L1,20,20,100.0
2026-09-08,2026-09-07,52047,12442543,EDCKUL21DSGDT110,L2,35,7,20.0
2026-09-08,2026-09-07,52047,12442543,EDCKUL21DSGDT110,L3,26,0,0.0
2026-09-08,2026-09-07,52047,12442544,EDCKUL21TRNDB100,L1,20,20,100.0
2026-09-08,2026-09-07,52047,12442544,EDCKUL21TRNDB100,L2,35,7,20.0
2026-09-08,2026-09-07,52047,12442544,EDCKUL21TRNDB100,L3,26,0,0.0
2026-09-08,2026-09-07,52047,12442545,EDCKUL21TRNDC100,L1,20,20,100.0
2026-09-08,2026-09-07,52047,12442545,EDCKUL21TRNDC100,L2,35,7,20.0
2026-09-08,2026-09-07,52047,12442545,EDCKUL21TRNDC100,L3,26,0,0.0
2026-09-08,2026-09-07,52047,12442546,EDCKUL21TRNDD100,L1,20,20,100.0
2026-09-08,2026-09-07,52047,12442546,EDCKUL21TRNDD100,L2,35,7,20.0
2026-09-08,2026-09-07,52047,12442546,EDCKUL21TRNDD100,L3,26,0,0.0
2026-09-08,2026-09-07,52047,12442547,EDCKUL21TRNDE100,L1,20,20,100.0
2026-09-08,2026-09-07,52047,12442547,EDCKUL21TRNDE100,L2,35,7,20.0
2026-09-08,2026-09-07,52047,12442547,EDCKUL21TRNDE100,L3,26,0,0.0
2026-09-08,2026-09-07,52047,12442548,EDCKUL21TRNDF100,L1,20,20,100.0
2026-09-08,2026-09-07,52047,12442548,EDCKUL21TRNDF100,L2,35,7,20.0
2026-09-08,2026-09-07,52047,12442548,EDCKUL21TRNDF100,L3,26,0,0.0
2026-09-08,2026-09-07,52047,12442549,EDCKUL21TRNDT200,L1,20,20,100.0
2026-09-08,2026-09-07,52047,12442549,EDCKUL21TRNDT200,L2,35,7,20.0
2026-09-08,2026-09-07,52047,12442549,EDCKUL21TRNDT200,L3,26,0,0.0
2026-09-08,2026-09-07,52047,12442550,EDCKUL21TRNDA100,L1,20,20,100.0
2026-09-08,2026-09-07,52047,12442550,EDCKUL21TRNDA100,L2,35,7,20.0
2026-09-08,2026-09-07,52047,12442550,EDCKUL21TRNDA100,L3,26,0,0.0
2026-09-08,2026-09-07,52047,12442551,EDCKUL21TRNDT100,L1,20,20,100.0
2026-09-08,2026-09-07,52047,12442551,EDCKUL21TRNDT100,L2,35,7,20.0
2026-09-08,2026-09-07,52047,12442551,EDCKUL21TRNDT100,L3,26,0,0.0
2026-09-08,2026-09-07,52047,12442552,EDCKUL21MSBDA110,L1,20,20,100.0
2026-09-08,2026-09-07,52047,12442552,EDCKUL21MSBDA110,L2,35,0,0.0
2026-09-08,2026-09-07,52047,12442552,EDCKUL21MSBDA110,L3,26,0,0.0
2026-09-08,2026-09-07,52047,12442553,EDCKUL21MSBDB110,L1,20,20,100.0
2026-09-08,2026-09-07,52047,12442553,EDCKUL21MSBDB110,L2,35,0,0.0
2026-09-08,2026-09-07,52047,12442553,EDCKUL21MSBDB110,L3,26,0,0.0
2026-09-08,2026-09-07,52047,12442554,EDCKUL21MSBDB210,L1,20,20,100.0
2026-09-08,2026-09-07,52047,12442554,EDCKUL21MSBDB210,L2,35,0,0.0
2026-09-08,2026-09-07,52047,12442554,EDCKUL21MSBDB210,L3,26,0,0.0
2026-09-08,2026-09-07,52047,12442555,EDCKUL21MSBDC110,L1,20,20,100.0
2026-09-08,2026-09-07,52047,12442555,EDCKUL21MSBDC110,L2,35,0,0.0
2026-09-08,2026-09-07,52047,12442555,EDCKUL21MSBDC110,L3,26,0,0.0
2026-09-08,2026-09-07,52047,12442556,EDCKUL21MSBDD110,L1,20,20,100.0
2026-09-08,2026-09-07,52047,12442556,EDCKUL21MSBDD110,L2,35,0,0.0
2026-09-08,2026-09-07,52047,12442556,EDCKUL21MSBDD110,L3,26,0,0.0
2026-09-08,2026-09-07,52047,12442557,EDCKUL21MSBDE110,L1,20,20,100.0
2026-09-08,2026-09-07,52047,12442557,EDCKUL21MSBDE110,L2,35,0,0.0
2026-09-08,2026-09-07,52047,12442557,EDCKUL21MSBDE110,L3,26,0,0.0
2026-09-08,2026-09-07,52047,12442558,EDCKUL21MSBDE210,L1,20,20,100.0
2026-09-08,2026-09-07,52047,12442558,EDCKUL21MSBDE210,L2,35,0,0.0
2026-09-08,2026-09-07,52047,12442558,EDCKUL21MSBDE210,L3,26,0,0.0
2026-09-08,2026-09-07,52047,12442559,EDCKUL21MSBDF110,L1,20,20,100.0
2026-09-08,2026-09-07,52047,12442559,EDCKUL21MSBDF110,L2,35,0,0.0
2026-09-08,2026-09-07,52047,12442559,EDCKUL21MSBDF110,L3,26,0,0.0
2026-09-08,2026-09-07,52047,12442560,EDCKUL21MSBDT110,L1,20,20,100.0
2026-09-08,2026-09-07,52047,12442560,EDCKUL21MSBDT110,L2,35,0,0.0
2026-09-08,2026-09-07,52047,12442560,EDCKUL21MSBDT110,L3,26,0,0.0
2026-09-08,2026-09-07,52047,12442561,EDCKUL21MSBDT120,L1,20,20,100.0
2026-09-08,2026-09-07,52047,12442561,EDCKUL21MSBDT120,L2,35,0,0.0
2026-09-08,2026-09-07,52047,12442561,EDCKUL21MSBDT120,L3,26,0,0.0
2026-09-08,2026-09-07,52047,12442562,EDCKUL21MBCDA110,L1,20,20,100.0
2026-09-08,2026-09-07,52047,12442562,EDCKUL21MBCDA110,L2,35,0,0.0
2026-09-08,2026-09-07,52047,12442562,EDCKUL21MBCDA110,L3,26,0,0.0
2026-09-08,2026-09-07,52047,12442563,EDCKUL21MBCDB110,L1,20,20,100.0
2026-09-08,2026-09-07,52047,12442563,EDCKUL21MBCDB110,L2,35,0,0.0
2026-09-08,2026-09-07,52047,12442563,EDCKUL21MBCDB110,L3,26,0,0.0
2026-09-08,2026-09-07,52047,12442564,EDCKUL21MBCDC110,L1,20,20,100.0
2026-09-08,2026-09-07,52047,12442564,EDCKUL21MBCDC110,L2,35,0,0.0
2026-09-08,2026-09-07,52047,12442564,EDCKUL21MBCDC110,L3,26,0,0.0
2026-09-08,2026-09-07,52047,12442565,EDCKUL21MBCDD110,L1,20,20,100.0
2026-09-08,2026-09-07,52047,12442565,EDCKUL21MBCDD110,L2,35,0,0.0
2026-09-08,2026-09-07,52047,12442565,EDCKUL21MBCDD110,L3,26,0,0.0
2026-09-08,2026-09-07,52047,12442566,EDCKUL21MBCDE110,L1,20,20,100.0
2026-09-08,2026-09-07,52047,12442566,EDCKUL21MBCDE110,L2,35,0,0.0
2026-09-08,2026-09-07,52047,12442566,EDCKUL21MBCDE110,L3,26,0,0.0
2026-09-08,2026-09-07,52047,12442567,EDCKUL21MBCDF110,L1,20,20,100.0
2026-09-08,2026-09-07,52047,12442567,EDCKUL21MBCDF110,L2,35,0,0.0
2026-09-08,2026-09-07,52047,12442567,EDCKUL21MBCDF110,L3,26,0,0.0
2026-09-08,2026-09-07,52047,12442568,EDCKUL21MBCDT110,L1,20,20,100.0
2026-09-08,2026-09-07,52047,12442568,EDCKUL21MBCDT110,L2,35,0,0.0
2026-09-08,2026-09-07,52047,12442568,EDCKUL21MBCDT110,L3,26,0,0.0
2026-09-08,2026-09-07,52047,12442569,EDCKUL21MBCDT120,L1,20,20,100.0
2026-09-08,2026-09-07,52047,12442569,EDCKUL21MBCDT120,L2,35,0,0.0
2026-09-08,2026-09-07,52047,12442569,EDCKUL21MBCDT120,L3,26,0,0.0
2026-09-08,2026-09-07,52047,12442570,EDCKUL21MDPDA110,L1,20,20,100.0
2026-09-08,2026-09-07,52047,12442570,EDCKUL21MDPDA110,L2,35,0,0.0
2026-09-08,2026-09-07,52047,12442570,EDCKUL21MDPDA110,L3,26,0,0.0
2026-09-08,2026-09-07,52047,12442571,EDCKUL21MDPDB110,L1,20,20,100.0
2026-09-08,2026-09-07,52047,12442571,EDCKUL21MDPDB110,L2,35,0,0.0
2026-09-08,2026-09-07,52047,12442571,EDCKUL21MDPDB110,L3,26,0,0.0
2026-09-08,2026-09-07,52047,12442572,EDCKUL21MDPDC110,L1,20,20,100.0
2026-09-08,2026-09-07,52047,12442572,EDCKUL21MDPDC110,L2,35,0,0.0
2026-09-08,2026-09-07,52047,12442572,EDCKUL21MDPDC110,L3,26,0,0.0
2026-09-08,2026-09-07,52047,12442573,EDCKUL21MDPDD110,L1,20,20,100.0
2026-09-08,2026-09-07,52047,12442573,EDCKUL21MDPDD110,L2,35,0,0.0
2026-09-08,2026-09-07,52047,12442573,EDCKUL21MDPDD110,L3,26,0,0.0
2026-09-08,2026-09-07,52047,12442574,EDCKUL21MDPDE110,L1,20,20,100.0
2026-09-08,2026-09-07,52047,12442574,EDCKUL21MDPDE110,L2,35,0,0.0
2026-09-08,2026-09-07,52047,12442574,EDCKUL21MDPDE110,L3,26,0,0.0
2026-09-08,2026-09-07,52047,12442575,EDCKUL21MDPDF110,L1,20,20,100.0
2026-09-08,2026-09-07,52047,12442575,EDCKUL21MDPDF110,L2,35,0,0.0
2026-09-08,2026-09-07,52047,12442575,EDCKUL21MDPDF110,L3,26,0,0.0
2026-09-08,2026-09-07,52047,12442576,EDCKUL21MDPDT120,L1,20,20,100.0
2026-09-08,2026-09-07,52047,12442576,EDCKUL21MDPDT120,L2,35,7,20.0
2026-09-08,2026-09-07,52047,12442576,EDCKUL21MDPDT120,L3,26,0,0.0
2026-09-08,2026-09-07,52047,12442577,EDCKUL21MDPDT110,L1,20,20,100.0
2026-09-08,2026-09-07,52047,12442577,EDCKUL21MDPDT110,L2,35,0,0.0
2026-09-08,2026-09-07,52047,12442577,EDCKUL21MDPDT110,L3,26,0,0.0
2026-09-08,2026-09-07,52047,12442578,EDCKUL21MDPDT210,L1,20,20,100.0
2026-09-08,2026-09-07,52047,12442578,EDCKUL21MDPDT210,L2,35,0,0.0
2026-09-08,2026-09-07,52047,12442578,EDCKUL21MDPDT210,L3,26,0,0.0
2026-09-08,2026-09-07,52047,12442579,EDCKUL21MDPDT310,L1,20,20,100.0
2026-09-08,2026-09-07,52047,12442579,EDCKUL21MDPDT310,L2,35,0,0.0
2026-09-08,2026-09-07,52047,12442579,EDCKUL21MDPDT310,L3,26,0,0.0
2026-09-08,2026-09-07,52047,12442580,EDCKUL21MDPDT220,L1,20,20,100.0
2026-09-08,2026-09-07,52047,12442580,EDCKUL21MDPDT220,L2,35,0,0.0
2026-09-08,2026-09-07,52047,12442580,EDCKUL21MDPDT220,L3,26,0,0.0
2026-09-08,2026-09-07,52047,12442581,EDCKUL21ELPDB120,L1,20,20,100.0
2026-09-08,2026-09-07,52047,12442581,EDCKUL21ELPDB120,L2,35,0,0.0
2026-09-08,2026-09-07,52047,12442581,EDCKUL21ELPDB120,L3,26,0,0.0
2026-09-08,2026-09-07,52047,12442582,EDCKUL21ELPDC110,L1,20,20,100.0
2026-09-08,2026-09-07,52047,12442582,EDCKUL21ELPDC110,L2,35,0,0.0
2026-09-08,2026-09-07,52047,12442582,EDCKUL21ELPDC110,L3,26,0,0.0
2026-09-08,2026-09-07,52047,12442583,EDCKUL21ELPDE120,L1,20,20,100.0
2026-09-08,2026-09-07,52047,12442583,EDCKUL21ELPDE120,L2,35,0,0.0
2026-09-08,2026-09-07,52047,12442583,EDCKUL21ELPDE120,L3,26,0,0.0
2026-09-08,2026-09-07,52047,12442584,EDCKUL21ELPDD110,L1,20,20,100.0
2026-09-08,2026-09-07,52047,12442584,EDCKUL21ELPDD110,L2,35,0,0.0
2026-09-08,2026-09-07,52047,12442584,EDCKUL21ELPDD110,L3,26,0,0.0
2026-09-08,2026-09-07,52047,12442585,EDCKUL21EPPDB120,L1,20,20,100.0
2026-09-08,2026-09-07,52047,12442585,EDCKUL21EPPDB120,L2,35,0,0.0
2026-09-08,2026-09-07,52047,12442585,EDCKUL21EPPDB120,L3,26,0,0.0
2026-09-08,2026-09-07,52047,12442586,EDCKUL21EPPDA110,L1,20,20,100.0
2026-09-08,2026-09-07,52047,12442586,EDCKUL21EPPDA110,L2,35,0,0.0
2026-09-08,2026-09-07,52047,12442586,EDCKUL21EPPDA110,L3,26,0,0.0
2026-09-08,2026-09-07,52047,12442587,EDCKUL21EPPDE120,L1,20,20,100.0
2026-09-08,2026-09-07,52047,12442587,EDCKUL21EPPDE120,L2,35,0,0.0
2026-09-08,2026-09-07,52047,12442587,EDCKUL21EPPDE120,L3,26,0,0.0
2026-09-08,2026-09-07,52047,12442588,EDCKUL21EPPDF110,L1,20,20,100.0
2026-09-08,2026-09-07,52047,12442588,EDCKUL21EPPDF110,L2,35,0,0.0
2026-09-08,2026-09-07,52047,12442588,EDCKUL21EPPDF110,L3,26,0,0.0
2026-09-08,2026-09-07,52047,12442589,EDCKUL21DPPDA110,L1,20,20,100.0
2026-09-08,2026-09-07,52047,12442589,EDCKUL21DPPDA110,L2,35,0,0.0
2026-09-08,2026-09-07,52047,12442589,EDCKUL21DPPDA110,L3,26,0,0.0
2026-09-08,2026-09-07,52047,12442590,EDCKUL21DPPDB110,L1,20,20,100.0
2026-09-08,2026-09-07,52047,12442590,EDCKUL21DPPDB110,L2,35,0,0.0
2026-09-08,2026-09-07,52047,12442590,EDCKUL21DPPDB110,L3,26,0,0.0
2026-09-08,2026-09-07,52047,12442591,EDCKUL21DPPDC110,L1,20,20,100.0
2026-09-08,2026-09-07,52047,12442591,EDCKUL21DPPDC110,L2,35,0,0.0
2026-09-08,2026-09-07,52047,12442591,EDCKUL21DPPDC110,L3,26,0,0.0
2026-09-08,2026-09-07,52047,12442592,EDCKUL21DPPDD110,L1,20,20,100.0
2026-09-08,2026-09-07,52047,12442592,EDCKUL21DPPDD110,L2,35,0,0.0
2026-09-08,2026-09-07,52047,12442592,EDCKUL21DPPDD110,L3,26,0,0.0
2026-09-08,2026-09-07,52047,12442593,EDCKUL21DPPDE110,L1,20,20,100.0
2026-09-08,2026-09-07,52047,12442593,EDCKUL21DPPDE110,L2,35,0,0.0
2026-09-08,2026-09-07,52047,12442593,EDCKUL21DPPDE110,L3,26,0,0.0
2026-09-08,2026-09-07,52047,12442594,EDCKUL21DPPDF110,L1,20,20,100.0
2026-09-08,2026-09-07,52047,12442594,EDCKUL21DPPDF110,L2,35,0,0.0
2026-09-08,2026-09-07,52047,12442594,EDCKUL21DPPDF110,L3,26,0,0.0
2026-09-08,2026-09-07,52047,12442595,EDCKUL21DPPDT110,L1,20,20,100.0
2026-09-08,2026-09-07,52047,12442595,EDCKUL21DPPDT110,L2,35,0,0.0
2026-09-08,2026-09-07,52047,12442595,EDCKUL21DPPDT110,L3,26,0,0.0
2026-09-08,2026-09-07,52047,12442596,EDCKUL21DPPDT120,L1,20,20,100.0
2026-09-08,2026-09-07,52047,12442596,EDCKUL21DPPDT120,L2,35,0,0.0
2026-09-08,2026-09-07,52047,12442596,EDCKUL21DPPDT120,L3,26,0,0.0
2026-09-08,2026-09-07,52047,12442597,EDCKUL21RPPDA115,L1,20,0,0.0
2026-09-08,2026-09-07,52047,12442597,EDCKUL21RPPDA115,L2,35,0,0.0
2026-09-08,2026-09-07,52047,12442597,EDCKUL21RPPDA115,L3,26,0,0.0
2026-09-08,2026-09-07,52047,12442598,EDCKUL21RPPDB115,L1,20,0,0.0
2026-09-08,2026-09-07,52047,12442598,EDCKUL21RPPDB115,L2,35,0,0.0
2026-09-08,2026-09-07,52047,12442598,EDCKUL21RPPDB115,L3,26,0,0.0
2026-09-08,2026-09-07,52047,12442599,EDCKUL21RPPDC115,L1,20,0,0.0
2026-09-08,2026-09-07,52047,12442599,EDCKUL21RPPDC115,L2,35,0,0.0
2026-09-08,2026-09-07,52047,12442599,EDCKUL21RPPDC115,L3,26,0,0.0
2026-09-08,2026-09-07,52047,12442600,EDCKUL21RPPDD115,L1,20,0,0.0
2026-09-08,2026-09-07,52047,12442600,EDCKUL21RPPDD115,L2,35,0,0.0
2026-09-08,2026-09-07,52047,12442600,EDCKUL21RPPDD115,L3,26,0,0.0
2026-09-08,2026-09-07,52047,12442601,EDCKUL21RPPDC215,L1,20,0,0.0
2026-09-08,2026-09-07,52047,12442601,EDCKUL21RPPDC215,L2,35,0,0.0
2026-09-08,2026-09-07,52047,12442601,EDCKUL21RPPDC215,L3,26,0,0.0
2026-09-08,2026-09-07,52047,12442602,EDCKUL21RPPDD215,L1,20,0,0.0
2026-09-08,2026-09-07,52047,12442602,EDCKUL21RPPDD215,L2,35,0,0.0
2026-09-08,2026-09-07,52047,12442602,EDCKUL21RPPDD215,L3,26,0,0.0
2026-09-08,2026-09-07,52047,12442603,EDCKUL21RPPDE115,L1,20,0,0.0
2026-09-08,2026-09-07,52047,12442603,EDCKUL21RPPDE115,L2,35,0,0.0
2026-09-08,2026-09-07,52047,12442603,EDCKUL21RPPDE115,L3,26,0,0.0
2026-09-08,2026-09-07,52047,12442604,EDCKUL21RPPDF115,L1,20,0,0.0
2026-09-08,2026-09-07,52047,12442604,EDCKUL21RPPDF115,L2,35,0,0.0
2026-09-08,2026-09-07,52047,12442604,EDCKUL21RPPDF115,L3,26,0,0.0
2026-09-08,2026-09-07,52047,12442605,EDCKUL21RPPDA116,L1,20,0,0.0
2026-09-08,2026-09-07,52047,12442605,EDCKUL21RPPDA116,L2,35,0,0.0
2026-09-08,2026-09-07,52047,12442605,EDCKUL21RPPDA116,L3,26,0,0.0
2026-09-08,2026-09-07,52047,12442606,EDCKUL21RPPDC116,L1,20,0,0.0
2026-09-08,2026-09-07,52047,12442606,EDCKUL21RPPDC116,L2,35,0,0.0
2026-09-08,2026-09-07,52047,12442606,EDCKUL21RPPDC116,L3,26,0,0.0
2026-09-08,2026-09-07,52047,12442607,EDCKUL21RPPDB116,L1,20,0,0.0
2026-09-08,2026-09-07,52047,12442607,EDCKUL21RPPDB116,L2,35,0,0.0
2026-09-08,2026-09-07,52047,12442607,EDCKUL21RPPDB116,L3,26,0,0.0
2026-09-08,2026-09-07,52047,12442608,EDCKUL21RPPDD116,L1,20,0,0.0
2026-09-08,2026-09-07,52047,12442608,EDCKUL21RPPDD116,L2,35,0,0.0
2026-09-08,2026-09-07,52047,12442608,EDCKUL21RPPDD116,L3,26,0,0.0
2026-09-08,2026-09-07,52047,12442609,EDCKUL21RPPDE116,L1,20,0,0.0
2026-09-08,2026-09-07,52047,12442609,EDCKUL21RPPDE116,L2,35,0,0.0
2026-09-08,2026-09-07,52047,12442609,EDCKUL21RPPDE116,L3,26,0,0.0
2026-09-08,2026-09-07,52047,12442610,EDCKUL21RPPDF116,L1,20,0,0.0
2026-09-08,2026-09-07,52047,12442610,EDCKUL21RPPDF116,L2,35,0,0.0
2026-09-08,2026-09-07,52047,12442610,EDCKUL21RPPDF116,L3,26,0,0.0
2026-09-08,2026-09-07,52047,12442611,EDCKUL21RPPDE216,L1,20,0,0.0
2026-09-08,2026-09-07,52047,12442611,EDCKUL21RPPDE216,L2,35,0,0.0
2026-09-08,2026-09-07,52047,12442611,EDCKUL21RPPDE216,L3,26,0,0.0
2026-09-08,2026-09-07,52047,12442612,EDCKUL21RPPDF216,L1,20,0,0.0
2026-09-08,2026-09-07,52047,12442612,EDCKUL21RPPDF216,L2,35,0,0.0
2026-09-08,2026-09-07,52047,12442612,EDCKUL21RPPDF216,L3,26,0,0.0
2026-09-08,2026-09-07,52047,12442613,EDCKUL21UDPDA110,L1,20,20,100.0
2026-09-08,2026-09-07,52047,12442613,EDCKUL21UDPDA110,L2,35,0,0.0
2026-09-08,2026-09-07,52047,12442613,EDCKUL21UDPDA110,L3,26,0,0.0
2026-09-08,2026-09-07,52047,12442614,EDCKUL21UDPDB110,L1,20,20,100.0
2026-09-08,2026-09-07,52047,12442614,EDCKUL21UDPDB110,L2,35,0,0.0
2026-09-08,2026-09-07,52047,12442614,EDCKUL21UDPDB110,L3,26,0,0.0
2026-09-08,2026-09-07,52047,12442615,EDCKUL21UDPDC110,L1,20,19,95.0
2026-09-08,2026-09-07,52047,12442615,EDCKUL21UDPDC110,L2,35,0,0.0
2026-09-08,2026-09-07,52047,12442615,EDCKUL21UDPDC110,L3,26,0,0.0
2026-09-08,2026-09-07,52047,12442616,EDCKUL21UDPDD110,L1,20,20,100.0
2026-09-08,2026-09-07,52047,12442616,EDCKUL21UDPDD110,L2,35,0,0.0
2026-09-08,2026-09-07,52047,12442616,EDCKUL21UDPDD110,L3,26,0,0.0
2026-09-08,2026-09-07,52047,12442617,EDCKUL21UDPDE110,L1,20,20,100.0
2026-09-08,2026-09-07,52047,12442617,EDCKUL21UDPDE110,L2,35,0,0.0
2026-09-08,2026-09-07,52047,12442617,EDCKUL21UDPDE110,L3,26,0,0.0
2026-09-08,2026-09-07,52047,12442618,EDCKUL21UDPDF110,L1,20,20,100.0
2026-09-08,2026-09-07,52047,12442618,EDCKUL21UDPDF110,L2,35,0,0.0
2026-09-08,2026-09-07,52047,12442618,EDCKUL21UDPDF110,L3,26,0,0.0
2026-09-08,2026-09-07,52047,12442619,EDCKUL21UMPDT110,L1,20,20,100.0
2026-09-08,2026-09-07,52047,12442619,EDCKUL21UMPDT110,L2,35,0,0.0
2026-09-08,2026-09-07,52047,12442619,EDCKUL21UMPDT110,L3,26,0,0.0
2026-09-08,2026-09-07,52047,12442620,EDCKUL21UMPDT120,L1,20,20,100.0
2026-09-08,2026-09-07,52047,12442620,EDCKUL21UMPDT120,L2,35,0,0.0
2026-09-08,2026-09-07,52047,12442620,EDCKUL21UMPDT120,L3,26,0,0.0
2026-09-08,2026-09-07,52047,12442621,EDCKUL21UPBDA110,L1,20,20,100.0
2026-09-08,2026-09-07,52047,12442621,EDCKUL21UPBDA110,L2,35,0,0.0
2026-09-08,2026-09-07,52047,12442621,EDCKUL21UPBDA110,L3,26,0,0.0
2026-09-08,2026-09-07,52047,12442622,EDCKUL21UPBDB110,L1,20,20,100.0
2026-09-08,2026-09-07,52047,12442622,EDCKUL21UPBDB110,L2,35,0,0.0
2026-09-08,2026-09-07,52047,12442622,EDCKUL21UPBDB110,L3,26,0,0.0
2026-09-08,2026-09-07,52047,12442623,EDCKUL21UPBDC110,L1,20,20,100.0
2026-09-08,2026-09-07,52047,12442623,EDCKUL21UPBDC110,L2,35,0,0.0
2026-09-08,2026-09-07,52047,12442623,EDCKUL21UPBDC110,L3,26,0,0.0
2026-09-08,2026-09-07,52047,12442624,EDCKUL21UPBDD110,L1,20,20,100.0
2026-09-08,2026-09-07,52047,12442624,EDCKUL21UPBDD110,L2,35,0,0.0
2026-09-08,2026-09-07,52047,12442624,EDCKUL21UPBDD110,L3,26,0,0.0
2026-09-08,2026-09-07,52047,12442625,EDCKUL21UPBDE110,L1,20,20,100.0
2026-09-08,2026-09-07,52047,12442625,EDCKUL21UPBDE110,L2,35,0,0.0
2026-09-08,2026-09-07,52047,12442625,EDCKUL21UPBDE110,L3,26,0,0.0
2026-09-08,2026-09-07,52047,12442626,EDCKUL21UPBDF110,L1,20,20,100.0
2026-09-08,2026-09-07,52047,12442626,EDCKUL21UPBDF110,L2,35,0,0.0
2026-09-08,2026-09-07,52047,12442626,EDCKUL21UPBDF110,L3,26,0,0.0
2026-09-08,2026-09-07,52047,12442627,EDCKUL21UPBDT110,L1,20,20,100.0
2026-09-08,2026-09-07,52047,12442627,EDCKUL21UPBDT110,L2,35,0,0.0
2026-09-08,2026-09-07,52047,12442627,EDCKUL21UPBDT110,L3,26,0,0.0
2026-09-08,2026-09-07,52047,12442628,EDCKUL21UPBDT120,L1,20,20,100.0
2026-09-08,2026-09-07,52047,12442628,EDCKUL21UPBDT120,L2,35,0,0.0
2026-09-08,2026-09-07,52047,12442628,EDCKUL21UPBDT120,L3,26,0,0.0
2026-09-08,2026-09-07,52047,12442629,EDCKUL21UPPDT110,L1,20,20,100.0
2026-09-08,2026-09-07,52047,12442629,EDCKUL21UPPDT110,L2,35,0,0.0
2026-09-08,2026-09-07,52047,12442629,EDCKUL21UPPDT110,L3,26,0,0.0
2026-09-08,2026-09-07,52047,12442630,EDCKUL21UPPDT120,L1,20,20,100.0
2026-09-08,2026-09-07,52047,12442630,EDCKUL21UPPDT120,L2,35,0,0.0
2026-09-08,2026-09-07,52047,12442630,EDCKUL21UPPDT120,L3,26,0,0.0
2026-09-08,2026-09-07,52047,12442631,EDCKUL21UPSDA110,L1,20,20,100.0
2026-09-08,2026-09-07,52047,12442631,EDCKUL21UPSDA110,L2,35,0,0.0
2026-09-08,2026-09-07,52047,12442631,EDCKUL21UPSDA110,L3,26,0,0.0
2026-09-08,2026-09-07,52047,12442632,EDCKUL21UPSDB110,L1,20,20,100.0
2026-09-08,2026-09-07,52047,12442632,EDCKUL21UPSDB110,L2,35,0,0.0
2026-09-08,2026-09-07,52047,12442632,EDCKUL21UPSDB110,L3,26,0,0.0
2026-09-08,2026-09-07,52047,12442633,EDCKUL21UPSDC110,L1,20,20,100.0
2026-09-08,2026-09-07,52047,12442633,EDCKUL21UPSDC110,L2,35,0,0.0
2026-09-08,2026-09-07,52047,12442633,EDCKUL21UPSDC110,L3,26,0,0.0
2026-09-08,2026-09-07,52047,12442634,EDCKUL21UPSDD110,L1,20,20,100.0
2026-09-08,2026-09-07,52047,12442634,EDCKUL21UPSDD110,L2,35,0,0.0
2026-09-08,2026-09-07,52047,12442634,EDCKUL21UPSDD110,L3,26,0,0.0
2026-09-08,2026-09-07,52047,12442635,EDCKUL21UPSDE110,L1,20,8,40.0
2026-09-08,2026-09-07,52047,12442635,EDCKUL21UPSDE110,L2,35,0,0.0
2026-09-08,2026-09-07,52047,12442635,EDCKUL21UPSDE110,L3,26,0,0.0
2026-09-08,2026-09-07,52047,12442636,EDCKUL21UPSDF110,L1,20,20,100.0
2026-09-08,2026-09-07,52047,12442636,EDCKUL21UPSDF110,L2,35,0,0.0
2026-09-08,2026-09-07,52047,12442636,EDCKUL21UPSDF110,L3,26,0,0.0
2026-09-08,2026-09-07,52047,12442637,EDCKUL21UPSDT110,L1,20,20,100.0
2026-09-08,2026-09-07,52047,12442637,EDCKUL21UPSDT110,L2,35,0,0.0
2026-09-08,2026-09-07,52047,12442637,EDCKUL21UPSDT110,L3,26,0,0.0
2026-09-08,2026-09-07,52047,12442638,EDCKUL21UPSDT120,L1,20,20,100.0
2026-09-08,2026-09-07,52047,12442638,EDCKUL21UPSDT120,L2,35,0,0.0
2026-09-08,2026-09-07,52047,12442638,EDCKUL21UPSDT120,L3,26,0,0.0
2026-09-08,2026-09-07,52047,12442639,EDCKUL21ATSDT110,L1,20,20,100.0
2026-09-08,2026-09-07,52047,12442639,EDCKUL21ATSDT110,L2,35,0,0.0
2026-09-08,2026-09-07,52047,12442639,EDCKUL21ATSDT110,L3,26,0,0.0
2026-09-08,2026-09-07,52047,12442640,EDCKUL21ATSDT210,L1,20,20,100.0
2026-09-08,2026-09-07,52047,12442640,EDCKUL21ATSDT210,L2,35,0,0.0
2026-09-08,2026-09-07,52047,12442640,EDCKUL21ATSDT210,L3,26,0,0.0
2026-09-08,2026-09-07,52047,12442641,EDCKUL21ATSDT310,L1,20,20,100.0
2026-09-08,2026-09-07,52047,12442641,EDCKUL21ATSDT310,L2,35,0,0.0
2026-09-08,2026-09-07,52047,12442641,EDCKUL21ATSDT310,L3,26,0,0.0
2026-09-08,2026-09-07,52047,12442642,EDCKUL21ATSDT410,L1,20,20,100.0
2026-09-08,2026-09-07,52047,12442642,EDCKUL21ATSDT410,L2,35,0,0.0
2026-09-08,2026-09-07,52047,12442642,EDCKUL21ATSDT410,L3,26,0,0.0
2026-09-08,2026-09-07,52047,12442643,EDCKUL21ATSDT510,L1,20,20,100.0
2026-09-08,2026-09-07,52047,12442643,EDCKUL21ATSDT510,L2,35,0,0.0
2026-09-08,2026-09-07,52047,12442643,EDCKUL21ATSDT510,L3,26,0,0.0
2026-09-08,2026-09-07,52047,12442644,EDCKUL21ATSDT120,L1,20,20,100.0
2026-09-08,2026-09-07,52047,12442644,EDCKUL21ATSDT120,L2,35,0,0.0
2026-09-08,2026-09-07,52047,12442644,EDCKUL21ATSDT120,L3,26,0,0.0
2026-09-08,2026-09-07,52047,12442645,EDCKUL21ATSDT220,L1,20,20,100.0
2026-09-08,2026-09-07,52047,12442645,EDCKUL21ATSDT220,L2,35,0,0.0
2026-09-08,2026-09-07,52047,12442645,EDCKUL21ATSDT220,L3,26,0,0.0
2026-09-08,2026-09-07,52047,12442646,EDCKUL21ATSDT320,L1,20,20,100.0
2026-09-08,2026-09-07,52047,12442646,EDCKUL21ATSDT320,L2,35,0,0.0
2026-09-08,2026-09-07,52047,12442646,EDCKUL21ATSDT320,L3,26,0,0.0
2026-09-08,2026-09-07,52047,12442647,EDCKUL21ATSDT420,L1,20,20,100.0
2026-09-08,2026-09-07,52047,12442647,EDCKUL21ATSDT420,L2,35,0,0.0
2026-09-08,2026-09-07,52047,12442647,EDCKUL21ATSDT420,L3,26,0,0.0
2026-09-08,2026-09-07,52047,12442648,EDCKUL21ATSDT520,L1,20,20,100.0
2026-09-08,2026-09-07,52047,12442648,EDCKUL21ATSDT520,L2,35,0,0.0
2026-09-08,2026-09-07,52047,12442648,EDCKUL21ATSDT520,L3,26,0,0.0
2026-09-08,2026-09-07,52047,12442679,EDCKUL21VES00105,L1,20,0,0.0
2026-09-08,2026-09-07,52047,12442679,EDCKUL21VES00105,L2,35,0,0.0
2026-09-08,2026-09-07,52047,12442679,EDCKUL21VES00105,L3,26,0,0.0
2026-09-08,2026-09-07,52047,12442680,EDCKUL21VES00205,L1,20,0,0.0
2026-09-08,2026-09-07,52047,12442680,EDCKUL21VES00205,L2,35,0,0.0
2026-09-08,2026-09-07,52047,12442680,EDCKUL21VES00205,L3,26,0,0.0
2026-09-08,2026-09-07,52047,12442681,EDCKUL21VES00305,L1,20,0,0.0
2026-09-08,2026-09-07,52047,12442681,EDCKUL21VES00305,L2,35,0,0.0
2026-09-08,2026-09-07,52047,12442681,EDCKUL21VES00305,L3,26,0,0.0
2026-09-08,2026-09-07,52047,12442682,EDCKUL21VES00405,L1,20,0,0.0
2026-09-08,2026-09-07,52047,12442682,EDCKUL21VES00405,L2,35,0,0.0
2026-09-08,2026-09-07,52047,12442682,EDCKUL21VES00405,L3,26,0,0.0
2026-09-08,2026-09-07,52047,12442683,EDCKUL21VES00505,L1,20,0,0.0
2026-09-08,2026-09-07,52047,12442683,EDCKUL21VES00505,L2,35,0,0.0
2026-09-08,2026-09-07,52047,12442683,EDCKUL21VES00505,L3,26,0,0.0
2026-09-08,2026-09-07,52047,12442684,EDCKUL21VES00605,L1,20,0,0.0
2026-09-08,2026-09-07,52047,12442684,EDCKUL21VES00605,L2,35,0,0.0
2026-09-08,2026-09-07,52047,12442684,EDCKUL21VES00605,L3,26,0,0.0
2026-09-08,2026-09-07,52047,12442685,EDCKUL21VES00705,L1,20,0,0.0
2026-09-08,2026-09-07,52047,12442685,EDCKUL21VES00705,L2,35,0,0.0
2026-09-08,2026-09-07,52047,12442685,EDCKUL21VES00705,L3,26,0,0.0
2026-09-08,2026-09-07,52047,12442686,EDCKUL21VES00805,L1,20,0,0.0
2026-09-08,2026-09-07,52047,12442686,EDCKUL21VES00805,L2,35,0,0.0
2026-09-08,2026-09-07,52047,12442686,EDCKUL21VES00805,L3,26,0,0.0
2026-09-08,2026-09-07,52047,12442687,EDCKUL21VES00905,L1,20,0,0.0
2026-09-08,2026-09-07,52047,12442687,EDCKUL21VES00905,L2,35,0,0.0
2026-09-08,2026-09-07,52047,12442687,EDCKUL21VES00905,L3,26,0,0.0
2026-09-08,2026-09-07,52047,12442688,EDCKUL21VES01005,L1,20,0,0.0
2026-09-08,2026-09-07,52047,12442688,EDCKUL21VES01005,L2,35,0,0.0
2026-09-08,2026-09-07,52047,12442688,EDCKUL21VES01005,L3,26,0,0.0
2026-09-08,2026-09-07,52047,12442689,EDCKUL21VES01105,L1,20,0,0.0
2026-09-08,2026-09-07,52047,12442689,EDCKUL21VES01105,L2,35,0,0.0
2026-09-08,2026-09-07,52047,12442689,EDCKUL21VES01105,L3,26,0,0.0
2026-09-08,2026-09-07,52047,12442690,EDCKUL21VES01205,L1,20,0,0.0
2026-09-08,2026-09-07,52047,12442690,EDCKUL21VES01205,L2,35,0,0.0
2026-09-08,2026-09-07,52047,12442690,EDCKUL21VES01205,L3,26,0,0.0
2026-09-08,2026-09-07,52047,12442691,EDCKUL21VES00106,L1,20,0,0.0
2026-09-08,2026-09-07,52047,12442691,EDCKUL21VES00106,L2,35,0,0.0
2026-09-08,2026-09-07,52047,12442691,EDCKUL21VES00106,L3,26,0,0.0
2026-09-08,2026-09-07,52047,12442692,EDCKUL21VES00206,L1,20,0,0.0
2026-09-08,2026-09-07,52047,12442692,EDCKUL21VES00206,L2,35,0,0.0
2026-09-08,2026-09-07,52047,12442692,EDCKUL21VES00206,L3,26,0,0.0
2026-09-08,2026-09-07,52047,12442693,EDCKUL21VES00306,L1,20,0,0.0
2026-09-08,2026-09-07,52047,12442693,EDCKUL21VES00306,L2,35,0,0.0
2026-09-08,2026-09-07,52047,12442693,EDCKUL21VES00306,L3,26,0,0.0
2026-09-08,2026-09-07,52047,12442694,EDCKUL21VES00406,L1,20,0,0.0
2026-09-08,2026-09-07,52047,12442694,EDCKUL21VES00406,L2,35,0,0.0
2026-09-08,2026-09-07,52047,12442694,EDCKUL21VES00406,L3,26,0,0.0
2026-09-08,2026-09-07,52047,12442695,EDCKUL21VES00506,L1,20,0,0.0
2026-09-08,2026-09-07,52047,12442695,EDCKUL21VES00506,L2,35,0,0.0
2026-09-08,2026-09-07,52047,12442695,EDCKUL21VES00506,L3,26,0,0.0
2026-09-08,2026-09-07,52047,12442696,EDCKUL21VES00606,L1,20,0,0.0
2026-09-08,2026-09-07,52047,12442696,EDCKUL21VES00606,L2,35,0,0.0
2026-09-08,2026-09-07,52047,12442696,EDCKUL21VES00606,L3,26,0,0.0
2026-09-08,2026-09-07,52047,12442697,EDCKUL21VES00706,L1,20,0,0.0
2026-09-08,2026-09-07,52047,12442697,EDCKUL21VES00706,L2,35,0,0.0
2026-09-08,2026-09-07,52047,12442697,EDCKUL21VES00706,L3,26,0,0.0
2026-09-08,2026-09-07,52047,12442698,EDCKUL21VES00806,L1,20,0,0.0
2026-09-08,2026-09-07,52047,12442698,EDCKUL21VES00806,L2,35,0,0.0
2026-09-08,2026-09-07,52047,12442698,EDCKUL21VES00806,L3,26,0,0.0
2026-09-08,2026-09-07,52047,12442699,EDCKUL21VES00906,L1,20,0,0.0
2026-09-08,2026-09-07,52047,12442699,EDCKUL21VES00906,L2,35,0,0.0
2026-09-08,2026-09-07,52047,12442699,EDCKUL21VES00906,L3,26,0,0.0
2026-09-08,2026-09-07,52047,12442700,EDCKUL21VES01006,L1,20,0,0.0
2026-09-08,2026-09-07,52047,12442700,EDCKUL21VES01006,L2,35,0,0.0
2026-09-08,2026-09-07,52047,12442700,EDCKUL21VES01006,L3,26,0,0.0
2026-09-08,2026-09-07,52047,12442701,EDCKUL21VES01106,L1,20,0,0.0
2026-09-08,2026-09-07,52047,12442701,EDCKUL21VES01106,L2,35,0,0.0
2026-09-08,2026-09-07,52047,12442701,EDCKUL21VES01106,L3,26,0,0.0
2026-09-08,2026-09-07,52047,12442702,EDCKUL21VES01206,L1,20,0,0.0
2026-09-08,2026-09-07,52047,12442702,EDCKUL21VES01206,L2,35,0,0.0
2026-09-08,2026-09-07,52047,12442702,EDCKUL21VES01206,L3,26,0,0.0
2026-09-08,2026-09-07,52047,12442703,EDCKUL21VES05400,L1,20,20,100.0
2026-09-08,2026-09-07,52047,12442703,EDCKUL21VES05400,L2,35,0,0.0
2026-09-08,2026-09-07,52047,12442703,EDCKUL21VES05400,L3,26,0,0.0
2026-09-08,2026-09-07,52047,12442704,EDCKUL21VES05500,L1,20,20,100.0
2026-09-08,2026-09-07,52047,12442704,EDCKUL21VES05500,L2,35,0,0.0
2026-09-08,2026-09-07,52047,12442704,EDCKUL21VES05500,L3,26,0,0.0
2026-09-08,2026-09-07,52047,12442705,EDCKUL21VES05600,L1,20,20,100.0
2026-09-08,2026-09-07,52047,12442705,EDCKUL21VES05600,L2,35,0,0.0
2026-09-08,2026-09-07,52047,12442705,EDCKUL21VES05600,L3,26,0,0.0
2026-09-08,2026-09-07,52047,12442706,EDCKUL21VES06000,L1,20,20,100.0
2026-09-08,2026-09-07,52047,12442706,EDCKUL21VES06000,L2,35,0,0.0
2026-09-08,2026-09-07,52047,12442706,EDCKUL21VES06000,L3,26,0,0.0
2026-09-08,2026-09-07,52047,12442707,EDCKUL21VES05900,L1,20,19,95.0
2026-09-08,2026-09-07,52047,12442707,EDCKUL21VES05900,L2,35,0,0.0
2026-09-08,2026-09-07,52047,12442707,EDCKUL21VES05900,L3,26,0,0.0
2026-09-08,2026-09-07,52047,12442708,EDCKUL21VES05800,L1,20,20,100.0
2026-09-08,2026-09-07,52047,12442708,EDCKUL21VES05800,L2,35,0,0.0
2026-09-08,2026-09-07,52047,12442708,EDCKUL21VES05800,L3,26,0,0.0
2026-09-08,2026-09-07,52047,12442709,EDCKUL21VES05300,L1,20,8,40.0
2026-09-08,2026-09-07,52047,12442709,EDCKUL21VES05300,L2,35,0,0.0
2026-09-08,2026-09-07,52047,12442709,EDCKUL21VES05300,L3,26,0,0.0
2026-09-08,2026-09-07,52047,12442710,EDCKUL21VES05700,L1,20,20,100.0
2026-09-08,2026-09-07,52047,12442710,EDCKUL21VES05700,L2,35,0,0.0
2026-09-08,2026-09-07,52047,12442710,EDCKUL21VES05700,L3,26,0,0.0
2026-09-08,2026-09-07,52047,12549767,EDCKUL21EXF04800,L1,20,0,0.0
2026-09-08,2026-09-07,52047,12549767,EDCKUL21EXF04800,L2,35,0,0.0
2026-09-08,2026-09-07,52047,12549767,EDCKUL21EXF04800,L3,26,0,0.0
2026-09-08,2026-09-07,52047,12549768,EDCKUL21EXF04900,L1,20,0,0.0
2026-09-08,2026-09-07,52047,12549768,EDCKUL21EXF04900,L2,35,0,0.0
2026-09-08,2026-09-07,52047,12549768,EDCKUL21EXF04900,L3,26,0,0.0
2026-09-08,2026-09-07,52047,12549769,EDCKUL21EXF05000,L1,20,0,0.0
2026-09-08,2026-09-07,52047,12549769,EDCKUL21EXF05000,L2,35,0,0.0
2026-09-08,2026-09-07,52047,12549769,EDCKUL21EXF05000,L3,26,0,0.0
2026-09-08,2026-09-07,52047,12549770,EDCKUL21EXF05100,L1,20,0,0.0
2026-09-08,2026-09-07,52047,12549770,EDCKUL21EXF05100,L2,35,0,0.0
2026-09-08,2026-09-07,52047,12549770,EDCKUL21EXF05100,L3,26,0,0.0
2026-09-08,2026-09-07,52047,12549771,EDCKUL21EXF05200,L1,20,0,0.0
2026-09-08,2026-09-07,52047,12549771,EDCKUL21EXF05200,L2,35,0,0.0
2026-09-08,2026-09-07,52047,12549771,EDCKUL21EXF05200,L3,26,0,0.0
2026-09-08,2026-09-07,52047,12549772,EDCKUL21EXF05300,L1,20,0,0.0
2026-09-08,2026-09-07,52047,12549772,EDCKUL21EXF05300,L2,35,0,0.0
2026-09-08,2026-09-07,52047,12549772,EDCKUL21EXF05300,L3,26,0,0.0
2026-09-08,2026-09-07,52047,12549773,EDCKUL21EXF05400,L1,20,0,0.0
2026-09-08,2026-09-07,52047,12549773,EDCKUL21EXF05400,L2,35,0,0.0
2026-09-08,2026-09-07,52047,12549773,EDCKUL21EXF05400,L3,26,0,0.0
2026-09-08,2026-09-07,52047,12549774,EDCKUL21EXF05500,L1,20,0,0.0
2026-09-08,2026-09-07,52047,12549774,EDCKUL21EXF05500,L2,35,0,0.0
2026-09-08,2026-09-07,52047,12549774,EDCKUL21EXF05500,L3,26,0,0.0
2026-09-08,2026-09-07,52047,12549775,EDCKUL21BSWDA115,L1,20,0,0.0
2026-09-08,2026-09-07,52047,12549775,EDCKUL21BSWDA115,L2,35,0,0.0
2026-09-08,2026-09-07,52047,12549775,EDCKUL21BSWDA115,L3,26,0,0.0
2026-09-08,2026-09-07,52047,12549776,EDCKUL21BSWDA215,L1,20,0,0.0
2026-09-08,2026-09-07,52047,12549776,EDCKUL21BSWDA215,L2,35,0,0.0
2026-09-08,2026-09-07,52047,12549776,EDCKUL21BSWDA215,L3,26,0,0.0
2026-09-08,2026-09-07,52047,12549777,EDCKUL21BSWDA315,L1,20,0,0.0
2026-09-08,2026-09-07,52047,12549777,EDCKUL21BSWDA315,L2,35,0,0.0
2026-09-08,2026-09-07,52047,12549777,EDCKUL21BSWDA315,L3,26,0,0.0
2026-09-08,2026-09-07,52047,12549778,EDCKUL21BSWDB115,L1,20,0,0.0
2026-09-08,2026-09-07,52047,12549778,EDCKUL21BSWDB115,L2,35,0,0.0
2026-09-08,2026-09-07,52047,12549778,EDCKUL21BSWDB115,L3,26,0,0.0
2026-09-08,2026-09-07,52047,12549779,EDCKUL21BSWDB215,L1,20,0,0.0
2026-09-08,2026-09-07,52047,12549779,EDCKUL21BSWDB215,L2,35,0,0.0
2026-09-08,2026-09-07,52047,12549779,EDCKUL21BSWDB215,L3,26,0,0.0
2026-09-08,2026-09-07,52047,12549780,EDCKUL21BSWDB315,L1,20,0,0.0
2026-09-08,2026-09-07,52047,12549780,EDCKUL21BSWDB315,L2,35,0,0.0
2026-09-08,2026-09-07,52047,12549780,EDCKUL21BSWDB315,L3,26,0,0.0
2026-09-08,2026-09-07,52047,12549781,EDCKUL21BSWDC115,L1,20,0,0.0
2026-09-08,2026-09-07,52047,12549781,EDCKUL21BSWDC115,L2,35,0,0.0
2026-09-08,2026-09-07,52047,12549781,EDCKUL21BSWDC115,L3,26,0,0.0
2026-09-08,2026-09-07,52047,12549782,EDCKUL21BSWDC215,L1,20,0,0.0
2026-09-08,2026-09-07,52047,12549782,EDCKUL21BSWDC215,L2,35,0,0.0
2026-09-08,2026-09-07,52047,12549782,EDCKUL21BSWDC215,L3,26,0,0.0
2026-09-08,2026-09-07,52047,12549783,EDCKUL21BSWDC315,L1,20,0,0.0
2026-09-08,2026-09-07,52047,12549783,EDCKUL21BSWDC315,L2,35,0,0.0
2026-09-08,2026-09-07,52047,12549783,EDCKUL21BSWDC315,L3,26,0,0.0
2026-09-08,2026-09-07,52047,12549784,EDCKUL21BSWDD115,L1,20,0,0.0
2026-09-08,2026-09-07,52047,12549784,EDCKUL21BSWDD115,L2,35,0,0.0
2026-09-08,2026-09-07,52047,12549784,EDCKUL21BSWDD115,L3,26,0,0.0
2026-09-08,2026-09-07,52047,12549785,EDCKUL21BSWDD215,L1,20,0,0.0
2026-09-08,2026-09-07,52047,12549785,EDCKUL21BSWDD215,L2,35,0,0.0
2026-09-08,2026-09-07,52047,12549785,EDCKUL21BSWDD215,L3,26,0,0.0
2026-09-08,2026-09-07,52047,12549786,EDCKUL21BSWDD315,L1,20,0,0.0
2026-09-08,2026-09-07,52047,12549786,EDCKUL21BSWDD315,L2,35,0,0.0
2026-09-08,2026-09-07,52047,12549786,EDCKUL21BSWDD315,L3,26,0,0.0
2026-09-08,2026-09-07,52047,12549787,EDCKUL21BSWDE115,L1,20,0,0.0
2026-09-08,2026-09-07,52047,12549787,EDCKUL21BSWDE115,L2,35,0,0.0
2026-09-08,2026-09-07,52047,12549787,EDCKUL21BSWDE115,L3,26,0,0.0
2026-09-08,2026-09-07,52047,12549788,EDCKUL21BSWDE215,L1,20,0,0.0
2026-09-08,2026-09-07,52047,12549788,EDCKUL21BSWDE215,L2,35,0,0.0
2026-09-08,2026-09-07,52047,12549788,EDCKUL21BSWDE215,L3,26,0,0.0
2026-09-08,2026-09-07,52047,12549789,EDCKUL21BSWDE315,L1,20,0,0.0
2026-09-08,2026-09-07,52047,12549789,EDCKUL21BSWDE315,L2,35,0,0.0
2026-09-08,2026-09-07,52047,12549789,EDCKUL21BSWDE315,L3,26,0,0.0
2026-09-08,2026-09-07,52047,12549790,EDCKUL21BSWDE415,L1,20,0,0.0
2026-09-08,2026-09-07,52047,12549790,EDCKUL21BSWDE415,L2,35,0,0.0
2026-09-08,2026-09-07,52047,12549790,EDCKUL21BSWDE415,L3,26,0,0.0
2026-09-08,2026-09-07,52047,12549791,EDCKUL21BSWDF115,L1,20,0,0.0
2026-09-08,2026-09-07,52047,12549791,EDCKUL21BSWDF115,L2,35,0,0.0
2026-09-08,2026-09-07,52047,12549791,EDCKUL21BSWDF115,L3,26,0,0.0
2026-09-08,2026-09-07,52047,12549792,EDCKUL21BSWDF215,L1,20,0,0.0
2026-09-08,2026-09-07,52047,12549792,EDCKUL21BSWDF215,L2,35,0,0.0
2026-09-08,2026-09-07,52047,12549792,EDCKUL21BSWDF215,L3,26,0,0.0
2026-09-08,2026-09-07,52047,12549793,EDCKUL21BSWDA116,L1,20,0,0.0
2026-09-08,2026-09-07,52047,12549793,EDCKUL21BSWDA116,L2,35,0,0.0
2026-09-08,2026-09-07,52047,12549793,EDCKUL21BSWDA116,L3,26,0,0.0
2026-09-08,2026-09-07,52047,12549794,EDCKUL21BSWDA216,L1,20,0,0.0
2026-09-08,2026-09-07,52047,12549794,EDCKUL21BSWDA216,L2,35,0,0.0
2026-09-08,2026-09-07,52047,12549794,EDCKUL21BSWDA216,L3,26,0,0.0
2026-09-08,2026-09-07,52047,12549795,EDCKUL21BSWDA316,L1,20,0,0.0
2026-09-08,2026-09-07,52047,12549795,EDCKUL21BSWDA316,L2,35,0,0.0
2026-09-08,2026-09-07,52047,12549795,EDCKUL21BSWDA316,L3,26,0,0.0
2026-09-08,2026-09-07,52047,12549796,EDCKUL21BSWDB116,L1,20,0,0.0
2026-09-08,2026-09-07,52047,12549796,EDCKUL21BSWDB116,L2,35,0,0.0
2026-09-08,2026-09-07,52047,12549796,EDCKUL21BSWDB116,L3,26,0,0.0
2026-09-08,2026-09-07,52047,12549797,EDCKUL21BSWDB216,L1,20,0,0.0
2026-09-08,2026-09-07,52047,12549797,EDCKUL21BSWDB216,L2,35,0,0.0
2026-09-08,2026-09-07,52047,12549797,EDCKUL21BSWDB216,L3,26,0,0.0
2026-09-08,2026-09-07,52047,12549798,EDCKUL21BSWDB316,L1,20,0,0.0
2026-09-08,2026-09-07,52047,12549798,EDCKUL21BSWDB316,L2,35,0,0.0
2026-09-08,2026-09-07,52047,12549798,EDCKUL21BSWDB316,L3,26,0,0.0
2026-09-08,2026-09-07,52047,12549799,EDCKUL21BSWDC116,L1,20,0,0.0
2026-09-08,2026-09-07,52047,12549799,EDCKUL21BSWDC116,L2,35,0,0.0
2026-09-08,2026-09-07,52047,12549799,EDCKUL21BSWDC116,L3,26,0,0.0
2026-09-08,2026-09-07,52047,12549800,EDCKUL21BSWDC216,L1,20,0,0.0
2026-09-08,2026-09-07,52047,12549800,EDCKUL21BSWDC216,L2,35,0,0.0
2026-09-08,2026-09-07,52047,12549800,EDCKUL21BSWDC216,L3,26,0,0.0
2026-09-08,2026-09-07,52047,12549801,EDCKUL21BSWDC316,L1,20,0,0.0
2026-09-08,2026-09-07,52047,12549801,EDCKUL21BSWDC316,L2,35,0,0.0
2026-09-08,2026-09-07,52047,12549801,EDCKUL21BSWDC316,L3,26,0,0.0
2026-09-08,2026-09-07,52047,12549802,EDCKUL21BSWDD116,L1,20,0,0.0
2026-09-08,2026-09-07,52047,12549802,EDCKUL21BSWDD116,L2,35,0,0.0
2026-09-08,2026-09-07,52047,12549802,EDCKUL21BSWDD116,L3,26,0,0.0
2026-09-08,2026-09-07,52047,12549803,EDCKUL21BSWDD216,L1,20,0,0.0
2026-09-08,2026-09-07,52047,12549803,EDCKUL21BSWDD216,L2,35,0,0.0
2026-09-08,2026-09-07,52047,12549803,EDCKUL21BSWDD216,L3,26,0,0.0
2026-09-08,2026-09-07,52047,12549804,EDCKUL21BSWDD316,L1,20,0,0.0
2026-09-08,2026-09-07,52047,12549804,EDCKUL21BSWDD316,L2,35,0,0.0
2026-09-08,2026-09-07,52047,12549804,EDCKUL21BSWDD316,L3,26,0,0.0
2026-09-08,2026-09-07,52047,12549805,EDCKUL21BSWDE116,L1,20,0,0.0
2026-09-08,2026-09-07,52047,12549805,EDCKUL21BSWDE116,L2,35,0,0.0
2026-09-08,2026-09-07,52047,12549805,EDCKUL21BSWDE116,L3,26,0,0.0
2026-09-08,2026-09-07,52047,12549806,EDCKUL21BSWDE216,L1,20,0,0.0
2026-09-08,2026-09-07,52047,12549806,EDCKUL21BSWDE216,L2,35,0,0.0
2026-09-08,2026-09-07,52047,12549806,EDCKUL21BSWDE216,L3,26,0,0.0
2026-09-08,2026-09-07,52047,12549807,EDCKUL21BSWDF116,L1,20,0,0.0
2026-09-08,2026-09-07,52047,12549807,EDCKUL21BSWDF116,L2,35,0,0.0
2026-09-08,2026-09-07,52047,12549807,EDCKUL21BSWDF116,L3,26,0,0.0
2026-09-08,2026-09-07,52047,12549808,EDCKUL21BSWDF216,L1,20,0,0.0
2026-09-08,2026-09-07,52047,12549808,EDCKUL21BSWDF216,L2,35,0,0.0
2026-09-08,2026-09-07,52047,12549808,EDCKUL21BSWDF216,L3,26,0,0.0
2026-09-08,2026-09-07,52047,12549809,EDCKUL21BSWDF316,L1,20,0,0.0
2026-09-08,2026-09-07,52047,12549809,EDCKUL21BSWDF316,L2,35,0,0.0
2026-09-08,2026-09-07,52047,12549809,EDCKUL21BSWDF316,L3,26,0,0.0
2026-09-08,2026-09-07,52047,12549810,EDCKUL21BSWDF416,L1,20,0,0.0
2026-09-08,2026-09-07,52047,12549810,EDCKUL21BSWDF416,L2,35,0,0.0
2026-09-08,2026-09-07,52047,12549810,EDCKUL21BSWDF416,L3,26,0,0.0
2026-09-08,2026-09-07,52047,12549811,EDCKUL21BSWDA100,L1,20,0,0.0
2026-09-08,2026-09-07,52047,12549811,EDCKUL21BSWDA100,L2,35,0,0.0
2026-09-08,2026-09-07,52047,12549811,EDCKUL21BSWDA100,L3,26,0,0.0
2026-09-08,2026-09-07,52047,12549812,EDCKUL21BSWDA200,L1,20,0,0.0
2026-09-08,2026-09-07,52047,12549812,EDCKUL21BSWDA200,L2,35,0,0.0
2026-09-08,2026-09-07,52047,12549812,EDCKUL21BSWDA200,L3,26,0,0.0
2026-09-08,2026-09-07,52047,12549813,EDCKUL21BSWDA300,L1,20,0,0.0
2026-09-08,2026-09-07,52047,12549813,EDCKUL21BSWDA300,L2,35,0,0.0
2026-09-08,2026-09-07,52047,12549813,EDCKUL21BSWDA300,L3,26,0,0.0
2026-09-08,2026-09-07,52047,12549814,EDCKUL21BSWDA400,L1,20,0,0.0
2026-09-08,2026-09-07,52047,12549814,EDCKUL21BSWDA400,L2,35,0,0.0
2026-09-08,2026-09-07,52047,12549814,EDCKUL21BSWDA400,L3,26,0,0.0
2026-09-08,2026-09-07,52047,12549815,EDCKUL21BSWDA500,L1,20,0,0.0
2026-09-08,2026-09-07,52047,12549815,EDCKUL21BSWDA500,L2,35,0,0.0
2026-09-08,2026-09-07,52047,12549815,EDCKUL21BSWDA500,L3,26,0,0.0
2026-09-08,2026-09-07,52047,12549816,EDCKUL21BSWDA600,L1,20,0,0.0
2026-09-08,2026-09-07,52047,12549816,EDCKUL21BSWDA600,L2,35,0,0.0
2026-09-08,2026-09-07,52047,12549816,EDCKUL21BSWDA600,L3,26,0,0.0
2026-09-08,2026-09-07,52047,12549817,EDCKUL21BSWDB100,L1,20,0,0.0
2026-09-08,2026-09-07,52047,12549817,EDCKUL21BSWDB100,L2,35,0,0.0
2026-09-08,2026-09-07,52047,12549817,EDCKUL21BSWDB100,L3,26,0,0.0
2026-09-08,2026-09-07,52047,12549818,EDCKUL21BSWDB200,L1,20,0,0.0
2026-09-08,2026-09-07,52047,12549818,EDCKUL21BSWDB200,L2,35,0,0.0
2026-09-08,2026-09-07,52047,12549818,EDCKUL21BSWDB200,L3,26,0,0.0
2026-09-08,2026-09-07,52047,12549819,EDCKUL21BSWDB300,L1,20,0,0.0
2026-09-08,2026-09-07,52047,12549819,EDCKUL21BSWDB300,L2,35,0,0.0
2026-09-08,2026-09-07,52047,12549819,EDCKUL21BSWDB300,L3,26,0,0.0
2026-09-08,2026-09-07,52047,12549820,EDCKUL21BSWDB400,L1,20,0,0.0
2026-09-08,2026-09-07,52047,12549820,EDCKUL21BSWDB400,L2,35,0,0.0
2026-09-08,2026-09-07,52047,12549820,EDCKUL21BSWDB400,L3,26,0,0.0
2026-09-08,2026-09-07,52047,12549821,EDCKUL21BSWDB500,L1,20,0,0.0
2026-09-08,2026-09-07,52047,12549821,EDCKUL21BSWDB500,L2,35,0,0.0
2026-09-08,2026-09-07,52047,12549821,EDCKUL21BSWDB500,L3,26,0,0.0
2026-09-08,2026-09-07,52047,12549822,EDCKUL21BSWDB600,L1,20,0,0.0
2026-09-08,2026-09-07,52047,12549822,EDCKUL21BSWDB600,L2,35,0,0.0
2026-09-08,2026-09-07,52047,12549822,EDCKUL21BSWDB600,L3,26,0,0.0
2026-09-08,2026-09-07,52047,12549823,EDCKUL21BSWDC100,L1,20,0,0.0
2026-09-08,2026-09-07,52047,12549823,EDCKUL21BSWDC100,L2,35,0,0.0
2026-09-08,2026-09-07,52047,12549823,EDCKUL21BSWDC100,L3,26,0,0.0
2026-09-08,2026-09-07,52047,12549824,EDCKUL21BSWDC200,L1,20,0,0.0
2026-09-08,2026-09-07,52047,12549824,EDCKUL21BSWDC200,L2,35,0,0.0
2026-09-08,2026-09-07,52047,12549824,EDCKUL21BSWDC200,L3,26,0,0.0
2026-09-08,2026-09-07,52047,12549825,EDCKUL21BSWDC300,L1,20,0,0.0
2026-09-08,2026-09-07,52047,12549825,EDCKUL21BSWDC300,L2,35,0,0.0
2026-09-08,2026-09-07,52047,12549825,EDCKUL21BSWDC300,L3,26,0,0.0
2026-09-08,2026-09-07,52047,12549826,EDCKUL21BSWDC400,L1,20,0,0.0
2026-09-08,2026-09-07,52047,12549826,EDCKUL21BSWDC400,L2,35,0,0.0
2026-09-08,2026-09-07,52047,12549826,EDCKUL21BSWDC400,L3,26,0,0.0
2026-09-08,2026-09-07,52047,12549827,EDCKUL21BSWDC500,L1,20,0,0.0
2026-09-08,2026-09-07,52047,12549827,EDCKUL21BSWDC500,L2,35,0,0.0
2026-09-08,2026-09-07,52047,12549827,EDCKUL21BSWDC500,L3,26,0,0.0
2026-09-08,2026-09-07,52047,12549828,EDCKUL21BSWDC600,L1,20,0,0.0
2026-09-08,2026-09-07,52047,12549828,EDCKUL21BSWDC600,L2,35,0,0.0
2026-09-08,2026-09-07,52047,12549828,EDCKUL21BSWDC600,L3,26,0,0.0
2026-09-08,2026-09-07,52047,12549829,EDCKUL21BSWDD100,L1,20,0,0.0
2026-09-08,2026-09-07,52047,12549829,EDCKUL21BSWDD100,L2,35,0,0.0
2026-09-08,2026-09-07,52047,12549829,EDCKUL21BSWDD100,L3,26,0,0.0
2026-09-08,2026-09-07,52047,12549830,EDCKUL21BSWDD200,L1,20,0,0.0
2026-09-08,2026-09-07,52047,12549830,EDCKUL21BSWDD200,L2,35,0,0.0
2026-09-08,2026-09-07,52047,12549830,EDCKUL21BSWDD200,L3,26,0,0.0
2026-09-08,2026-09-07,52047,12549831,EDCKUL21BSWDD300,L1,20,0,0.0
2026-09-08,2026-09-07,52047,12549831,EDCKUL21BSWDD300,L2,35,0,0.0
2026-09-08,2026-09-07,52047,12549831,EDCKUL21BSWDD300,L3,26,0,0.0
2026-09-08,2026-09-07,52047,12549832,EDCKUL21BSWDD400,L1,20,0,0.0
2026-09-08,2026-09-07,52047,12549832,EDCKUL21BSWDD400,L2,35,0,0.0
2026-09-08,2026-09-07,52047,12549832,EDCKUL21BSWDD400,L3,26,0,0.0
2026-09-08,2026-09-07,52047,12549833,EDCKUL21BSWDD500,L1,20,0,0.0
2026-09-08,2026-09-07,52047,12549833,EDCKUL21BSWDD500,L2,35,0,0.0
2026-09-08,2026-09-07,52047,12549833,EDCKUL21BSWDD500,L3,26,0,0.0
2026-09-08,2026-09-07,52047,12549834,EDCKUL21BSWDD600,L1,20,0,0.0
2026-09-08,2026-09-07,52047,12549834,EDCKUL21BSWDD600,L2,35,0,0.0
2026-09-08,2026-09-07,52047,12549834,EDCKUL21BSWDD600,L3,26,0,0.0
2026-09-08,2026-09-07,52047,12549835,EDCKUL21BSWDE100,L1,20,0,0.0
2026-09-08,2026-09-07,52047,12549835,EDCKUL21BSWDE100,L2,35,0,0.0
2026-09-08,2026-09-07,52047,12549835,EDCKUL21BSWDE100,L3,26,0,0.0
2026-09-08,2026-09-07,52047,12549836,EDCKUL21BSWDE200,L1,20,0,0.0
2026-09-08,2026-09-07,52047,12549836,EDCKUL21BSWDE200,L2,35,0,0.0
2026-09-08,2026-09-07,52047,12549836,EDCKUL21BSWDE200,L3,26,0,0.0
2026-09-08,2026-09-07,52047,12549837,EDCKUL21BSWDE300,L1,20,0,0.0
2026-09-08,2026-09-07,52047,12549837,EDCKUL21BSWDE300,L2,35,0,0.0
2026-09-08,2026-09-07,52047,12549837,EDCKUL21BSWDE300,L3,26,0,0.0
2026-09-08,2026-09-07,52047,12549838,EDCKUL21BSWDE400,L1,20,0,0.0
2026-09-08,2026-09-07,52047,12549838,EDCKUL21BSWDE400,L2,35,0,0.0
2026-09-08,2026-09-07,52047,12549838,EDCKUL21BSWDE400,L3,26,0,0.0
2026-09-08,2026-09-07,52047,12549839,EDCKUL21BSWDE500,L1,20,0,0.0
2026-09-08,2026-09-07,52047,12549839,EDCKUL21BSWDE500,L2,35,0,0.0
2026-09-08,2026-09-07,52047,12549839,EDCKUL21BSWDE500,L3,26,0,0.0
2026-09-08,2026-09-07,52047,12549840,EDCKUL21BSWDE600,L1,20,0,0.0
2026-09-08,2026-09-07,52047,12549840,EDCKUL21BSWDE600,L2,35,0,0.0
2026-09-08,2026-09-07,52047,12549840,EDCKUL21BSWDE600,L3,26,0,0.0
2026-09-08,2026-09-07,52047,12549841,EDCKUL21BSWDF100,L1,20,0,0.0
2026-09-08,2026-09-07,52047,12549841,EDCKUL21BSWDF100,L2,35,0,0.0
2026-09-08,2026-09-07,52047,12549841,EDCKUL21BSWDF100,L3,26,0,0.0
2026-09-08,2026-09-07,52047,12549842,EDCKUL21BSWDF200,L1,20,0,0.0
2026-09-08,2026-09-07,52047,12549842,EDCKUL21BSWDF200,L2,35,0,0.0
2026-09-08,2026-09-07,52047,12549842,EDCKUL21BSWDF200,L3,26,0,0.0
2026-09-08,2026-09-07,52047,12549843,EDCKUL21BSWDF300,L1,20,0,0.0
2026-09-08,2026-09-07,52047,12549843,EDCKUL21BSWDF300,L2,35,0,0.0
2026-09-08,2026-09-07,52047,12549843,EDCKUL21BSWDF300,L3,26,0,0.0
2026-09-08,2026-09-07,52047,12549844,EDCKUL21BSWDF400,L1,20,0,0.0
2026-09-08,2026-09-07,52047,12549844,EDCKUL21BSWDF400,L2,35,0,0.0
2026-09-08,2026-09-07,52047,12549844,EDCKUL21BSWDF400,L3,26,0,0.0
2026-09-08,2026-09-07,52047,12549845,EDCKUL21BSWDF500,L1,20,0,0.0
2026-09-08,2026-09-07,52047,12549845,EDCKUL21BSWDF500,L2,35,0,0.0
2026-09-08,2026-09-07,52047,12549845,EDCKUL21BSWDF500,L3,26,0,0.0
2026-09-08,2026-09-07,52047,12549846,EDCKUL21BSWDF600,L1,20,0,0.0
2026-09-08,2026-09-07,52047,12549846,EDCKUL21BSWDF600,L2,35,0,0.0
2026-09-08,2026-09-07,52047,12549846,EDCKUL21BSWDF600,L3,26,0,0.0
2026-09-08,2026-09-07,52047,12549847,EDCKUL21BSWDT110,L1,20,0,0.0
2026-09-08,2026-09-07,52047,12549847,EDCKUL21BSWDT110,L2,35,0,0.0
2026-09-08,2026-09-07,52047,12549847,EDCKUL21BSWDT110,L3,26,0,0.0
2026-09-08,2026-09-07,52047,12549848,EDCKUL21BSWDT210,L1,20,0,0.0
2026-09-08,2026-09-07,52047,12549848,EDCKUL21BSWDT210,L2,35,0,0.0
2026-09-08,2026-09-07,52047,12549848,EDCKUL21BSWDT210,L3,26,0,0.0
2026-09-08,2026-09-07,52047,12549849,EDCKUL21BSWDT310,L1,20,0,0.0
2026-09-08,2026-09-07,52047,12549849,EDCKUL21BSWDT310,L2,35,0,0.0
2026-09-08,2026-09-07,52047,12549849,EDCKUL21BSWDT310,L3,26,0,0.0
2026-09-08,2026-09-07,52047,12549850,EDCKUL21BSWDT410,L1,20,0,0.0
2026-09-08,2026-09-07,52047,12549850,EDCKUL21BSWDT410,L2,35,0,0.0
2026-09-08,2026-09-07,52047,12549850,EDCKUL21BSWDT410,L3,26,0,0.0
2026-09-08,2026-09-07,52047,12549851,EDCKUL21BSWDT510,L1,20,0,0.0
2026-09-08,2026-09-07,52047,12549851,EDCKUL21BSWDT510,L2,35,0,0.0
2026-09-08,2026-09-07,52047,12549851,EDCKUL21BSWDT510,L3,26,0,0.0
2026-09-08,2026-09-07,52047,12549852,EDCKUL21BSWDT120,L1,20,0,0.0
2026-09-08,2026-09-07,52047,12549852,EDCKUL21BSWDT120,L2,35,0,0.0
2026-09-08,2026-09-07,52047,12549852,EDCKUL21BSWDT120,L3,26,0,0.0
2026-09-08,2026-09-07,52047,12549853,EDCKUL21BSWDT220,L1,20,0,0.0
2026-09-08,2026-09-07,52047,12549853,EDCKUL21BSWDT220,L2,35,0,0.0
2026-09-08,2026-09-07,52047,12549853,EDCKUL21BSWDT220,L3,26,0,0.0
2026-09-08,2026-09-07,52047,12549854,EDCKUL21BSWDT320,L1,20,0,0.0
2026-09-08,2026-09-07,52047,12549854,EDCKUL21BSWDT320,L2,35,0,0.0
2026-09-08,2026-09-07,52047,12549854,EDCKUL21BSWDT320,L3,26,0,0.0
2026-09-08,2026-09-07,52047,12549855,EDCKUL21BSWDT420,L1,20,0,0.0
2026-09-08,2026-09-07,52047,12549855,EDCKUL21BSWDT420,L2,35,0,0.0
2026-09-08,2026-09-07,52047,12549855,EDCKUL21BSWDT420,L3,26,0,0.0
2026-09-08,2026-09-07,52047,12549856,EDCKUL21BSWDT520,L1,20,0,0.0
2026-09-08,2026-09-07,52047,12549856,EDCKUL21BSWDT520,L2,35,0,0.0
2026-09-08,2026-09-07,52047,12549856,EDCKUL21BSWDT520,L3,26,0,0.0
2026-09-08,2026-09-07,52047,13427814,EDCKUL21DPPDA210,L1,20,20,100.0
2026-09-08,2026-09-07,52047,13427814,EDCKUL21DPPDA210,L2,35,0,0.0
2026-09-08,2026-09-07,52047,13427814,EDCKUL21DPPDA210,L3,26,0,0.0
2026-09-08,2026-09-07,52047,13427815,EDCKUL21DPPDB210,L1,20,20,100.0
2026-09-08,2026-09-07,52047,13427815,EDCKUL21DPPDB210,L2,35,0,0.0
2026-09-08,2026-09-07,52047,13427815,EDCKUL21DPPDB210,L3,26,0,0.0
2026-09-08,2026-09-07,52047,13427816,EDCKUL21DPPDC210,L1,20,20,100.0
2026-09-08,2026-09-07,52047,13427816,EDCKUL21DPPDC210,L2,35,0,0.0
2026-09-08,2026-09-07,52047,13427816,EDCKUL21DPPDC210,L3,26,0,0.0
2026-09-08,2026-09-07,52047,13427817,EDCKUL21DPPDD210,L1,20,20,100.0
2026-09-08,2026-09-07,52047,13427817,EDCKUL21DPPDD210,L2,35,0,0.0
2026-09-08,2026-09-07,52047,13427817,EDCKUL21DPPDD210,L3,26,0,0.0
2026-09-08,2026-09-07,52047,13427818,EDCKUL21DPPDE210,L1,20,20,100.0
2026-09-08,2026-09-07,52047,13427818,EDCKUL21DPPDE210,L2,35,0,0.0
2026-09-08,2026-09-07,52047,13427818,EDCKUL21DPPDE210,L3,26,0,0.0
2026-09-08,2026-09-07,52047,13427819,EDCKUL21DPPDF210,L1,20,20,100.0
2026-09-08,2026-09-07,52047,13427819,EDCKUL21DPPDF210,L2,35,0,0.0
2026-09-08,2026-09-07,52047,13427819,EDCKUL21DPPDF210,L3,26,0,0.0
2026-09-08,2026-09-07,52047,13427820,EDCKUL21DPPDT210,L1,20,20,100.0
2026-09-08,2026-09-07,52047,13427820,EDCKUL21DPPDT210,L2,35,0,0.0
2026-09-08,2026-09-07,52047,13427820,EDCKUL21DPPDT210,L3,26,0,0.0
2026-09-08,2026-09-07,52047,13427821,EDCKUL21DPPDT220,L1,20,20,100.0
2026-09-08,2026-09-07,52047,13427821,EDCKUL21DPPDT220,L2,35,0,0.0
2026-09-08,2026-09-07,52047,13427821,EDCKUL21DPPDT220,L3,26,0,0.0
2026-09-08,2026-09-07,52047,13582294,EDCKUL21DHU00105,L1,20,0,0.0
2026-09-08,2026-09-07,52047,13582294,EDCKUL21DHU00105,L2,35,0,0.0
2026-09-08,2026-09-07,52047,13582294,EDCKUL21DHU00105,L3,26,0,0.0
2026-09-08,2026-09-07,52047,13582295,EDCKUL21DHU00205,L1,20,0,0.0
2026-09-08,2026-09-07,52047,13582295,EDCKUL21DHU00205,L2,35,0,0.0
2026-09-08,2026-09-07,52047,13582295,EDCKUL21DHU00205,L3,26,0,0.0
2026-09-08,2026-09-07,52047,13582296,EDCKUL21DHU00106,L1,20,0,0.0
2026-09-08,2026-09-07,52047,13582296,EDCKUL21DHU00106,L2,35,0,0.0
2026-09-08,2026-09-07,52047,13582296,EDCKUL21DHU00106,L3,26,0,0.0
2026-09-08,2026-09-07,52047,13582297,EDCKUL21DHU00206,L1,20,0,0.0
2026-09-08,2026-09-07,52047,13582297,EDCKUL21DHU00206,L2,35,0,0.0
2026-09-08,2026-09-07,52047,13582297,EDCKUL21DHU00206,L3,26,0,0.0
2026-09-08,2026-09-07,52047,13582298,EDCKUL21GDS00600,L1,20,0,0.0
2026-09-08,2026-09-07,52047,13582298,EDCKUL21GDS00600,L2,35,0,0.0
2026-09-08,2026-09-07,52047,13582298,EDCKUL21GDS00600,L3,26,0,0.0
2026-09-08,2026-09-07,52047,13737868,EDCKUL21BMPDT100,L1,20,0,0.0
2026-09-08,2026-09-07,52047,13737868,EDCKUL21BMPDT100,L2,35,0,0.0
2026-09-08,2026-09-07,52047,13737868,EDCKUL21BMPDT100,L3,26,0,0.0
2026-09-08,2026-09-07,52047,13737869,EDCKUL21BMPDA100,L1,20,0,0.0
2026-09-08,2026-09-07,52047,13737869,EDCKUL21BMPDA100,L2,35,0,0.0
2026-09-08,2026-09-07,52047,13737869,EDCKUL21BMPDA100,L3,26,0,0.0
2026-09-08,2026-09-07,52047,13737870,EDCKUL21BMPDB100,L1,20,0,0.0
2026-09-08,2026-09-07,52047,13737870,EDCKUL21BMPDB100,L2,35,0,0.0
2026-09-08,2026-09-07,52047,13737870,EDCKUL21BMPDB100,L3,26,0,0.0
2026-09-08,2026-09-07,52047,13737871,EDCKUL21BMPDC100,L1,20,0,0.0
2026-09-08,2026-09-07,52047,13737871,EDCKUL21BMPDC100,L2,35,0,0.0
2026-09-08,2026-09-07,52047,13737871,EDCKUL21BMPDC100,L3,26,0,0.0
2026-09-08,2026-09-07,52047,13737872,EDCKUL21BMPDD100,L1,20,0,0.0
2026-09-08,2026-09-07,52047,13737872,EDCKUL21BMPDD100,L2,35,0,0.0
2026-09-08,2026-09-07,52047,13737872,EDCKUL21BMPDD100,L3,26,0,0.0
2026-09-08,2026-09-07,52047,13737873,EDCKUL21BMPDE100,L1,20,0,0.0
2026-09-08,2026-09-07,52047,13737873,EDCKUL21BMPDE100,L2,35,0,0.0
2026-09-08,2026-09-07,52047,13737873,EDCKUL21BMPDE100,L3,26,0,0.0
2026-09-08,2026-09-07,52047,13737874,EDCKUL21BMPDF100,L1,20,0,0.0
2026-09-08,2026-09-07,52047,13737874,EDCKUL21BMPDF100,L2,35,0,0.0
2026-09-08,2026-09-07,52047,13737874,EDCKUL21BMPDF100,L3,26,0,0.0
2026-09-08,2026-09-07,52047,13737875,EDCKUL21BMPDT200,L1,20,0,0.0
2026-09-08,2026-09-07,52047,13737875,EDCKUL21BMPDT200,L2,35,0,0.0
2026-09-08,2026-09-07,52047,13737875,EDCKUL21BMPDT200,L3,26,0,0.0
2026-09-08,2026-09-07,52047,13737876,EDCKUL21BMP00105,L1,20,0,0.0
2026-09-08,2026-09-07,52047,13737876,EDCKUL21BMP00105,L2,35,0,0.0
2026-09-08,2026-09-07,52047,13737876,EDCKUL21BMP00105,L3,26,0,0.0
2026-09-08,2026-09-07,52047,13737877,EDCKUL21BMP00106,L1,20,0,0.0
2026-09-08,2026-09-07,52047,13737877,EDCKUL21BMP00106,L2,35,0,0.0
2026-09-08,2026-09-07,52047,13737877,EDCKUL21BMP00106,L3,26,0,0.0
2026-09-08,2026-09-07,52047,13737878,EDCKUL21BMPTCS15,L1,20,0,0.0
2026-09-08,2026-09-07,52047,13737878,EDCKUL21BMPTCS15,L2,35,0,0.0
2026-09-08,2026-09-07,52047,13737878,EDCKUL21BMPTCS15,L3,26,0,0.0
2026-09-08,2026-09-07,52047,13737879,EDCKUL21BMPTCS25,L1,20,0,0.0
2026-09-08,2026-09-07,52047,13737879,EDCKUL21BMPTCS25,L2,35,0,0.0
2026-09-08,2026-09-07,52047,13737879,EDCKUL21BMPTCS25,L3,26,0,0.0
2026-09-08,2026-09-07,52047,13737880,EDCKUL21BMPTCS16,L1,20,0,0.0
2026-09-08,2026-09-07,52047,13737880,EDCKUL21BMPTCS16,L2,35,0,0.0
2026-09-08,2026-09-07,52047,13737880,EDCKUL21BMPTCS16,L3,26,0,0.0
2026-09-08,2026-09-07,52047,13737881,EDCKUL21BMPTCS26,L1,20,0,0.0
2026-09-08,2026-09-07,52047,13737881,EDCKUL21BMPTCS26,L2,35,0,0.0
2026-09-08,2026-09-07,52047,13737881,EDCKUL21BMPTCS26,L3,26,0,0.0
2026-09-08,2026-09-07,52047,13851806,EDCKUL21PAC01100,L1,20,0,0.0
2026-09-08,2026-09-07,52047,13851806,EDCKUL21PAC01100,L2,35,0,0.0
2026-09-08,2026-09-07,52047,13851806,EDCKUL21PAC01100,L3,26,0,0.0
2026-09-08,2026-09-07,52047,13851807,EDCKUL21PAC01200,L1,20,0,0.0
2026-09-08,2026-09-07,52047,13851807,EDCKUL21PAC01200,L2,35,0,0.0
2026-09-08,2026-09-07,52047,13851807,EDCKUL21PAC01200,L3,26,0,0.0
2026-09-08,2026-09-07,52047,13851808,EDCKUL21PAS02300,L1,20,0,0.0
2026-09-08,2026-09-07,52047,13851808,EDCKUL21PAS02300,L2,35,0,0.0
2026-09-08,2026-09-07,52047,13851808,EDCKUL21PAS02300,L3,26,0,0.0
2026-09-08,2026-09-07,52047,13851809,EDCKUL21PAS02400,L1,20,0,0.0
2026-09-08,2026-09-07,52047,13851809,EDCKUL21PAS02400,L2,35,0,0.0
2026-09-08,2026-09-07,52047,13851809,EDCKUL21PAS02400,L3,26,0,0.0
2026-09-08,2026-09-07,52047,13851810,EDCKUL21PAS02500,L1,20,0,0.0
2026-09-08,2026-09-07,52047,13851810,EDCKUL21PAS02500,L2,35,0,0.0
2026-09-08,2026-09-07,52047,13851810,EDCKUL21PAS02500,L3,26,0,0.0
2026-09-08,2026-09-07,52047,13851811,EDCKUL21PAS02600,L1,20,0,0.0
2026-09-08,2026-09-07,52047,13851811,EDCKUL21PAS02600,L2,35,0,0.0
2026-09-08,2026-09-07,52047,13851811,EDCKUL21PAS02600,L3,26,0,0.0
2026-09-08,2026-09-07,52047,13851812,EDCKUL21PAS02700,L1,20,0,0.0
2026-09-08,2026-09-07,52047,13851812,EDCKUL21PAS02700,L2,35,0,0.0
2026-09-08,2026-09-07,52047,13851812,EDCKUL21PAS02700,L3,26,0,0.0
2026-09-08,2026-09-07,52047,13851813,EDCKUL21PAS02800,L1,20,0,0.0
2026-09-08,2026-09-07,52047,13851813,EDCKUL21PAS02800,L2,35,0,0.0
2026-09-08,2026-09-07,52047,13851813,EDCKUL21PAS02800,L3,26,0,0.0
2026-09-08,2026-09-07,52048,12443028,EDCKUL21ACS04550,L1,20,0,0.0
2026-09-08,2026-09-07,52048,12443028,EDCKUL21ACS04550,L2,35,0,0.0
2026-09-08,2026-09-07,52048,12443028,EDCKUL21ACS04550,L3,26,0,0.0
2026-09-08,2026-09-07,52048,12443029,EDCKUL21ACS04450,L1,20,0,0.0
2026-09-08,2026-09-07,52048,12443029,EDCKUL21ACS04450,L2,35,0,0.0
2026-09-08,2026-09-07,52048,12443029,EDCKUL21ACS04450,L3,26,0,0.0
2026-09-08,2026-09-07,52048,12443030,EDCKUL21ACS04560,L1,20,0,0.0
2026-09-08,2026-09-07,52048,12443030,EDCKUL21ACS04560,L2,35,0,0.0
2026-09-08,2026-09-07,52048,12443030,EDCKUL21ACS04560,L3,26,0,0.0
2026-09-08,2026-09-07,52048,12443031,EDCKUL21ACS04460,L1,20,0,0.0
2026-09-08,2026-09-07,52048,12443031,EDCKUL21ACS04460,L2,35,0,0.0
2026-09-08,2026-09-07,52048,12443031,EDCKUL21ACS04460,L3,26,0,0.0
2026-09-08,2026-09-07,52048,12443032,EDCKUL21ACS045A0,L1,20,0,0.0
2026-09-08,2026-09-07,52048,12443032,EDCKUL21ACS045A0,L2,35,0,0.0
2026-09-08,2026-09-07,52048,12443032,EDCKUL21ACS045A0,L3,26,0,0.0
2026-09-08,2026-09-07,52048,12443033,EDCKUL21ACS044A0,L1,20,0,0.0
2026-09-08,2026-09-07,52048,12443033,EDCKUL21ACS044A0,L2,35,0,0.0
2026-09-08,2026-09-07,52048,12443033,EDCKUL21ACS044A0,L3,26,0,0.0
2026-09-08,2026-09-07,52048,12443034,EDCKUL21ACS04570,L1,20,0,0.0
2026-09-08,2026-09-07,52048,12443034,EDCKUL21ACS04570,L2,35,0,0.0
2026-09-08,2026-09-07,52048,12443034,EDCKUL21ACS04570,L3,26,0,0.0
2026-09-08,2026-09-07,52048,12443035,EDCKUL21ACS04470,L1,20,0,0.0
2026-09-08,2026-09-07,52048,12443035,EDCKUL21ACS04470,L2,35,0,0.0
2026-09-08,2026-09-07,52048,12443035,EDCKUL21ACS04470,L3,26,0,0.0
2026-09-08,2026-09-07,52048,12443036,EDCKUL21ACS04580,L1,20,0,0.0
2026-09-08,2026-09-07,52048,12443036,EDCKUL21ACS04580,L2,35,0,0.0
2026-09-08,2026-09-07,52048,12443036,EDCKUL21ACS04580,L3,26,0,0.0
2026-09-08,2026-09-07,52048,12443037,EDCKUL21ACS04480,L1,20,0,0.0
2026-09-08,2026-09-07,52048,12443037,EDCKUL21ACS04480,L2,35,0,0.0
2026-09-08,2026-09-07,52048,12443037,EDCKUL21ACS04480,L3,26,0,0.0
2026-09-08,2026-09-07,52048,12443038,EDCKUL21ACS04590,L1,20,0,0.0
2026-09-08,2026-09-07,52048,12443038,EDCKUL21ACS04590,L2,35,0,0.0
2026-09-08,2026-09-07,52048,12443038,EDCKUL21ACS04590,L3,26,0,0.0
2026-09-08,2026-09-07,52048,12443039,EDCKUL21ACS04490,L1,20,0,0.0
2026-09-08,2026-09-07,52048,12443039,EDCKUL21ACS04490,L2,35,0,0.0
2026-09-08,2026-09-07,52048,12443039,EDCKUL21ACS04490,L3,26,0,0.0
2026-09-08,2026-09-07,52048,12443040,EDCKUL21ACS04540,L1,20,0,0.0
2026-09-08,2026-09-07,52048,12443040,EDCKUL21ACS04540,L2,35,0,0.0
2026-09-08,2026-09-07,52048,12443040,EDCKUL21ACS04540,L3,26,0,0.0
2026-09-08,2026-09-07,52048,12443041,EDCKUL21ACS04440,L1,20,0,0.0
2026-09-08,2026-09-07,52048,12443041,EDCKUL21ACS04440,L2,35,0,0.0
2026-09-08,2026-09-07,52048,12443041,EDCKUL21ACS04440,L3,26,0,0.0
2026-09-08,2026-09-07,52048,12443042,EDCKUL21ACS04250,L1,20,0,0.0
2026-09-08,2026-09-07,52048,12443042,EDCKUL21ACS04250,L2,35,0,0.0
2026-09-08,2026-09-07,52048,12443042,EDCKUL21ACS04250,L3,26,0,0.0
2026-09-08,2026-09-07,52048,12443043,EDCKUL21ACS04260,L1,20,0,0.0
2026-09-08,2026-09-07,52048,12443043,EDCKUL21ACS04260,L2,35,0,0.0
2026-09-08,2026-09-07,52048,12443043,EDCKUL21ACS04260,L3,26,0,0.0
2026-09-08,2026-09-07,52048,12443044,EDCKUL21ACS04230,L1,20,0,0.0
2026-09-08,2026-09-07,52048,12443044,EDCKUL21ACS04230,L2,35,0,0.0
2026-09-08,2026-09-07,52048,12443044,EDCKUL21ACS04230,L3,26,0,0.0
2026-09-08,2026-09-07,52048,12443045,EDCKUL21ACS04220,L1,20,0,0.0
2026-09-08,2026-09-07,52048,12443045,EDCKUL21ACS04220,L2,35,0,0.0
2026-09-08,2026-09-07,52048,12443045,EDCKUL21ACS04220,L3,26,0,0.0
2026-09-08,2026-09-07,52048,12443046,EDCKUL21ACS04310,L1,20,0,0.0
2026-09-08,2026-09-07,52048,12443046,EDCKUL21ACS04310,L2,35,0,0.0
2026-09-08,2026-09-07,52048,12443046,EDCKUL21ACS04310,L3,26,0,0.0
2026-09-08,2026-09-07,52048,12443047,EDCKUL21ACS04320,L1,20,0,0.0
2026-09-08,2026-09-07,52048,12443047,EDCKUL21ACS04320,L2,35,0,0.0
2026-09-08,2026-09-07,52048,12443047,EDCKUL21ACS04320,L3,26,0,0.0
2026-09-08,2026-09-07,52048,12443048,EDCKUL21ACS04350,L1,20,0,0.0
2026-09-08,2026-09-07,52048,12443048,EDCKUL21ACS04350,L2,35,0,0.0
2026-09-08,2026-09-07,52048,12443048,EDCKUL21ACS04350,L3,26,0,0.0
2026-09-08,2026-09-07,52048,12443049,EDCKUL21ACS04360,L1,20,0,0.0
2026-09-08,2026-09-07,52048,12443049,EDCKUL21ACS04360,L2,35,0,0.0
2026-09-08,2026-09-07,52048,12443049,EDCKUL21ACS04360,L3,26,0,0.0
2026-09-08,2026-09-07,52048,12443050,EDCKUL21ACS04210,L1,20,0,0.0
2026-09-08,2026-09-07,52048,12443050,EDCKUL21ACS04210,L2,35,0,0.0
2026-09-08,2026-09-07,52048,12443050,EDCKUL21ACS04210,L3,26,0,0.0
2026-09-08,2026-09-07,52048,12443051,EDCKUL21ACS04390,L1,20,0,0.0
2026-09-08,2026-09-07,52048,12443051,EDCKUL21ACS04390,L2,35,0,0.0
2026-09-08,2026-09-07,52048,12443051,EDCKUL21ACS04390,L3,26,0,0.0
2026-09-08,2026-09-07,52048,12443052,EDCKUL21ACS043B0,L1,20,0,0.0
2026-09-08,2026-09-07,52048,12443052,EDCKUL21ACS043B0,L2,35,0,0.0
2026-09-08,2026-09-07,52048,12443052,EDCKUL21ACS043B0,L3,26,0,0.0
2026-09-08,2026-09-07,52048,12443053,EDCKUL21ACS043A0,L1,20,0,0.0
2026-09-08,2026-09-07,52048,12443053,EDCKUL21ACS043A0,L2,35,0,0.0
2026-09-08,2026-09-07,52048,12443053,EDCKUL21ACS043A0,L3,26,0,0.0
2026-09-08,2026-09-07,52048,12443054,EDCKUL21ACS04280,L1,20,0,0.0
2026-09-08,2026-09-07,52048,12443054,EDCKUL21ACS04280,L2,35,0,0.0
2026-09-08,2026-09-07,52048,12443054,EDCKUL21ACS04280,L3,26,0,0.0
2026-09-08,2026-09-07,52048,12443055,EDCKUL21ACS04270,L1,20,0,0.0
2026-09-08,2026-09-07,52048,12443055,EDCKUL21ACS04270,L2,35,0,0.0
2026-09-08,2026-09-07,52048,12443055,EDCKUL21ACS04270,L3,26,0,0.0
2026-09-08,2026-09-07,52048,12443056,EDCKUL21ACS04370,L1,20,0,0.0
2026-09-08,2026-09-07,52048,12443056,EDCKUL21ACS04370,L2,35,0,0.0
2026-09-08,2026-09-07,52048,12443056,EDCKUL21ACS04370,L3,26,0,0.0
2026-09-08,2026-09-07,52048,12443057,EDCKUL21ACS04340,L1,20,0,0.0
2026-09-08,2026-09-07,52048,12443057,EDCKUL21ACS04340,L2,35,0,0.0
2026-09-08,2026-09-07,52048,12443057,EDCKUL21ACS04340,L3,26,0,0.0
2026-09-08,2026-09-07,52048,12443058,EDCKUL21ACS04240,L1,20,0,0.0
2026-09-08,2026-09-07,52048,12443058,EDCKUL21ACS04240,L2,35,0,0.0
2026-09-08,2026-09-07,52048,12443058,EDCKUL21ACS04240,L3,26,0,0.0
2026-09-08,2026-09-07,52048,12443059,EDCKUL21ACS04330,L1,20,0,0.0
2026-09-08,2026-09-07,52048,12443059,EDCKUL21ACS04330,L2,35,0,0.0
2026-09-08,2026-09-07,52048,12443059,EDCKUL21ACS04330,L3,26,0,0.0
2026-09-08,2026-09-07,52048,12443060,EDCKUL21ACS04510,L1,20,0,0.0
2026-09-08,2026-09-07,52048,12443060,EDCKUL21ACS04510,L2,35,0,0.0
2026-09-08,2026-09-07,52048,12443060,EDCKUL21ACS04510,L3,26,0,0.0
2026-09-08,2026-09-07,52048,12443061,EDCKUL21ACS04410,L1,20,0,0.0
2026-09-08,2026-09-07,52048,12443061,EDCKUL21ACS04410,L2,35,0,0.0
2026-09-08,2026-09-07,52048,12443061,EDCKUL21ACS04410,L3,26,0,0.0
2026-09-08,2026-09-07,52048,12443062,EDCKUL21ACS04520,L1,20,0,0.0
2026-09-08,2026-09-07,52048,12443062,EDCKUL21ACS04520,L2,35,0,0.0
2026-09-08,2026-09-07,52048,12443062,EDCKUL21ACS04520,L3,26,0,0.0
2026-09-08,2026-09-07,52048,12443063,EDCKUL21ACS04420,L1,20,0,0.0
2026-09-08,2026-09-07,52048,12443063,EDCKUL21ACS04420,L2,35,0,0.0
2026-09-08,2026-09-07,52048,12443063,EDCKUL21ACS04420,L3,26,0,0.0
2026-09-08,2026-09-07,52048,12443064,EDCKUL21ACS04530,L1,20,0,0.0
2026-09-08,2026-09-07,52048,12443064,EDCKUL21ACS04530,L2,35,0,0.0
2026-09-08,2026-09-07,52048,12443064,EDCKUL21ACS04530,L3,26,0,0.0
2026-09-08,2026-09-07,52048,12443065,EDCKUL21ACS04430,L1,20,0,0.0
2026-09-08,2026-09-07,52048,12443065,EDCKUL21ACS04430,L2,35,0,0.0
2026-09-08,2026-09-07,52048,12443065,EDCKUL21ACS04430,L3,26,0,0.0
2026-09-08,2026-09-07,52048,12443066,EDCKUL21ACS04290,L1,20,0,0.0
2026-09-08,2026-09-07,52048,12443066,EDCKUL21ACS04290,L2,35,0,0.0
2026-09-08,2026-09-07,52048,12443066,EDCKUL21ACS04290,L3,26,0,0.0
2026-09-08,2026-09-07,52048,12443067,EDCKUL21ACS04380,L1,20,0,0.0
2026-09-08,2026-09-07,52048,12443067,EDCKUL21ACS04380,L2,35,0,0.0
2026-09-08,2026-09-07,52048,12443067,EDCKUL21ACS04380,L3,26,0,0.0
2026-09-08,2026-09-07,52048,12443068,EDCKUL21ACS042A0,L1,20,0,0.0
2026-09-08,2026-09-07,52048,12443068,EDCKUL21ACS042A0,L2,35,0,0.0
2026-09-08,2026-09-07,52048,12443068,EDCKUL21ACS042A0,L3,26,0,0.0
2026-09-08,2026-09-07,52048,12443069,EDCKUL21VRF04200,L1,20,0,0.0
2026-09-08,2026-09-07,52048,12443069,EDCKUL21VRF04200,L2,35,0,0.0
2026-09-08,2026-09-07,52048,12443069,EDCKUL21VRF04200,L3,26,0,0.0
2026-09-08,2026-09-07,52048,12443070,EDCKUL21VRF04300,L1,20,0,0.0
2026-09-08,2026-09-07,52048,12443070,EDCKUL21VRF04300,L2,35,0,0.0
2026-09-08,2026-09-07,52048,12443070,EDCKUL21VRF04300,L3,26,0,0.0
2026-09-08,2026-09-07,52048,12443071,EDCKUL21VRF04400,L1,20,0,0.0
2026-09-08,2026-09-07,52048,12443071,EDCKUL21VRF04400,L2,35,0,0.0
2026-09-08,2026-09-07,52048,12443071,EDCKUL21VRF04400,L3,26,0,0.0
2026-09-08,2026-09-07,52048,12443072,EDCKUL21VRF04500,L1,20,0,0.0
2026-09-08,2026-09-07,52048,12443072,EDCKUL21VRF04500,L2,35,0,0.0
2026-09-08,2026-09-07,52048,12443072,EDCKUL21VRF04500,L3,26,0,0.0
2026-09-08,2026-09-07,52048,12443077,EDCKUL21CDUB010B,L1,20,0,0.0
2026-09-08,2026-09-07,52048,12443077,EDCKUL21CDUB010B,L2,35,0,0.0
2026-09-08,2026-09-07,52048,12443077,EDCKUL21CDUB010B,L3,26,0,0.0
2026-09-08,2026-09-07,52048,12443078,EDCKUL21CDUB020B,L1,20,0,0.0
2026-09-08,2026-09-07,52048,12443078,EDCKUL21CDUB020B,L2,35,0,0.0
2026-09-08,2026-09-07,52048,12443078,EDCKUL21CDUB020B,L3,26,0,0.0
2026-09-08,2026-09-07,52048,12443079,EDCKUL21CDUB030B,L1,20,0,0.0
2026-09-08,2026-09-07,52048,12443079,EDCKUL21CDUB030B,L2,35,0,0.0
2026-09-08,2026-09-07,52048,12443079,EDCKUL21CDUB030B,L3,26,0,0.0
2026-09-08,2026-09-07,52048,12443080,EDCKUL21CDUB040B,L1,20,0,0.0
2026-09-08,2026-09-07,52048,12443080,EDCKUL21CDUB040B,L2,35,0,0.0
2026-09-08,2026-09-07,52048,12443080,EDCKUL21CDUB040B,L3,26,0,0.0
2026-09-08,2026-09-07,52048,12443081,EDCKUL21CDUB050B,L1,20,0,0.0
2026-09-08,2026-09-07,52048,12443081,EDCKUL21CDUB050B,L2,35,0,0.0
2026-09-08,2026-09-07,52048,12443081,EDCKUL21CDUB050B,L3,26,0,0.0
2026-09-08,2026-09-07,52048,12443082,EDCKUL21CDUB060B,L1,20,0,0.0
2026-09-08,2026-09-07,52048,12443082,EDCKUL21CDUB060B,L2,35,0,0.0
2026-09-08,2026-09-07,52048,12443082,EDCKUL21CDUB060B,L3,26,0,0.0
2026-09-08,2026-09-07,52048,12443083,EDCKUL21CDUB010C,L1,20,0,0.0
2026-09-08,2026-09-07,52048,12443083,EDCKUL21CDUB010C,L2,35,0,0.0
2026-09-08,2026-09-07,52048,12443083,EDCKUL21CDUB010C,L3,26,0,0.0
2026-09-08,2026-09-07,52048,12443084,EDCKUL21CDUB020C,L1,20,0,0.0
2026-09-08,2026-09-07,52048,12443084,EDCKUL21CDUB020C,L2,35,0,0.0
2026-09-08,2026-09-07,52048,12443084,EDCKUL21CDUB020C,L3,26,0,0.0
2026-09-08,2026-09-07,52048,12443085,EDCKUL21CDUB030C,L1,20,0,0.0
2026-09-08,2026-09-07,52048,12443085,EDCKUL21CDUB030C,L2,35,0,0.0
2026-09-08,2026-09-07,52048,12443085,EDCKUL21CDUB030C,L3,26,0,0.0
2026-09-08,2026-09-07,52048,12443086,EDCKUL21CDUB040C,L1,20,0,0.0
2026-09-08,2026-09-07,52048,12443086,EDCKUL21CDUB040C,L2,35,0,0.0
2026-09-08,2026-09-07,52048,12443086,EDCKUL21CDUB040C,L3,26,0,0.0
2026-09-08,2026-09-07,52048,12443087,EDCKUL21CDUB050C,L1,20,0,0.0
2026-09-08,2026-09-07,52048,12443087,EDCKUL21CDUB050C,L2,35,0,0.0
2026-09-08,2026-09-07,52048,12443087,EDCKUL21CDUB050C,L3,26,0,0.0
2026-09-08,2026-09-07,52048,12443088,EDCKUL21CDUB060C,L1,20,0,0.0
2026-09-08,2026-09-07,52048,12443088,EDCKUL21CDUB060C,L2,35,0,0.0
2026-09-08,2026-09-07,52048,12443088,EDCKUL21CDUB060C,L3,26,0,0.0
2026-09-08,2026-09-07,52048,12443089,EDCKUL21AISC010B,L1,20,0,0.0
2026-09-08,2026-09-07,52048,12443089,EDCKUL21AISC010B,L2,35,0,0.0
2026-09-08,2026-09-07,52048,12443089,EDCKUL21AISC010B,L3,26,0,0.0
2026-09-08,2026-09-07,52048,12443090,EDCKUL21AISC020B,L1,20,0,0.0
2026-09-08,2026-09-07,52048,12443090,EDCKUL21AISC020B,L2,35,0,0.0
2026-09-08,2026-09-07,52048,12443090,EDCKUL21AISC020B,L3,26,0,0.0
2026-09-08,2026-09-07,52048,12443091,EDCKUL21AISC010C,L1,20,0,0.0
2026-09-08,2026-09-07,52048,12443091,EDCKUL21AISC010C,L2,35,0,0.0
2026-09-08,2026-09-07,52048,12443091,EDCKUL21AISC010C,L3,26,0,0.0
2026-09-08,2026-09-07,52048,12443092,EDCKUL21AISC020C,L1,20,0,0.0
2026-09-08,2026-09-07,52048,12443092,EDCKUL21AISC020C,L2,35,0,0.0
2026-09-08,2026-09-07,52048,12443092,EDCKUL21AISC020C,L3,26,0,0.0
2026-09-08,2026-09-07,52048,12443093,EDCKUL21CTSC010B,L1,20,0,0.0
2026-09-08,2026-09-07,52048,12443093,EDCKUL21CTSC010B,L2,35,0,0.0
2026-09-08,2026-09-07,52048,12443093,EDCKUL21CTSC010B,L3,26,0,0.0
2026-09-08,2026-09-07,52048,12443094,EDCKUL21CTSC020B,L1,20,0,0.0
2026-09-08,2026-09-07,52048,12443094,EDCKUL21CTSC020B,L2,35,0,0.0
2026-09-08,2026-09-07,52048,12443094,EDCKUL21CTSC020B,L3,26,0,0.0
2026-09-08,2026-09-07,52048,12443095,EDCKUL21CTSC010C,L1,20,0,0.0
2026-09-08,2026-09-07,52048,12443095,EDCKUL21CTSC010C,L2,35,0,0.0
2026-09-08,2026-09-07,52048,12443095,EDCKUL21CTSC010C,L3,26,0,0.0
2026-09-08,2026-09-07,52048,12443096,EDCKUL21CTSC020C,L1,20,0,0.0
2026-09-08,2026-09-07,52048,12443096,EDCKUL21CTSC020C,L2,35,0,0.0
2026-09-08,2026-09-07,52048,12443096,EDCKUL21CTSC020C,L3,26,0,0.0
2026-09-08,2026-09-07,52048,12443097,EDCKUL21EXPC010B,L1,20,0,0.0
2026-09-08,2026-09-07,52048,12443097,EDCKUL21EXPC010B,L2,35,0,0.0
2026-09-08,2026-09-07,52048,12443097,EDCKUL21EXPC010B,L3,26,0,0.0
2026-09-08,2026-09-07,52048,12443098,EDCKUL21EXPC020B,L1,20,0,0.0
2026-09-08,2026-09-07,52048,12443098,EDCKUL21EXPC020B,L2,35,0,0.0
2026-09-08,2026-09-07,52048,12443098,EDCKUL21EXPC020B,L3,26,0,0.0
2026-09-08,2026-09-07,52048,12443099,EDCKUL21EXPC010C,L1,20,0,0.0
2026-09-08,2026-09-07,52048,12443099,EDCKUL21EXPC010C,L2,35,0,0.0
2026-09-08,2026-09-07,52048,12443099,EDCKUL21EXPC010C,L3,26,0,0.0
2026-09-08,2026-09-07,52048,12443100,EDCKUL21EXPC020C,L1,20,0,0.0
2026-09-08,2026-09-07,52048,12443100,EDCKUL21EXPC020C,L2,35,0,0.0
2026-09-08,2026-09-07,52048,12443100,EDCKUL21EXPC020C,L3,26,0,0.0
2026-09-08,2026-09-07,52048,12443101,EDCKUL21MUPC010B,L1,20,0,0.0
2026-09-08,2026-09-07,52048,12443101,EDCKUL21MUPC010B,L2,35,0,0.0
2026-09-08,2026-09-07,52048,12443101,EDCKUL21MUPC010B,L3,26,0,0.0
2026-09-08,2026-09-07,52048,12443102,EDCKUL21MUPC020B,L1,20,0,0.0
2026-09-08,2026-09-07,52048,12443102,EDCKUL21MUPC020B,L2,35,0,0.0
2026-09-08,2026-09-07,52048,12443102,EDCKUL21MUPC020B,L3,26,0,0.0
2026-09-08,2026-09-07,52048,12443103,EDCKUL21MUPC010C,L1,20,0,0.0
2026-09-08,2026-09-07,52048,12443103,EDCKUL21MUPC010C,L2,35,0,0.0
2026-09-08,2026-09-07,52048,12443103,EDCKUL21MUPC010C,L3,26,0,0.0
2026-09-08,2026-09-07,52048,12443104,EDCKUL21MUPC020C,L1,20,0,0.0
2026-09-08,2026-09-07,52048,12443104,EDCKUL21MUPC020C,L2,35,0,0.0
2026-09-08,2026-09-07,52048,12443104,EDCKUL21MUPC020C,L3,26,0,0.0
2026-09-08,2026-09-07,52048,12443105,EDCKUL21TESC010B,L1,20,0,0.0
2026-09-08,2026-09-07,52048,12443105,EDCKUL21TESC010B,L2,35,0,0.0
2026-09-08,2026-09-07,52048,12443105,EDCKUL21TESC010B,L3,26,0,0.0
2026-09-08,2026-09-07,52048,12443106,EDCKUL21TESC020B,L1,20,0,0.0
2026-09-08,2026-09-07,52048,12443106,EDCKUL21TESC020B,L2,35,0,0.0
2026-09-08,2026-09-07,52048,12443106,EDCKUL21TESC020B,L3,26,0,0.0
2026-09-08,2026-09-07,52048,12443107,EDCKUL21TESC030B,L1,20,0,0.0
2026-09-08,2026-09-07,52048,12443107,EDCKUL21TESC030B,L2,35,0,0.0
2026-09-08,2026-09-07,52048,12443107,EDCKUL21TESC030B,L3,26,0,0.0
2026-09-08,2026-09-07,52048,12443108,EDCKUL21TESC040B,L1,20,0,0.0
2026-09-08,2026-09-07,52048,12443108,EDCKUL21TESC040B,L2,35,0,0.0
2026-09-08,2026-09-07,52048,12443108,EDCKUL21TESC040B,L3,26,0,0.0
2026-09-08,2026-09-07,52048,12443109,EDCKUL21TESC050B,L1,20,0,0.0
2026-09-08,2026-09-07,52048,12443109,EDCKUL21TESC050B,L2,35,0,0.0
2026-09-08,2026-09-07,52048,12443109,EDCKUL21TESC050B,L3,26,0,0.0
2026-09-08,2026-09-07,52048,12443110,EDCKUL21TESC060B,L1,20,0,0.0
2026-09-08,2026-09-07,52048,12443110,EDCKUL21TESC060B,L2,35,0,0.0
2026-09-08,2026-09-07,52048,12443110,EDCKUL21TESC060B,L3,26,0,0.0
2026-09-08,2026-09-07,52048,12443111,EDCKUL21TESC010C,L1,20,0,0.0
2026-09-08,2026-09-07,52048,12443111,EDCKUL21TESC010C,L2,35,0,0.0
2026-09-08,2026-09-07,52048,12443111,EDCKUL21TESC010C,L3,26,0,0.0
2026-09-08,2026-09-07,52048,12443112,EDCKUL21TESC020C,L1,20,0,0.0
2026-09-08,2026-09-07,52048,12443112,EDCKUL21TESC020C,L2,35,0,0.0
2026-09-08,2026-09-07,52048,12443112,EDCKUL21TESC020C,L3,26,0,0.0
2026-09-08,2026-09-07,52048,12443113,EDCKUL21TESC030C,L1,20,0,0.0
2026-09-08,2026-09-07,52048,12443113,EDCKUL21TESC030C,L2,35,0,0.0
2026-09-08,2026-09-07,52048,12443113,EDCKUL21TESC030C,L3,26,0,0.0
2026-09-08,2026-09-07,52048,12443114,EDCKUL21TESC040C,L1,20,0,0.0
2026-09-08,2026-09-07,52048,12443114,EDCKUL21TESC040C,L2,35,0,0.0
2026-09-08,2026-09-07,52048,12443114,EDCKUL21TESC040C,L3,26,0,0.0
2026-09-08,2026-09-07,52048,12443115,EDCKUL21TESC050C,L1,20,0,0.0
2026-09-08,2026-09-07,52048,12443115,EDCKUL21TESC050C,L2,35,0,0.0
2026-09-08,2026-09-07,52048,12443115,EDCKUL21TESC050C,L3,26,0,0.0
2026-09-08,2026-09-07,52048,12443116,EDCKUL21TESC060C,L1,20,0,0.0
2026-09-08,2026-09-07,52048,12443116,EDCKUL21TESC060C,L2,35,0,0.0
2026-09-08,2026-09-07,52048,12443116,EDCKUL21TESC060C,L3,26,0,0.0
2026-09-08,2026-09-07,52048,12443117,EDCKUL21CRAC1700,L1,20,18,90.0
2026-09-08,2026-09-07,52048,12443117,EDCKUL21CRAC1700,L2,35,0,0.0
2026-09-08,2026-09-07,52048,12443117,EDCKUL21CRAC1700,L3,26,0,0.0
2026-09-08,2026-09-07,52048,12443118,EDCKUL21CRAC1800,L1,20,18,90.0
2026-09-08,2026-09-07,52048,12443118,EDCKUL21CRAC1800,L2,35,0,0.0
2026-09-08,2026-09-07,52048,12443118,EDCKUL21CRAC1800,L3,26,0,0.0
2026-09-08,2026-09-07,52048,12443119,EDCKUL21CRAC1900,L1,20,18,90.0
2026-09-08,2026-09-07,52048,12443119,EDCKUL21CRAC1900,L2,35,0,0.0
2026-09-08,2026-09-07,52048,12443119,EDCKUL21CRAC1900,L3,26,0,0.0
2026-09-08,2026-09-07,52048,12443120,EDCKUL21CRAC2000,L1,20,18,90.0
2026-09-08,2026-09-07,52048,12443120,EDCKUL21CRAC2000,L2,35,0,0.0
2026-09-08,2026-09-07,52048,12443120,EDCKUL21CRAC2000,L3,26,0,0.0
2026-09-08,2026-09-07,52048,12443121,EDCKUL21CRAC2100,L1,20,18,90.0
2026-09-08,2026-09-07,52048,12443121,EDCKUL21CRAC2100,L2,35,0,0.0
2026-09-08,2026-09-07,52048,12443121,EDCKUL21CRAC2100,L3,26,0,0.0
2026-09-08,2026-09-07,52048,12443122,EDCKUL21CRAC2200,L1,20,18,90.0
2026-09-08,2026-09-07,52048,12443122,EDCKUL21CRAC2200,L2,35,0,0.0
2026-09-08,2026-09-07,52048,12443122,EDCKUL21CRAC2200,L3,26,0,0.0
2026-09-08,2026-09-07,52048,12443123,EDCKUL21CRAC2300,L1,20,18,90.0
2026-09-08,2026-09-07,52048,12443123,EDCKUL21CRAC2300,L2,35,0,0.0
2026-09-08,2026-09-07,52048,12443123,EDCKUL21CRAC2300,L3,26,0,0.0
2026-09-08,2026-09-07,52048,12443124,EDCKUL21CRAC2400,L1,20,18,90.0
2026-09-08,2026-09-07,52048,12443124,EDCKUL21CRAC2400,L2,35,0,0.0
2026-09-08,2026-09-07,52048,12443124,EDCKUL21CRAC2400,L3,26,0,0.0
2026-09-08,2026-09-07,52048,12443125,EDCKUL21CRAC2500,L1,20,18,90.0
2026-09-08,2026-09-07,52048,12443125,EDCKUL21CRAC2500,L2,35,0,0.0
2026-09-08,2026-09-07,52048,12443125,EDCKUL21CRAC2500,L3,26,0,0.0
2026-09-08,2026-09-07,52048,12443126,EDCKUL21CRAC2600,L1,20,18,90.0
2026-09-08,2026-09-07,52048,12443126,EDCKUL21CRAC2600,L2,35,0,0.0
2026-09-08,2026-09-07,52048,12443126,EDCKUL21CRAC2600,L3,26,0,0.0
2026-09-08,2026-09-07,52048,12443127,EDCKUL21CRAC2700,L1,20,18,90.0
2026-09-08,2026-09-07,52048,12443127,EDCKUL21CRAC2700,L2,35,0,0.0
2026-09-08,2026-09-07,52048,12443127,EDCKUL21CRAC2700,L3,26,0,0.0
2026-09-08,2026-09-07,52048,12443128,EDCKUL21CRAC2800,L1,20,18,90.0
2026-09-08,2026-09-07,52048,12443128,EDCKUL21CRAC2800,L2,35,0,0.0
2026-09-08,2026-09-07,52048,12443128,EDCKUL21CRAC2800,L3,26,0,0.0
2026-09-08,2026-09-07,52048,12443129,EDCKUL21CRAC2900,L1,20,19,95.0
2026-09-08,2026-09-07,52048,12443129,EDCKUL21CRAC2900,L2,35,0,0.0
2026-09-08,2026-09-07,52048,12443129,EDCKUL21CRAC2900,L3,26,0,0.0
2026-09-08,2026-09-07,52048,12443130,EDCKUL21CRAC3000,L1,20,18,90.0
2026-09-08,2026-09-07,52048,12443130,EDCKUL21CRAC3000,L2,35,0,0.0
2026-09-08,2026-09-07,52048,12443130,EDCKUL21CRAC3000,L3,26,0,0.0
2026-09-08,2026-09-07,52048,12443131,EDCKUL21CRAC010B,L1,20,20,100.0
2026-09-08,2026-09-07,52048,12443131,EDCKUL21CRAC010B,L2,35,0,0.0
2026-09-08,2026-09-07,52048,12443131,EDCKUL21CRAC010B,L3,26,0,0.0
2026-09-08,2026-09-07,52048,12443132,EDCKUL21CRAC020B,L1,20,20,100.0
2026-09-08,2026-09-07,52048,12443132,EDCKUL21CRAC020B,L2,35,0,0.0
2026-09-08,2026-09-07,52048,12443132,EDCKUL21CRAC020B,L3,26,0,0.0
2026-09-08,2026-09-07,52048,12443133,EDCKUL21CRAC030B,L1,20,20,100.0
2026-09-08,2026-09-07,52048,12443133,EDCKUL21CRAC030B,L2,35,0,0.0
2026-09-08,2026-09-07,52048,12443133,EDCKUL21CRAC030B,L3,26,0,0.0
2026-09-08,2026-09-07,52048,12443134,EDCKUL21CRAC040B,L1,20,20,100.0
2026-09-08,2026-09-07,52048,12443134,EDCKUL21CRAC040B,L2,35,0,0.0
2026-09-08,2026-09-07,52048,12443134,EDCKUL21CRAC040B,L3,26,0,0.0
2026-09-08,2026-09-07,52048,12443135,EDCKUL21CRAC080B,L1,20,20,100.0
2026-09-08,2026-09-07,52048,12443135,EDCKUL21CRAC080B,L2,35,0,0.0
2026-09-08,2026-09-07,52048,12443135,EDCKUL21CRAC080B,L3,26,0,0.0
2026-09-08,2026-09-07,52048,12443136,EDCKUL21CRAC070B,L1,20,20,100.0
2026-09-08,2026-09-07,52048,12443136,EDCKUL21CRAC070B,L2,35,0,0.0
2026-09-08,2026-09-07,52048,12443136,EDCKUL21CRAC070B,L3,26,0,0.0
2026-09-08,2026-09-07,52048,12443137,EDCKUL21CRAC060B,L1,20,20,100.0
2026-09-08,2026-09-07,52048,12443137,EDCKUL21CRAC060B,L2,35,0,0.0
2026-09-08,2026-09-07,52048,12443137,EDCKUL21CRAC060B,L3,26,0,0.0
2026-09-08,2026-09-07,52048,12443138,EDCKUL21CRAC050B,L1,20,20,100.0
2026-09-08,2026-09-07,52048,12443138,EDCKUL21CRAC050B,L2,35,0,0.0
2026-09-08,2026-09-07,52048,12443138,EDCKUL21CRAC050B,L3,26,0,0.0
2026-09-08,2026-09-07,52048,12443139,EDCKUL21CRAC010C,L1,20,20,100.0
2026-09-08,2026-09-07,52048,12443139,EDCKUL21CRAC010C,L2,35,0,0.0
2026-09-08,2026-09-07,52048,12443139,EDCKUL21CRAC010C,L3,26,0,0.0
2026-09-08,2026-09-07,52048,12443140,EDCKUL21CRAC020C,L1,20,20,100.0
2026-09-08,2026-09-07,52048,12443140,EDCKUL21CRAC020C,L2,35,0,0.0
2026-09-08,2026-09-07,52048,12443140,EDCKUL21CRAC020C,L3,26,0,0.0
2026-09-08,2026-09-07,52048,12443141,EDCKUL21CRAC030C,L1,20,20,100.0
2026-09-08,2026-09-07,52048,12443141,EDCKUL21CRAC030C,L2,35,0,0.0
2026-09-08,2026-09-07,52048,12443141,EDCKUL21CRAC030C,L3,26,0,0.0
2026-09-08,2026-09-07,52048,12443142,EDCKUL21CRAC040C,L1,20,20,100.0
2026-09-08,2026-09-07,52048,12443142,EDCKUL21CRAC040C,L2,35,0,0.0
2026-09-08,2026-09-07,52048,12443142,EDCKUL21CRAC040C,L3,26,0,0.0
2026-09-08,2026-09-07,52048,12443143,EDCKUL21CRAC080C,L1,20,20,100.0
2026-09-08,2026-09-07,52048,12443143,EDCKUL21CRAC080C,L2,35,0,0.0
2026-09-08,2026-09-07,52048,12443143,EDCKUL21CRAC080C,L3,26,0,0.0
2026-09-08,2026-09-07,52048,12443144,EDCKUL21CRAC070C,L1,20,20,100.0
2026-09-08,2026-09-07,52048,12443144,EDCKUL21CRAC070C,L2,35,0,0.0
2026-09-08,2026-09-07,52048,12443144,EDCKUL21CRAC070C,L3,26,0,0.0
2026-09-08,2026-09-07,52048,12443145,EDCKUL21CRAC060C,L1,20,20,100.0
2026-09-08,2026-09-07,52048,12443145,EDCKUL21CRAC060C,L2,35,0,0.0
2026-09-08,2026-09-07,52048,12443145,EDCKUL21CRAC060C,L3,26,0,0.0
2026-09-08,2026-09-07,52048,12443146,EDCKUL21CRAC050C,L1,20,20,100.0
2026-09-08,2026-09-07,52048,12443146,EDCKUL21CRAC050C,L2,35,0,0.0
2026-09-08,2026-09-07,52048,12443146,EDCKUL21CRAC050C,L3,26,0,0.0
2026-09-08,2026-09-07,52048,12443147,EDCKUL21GDTFA100,L1,20,20,100.0
2026-09-08,2026-09-07,52048,12443147,EDCKUL21GDTFA100,L2,35,0,0.0
2026-09-08,2026-09-07,52048,12443147,EDCKUL21GDTFA100,L3,26,0,0.0
2026-09-08,2026-09-07,52048,12443148,EDCKUL21GDTFB100,L1,20,20,100.0
2026-09-08,2026-09-07,52048,12443148,EDCKUL21GDTFB100,L2,35,0,0.0
2026-09-08,2026-09-07,52048,12443148,EDCKUL21GDTFB100,L3,26,0,0.0
2026-09-08,2026-09-07,52048,12443149,EDCKUL21GDTFC100,L1,20,20,100.0
2026-09-08,2026-09-07,52048,12443149,EDCKUL21GDTFC100,L2,35,0,0.0
2026-09-08,2026-09-07,52048,12443149,EDCKUL21GDTFC100,L3,26,0,0.0
2026-09-08,2026-09-07,52048,12443150,EDCKUL21GDTFD100,L1,20,20,100.0
2026-09-08,2026-09-07,52048,12443150,EDCKUL21GDTFD100,L2,35,0,0.0
2026-09-08,2026-09-07,52048,12443150,EDCKUL21GDTFD100,L3,26,0,0.0
2026-09-08,2026-09-07,52048,12443151,EDCKUL21GDTFE100,L1,20,20,100.0
2026-09-08,2026-09-07,52048,12443151,EDCKUL21GDTFE100,L2,35,0,0.0
2026-09-08,2026-09-07,52048,12443151,EDCKUL21GDTFE100,L3,26,0,0.0
2026-09-08,2026-09-07,52048,12443152,EDCKUL21GDTFF100,L1,20,20,100.0
2026-09-08,2026-09-07,52048,12443152,EDCKUL21GDTFF100,L2,35,0,0.0
2026-09-08,2026-09-07,52048,12443152,EDCKUL21GDTFF100,L3,26,0,0.0
2026-09-08,2026-09-07,52048,12443153,EDCKUL21GDTFT100,L1,20,20,100.0
2026-09-08,2026-09-07,52048,12443153,EDCKUL21GDTFT100,L2,35,0,0.0
2026-09-08,2026-09-07,52048,12443153,EDCKUL21GDTFT100,L3,26,0,0.0
2026-09-08,2026-09-07,52048,12443154,EDCKUL21GENFA100,L1,20,20,100.0
2026-09-08,2026-09-07,52048,12443154,EDCKUL21GENFA100,L2,35,0,0.0
2026-09-08,2026-09-07,52048,12443154,EDCKUL21GENFA100,L3,26,0,0.0
2026-09-08,2026-09-07,52048,12443155,EDCKUL21GENFB100,L1,20,20,100.0
2026-09-08,2026-09-07,52048,12443155,EDCKUL21GENFB100,L2,35,0,0.0
2026-09-08,2026-09-07,52048,12443155,EDCKUL21GENFB100,L3,26,0,0.0
2026-09-08,2026-09-07,52048,12443156,EDCKUL21GENFC100,L1,20,20,100.0
2026-09-08,2026-09-07,52048,12443156,EDCKUL21GENFC100,L2,35,0,0.0
2026-09-08,2026-09-07,52048,12443156,EDCKUL21GENFC100,L3,26,0,0.0
2026-09-08,2026-09-07,52048,12443157,EDCKUL21GENFD100,L1,20,20,100.0
2026-09-08,2026-09-07,52048,12443157,EDCKUL21GENFD100,L2,35,0,0.0
2026-09-08,2026-09-07,52048,12443157,EDCKUL21GENFD100,L3,26,0,0.0
2026-09-08,2026-09-07,52048,12443158,EDCKUL21GENFE100,L1,20,20,100.0
2026-09-08,2026-09-07,52048,12443158,EDCKUL21GENFE100,L2,35,0,0.0
2026-09-08,2026-09-07,52048,12443158,EDCKUL21GENFE100,L3,26,0,0.0
2026-09-08,2026-09-07,52048,12443159,EDCKUL21GENFF100,L1,20,20,100.0
2026-09-08,2026-09-07,52048,12443159,EDCKUL21GENFF100,L2,35,0,0.0
2026-09-08,2026-09-07,52048,12443159,EDCKUL21GENFF100,L3,26,0,0.0
2026-09-08,2026-09-07,52048,12443160,EDCKUL21GENFT100,L1,20,20,100.0
2026-09-08,2026-09-07,52048,12443160,EDCKUL21GENFT100,L2,35,0,0.0
2026-09-08,2026-09-07,52048,12443160,EDCKUL21GENFT100,L3,26,0,0.0
2026-09-08,2026-09-07,52048,12443161,EDCKUL21GSBFA100,L1,20,19,95.0
2026-09-08,2026-09-07,52048,12443161,EDCKUL21GSBFA100,L2,35,0,0.0
2026-09-08,2026-09-07,52048,12443161,EDCKUL21GSBFA100,L3,26,0,0.0
2026-09-08,2026-09-07,52048,12443162,EDCKUL21GSBFB100,L1,20,19,95.0
2026-09-08,2026-09-07,52048,12443162,EDCKUL21GSBFB100,L2,35,0,0.0
2026-09-08,2026-09-07,52048,12443162,EDCKUL21GSBFB100,L3,26,0,0.0
2026-09-08,2026-09-07,52048,12443163,EDCKUL21GSBFC100,L1,20,6,30.0
2026-09-08,2026-09-07,52048,12443163,EDCKUL21GSBFC100,L2,35,0,0.0
2026-09-08,2026-09-07,52048,12443163,EDCKUL21GSBFC100,L3,26,0,0.0
2026-09-08,2026-09-07,52048,12443164,EDCKUL21GSBFD100,L1,20,6,30.0
2026-09-08,2026-09-07,52048,12443164,EDCKUL21GSBFD100,L2,35,0,0.0
2026-09-08,2026-09-07,52048,12443164,EDCKUL21GSBFD100,L3,26,0,0.0
2026-09-08,2026-09-07,52048,12443165,EDCKUL21GSBFE100,L1,20,6,30.0
2026-09-08,2026-09-07,52048,12443165,EDCKUL21GSBFE100,L2,35,0,0.0
2026-09-08,2026-09-07,52048,12443165,EDCKUL21GSBFE100,L3,26,0,0.0
2026-09-08,2026-09-07,52048,12443166,EDCKUL21GSBFF100,L1,20,6,30.0
2026-09-08,2026-09-07,52048,12443166,EDCKUL21GSBFF100,L2,35,0,0.0
2026-09-08,2026-09-07,52048,12443166,EDCKUL21GSBFF100,L3,26,0,0.0
2026-09-08,2026-09-07,52048,12443167,EDCKUL21GSBFT100,L1,20,6,30.0
2026-09-08,2026-09-07,52048,12443167,EDCKUL21GSBFT100,L2,35,0,0.0
2026-09-08,2026-09-07,52048,12443167,EDCKUL21GSBFT100,L3,26,0,0.0
2026-09-08,2026-09-07,52048,12443168,EDCKUL21DSGFB110,L1,20,20,100.0
2026-09-08,2026-09-07,52048,12443168,EDCKUL21DSGFB110,L2,35,7,20.0
2026-09-08,2026-09-07,52048,12443168,EDCKUL21DSGFB110,L3,26,0,0.0
2026-09-08,2026-09-07,52048,12443169,EDCKUL21DSGFC110,L1,20,20,100.0
2026-09-08,2026-09-07,52048,12443169,EDCKUL21DSGFC110,L2,35,7,20.0
2026-09-08,2026-09-07,52048,12443169,EDCKUL21DSGFC110,L3,26,0,0.0
2026-09-08,2026-09-07,52048,12443170,EDCKUL21DSGFD110,L1,20,20,100.0
2026-09-08,2026-09-07,52048,12443170,EDCKUL21DSGFD110,L2,35,7,20.0
2026-09-08,2026-09-07,52048,12443170,EDCKUL21DSGFD110,L3,26,0,0.0
2026-09-08,2026-09-07,52048,12443171,EDCKUL21DSGFE110,L1,20,20,100.0
2026-09-08,2026-09-07,52048,12443171,EDCKUL21DSGFE110,L2,35,7,20.0
2026-09-08,2026-09-07,52048,12443171,EDCKUL21DSGFE110,L3,26,0,0.0
2026-09-08,2026-09-07,52048,12443172,EDCKUL21DSGFF110,L1,20,20,100.0
2026-09-08,2026-09-07,52048,12443172,EDCKUL21DSGFF110,L2,35,7,20.0
2026-09-08,2026-09-07,52048,12443172,EDCKUL21DSGFF110,L3,26,0,0.0
2026-09-08,2026-09-07,52048,12443173,EDCKUL21DSGFA110,L1,20,20,100.0
2026-09-08,2026-09-07,52048,12443173,EDCKUL21DSGFA110,L2,35,7,20.0
2026-09-08,2026-09-07,52048,12443173,EDCKUL21DSGFA110,L3,26,0,0.0
2026-09-08,2026-09-07,52048,12443174,EDCKUL21DSGFT110,L1,20,20,100.0
2026-09-08,2026-09-07,52048,12443174,EDCKUL21DSGFT110,L2,35,7,20.0
2026-09-08,2026-09-07,52048,12443174,EDCKUL21DSGFT110,L3,26,0,0.0
2026-09-08,2026-09-07,52048,12443175,EDCKUL21TRNFB100,L1,20,20,100.0
2026-09-08,2026-09-07,52048,12443175,EDCKUL21TRNFB100,L2,35,7,20.0
2026-09-08,2026-09-07,52048,12443175,EDCKUL21TRNFB100,L3,26,7,26.92
2026-09-08,2026-09-07,52048,12443176,EDCKUL21TRNFC100,L1,20,20,100.0
2026-09-08,2026-09-07,52048,12443176,EDCKUL21TRNFC100,L2,35,7,20.0
2026-09-08,2026-09-07,52048,12443176,EDCKUL21TRNFC100,L3,26,0,0.0
2026-09-08,2026-09-07,52048,12443177,EDCKUL21TRNFD100,L1,20,20,100.0
2026-09-08,2026-09-07,52048,12443177,EDCKUL21TRNFD100,L2,35,7,20.0
2026-09-08,2026-09-07,52048,12443177,EDCKUL21TRNFD100,L3,26,0,0.0
2026-09-08,2026-09-07,52048,12443178,EDCKUL21TRNFE100,L1,20,20,100.0
2026-09-08,2026-09-07,52048,12443178,EDCKUL21TRNFE100,L2,35,7,20.0
2026-09-08,2026-09-07,52048,12443178,EDCKUL21TRNFE100,L3,26,0,0.0
2026-09-08,2026-09-07,52048,12443179,EDCKUL21TRNFF100,L1,20,20,100.0
2026-09-08,2026-09-07,52048,12443179,EDCKUL21TRNFF100,L2,35,7,20.0
2026-09-08,2026-09-07,52048,12443179,EDCKUL21TRNFF100,L3,26,0,0.0
2026-09-08,2026-09-07,52048,12443180,EDCKUL21TRNFA100,L1,20,20,100.0
2026-09-08,2026-09-07,52048,12443180,EDCKUL21TRNFA100,L2,35,7,20.0
2026-09-08,2026-09-07,52048,12443180,EDCKUL21TRNFA100,L3,26,7,26.92
2026-09-08,2026-09-07,52048,12443181,EDCKUL21TRNFT100,L1,20,20,100.0
2026-09-08,2026-09-07,52048,12443181,EDCKUL21TRNFT100,L2,35,7,20.0
2026-09-08,2026-09-07,52048,12443181,EDCKUL21TRNFT100,L3,26,0,0.0
2026-09-08,2026-09-07,52048,12443182,EDCKUL21MSBFA110,L1,20,20,100.0
2026-09-08,2026-09-07,52048,12443182,EDCKUL21MSBFA110,L2,35,0,0.0
2026-09-08,2026-09-07,52048,12443182,EDCKUL21MSBFA110,L3,26,0,0.0
2026-09-08,2026-09-07,52048,12443183,EDCKUL21MSBFA210,L1,20,20,100.0
2026-09-08,2026-09-07,52048,12443183,EDCKUL21MSBFA210,L2,35,0,0.0
2026-09-08,2026-09-07,52048,12443183,EDCKUL21MSBFA210,L3,26,0,0.0
2026-09-08,2026-09-07,52048,12443184,EDCKUL21MSBFB110,L1,20,20,100.0
2026-09-08,2026-09-07,52048,12443184,EDCKUL21MSBFB110,L2,35,0,0.0
2026-09-08,2026-09-07,52048,12443184,EDCKUL21MSBFB110,L3,26,0,0.0
2026-09-08,2026-09-07,52048,12443185,EDCKUL21MSBFB210,L1,20,20,100.0
2026-09-08,2026-09-07,52048,12443185,EDCKUL21MSBFB210,L2,35,0,0.0
2026-09-08,2026-09-07,52048,12443185,EDCKUL21MSBFB210,L3,26,0,0.0
2026-09-08,2026-09-07,52048,12443186,EDCKUL21MSBFC110,L1,20,20,100.0
2026-09-08,2026-09-07,52048,12443186,EDCKUL21MSBFC110,L2,35,0,0.0
2026-09-08,2026-09-07,52048,12443186,EDCKUL21MSBFC110,L3,26,0,0.0
2026-09-08,2026-09-07,52048,12443187,EDCKUL21MSBFC210,L1,20,20,100.0
2026-09-08,2026-09-07,52048,12443187,EDCKUL21MSBFC210,L2,35,0,0.0
2026-09-08,2026-09-07,52048,12443187,EDCKUL21MSBFC210,L3,26,0,0.0
2026-09-08,2026-09-07,52048,12443188,EDCKUL21MSBFD110,L1,20,20,100.0
2026-09-08,2026-09-07,52048,12443188,EDCKUL21MSBFD110,L2,35,0,0.0
2026-09-08,2026-09-07,52048,12443188,EDCKUL21MSBFD110,L3,26,0,0.0
2026-09-08,2026-09-07,52048,12443189,EDCKUL21MSBFD210,L1,20,20,100.0
2026-09-08,2026-09-07,52048,12443189,EDCKUL21MSBFD210,L2,35,0,0.0
2026-09-08,2026-09-07,52048,12443189,EDCKUL21MSBFD210,L3,26,0,0.0
2026-09-08,2026-09-07,52048,12443190,EDCKUL21MSBFE110,L1,20,20,100.0
2026-09-08,2026-09-07,52048,12443190,EDCKUL21MSBFE110,L2,35,0,0.0
2026-09-08,2026-09-07,52048,12443190,EDCKUL21MSBFE110,L3,26,0,0.0
2026-09-08,2026-09-07,52048,12443191,EDCKUL21MSBFE210,L1,20,0,0.0
2026-09-08,2026-09-07,52048,12443191,EDCKUL21MSBFE210,L2,35,0,0.0
2026-09-08,2026-09-07,52048,12443191,EDCKUL21MSBFE210,L3,26,0,0.0
2026-09-08,2026-09-07,52048,12443192,EDCKUL21MSBFF110,L1,20,20,100.0
2026-09-08,2026-09-07,52048,12443192,EDCKUL21MSBFF110,L2,35,0,0.0
2026-09-08,2026-09-07,52048,12443192,EDCKUL21MSBFF110,L3,26,0,0.0
2026-09-08,2026-09-07,52048,12443193,EDCKUL21MSBFF210,L1,20,0,0.0
2026-09-08,2026-09-07,52048,12443193,EDCKUL21MSBFF210,L2,35,0,0.0
2026-09-08,2026-09-07,52048,12443193,EDCKUL21MSBFF210,L3,26,0,0.0
2026-09-08,2026-09-07,52048,12443194,EDCKUL21MSBFT110,L1,20,20,100.0
2026-09-08,2026-09-07,52048,12443194,EDCKUL21MSBFT110,L2,35,0,0.0
2026-09-08,2026-09-07,52048,12443194,EDCKUL21MSBFT110,L3,26,0,0.0
2026-09-08,2026-09-07,52048,12443195,EDCKUL21MBCFA110,L1,20,20,100.0
2026-09-08,2026-09-07,52048,12443195,EDCKUL21MBCFA110,L2,35,0,0.0
2026-09-08,2026-09-07,52048,12443195,EDCKUL21MBCFA110,L3,26,0,0.0
2026-09-08,2026-09-07,52048,12443196,EDCKUL21MBCFB110,L1,20,20,100.0
2026-09-08,2026-09-07,52048,12443196,EDCKUL21MBCFB110,L2,35,0,0.0
2026-09-08,2026-09-07,52048,12443196,EDCKUL21MBCFB110,L3,26,0,0.0
2026-09-08,2026-09-07,52048,12443197,EDCKUL21MBCFC110,L1,20,20,100.0
2026-09-08,2026-09-07,52048,12443197,EDCKUL21MBCFC110,L2,35,0,0.0
2026-09-08,2026-09-07,52048,12443197,EDCKUL21MBCFC110,L3,26,0,0.0
2026-09-08,2026-09-07,52048,12443198,EDCKUL21MBCFD110,L1,20,20,100.0
2026-09-08,2026-09-07,52048,12443198,EDCKUL21MBCFD110,L2,35,0,0.0
2026-09-08,2026-09-07,52048,12443198,EDCKUL21MBCFD110,L3,26,0,0.0
2026-09-08,2026-09-07,52048,12443199,EDCKUL21MBCFE110,L1,20,20,100.0
2026-09-08,2026-09-07,52048,12443199,EDCKUL21MBCFE110,L2,35,0,0.0
2026-09-08,2026-09-07,52048,12443199,EDCKUL21MBCFE110,L3,26,0,0.0
2026-09-08,2026-09-07,52048,12443200,EDCKUL21MBCFF110,L1,20,20,100.0
2026-09-08,2026-09-07,52048,12443200,EDCKUL21MBCFF110,L2,35,0,0.0
2026-09-08,2026-09-07,52048,12443200,EDCKUL21MBCFF110,L3,26,0,0.0
2026-09-08,2026-09-07,52048,12443201,EDCKUL21MBCFT110,L1,20,20,100.0
2026-09-08,2026-09-07,52048,12443201,EDCKUL21MBCFT110,L2,35,0,0.0
2026-09-08,2026-09-07,52048,12443201,EDCKUL21MBCFT110,L3,26,0,0.0
2026-09-08,2026-09-07,52048,12443202,EDCKUL21DPPFA110,L1,20,20,100.0
2026-09-08,2026-09-07,52048,12443202,EDCKUL21DPPFA110,L2,35,0,0.0
2026-09-08,2026-09-07,52048,12443202,EDCKUL21DPPFA110,L3,26,0,0.0
2026-09-08,2026-09-07,52048,12443203,EDCKUL21DPPFB110,L1,20,20,100.0
2026-09-08,2026-09-07,52048,12443203,EDCKUL21DPPFB110,L2,35,0,0.0
2026-09-08,2026-09-07,52048,12443203,EDCKUL21DPPFB110,L3,26,0,0.0
2026-09-08,2026-09-07,52048,12443204,EDCKUL21DPPFC110,L1,20,20,100.0
2026-09-08,2026-09-07,52048,12443204,EDCKUL21DPPFC110,L2,35,0,0.0
2026-09-08,2026-09-07,52048,12443204,EDCKUL21DPPFC110,L3,26,0,0.0
2026-09-08,2026-09-07,52048,12443205,EDCKUL21DPPFD110,L1,20,20,100.0
2026-09-08,2026-09-07,52048,12443205,EDCKUL21DPPFD110,L2,35,0,0.0
2026-09-08,2026-09-07,52048,12443205,EDCKUL21DPPFD110,L3,26,0,0.0
2026-09-08,2026-09-07,52048,12443206,EDCKUL21DPPFE110,L1,20,20,100.0
2026-09-08,2026-09-07,52048,12443206,EDCKUL21DPPFE110,L2,35,0,0.0
2026-09-08,2026-09-07,52048,12443206,EDCKUL21DPPFE110,L3,26,0,0.0
2026-09-08,2026-09-07,52048,12443207,EDCKUL21DPPFF110,L1,20,20,100.0
2026-09-08,2026-09-07,52048,12443207,EDCKUL21DPPFF110,L2,35,0,0.0
2026-09-08,2026-09-07,52048,12443207,EDCKUL21DPPFF110,L3,26,0,0.0
2026-09-08,2026-09-07,52048,12443208,EDCKUL21DPPFT110,L1,20,20,100.0
2026-09-08,2026-09-07,52048,12443208,EDCKUL21DPPFT110,L2,35,0,0.0
2026-09-08,2026-09-07,52048,12443208,EDCKUL21DPPFT110,L3,26,0,0.0
2026-09-08,2026-09-07,52048,12443209,EDCKUL21ELPFB120,L1,20,20,100.0
2026-09-08,2026-09-07,52048,12443209,EDCKUL21ELPFB120,L2,35,0,0.0
2026-09-08,2026-09-07,52048,12443209,EDCKUL21ELPFB120,L3,26,0,0.0
2026-09-08,2026-09-07,52048,12443210,EDCKUL21ELPFC120,L1,20,20,100.0
2026-09-08,2026-09-07,52048,12443210,EDCKUL21ELPFC120,L2,35,0,0.0
2026-09-08,2026-09-07,52048,12443210,EDCKUL21ELPFC120,L3,26,0,0.0
2026-09-08,2026-09-07,52048,12443211,EDCKUL21ELPFE120,L1,20,20,100.0
2026-09-08,2026-09-07,52048,12443211,EDCKUL21ELPFE120,L2,35,0,0.0
2026-09-08,2026-09-07,52048,12443211,EDCKUL21ELPFE120,L3,26,0,0.0
2026-09-08,2026-09-07,52048,12443212,EDCKUL21ELPFD120,L1,20,20,100.0
2026-09-08,2026-09-07,52048,12443212,EDCKUL21ELPFD120,L2,35,0,0.0
2026-09-08,2026-09-07,52048,12443212,EDCKUL21ELPFD120,L3,26,0,0.0
2026-09-08,2026-09-07,52048,12443213,EDCKUL21ELPFB220,L1,20,20,100.0
2026-09-08,2026-09-07,52048,12443213,EDCKUL21ELPFB220,L2,35,0,0.0
2026-09-08,2026-09-07,52048,12443213,EDCKUL21ELPFB220,L3,26,0,0.0
2026-09-08,2026-09-07,52048,12443214,EDCKUL21ELPFC220,L1,20,20,100.0
2026-09-08,2026-09-07,52048,12443214,EDCKUL21ELPFC220,L2,35,0,0.0
2026-09-08,2026-09-07,52048,12443214,EDCKUL21ELPFC220,L3,26,0,0.0
2026-09-08,2026-09-07,52048,12443215,EDCKUL21ELPFE220,L1,20,20,100.0
2026-09-08,2026-09-07,52048,12443215,EDCKUL21ELPFE220,L2,35,0,0.0
2026-09-08,2026-09-07,52048,12443215,EDCKUL21ELPFE220,L3,26,0,0.0
2026-09-08,2026-09-07,52048,12443216,EDCKUL21ELPFD220,L1,20,20,100.0
2026-09-08,2026-09-07,52048,12443216,EDCKUL21ELPFD220,L2,35,0,0.0
2026-09-08,2026-09-07,52048,12443216,EDCKUL21ELPFD220,L3,26,0,0.0
2026-09-08,2026-09-07,52048,12443217,EDCKUL21EPPFA120,L1,20,20,100.0
2026-09-08,2026-09-07,52048,12443217,EDCKUL21EPPFA120,L2,35,0,0.0
2026-09-08,2026-09-07,52048,12443217,EDCKUL21EPPFA120,L3,26,0,0.0
2026-09-08,2026-09-07,52048,12443218,EDCKUL21EPPFB120,L1,20,20,100.0
2026-09-08,2026-09-07,52048,12443218,EDCKUL21EPPFB120,L2,35,0,0.0
2026-09-08,2026-09-07,52048,12443218,EDCKUL21EPPFB120,L3,26,0,0.0
2026-09-08,2026-09-07,52048,12443219,EDCKUL21EPPFE120,L1,20,20,100.0
2026-09-08,2026-09-07,52048,12443219,EDCKUL21EPPFE120,L2,35,0,0.0
2026-09-08,2026-09-07,52048,12443219,EDCKUL21EPPFE120,L3,26,0,0.0
2026-09-08,2026-09-07,52048,12443220,EDCKUL21EPPFF120,L1,20,20,100.0
2026-09-08,2026-09-07,52048,12443220,EDCKUL21EPPFF120,L2,35,0,0.0
2026-09-08,2026-09-07,52048,12443220,EDCKUL21EPPFF120,L3,26,0,0.0
2026-09-08,2026-09-07,52048,12443221,EDCKUL21EPPFA220,L1,20,20,100.0
2026-09-08,2026-09-07,52048,12443221,EDCKUL21EPPFA220,L2,35,0,0.0
2026-09-08,2026-09-07,52048,12443221,EDCKUL21EPPFA220,L3,26,0,0.0
2026-09-08,2026-09-07,52048,12443222,EDCKUL21EPPFB220,L1,20,20,100.0
2026-09-08,2026-09-07,52048,12443222,EDCKUL21EPPFB220,L2,35,0,0.0
2026-09-08,2026-09-07,52048,12443222,EDCKUL21EPPFB220,L3,26,0,0.0
2026-09-08,2026-09-07,52048,12443223,EDCKUL21EPPFE220,L1,20,20,100.0
2026-09-08,2026-09-07,52048,12443223,EDCKUL21EPPFE220,L2,35,0,0.0
2026-09-08,2026-09-07,52048,12443223,EDCKUL21EPPFE220,L3,26,0,0.0
2026-09-08,2026-09-07,52048,12443224,EDCKUL21EPPFF220,L1,20,20,100.0
2026-09-08,2026-09-07,52048,12443224,EDCKUL21EPPFF220,L2,35,0,0.0
2026-09-08,2026-09-07,52048,12443224,EDCKUL21EPPFF220,L3,26,0,0.0
2026-09-08,2026-09-07,52048,12443225,EDCKUL21MDPFA110,L1,20,20,100.0
2026-09-08,2026-09-07,52048,12443225,EDCKUL21MDPFA110,L2,35,0,0.0
2026-09-08,2026-09-07,52048,12443225,EDCKUL21MDPFA110,L3,26,0,0.0
2026-09-08,2026-09-07,52048,12443226,EDCKUL21MDPFB110,L1,20,20,100.0
2026-09-08,2026-09-07,52048,12443226,EDCKUL21MDPFB110,L2,35,0,0.0
2026-09-08,2026-09-07,52048,12443226,EDCKUL21MDPFB110,L3,26,0,0.0
2026-09-08,2026-09-07,52048,12443227,EDCKUL21MDPFC110,L1,20,20,100.0
2026-09-08,2026-09-07,52048,12443227,EDCKUL21MDPFC110,L2,35,0,0.0
2026-09-08,2026-09-07,52048,12443227,EDCKUL21MDPFC110,L3,26,0,0.0
2026-09-08,2026-09-07,52048,12443228,EDCKUL21MDPFD110,L1,20,20,100.0
2026-09-08,2026-09-07,52048,12443228,EDCKUL21MDPFD110,L2,35,0,0.0
2026-09-08,2026-09-07,52048,12443228,EDCKUL21MDPFD110,L3,26,0,0.0
2026-09-08,2026-09-07,52048,12443229,EDCKUL21MDPFE110,L1,20,20,100.0
2026-09-08,2026-09-07,52048,12443229,EDCKUL21MDPFE110,L2,35,0,0.0
2026-09-08,2026-09-07,52048,12443229,EDCKUL21MDPFE110,L3,26,0,0.0
2026-09-08,2026-09-07,52048,12443230,EDCKUL21MDPFF110,L1,20,20,100.0
2026-09-08,2026-09-07,52048,12443230,EDCKUL21MDPFF110,L2,35,0,0.0
2026-09-08,2026-09-07,52048,12443230,EDCKUL21MDPFF110,L3,26,0,0.0
2026-09-08,2026-09-07,52048,12443231,EDCKUL21MDPFT110,L1,20,20,100.0
2026-09-08,2026-09-07,52048,12443231,EDCKUL21MDPFT110,L2,35,0,0.0
2026-09-08,2026-09-07,52048,12443231,EDCKUL21MDPFT110,L3,26,0,0.0
2026-09-08,2026-09-07,52048,12443232,EDCKUL21MDPFT210,L1,20,20,100.0
2026-09-08,2026-09-07,52048,12443232,EDCKUL21MDPFT210,L2,35,0,0.0
2026-09-08,2026-09-07,52048,12443232,EDCKUL21MDPFT210,L3,26,0,0.0
2026-09-08,2026-09-07,52048,12443233,EDCKUL21MDPFT310,L1,20,20,100.0
2026-09-08,2026-09-07,52048,12443233,EDCKUL21MDPFT310,L2,35,0,0.0
2026-09-08,2026-09-07,52048,12443233,EDCKUL21MDPFT310,L3,26,0,0.0
2026-09-08,2026-09-07,52048,12443234,EDCKUL21MDPFD210,L1,20,20,100.0
2026-09-08,2026-09-07,52048,12443234,EDCKUL21MDPFD210,L2,35,0,0.0
2026-09-08,2026-09-07,52048,12443234,EDCKUL21MDPFD210,L3,26,0,0.0
2026-09-08,2026-09-07,52048,12443235,EDCKUL21MDPFC210,L1,20,20,100.0
2026-09-08,2026-09-07,52048,12443235,EDCKUL21MDPFC210,L2,35,0,0.0
2026-09-08,2026-09-07,52048,12443235,EDCKUL21MDPFC210,L3,26,0,0.0
2026-09-08,2026-09-07,52048,12443236,EDCKUL21RPPFA11B,L1,20,0,0.0
2026-09-08,2026-09-07,52048,12443236,EDCKUL21RPPFA11B,L2,35,0,0.0
2026-09-08,2026-09-07,52048,12443236,EDCKUL21RPPFA11B,L3,26,0,0.0
2026-09-08,2026-09-07,52048,12443237,EDCKUL21RPPFB11B,L1,20,0,0.0
2026-09-08,2026-09-07,52048,12443237,EDCKUL21RPPFB11B,L2,35,0,0.0
2026-09-08,2026-09-07,52048,12443237,EDCKUL21RPPFB11B,L3,26,0,0.0
2026-09-08,2026-09-07,52048,12443238,EDCKUL21RPPFC11B,L1,20,0,0.0
2026-09-08,2026-09-07,52048,12443238,EDCKUL21RPPFC11B,L2,35,0,0.0
2026-09-08,2026-09-07,52048,12443238,EDCKUL21RPPFC11B,L3,26,0,0.0
2026-09-08,2026-09-07,52048,12443239,EDCKUL21RPPFC21B,L1,20,0,0.0
2026-09-08,2026-09-07,52048,12443239,EDCKUL21RPPFC21B,L2,35,0,0.0
2026-09-08,2026-09-07,52048,12443239,EDCKUL21RPPFC21B,L3,26,0,0.0
2026-09-08,2026-09-07,52048,12443240,EDCKUL21RPPFD11B,L1,20,0,0.0
2026-09-08,2026-09-07,52048,12443240,EDCKUL21RPPFD11B,L2,35,0,0.0
2026-09-08,2026-09-07,52048,12443240,EDCKUL21RPPFD11B,L3,26,0,0.0
2026-09-08,2026-09-07,52048,12443241,EDCKUL21RPPFD21B,L1,20,0,0.0
2026-09-08,2026-09-07,52048,12443241,EDCKUL21RPPFD21B,L2,35,0,0.0
2026-09-08,2026-09-07,52048,12443241,EDCKUL21RPPFD21B,L3,26,0,0.0
2026-09-08,2026-09-07,52048,12443242,EDCKUL21RPPFE11B,L1,20,0,0.0
2026-09-08,2026-09-07,52048,12443242,EDCKUL21RPPFE11B,L2,35,0,0.0
2026-09-08,2026-09-07,52048,12443242,EDCKUL21RPPFE11B,L3,26,0,0.0
2026-09-08,2026-09-07,52048,12443243,EDCKUL21RPPFF11B,L1,20,0,0.0
2026-09-08,2026-09-07,52048,12443243,EDCKUL21RPPFF11B,L2,35,0,0.0
2026-09-08,2026-09-07,52048,12443243,EDCKUL21RPPFF11B,L3,26,0,0.0
2026-09-08,2026-09-07,52048,12443244,EDCKUL21RPPFA11C,L1,20,0,0.0
2026-09-08,2026-09-07,52048,12443244,EDCKUL21RPPFA11C,L2,35,0,0.0
2026-09-08,2026-09-07,52048,12443244,EDCKUL21RPPFA11C,L3,26,0,0.0
2026-09-08,2026-09-07,52048,12443245,EDCKUL21RPPFB11C,L1,20,0,0.0
2026-09-08,2026-09-07,52048,12443245,EDCKUL21RPPFB11C,L2,35,0,0.0
2026-09-08,2026-09-07,52048,12443245,EDCKUL21RPPFB11C,L3,26,0,0.0
2026-09-08,2026-09-07,52048,12443246,EDCKUL21RPPFC11C,L1,20,0,0.0
2026-09-08,2026-09-07,52048,12443246,EDCKUL21RPPFC11C,L2,35,0,0.0
2026-09-08,2026-09-07,52048,12443246,EDCKUL21RPPFC11C,L3,26,0,0.0
2026-09-08,2026-09-07,52048,12443247,EDCKUL21RPPFD11C,L1,20,0,0.0
2026-09-08,2026-09-07,52048,12443247,EDCKUL21RPPFD11C,L2,35,0,0.0
2026-09-08,2026-09-07,52048,12443247,EDCKUL21RPPFD11C,L3,26,0,0.0
2026-09-08,2026-09-07,52048,12443248,EDCKUL21RPPFE11C,L1,20,0,0.0
2026-09-08,2026-09-07,52048,12443248,EDCKUL21RPPFE11C,L2,35,0,0.0
2026-09-08,2026-09-07,52048,12443248,EDCKUL21RPPFE11C,L3,26,0,0.0
2026-09-08,2026-09-07,52048,12443249,EDCKUL21RPPFE21C,L1,20,0,0.0
2026-09-08,2026-09-07,52048,12443249,EDCKUL21RPPFE21C,L2,35,0,0.0
2026-09-08,2026-09-07,52048,12443249,EDCKUL21RPPFE21C,L3,26,0,0.0
2026-09-08,2026-09-07,52048,12443250,EDCKUL21RPPFF11C,L1,20,0,0.0
2026-09-08,2026-09-07,52048,12443250,EDCKUL21RPPFF11C,L2,35,0,0.0
2026-09-08,2026-09-07,52048,12443250,EDCKUL21RPPFF11C,L3,26,0,0.0
2026-09-08,2026-09-07,52048,12443251,EDCKUL21RPPFF21C,L1,20,0,0.0
2026-09-08,2026-09-07,52048,12443251,EDCKUL21RPPFF21C,L2,35,0,0.0
2026-09-08,2026-09-07,52048,12443251,EDCKUL21RPPFF21C,L3,26,0,0.0
2026-09-08,2026-09-07,52048,12443252,EDCKUL21UDPFA110,L1,20,20,100.0
2026-09-08,2026-09-07,52048,12443252,EDCKUL21UDPFA110,L2,35,0,0.0
2026-09-08,2026-09-07,52048,12443252,EDCKUL21UDPFA110,L3,26,0,0.0
2026-09-08,2026-09-07,52048,12443253,EDCKUL21UDPFB110,L1,20,20,100.0
2026-09-08,2026-09-07,52048,12443253,EDCKUL21UDPFB110,L2,35,0,0.0
2026-09-08,2026-09-07,52048,12443253,EDCKUL21UDPFB110,L3,26,0,0.0
2026-09-08,2026-09-07,52048,12443254,EDCKUL21UDPFC110,L1,20,20,100.0
2026-09-08,2026-09-07,52048,12443254,EDCKUL21UDPFC110,L2,35,0,0.0
2026-09-08,2026-09-07,52048,12443254,EDCKUL21UDPFC110,L3,26,0,0.0
2026-09-08,2026-09-07,52048,12443255,EDCKUL21UDPFD110,L1,20,20,100.0
2026-09-08,2026-09-07,52048,12443255,EDCKUL21UDPFD110,L2,35,0,0.0
2026-09-08,2026-09-07,52048,12443255,EDCKUL21UDPFD110,L3,26,0,0.0
2026-09-08,2026-09-07,52048,12443256,EDCKUL21UDPFE110,L1,20,20,100.0
2026-09-08,2026-09-07,52048,12443256,EDCKUL21UDPFE110,L2,35,0,0.0
2026-09-08,2026-09-07,52048,12443256,EDCKUL21UDPFE110,L3,26,0,0.0
2026-09-08,2026-09-07,52048,12443257,EDCKUL21UDPFF110,L1,20,20,100.0
2026-09-08,2026-09-07,52048,12443257,EDCKUL21UDPFF110,L2,35,0,0.0
2026-09-08,2026-09-07,52048,12443257,EDCKUL21UDPFF110,L3,26,0,0.0
2026-09-08,2026-09-07,52048,12443258,EDCKUL21UMPFT110,L1,20,20,100.0
2026-09-08,2026-09-07,52048,12443258,EDCKUL21UMPFT110,L2,35,0,0.0
2026-09-08,2026-09-07,52048,12443258,EDCKUL21UMPFT110,L3,26,0,0.0
2026-09-08,2026-09-07,52048,12443259,EDCKUL21UPBFA110,L1,20,0,0.0
2026-09-08,2026-09-07,52048,12443259,EDCKUL21UPBFA110,L2,35,0,0.0
2026-09-08,2026-09-07,52048,12443259,EDCKUL21UPBFA110,L3,26,0,0.0
2026-09-08,2026-09-07,52048,12443260,EDCKUL21UPBFB110,L1,20,0,0.0
2026-09-08,2026-09-07,52048,12443260,EDCKUL21UPBFB110,L2,35,0,0.0
2026-09-08,2026-09-07,52048,12443260,EDCKUL21UPBFB110,L3,26,0,0.0
2026-09-08,2026-09-07,52048,12443261,EDCKUL21UPBFC110,L1,20,0,0.0
2026-09-08,2026-09-07,52048,12443261,EDCKUL21UPBFC110,L2,35,0,0.0
2026-09-08,2026-09-07,52048,12443261,EDCKUL21UPBFC110,L3,26,0,0.0
2026-09-08,2026-09-07,52048,12443262,EDCKUL21UPBFD110,L1,20,0,0.0
2026-09-08,2026-09-07,52048,12443262,EDCKUL21UPBFD110,L2,35,0,0.0
2026-09-08,2026-09-07,52048,12443262,EDCKUL21UPBFD110,L3,26,0,0.0
2026-09-08,2026-09-07,52048,12443263,EDCKUL21UPBFE110,L1,20,0,0.0
2026-09-08,2026-09-07,52048,12443263,EDCKUL21UPBFE110,L2,35,0,0.0
2026-09-08,2026-09-07,52048,12443263,EDCKUL21UPBFE110,L3,26,0,0.0
2026-09-08,2026-09-07,52048,12443264,EDCKUL21UPBFF110,L1,20,0,0.0
2026-09-08,2026-09-07,52048,12443264,EDCKUL21UPBFF110,L2,35,0,0.0
2026-09-08,2026-09-07,52048,12443264,EDCKUL21UPBFF110,L3,26,0,0.0
2026-09-08,2026-09-07,52048,12443265,EDCKUL21UPBFT110,L1,20,0,0.0
2026-09-08,2026-09-07,52048,12443265,EDCKUL21UPBFT110,L2,35,0,0.0
2026-09-08,2026-09-07,52048,12443265,EDCKUL21UPBFT110,L3,26,0,0.0
2026-09-08,2026-09-07,52048,12443266,EDCKUL21UPPFA110,L1,20,20,100.0
2026-09-08,2026-09-07,52048,12443266,EDCKUL21UPPFA110,L2,35,0,0.0
2026-09-08,2026-09-07,52048,12443266,EDCKUL21UPPFA110,L3,26,0,0.0
2026-09-08,2026-09-07,52048,12443267,EDCKUL21UPPFB110,L1,20,20,100.0
2026-09-08,2026-09-07,52048,12443267,EDCKUL21UPPFB110,L2,35,0,0.0
2026-09-08,2026-09-07,52048,12443267,EDCKUL21UPPFB110,L3,26,0,0.0
2026-09-08,2026-09-07,52048,12443268,EDCKUL21UPPFC110,L1,20,20,100.0
2026-09-08,2026-09-07,52048,12443268,EDCKUL21UPPFC110,L2,35,0,0.0
2026-09-08,2026-09-07,52048,12443268,EDCKUL21UPPFC110,L3,26,0,0.0
2026-09-08,2026-09-07,52048,12443269,EDCKUL21UPPFD110,L1,20,20,100.0
2026-09-08,2026-09-07,52048,12443269,EDCKUL21UPPFD110,L2,35,0,0.0
2026-09-08,2026-09-07,52048,12443269,EDCKUL21UPPFD110,L3,26,0,0.0
2026-09-08,2026-09-07,52048,12443270,EDCKUL21UPPFE110,L1,20,20,100.0
2026-09-08,2026-09-07,52048,12443270,EDCKUL21UPPFE110,L2,35,0,0.0
2026-09-08,2026-09-07,52048,12443270,EDCKUL21UPPFE110,L3,26,0,0.0
2026-09-08,2026-09-07,52048,12443271,EDCKUL21UPPFF110,L1,20,20,100.0
2026-09-08,2026-09-07,52048,12443271,EDCKUL21UPPFF110,L2,35,0,0.0
2026-09-08,2026-09-07,52048,12443271,EDCKUL21UPPFF110,L3,26,0,0.0
2026-09-08,2026-09-07,52048,12443272,EDCKUL21UPPFT110,L1,20,20,100.0
2026-09-08,2026-09-07,52048,12443272,EDCKUL21UPPFT110,L2,35,0,0.0
2026-09-08,2026-09-07,52048,12443272,EDCKUL21UPPFT110,L3,26,0,0.0
2026-09-08,2026-09-07,52048,12443273,EDCKUL21UPPFT210,L1,20,0,0.0
2026-09-08,2026-09-07,52048,12443273,EDCKUL21UPPFT210,L2,35,0,0.0
2026-09-08,2026-09-07,52048,12443273,EDCKUL21UPPFT210,L3,26,0,0.0
2026-09-08,2026-09-07,52048,12443275,EDCKUL21UPSFA110,L1,20,6,30.0
2026-09-08,2026-09-07,52048,12443275,EDCKUL21UPSFA110,L2,35,0,0.0
2026-09-08,2026-09-07,52048,12443275,EDCKUL21UPSFA110,L3,26,0,0.0
2026-09-08,2026-09-07,52048,12443276,EDCKUL21UPSFB110,L1,20,6,30.0
2026-09-08,2026-09-07,52048,12443276,EDCKUL21UPSFB110,L2,35,0,0.0
2026-09-08,2026-09-07,52048,12443276,EDCKUL21UPSFB110,L3,26,0,0.0
2026-09-08,2026-09-07,52048,12443277,EDCKUL21UPSFC110,L1,20,6,30.0
2026-09-08,2026-09-07,52048,12443277,EDCKUL21UPSFC110,L2,35,0,0.0
2026-09-08,2026-09-07,52048,12443277,EDCKUL21UPSFC110,L3,26,0,0.0
2026-09-08,2026-09-07,52048,12443278,EDCKUL21UPSFD110,L1,20,6,30.0
2026-09-08,2026-09-07,52048,12443278,EDCKUL21UPSFD110,L2,35,0,0.0
2026-09-08,2026-09-07,52048,12443278,EDCKUL21UPSFD110,L3,26,0,0.0
2026-09-08,2026-09-07,52048,12443279,EDCKUL21UPSFE110,L1,20,6,30.0
2026-09-08,2026-09-07,52048,12443279,EDCKUL21UPSFE110,L2,35,0,0.0
2026-09-08,2026-09-07,52048,12443279,EDCKUL21UPSFE110,L3,26,0,0.0
2026-09-08,2026-09-07,52048,12443280,EDCKUL21UPSFF110,L1,20,6,30.0
2026-09-08,2026-09-07,52048,12443280,EDCKUL21UPSFF110,L2,35,0,0.0
2026-09-08,2026-09-07,52048,12443280,EDCKUL21UPSFF110,L3,26,0,0.0
2026-09-08,2026-09-07,52048,12443281,EDCKUL21UPSFT110,L1,20,6,30.0
2026-09-08,2026-09-07,52048,12443281,EDCKUL21UPSFT110,L2,35,0,0.0
2026-09-08,2026-09-07,52048,12443281,EDCKUL21UPSFT110,L3,26,0,0.0
2026-09-08,2026-09-07,52048,12443282,EDCKUL21ATSFT110,L1,20,20,100.0
2026-09-08,2026-09-07,52048,12443282,EDCKUL21ATSFT110,L2,35,0,0.0
2026-09-08,2026-09-07,52048,12443282,EDCKUL21ATSFT110,L3,26,0,0.0
2026-09-08,2026-09-07,52048,12443283,EDCKUL21ATSFT210,L1,20,20,100.0
2026-09-08,2026-09-07,52048,12443283,EDCKUL21ATSFT210,L2,35,0,0.0
2026-09-08,2026-09-07,52048,12443283,EDCKUL21ATSFT210,L3,26,0,0.0
2026-09-08,2026-09-07,52048,12443284,EDCKUL21ATSFT310,L1,20,20,100.0
2026-09-08,2026-09-07,52048,12443284,EDCKUL21ATSFT310,L2,35,0,0.0
2026-09-08,2026-09-07,52048,12443284,EDCKUL21ATSFT310,L3,26,0,0.0
2026-09-08,2026-09-07,52048,12443285,EDCKUL21ATSFT410,L1,20,20,100.0
2026-09-08,2026-09-07,52048,12443285,EDCKUL21ATSFT410,L2,35,0,0.0
2026-09-08,2026-09-07,52048,12443285,EDCKUL21ATSFT410,L3,26,0,0.0
2026-09-08,2026-09-07,52048,12443286,EDCKUL21ATSFT510,L1,20,20,100.0
2026-09-08,2026-09-07,52048,12443286,EDCKUL21ATSFT510,L2,35,0,0.0
2026-09-08,2026-09-07,52048,12443286,EDCKUL21ATSFT510,L3,26,0,0.0
2026-09-08,2026-09-07,52048,12443302,EDCKUL21VES0010B,L1,20,0,0.0
2026-09-08,2026-09-07,52048,12443302,EDCKUL21VES0010B,L2,35,0,0.0
2026-09-08,2026-09-07,52048,12443302,EDCKUL21VES0010B,L3,26,0,0.0
2026-09-08,2026-09-07,52048,12443303,EDCKUL21VES0020B,L1,20,0,0.0
2026-09-08,2026-09-07,52048,12443303,EDCKUL21VES0020B,L2,35,0,0.0
2026-09-08,2026-09-07,52048,12443303,EDCKUL21VES0020B,L3,26,0,0.0
2026-09-08,2026-09-07,52048,12443304,EDCKUL21VES0030B,L1,20,0,0.0
2026-09-08,2026-09-07,52048,12443304,EDCKUL21VES0030B,L2,35,0,0.0
2026-09-08,2026-09-07,52048,12443304,EDCKUL21VES0030B,L3,26,0,0.0
2026-09-08,2026-09-07,52048,12443305,EDCKUL21VES0040B,L1,20,0,0.0
2026-09-08,2026-09-07,52048,12443305,EDCKUL21VES0040B,L2,35,0,0.0
2026-09-08,2026-09-07,52048,12443305,EDCKUL21VES0040B,L3,26,0,0.0
2026-09-08,2026-09-07,52048,12443306,EDCKUL21VES0050B,L1,20,0,0.0
2026-09-08,2026-09-07,52048,12443306,EDCKUL21VES0050B,L2,35,0,0.0
2026-09-08,2026-09-07,52048,12443306,EDCKUL21VES0050B,L3,26,0,0.0
2026-09-08,2026-09-07,52048,12443307,EDCKUL21VES0060B,L1,20,0,0.0
2026-09-08,2026-09-07,52048,12443307,EDCKUL21VES0060B,L2,35,0,0.0
2026-09-08,2026-09-07,52048,12443307,EDCKUL21VES0060B,L3,26,0,0.0
2026-09-08,2026-09-07,52048,12443308,EDCKUL21VES0070B,L1,20,0,0.0
2026-09-08,2026-09-07,52048,12443308,EDCKUL21VES0070B,L2,35,0,0.0
2026-09-08,2026-09-07,52048,12443308,EDCKUL21VES0070B,L3,26,0,0.0
2026-09-08,2026-09-07,52048,12443309,EDCKUL21VES0080B,L1,20,0,0.0
2026-09-08,2026-09-07,52048,12443309,EDCKUL21VES0080B,L2,35,0,0.0
2026-09-08,2026-09-07,52048,12443309,EDCKUL21VES0080B,L3,26,0,0.0
2026-09-08,2026-09-07,52048,12443310,EDCKUL21VES0090B,L1,20,0,0.0
2026-09-08,2026-09-07,52048,12443310,EDCKUL21VES0090B,L2,35,0,0.0
2026-09-08,2026-09-07,52048,12443310,EDCKUL21VES0090B,L3,26,0,0.0
2026-09-08,2026-09-07,52048,12443311,EDCKUL21VES0100B,L1,20,0,0.0
2026-09-08,2026-09-07,52048,12443311,EDCKUL21VES0100B,L2,35,0,0.0
2026-09-08,2026-09-07,52048,12443311,EDCKUL21VES0100B,L3,26,0,0.0
2026-09-08,2026-09-07,52048,12443312,EDCKUL21VES0110B,L1,20,0,0.0
2026-09-08,2026-09-07,52048,12443312,EDCKUL21VES0110B,L2,35,0,0.0
2026-09-08,2026-09-07,52048,12443312,EDCKUL21VES0110B,L3,26,0,0.0
2026-09-08,2026-09-07,52048,12443313,EDCKUL21VES0120B,L1,20,0,0.0
2026-09-08,2026-09-07,52048,12443313,EDCKUL21VES0120B,L2,35,0,0.0
2026-09-08,2026-09-07,52048,12443313,EDCKUL21VES0120B,L3,26,0,0.0
2026-09-08,2026-09-07,52048,12443314,EDCKUL21VES0010C,L1,20,0,0.0
2026-09-08,2026-09-07,52048,12443314,EDCKUL21VES0010C,L2,35,0,0.0
2026-09-08,2026-09-07,52048,12443314,EDCKUL21VES0010C,L3,26,0,0.0
2026-09-08,2026-09-07,52048,12443315,EDCKUL21VES0020C,L1,20,0,0.0
2026-09-08,2026-09-07,52048,12443315,EDCKUL21VES0020C,L2,35,0,0.0
2026-09-08,2026-09-07,52048,12443315,EDCKUL21VES0020C,L3,26,0,0.0
2026-09-08,2026-09-07,52048,12443316,EDCKUL21VES0030C,L1,20,0,0.0
2026-09-08,2026-09-07,52048,12443316,EDCKUL21VES0030C,L2,35,0,0.0
2026-09-08,2026-09-07,52048,12443316,EDCKUL21VES0030C,L3,26,0,0.0
2026-09-08,2026-09-07,52048,12443317,EDCKUL21VES0040C,L1,20,0,0.0
2026-09-08,2026-09-07,52048,12443317,EDCKUL21VES0040C,L2,35,0,0.0
2026-09-08,2026-09-07,52048,12443317,EDCKUL21VES0040C,L3,26,0,0.0
2026-09-08,2026-09-07,52048,12443318,EDCKUL21VES0050C,L1,20,0,0.0
2026-09-08,2026-09-07,52048,12443318,EDCKUL21VES0050C,L2,35,0,0.0
2026-09-08,2026-09-07,52048,12443318,EDCKUL21VES0050C,L3,26,0,0.0
2026-09-08,2026-09-07,52048,12443319,EDCKUL21VES0060C,L1,20,0,0.0
2026-09-08,2026-09-07,52048,12443319,EDCKUL21VES0060C,L2,35,0,0.0
2026-09-08,2026-09-07,52048,12443319,EDCKUL21VES0060C,L3,26,0,0.0
2026-09-08,2026-09-07,52048,12443320,EDCKUL21VES0070C,L1,20,0,0.0
2026-09-08,2026-09-07,52048,12443320,EDCKUL21VES0070C,L2,35,0,0.0
2026-09-08,2026-09-07,52048,12443320,EDCKUL21VES0070C,L3,26,0,0.0
2026-09-08,2026-09-07,52048,12443321,EDCKUL21VES0080C,L1,20,0,0.0
2026-09-08,2026-09-07,52048,12443321,EDCKUL21VES0080C,L2,35,0,0.0
2026-09-08,2026-09-07,52048,12443321,EDCKUL21VES0080C,L3,26,0,0.0
2026-09-08,2026-09-07,52048,12443322,EDCKUL21VES0090C,L1,20,0,0.0
2026-09-08,2026-09-07,52048,12443322,EDCKUL21VES0090C,L2,35,0,0.0
2026-09-08,2026-09-07,52048,12443322,EDCKUL21VES0090C,L3,26,0,0.0
2026-09-08,2026-09-07,52048,12443323,EDCKUL21VES0100C,L1,20,0,0.0
2026-09-08,2026-09-07,52048,12443323,EDCKUL21VES0100C,L2,35,0,0.0
2026-09-08,2026-09-07,52048,12443323,EDCKUL21VES0100C,L3,26,0,0.0
2026-09-08,2026-09-07,52048,12443324,EDCKUL21VES0110C,L1,20,0,0.0
2026-09-08,2026-09-07,52048,12443324,EDCKUL21VES0110C,L2,35,0,0.0
2026-09-08,2026-09-07,52048,12443324,EDCKUL21VES0110C,L3,26,0,0.0
2026-09-08,2026-09-07,52048,12443325,EDCKUL21VES0120C,L1,20,0,0.0
2026-09-08,2026-09-07,52048,12443325,EDCKUL21VES0120C,L2,35,0,0.0
2026-09-08,2026-09-07,52048,12443325,EDCKUL21VES0120C,L3,26,0,0.0
2026-09-08,2026-09-07,52048,12443326,EDCKUL21VES07000,L1,20,0,0.0
2026-09-08,2026-09-07,52048,12443326,EDCKUL21VES07000,L2,35,0,0.0
2026-09-08,2026-09-07,52048,12443326,EDCKUL21VES07000,L3,26,0,0.0
2026-09-08,2026-09-07,52048,12443327,EDCKUL21VES07100,L1,20,0,0.0
2026-09-08,2026-09-07,52048,12443327,EDCKUL21VES07100,L2,35,0,0.0
2026-09-08,2026-09-07,52048,12443327,EDCKUL21VES07100,L3,26,0,0.0
2026-09-08,2026-09-07,52048,12443328,EDCKUL21VES07200,L1,20,0,0.0
2026-09-08,2026-09-07,52048,12443328,EDCKUL21VES07200,L2,35,0,0.0
2026-09-08,2026-09-07,52048,12443328,EDCKUL21VES07200,L3,26,0,0.0
2026-09-08,2026-09-07,52048,12443329,EDCKUL21VES07500,L1,20,0,0.0
2026-09-08,2026-09-07,52048,12443329,EDCKUL21VES07500,L2,35,0,0.0
2026-09-08,2026-09-07,52048,12443329,EDCKUL21VES07500,L3,26,0,0.0
2026-09-08,2026-09-07,52048,12443330,EDCKUL21VES07400,L1,20,0,0.0
2026-09-08,2026-09-07,52048,12443330,EDCKUL21VES07400,L2,35,0,0.0
2026-09-08,2026-09-07,52048,12443330,EDCKUL21VES07400,L3,26,0,0.0
2026-09-08,2026-09-07,52048,12443331,EDCKUL21VES07300,L1,20,0,0.0
2026-09-08,2026-09-07,52048,12443331,EDCKUL21VES07300,L2,35,0,0.0
2026-09-08,2026-09-07,52048,12443331,EDCKUL21VES07300,L3,26,0,0.0
2026-09-08,2026-09-07,52048,12443332,EDCKUL21VES06900,L1,20,0,0.0
2026-09-08,2026-09-07,52048,12443332,EDCKUL21VES06900,L2,35,0,0.0
2026-09-08,2026-09-07,52048,12443332,EDCKUL21VES06900,L3,26,0,0.0
2026-09-08,2026-09-07,52048,12549983,EDCKUL21EXF06400,L1,20,0,0.0
2026-09-08,2026-09-07,52048,12549983,EDCKUL21EXF06400,L2,35,0,0.0
2026-09-08,2026-09-07,52048,12549983,EDCKUL21EXF06400,L3,26,0,0.0
2026-09-08,2026-09-07,52048,12549984,EDCKUL21EXF06500,L1,20,0,0.0
2026-09-08,2026-09-07,52048,12549984,EDCKUL21EXF06500,L2,35,0,0.0
2026-09-08,2026-09-07,52048,12549984,EDCKUL21EXF06500,L3,26,0,0.0
2026-09-08,2026-09-07,52048,12549985,EDCKUL21EXF06600,L1,20,0,0.0
2026-09-08,2026-09-07,52048,12549985,EDCKUL21EXF06600,L2,35,0,0.0
2026-09-08,2026-09-07,52048,12549985,EDCKUL21EXF06600,L3,26,0,0.0
2026-09-08,2026-09-07,52048,12549986,EDCKUL21EXF06700,L1,20,0,0.0
2026-09-08,2026-09-07,52048,12549986,EDCKUL21EXF06700,L2,35,0,0.0
2026-09-08,2026-09-07,52048,12549986,EDCKUL21EXF06700,L3,26,0,0.0
2026-09-08,2026-09-07,52048,12549987,EDCKUL21EXF06800,L1,20,0,0.0
2026-09-08,2026-09-07,52048,12549987,EDCKUL21EXF06800,L2,35,0,0.0
2026-09-08,2026-09-07,52048,12549987,EDCKUL21EXF06800,L3,26,0,0.0
2026-09-08,2026-09-07,52048,12549988,EDCKUL21EXF06900,L1,20,0,0.0
2026-09-08,2026-09-07,52048,12549988,EDCKUL21EXF06900,L2,35,0,0.0
2026-09-08,2026-09-07,52048,12549988,EDCKUL21EXF06900,L3,26,0,0.0
2026-09-08,2026-09-07,52048,12549989,EDCKUL21EXF07000,L1,20,0,0.0
2026-09-08,2026-09-07,52048,12549989,EDCKUL21EXF07000,L2,35,0,0.0
2026-09-08,2026-09-07,52048,12549989,EDCKUL21EXF07000,L3,26,0,0.0
2026-09-08,2026-09-07,52048,12549990,EDCKUL21BSWFD31C,L1,20,0,0.0
2026-09-08,2026-09-07,52048,12549990,EDCKUL21BSWFD31C,L2,35,0,0.0
2026-09-08,2026-09-07,52048,12549990,EDCKUL21BSWFD31C,L3,26,0,0.0
2026-09-08,2026-09-07,52048,12549991,EDCKUL21BSWFA11B,L1,20,0,0.0
2026-09-08,2026-09-07,52048,12549991,EDCKUL21BSWFA11B,L2,35,0,0.0
2026-09-08,2026-09-07,52048,12549991,EDCKUL21BSWFA11B,L3,26,0,0.0
2026-09-08,2026-09-07,52048,12549992,EDCKUL21BSWFA21B,L1,20,0,0.0
2026-09-08,2026-09-07,52048,12549992,EDCKUL21BSWFA21B,L2,35,0,0.0
2026-09-08,2026-09-07,52048,12549992,EDCKUL21BSWFA21B,L3,26,0,0.0
2026-09-08,2026-09-07,52048,12549993,EDCKUL21BSWFA31B,L1,20,0,0.0
2026-09-08,2026-09-07,52048,12549993,EDCKUL21BSWFA31B,L2,35,0,0.0
2026-09-08,2026-09-07,52048,12549993,EDCKUL21BSWFA31B,L3,26,0,0.0
2026-09-08,2026-09-07,52048,12549994,EDCKUL21BSWFB11B,L1,20,0,0.0
2026-09-08,2026-09-07,52048,12549994,EDCKUL21BSWFB11B,L2,35,0,0.0
2026-09-08,2026-09-07,52048,12549994,EDCKUL21BSWFB11B,L3,26,0,0.0
2026-09-08,2026-09-07,52048,12549995,EDCKUL21BSWFB21B,L1,20,0,0.0
2026-09-08,2026-09-07,52048,12549995,EDCKUL21BSWFB21B,L2,35,0,0.0
2026-09-08,2026-09-07,52048,12549995,EDCKUL21BSWFB21B,L3,26,0,0.0
2026-09-08,2026-09-07,52048,12549996,EDCKUL21BSWFB31B,L1,20,0,0.0
2026-09-08,2026-09-07,52048,12549996,EDCKUL21BSWFB31B,L2,35,0,0.0
2026-09-08,2026-09-07,52048,12549996,EDCKUL21BSWFB31B,L3,26,0,0.0
2026-09-08,2026-09-07,52048,12549997,EDCKUL21BSWFC11B,L1,20,0,0.0
2026-09-08,2026-09-07,52048,12549997,EDCKUL21BSWFC11B,L2,35,0,0.0
2026-09-08,2026-09-07,52048,12549997,EDCKUL21BSWFC11B,L3,26,0,0.0
2026-09-08,2026-09-07,52048,12549998,EDCKUL21BSWFC21B,L1,20,0,0.0
2026-09-08,2026-09-07,52048,12549998,EDCKUL21BSWFC21B,L2,35,0,0.0
2026-09-08,2026-09-07,52048,12549998,EDCKUL21BSWFC21B,L3,26,0,0.0
2026-09-08,2026-09-07,52048,12549999,EDCKUL21BSWFC31B,L1,20,0,0.0
2026-09-08,2026-09-07,52048,12549999,EDCKUL21BSWFC31B,L2,35,0,0.0
2026-09-08,2026-09-07,52048,12549999,EDCKUL21BSWFC31B,L3,26,0,0.0
2026-09-08,2026-09-07,52048,12550000,EDCKUL21BSWFD11B,L1,20,0,0.0
2026-09-08,2026-09-07,52048,12550000,EDCKUL21BSWFD11B,L2,35,0,0.0
2026-09-08,2026-09-07,52048,12550000,EDCKUL21BSWFD11B,L3,26,0,0.0
2026-09-08,2026-09-07,52048,12550001,EDCKUL21BSWFD21B,L1,20,0,0.0
2026-09-08,2026-09-07,52048,12550001,EDCKUL21BSWFD21B,L2,35,0,0.0
2026-09-08,2026-09-07,52048,12550001,EDCKUL21BSWFD21B,L3,26,0,0.0
2026-09-08,2026-09-07,52048,12550002,EDCKUL21BSWFD31B,L1,20,0,0.0
2026-09-08,2026-09-07,52048,12550002,EDCKUL21BSWFD31B,L2,35,0,0.0
2026-09-08,2026-09-07,52048,12550002,EDCKUL21BSWFD31B,L3,26,0,0.0
2026-09-08,2026-09-07,52048,12550003,EDCKUL21BSWFE11B,L1,20,0,0.0
2026-09-08,2026-09-07,52048,12550003,EDCKUL21BSWFE11B,L2,35,0,0.0
2026-09-08,2026-09-07,52048,12550003,EDCKUL21BSWFE11B,L3,26,0,0.0
2026-09-08,2026-09-07,52048,12550004,EDCKUL21BSWFE21B,L1,20,0,0.0
2026-09-08,2026-09-07,52048,12550004,EDCKUL21BSWFE21B,L2,35,0,0.0
2026-09-08,2026-09-07,52048,12550004,EDCKUL21BSWFE21B,L3,26,0,0.0
2026-09-08,2026-09-07,52048,12550005,EDCKUL21BSWFE31B,L1,20,0,0.0
2026-09-08,2026-09-07,52048,12550005,EDCKUL21BSWFE31B,L2,35,0,0.0
2026-09-08,2026-09-07,52048,12550005,EDCKUL21BSWFE31B,L3,26,0,0.0
2026-09-08,2026-09-07,52048,12550006,EDCKUL21BSWFE41B,L1,20,0,0.0
2026-09-08,2026-09-07,52048,12550006,EDCKUL21BSWFE41B,L2,35,0,0.0
2026-09-08,2026-09-07,52048,12550006,EDCKUL21BSWFE41B,L3,26,0,0.0
2026-09-08,2026-09-07,52048,12550007,EDCKUL21BSWFF11B,L1,20,0,0.0
2026-09-08,2026-09-07,52048,12550007,EDCKUL21BSWFF11B,L2,35,0,0.0
2026-09-08,2026-09-07,52048,12550007,EDCKUL21BSWFF11B,L3,26,0,0.0
2026-09-08,2026-09-07,52048,12550008,EDCKUL21BSWFF21B,L1,20,0,0.0
2026-09-08,2026-09-07,52048,12550008,EDCKUL21BSWFF21B,L2,35,0,0.0
2026-09-08,2026-09-07,52048,12550008,EDCKUL21BSWFF21B,L3,26,0,0.0
2026-09-08,2026-09-07,52048,12550009,EDCKUL21BSWFA11C,L1,20,0,0.0
2026-09-08,2026-09-07,52048,12550009,EDCKUL21BSWFA11C,L2,35,0,0.0
2026-09-08,2026-09-07,52048,12550009,EDCKUL21BSWFA11C,L3,26,0,0.0
2026-09-08,2026-09-07,52048,12550010,EDCKUL21BSWFA21C,L1,20,0,0.0
2026-09-08,2026-09-07,52048,12550010,EDCKUL21BSWFA21C,L2,35,0,0.0
2026-09-08,2026-09-07,52048,12550010,EDCKUL21BSWFA21C,L3,26,0,0.0
2026-09-08,2026-09-07,52048,12550011,EDCKUL21BSWFA31C,L1,20,0,0.0
2026-09-08,2026-09-07,52048,12550011,EDCKUL21BSWFA31C,L2,35,0,0.0
2026-09-08,2026-09-07,52048,12550011,EDCKUL21BSWFA31C,L3,26,0,0.0
2026-09-08,2026-09-07,52048,12550012,EDCKUL21BSWFB11C,L1,20,0,0.0
2026-09-08,2026-09-07,52048,12550012,EDCKUL21BSWFB11C,L2,35,0,0.0
2026-09-08,2026-09-07,52048,12550012,EDCKUL21BSWFB11C,L3,26,0,0.0
2026-09-08,2026-09-07,52048,12550013,EDCKUL21BSWFB21C,L1,20,0,0.0
2026-09-08,2026-09-07,52048,12550013,EDCKUL21BSWFB21C,L2,35,0,0.0
2026-09-08,2026-09-07,52048,12550013,EDCKUL21BSWFB21C,L3,26,0,0.0
2026-09-08,2026-09-07,52048,12550014,EDCKUL21BSWFB31C,L1,20,0,0.0
2026-09-08,2026-09-07,52048,12550014,EDCKUL21BSWFB31C,L2,35,0,0.0
2026-09-08,2026-09-07,52048,12550014,EDCKUL21BSWFB31C,L3,26,0,0.0
2026-09-08,2026-09-07,52048,12550015,EDCKUL21BSWFC11C,L1,20,0,0.0
2026-09-08,2026-09-07,52048,12550015,EDCKUL21BSWFC11C,L2,35,0,0.0
2026-09-08,2026-09-07,52048,12550015,EDCKUL21BSWFC11C,L3,26,0,0.0
2026-09-08,2026-09-07,52048,12550016,EDCKUL21BSWFC21C,L1,20,0,0.0
2026-09-08,2026-09-07,52048,12550016,EDCKUL21BSWFC21C,L2,35,0,0.0
2026-09-08,2026-09-07,52048,12550016,EDCKUL21BSWFC21C,L3,26,0,0.0
2026-09-08,2026-09-07,52048,12550017,EDCKUL21BSWFC31C,L1,20,0,0.0
2026-09-08,2026-09-07,52048,12550017,EDCKUL21BSWFC31C,L2,35,0,0.0
2026-09-08,2026-09-07,52048,12550017,EDCKUL21BSWFC31C,L3,26,0,0.0
2026-09-08,2026-09-07,52048,12550018,EDCKUL21BSWFD11C,L1,20,0,0.0
2026-09-08,2026-09-07,52048,12550018,EDCKUL21BSWFD11C,L2,35,0,0.0
2026-09-08,2026-09-07,52048,12550018,EDCKUL21BSWFD11C,L3,26,0,0.0
2026-09-08,2026-09-07,52048,12550019,EDCKUL21BSWFD21C,L1,20,0,0.0
2026-09-08,2026-09-07,52048,12550019,EDCKUL21BSWFD21C,L2,35,0,0.0
2026-09-08,2026-09-07,52048,12550019,EDCKUL21BSWFD21C,L3,26,0,0.0
2026-09-08,2026-09-07,52048,12550020,EDCKUL21BSWFE11C,L1,20,0,0.0
2026-09-08,2026-09-07,52048,12550020,EDCKUL21BSWFE11C,L2,35,0,0.0
2026-09-08,2026-09-07,52048,12550020,EDCKUL21BSWFE11C,L3,26,0,0.0
2026-09-08,2026-09-07,52048,12550021,EDCKUL21BSWFE21C,L1,20,0,0.0
2026-09-08,2026-09-07,52048,12550021,EDCKUL21BSWFE21C,L2,35,0,0.0
2026-09-08,2026-09-07,52048,12550021,EDCKUL21BSWFE21C,L3,26,0,0.0
2026-09-08,2026-09-07,52048,12550022,EDCKUL21BSWFF11C,L1,20,0,0.0
2026-09-08,2026-09-07,52048,12550022,EDCKUL21BSWFF11C,L2,35,0,0.0
2026-09-08,2026-09-07,52048,12550022,EDCKUL21BSWFF11C,L3,26,0,0.0
2026-09-08,2026-09-07,52048,12550023,EDCKUL21BSWFF21C,L1,20,0,0.0
2026-09-08,2026-09-07,52048,12550023,EDCKUL21BSWFF21C,L2,35,0,0.0
2026-09-08,2026-09-07,52048,12550023,EDCKUL21BSWFF21C,L3,26,0,0.0
2026-09-08,2026-09-07,52048,12550024,EDCKUL21BSWFF31C,L1,20,0,0.0
2026-09-08,2026-09-07,52048,12550024,EDCKUL21BSWFF31C,L2,35,0,0.0
2026-09-08,2026-09-07,52048,12550024,EDCKUL21BSWFF31C,L3,26,0,0.0
2026-09-08,2026-09-07,52048,12550025,EDCKUL21BSWFF41C,L1,20,0,0.0
2026-09-08,2026-09-07,52048,12550025,EDCKUL21BSWFF41C,L2,35,0,0.0
2026-09-08,2026-09-07,52048,12550025,EDCKUL21BSWFF41C,L3,26,0,0.0
2026-09-08,2026-09-07,52048,12550026,EDCKUL21BSWFA100,L1,20,0,0.0
2026-09-08,2026-09-07,52048,12550026,EDCKUL21BSWFA100,L2,35,0,0.0
2026-09-08,2026-09-07,52048,12550026,EDCKUL21BSWFA100,L3,26,0,0.0
2026-09-08,2026-09-07,52048,12550027,EDCKUL21BSWFA200,L1,20,0,0.0
2026-09-08,2026-09-07,52048,12550027,EDCKUL21BSWFA200,L2,35,0,0.0
2026-09-08,2026-09-07,52048,12550027,EDCKUL21BSWFA200,L3,26,0,0.0
2026-09-08,2026-09-07,52048,12550028,EDCKUL21BSWFA300,L1,20,0,0.0
2026-09-08,2026-09-07,52048,12550028,EDCKUL21BSWFA300,L2,35,0,0.0
2026-09-08,2026-09-07,52048,12550028,EDCKUL21BSWFA300,L3,26,0,0.0
2026-09-08,2026-09-07,52048,12550029,EDCKUL21BSWFA400,L1,20,0,0.0
2026-09-08,2026-09-07,52048,12550029,EDCKUL21BSWFA400,L2,35,0,0.0
2026-09-08,2026-09-07,52048,12550029,EDCKUL21BSWFA400,L3,26,0,0.0
2026-09-08,2026-09-07,52048,12550030,EDCKUL21BSWFA500,L1,20,0,0.0
2026-09-08,2026-09-07,52048,12550030,EDCKUL21BSWFA500,L2,35,0,0.0
2026-09-08,2026-09-07,52048,12550030,EDCKUL21BSWFA500,L3,26,0,0.0
2026-09-08,2026-09-07,52048,12550031,EDCKUL21BSWFA600,L1,20,0,0.0
2026-09-08,2026-09-07,52048,12550031,EDCKUL21BSWFA600,L2,35,0,0.0
2026-09-08,2026-09-07,52048,12550031,EDCKUL21BSWFA600,L3,26,0,0.0
2026-09-08,2026-09-07,52048,12550032,EDCKUL21BSWFB100,L1,20,0,0.0
2026-09-08,2026-09-07,52048,12550032,EDCKUL21BSWFB100,L2,35,0,0.0
2026-09-08,2026-09-07,52048,12550032,EDCKUL21BSWFB100,L3,26,0,0.0
2026-09-08,2026-09-07,52048,12550033,EDCKUL21BSWFB200,L1,20,0,0.0
2026-09-08,2026-09-07,52048,12550033,EDCKUL21BSWFB200,L2,35,0,0.0
2026-09-08,2026-09-07,52048,12550033,EDCKUL21BSWFB200,L3,26,0,0.0
2026-09-08,2026-09-07,52048,12550034,EDCKUL21BSWFB300,L1,20,0,0.0
2026-09-08,2026-09-07,52048,12550034,EDCKUL21BSWFB300,L2,35,0,0.0
2026-09-08,2026-09-07,52048,12550034,EDCKUL21BSWFB300,L3,26,0,0.0
2026-09-08,2026-09-07,52048,12550035,EDCKUL21BSWFB400,L1,20,0,0.0
2026-09-08,2026-09-07,52048,12550035,EDCKUL21BSWFB400,L2,35,0,0.0
2026-09-08,2026-09-07,52048,12550035,EDCKUL21BSWFB400,L3,26,0,0.0
2026-09-08,2026-09-07,52048,12550036,EDCKUL21BSWFB500,L1,20,0,0.0
2026-09-08,2026-09-07,52048,12550036,EDCKUL21BSWFB500,L2,35,0,0.0
2026-09-08,2026-09-07,52048,12550036,EDCKUL21BSWFB500,L3,26,0,0.0
2026-09-08,2026-09-07,52048,12550037,EDCKUL21BSWFB600,L1,20,0,0.0
2026-09-08,2026-09-07,52048,12550037,EDCKUL21BSWFB600,L2,35,0,0.0
2026-09-08,2026-09-07,52048,12550037,EDCKUL21BSWFB600,L3,26,0,0.0
2026-09-08,2026-09-07,52048,12550038,EDCKUL21BSWFC100,L1,20,0,0.0
2026-09-08,2026-09-07,52048,12550038,EDCKUL21BSWFC100,L2,35,0,0.0
2026-09-08,2026-09-07,52048,12550038,EDCKUL21BSWFC100,L3,26,0,0.0
2026-09-08,2026-09-07,52048,12550039,EDCKUL21BSWFC200,L1,20,0,0.0
2026-09-08,2026-09-07,52048,12550039,EDCKUL21BSWFC200,L2,35,0,0.0
2026-09-08,2026-09-07,52048,12550039,EDCKUL21BSWFC200,L3,26,0,0.0
2026-09-08,2026-09-07,52048,12550040,EDCKUL21BSWFC300,L1,20,0,0.0
2026-09-08,2026-09-07,52048,12550040,EDCKUL21BSWFC300,L2,35,0,0.0
2026-09-08,2026-09-07,52048,12550040,EDCKUL21BSWFC300,L3,26,0,0.0
2026-09-08,2026-09-07,52048,12550041,EDCKUL21BSWFC400,L1,20,0,0.0
2026-09-08,2026-09-07,52048,12550041,EDCKUL21BSWFC400,L2,35,0,0.0
2026-09-08,2026-09-07,52048,12550041,EDCKUL21BSWFC400,L3,26,0,0.0
2026-09-08,2026-09-07,52048,12550042,EDCKUL21BSWFC500,L1,20,0,0.0
2026-09-08,2026-09-07,52048,12550042,EDCKUL21BSWFC500,L2,35,0,0.0
2026-09-08,2026-09-07,52048,12550042,EDCKUL21BSWFC500,L3,26,0,0.0
2026-09-08,2026-09-07,52048,12550043,EDCKUL21BSWFC600,L1,20,0,0.0
2026-09-08,2026-09-07,52048,12550043,EDCKUL21BSWFC600,L2,35,0,0.0
2026-09-08,2026-09-07,52048,12550043,EDCKUL21BSWFC600,L3,26,0,0.0
2026-09-08,2026-09-07,52048,12550044,EDCKUL21BSWFD100,L1,20,0,0.0
2026-09-08,2026-09-07,52048,12550044,EDCKUL21BSWFD100,L2,35,0,0.0
2026-09-08,2026-09-07,52048,12550044,EDCKUL21BSWFD100,L3,26,0,0.0
2026-09-08,2026-09-07,52048,12550045,EDCKUL21BSWFD200,L1,20,0,0.0
2026-09-08,2026-09-07,52048,12550045,EDCKUL21BSWFD200,L2,35,0,0.0
2026-09-08,2026-09-07,52048,12550045,EDCKUL21BSWFD200,L3,26,0,0.0
2026-09-08,2026-09-07,52048,12550046,EDCKUL21BSWFD300,L1,20,0,0.0
2026-09-08,2026-09-07,52048,12550046,EDCKUL21BSWFD300,L2,35,0,0.0
2026-09-08,2026-09-07,52048,12550046,EDCKUL21BSWFD300,L3,26,0,0.0
2026-09-08,2026-09-07,52048,12550047,EDCKUL21BSWFD400,L1,20,0,0.0
2026-09-08,2026-09-07,52048,12550047,EDCKUL21BSWFD400,L2,35,0,0.0
2026-09-08,2026-09-07,52048,12550047,EDCKUL21BSWFD400,L3,26,0,0.0
2026-09-08,2026-09-07,52048,12550048,EDCKUL21BSWFD500,L1,20,0,0.0
2026-09-08,2026-09-07,52048,12550048,EDCKUL21BSWFD500,L2,35,0,0.0
2026-09-08,2026-09-07,52048,12550048,EDCKUL21BSWFD500,L3,26,0,0.0
2026-09-08,2026-09-07,52048,12550049,EDCKUL21BSWFD600,L1,20,0,0.0
2026-09-08,2026-09-07,52048,12550049,EDCKUL21BSWFD600,L2,35,0,0.0
2026-09-08,2026-09-07,52048,12550049,EDCKUL21BSWFD600,L3,26,0,0.0
2026-09-08,2026-09-07,52048,12550050,EDCKUL21BSWFE100,L1,20,0,0.0
2026-09-08,2026-09-07,52048,12550050,EDCKUL21BSWFE100,L2,35,0,0.0
2026-09-08,2026-09-07,52048,12550050,EDCKUL21BSWFE100,L3,26,0,0.0
2026-09-08,2026-09-07,52048,12550051,EDCKUL21BSWFE200,L1,20,0,0.0
2026-09-08,2026-09-07,52048,12550051,EDCKUL21BSWFE200,L2,35,0,0.0
2026-09-08,2026-09-07,52048,12550051,EDCKUL21BSWFE200,L3,26,0,0.0
2026-09-08,2026-09-07,52048,12550052,EDCKUL21BSWFE300,L1,20,0,0.0
2026-09-08,2026-09-07,52048,12550052,EDCKUL21BSWFE300,L2,35,0,0.0
2026-09-08,2026-09-07,52048,12550052,EDCKUL21BSWFE300,L3,26,0,0.0
2026-09-08,2026-09-07,52048,12550053,EDCKUL21BSWFE400,L1,20,0,0.0
2026-09-08,2026-09-07,52048,12550053,EDCKUL21BSWFE400,L2,35,0,0.0
2026-09-08,2026-09-07,52048,12550053,EDCKUL21BSWFE400,L3,26,0,0.0
2026-09-08,2026-09-07,52048,12550054,EDCKUL21BSWFE500,L1,20,0,0.0
2026-09-08,2026-09-07,52048,12550054,EDCKUL21BSWFE500,L2,35,0,0.0
2026-09-08,2026-09-07,52048,12550054,EDCKUL21BSWFE500,L3,26,0,0.0
2026-09-08,2026-09-07,52048,12550055,EDCKUL21BSWFE600,L1,20,0,0.0
2026-09-08,2026-09-07,52048,12550055,EDCKUL21BSWFE600,L2,35,0,0.0
2026-09-08,2026-09-07,52048,12550055,EDCKUL21BSWFE600,L3,26,0,0.0
2026-09-08,2026-09-07,52048,12550056,EDCKUL21BSWFF100,L1,20,0,0.0
2026-09-08,2026-09-07,52048,12550056,EDCKUL21BSWFF100,L2,35,0,0.0
2026-09-08,2026-09-07,52048,12550056,EDCKUL21BSWFF100,L3,26,0,0.0
2026-09-08,2026-09-07,52048,12550057,EDCKUL21BSWFF200,L1,20,0,0.0
2026-09-08,2026-09-07,52048,12550057,EDCKUL21BSWFF200,L2,35,0,0.0
2026-09-08,2026-09-07,52048,12550057,EDCKUL21BSWFF200,L3,26,0,0.0
2026-09-08,2026-09-07,52048,12550058,EDCKUL21BSWFF300,L1,20,0,0.0
2026-09-08,2026-09-07,52048,12550058,EDCKUL21BSWFF300,L2,35,0,0.0
2026-09-08,2026-09-07,52048,12550058,EDCKUL21BSWFF300,L3,26,0,0.0
2026-09-08,2026-09-07,52048,12550059,EDCKUL21BSWFF400,L1,20,0,0.0
2026-09-08,2026-09-07,52048,12550059,EDCKUL21BSWFF400,L2,35,0,0.0
2026-09-08,2026-09-07,52048,12550059,EDCKUL21BSWFF400,L3,26,0,0.0
2026-09-08,2026-09-07,52048,12550060,EDCKUL21BSWFF500,L1,20,0,0.0
2026-09-08,2026-09-07,52048,12550060,EDCKUL21BSWFF500,L2,35,0,0.0
2026-09-08,2026-09-07,52048,12550060,EDCKUL21BSWFF500,L3,26,0,0.0
2026-09-08,2026-09-07,52048,12550061,EDCKUL21BSWFF600,L1,20,0,0.0
2026-09-08,2026-09-07,52048,12550061,EDCKUL21BSWFF600,L2,35,0,0.0
2026-09-08,2026-09-07,52048,12550061,EDCKUL21BSWFF600,L3,26,0,0.0
2026-09-08,2026-09-07,52048,12550062,EDCKUL21BSWFT100,L1,20,0,0.0
2026-09-08,2026-09-07,52048,12550062,EDCKUL21BSWFT100,L2,35,0,0.0
2026-09-08,2026-09-07,52048,12550062,EDCKUL21BSWFT100,L3,26,0,0.0
2026-09-08,2026-09-07,52048,12550063,EDCKUL21BSWFT200,L1,20,0,0.0
2026-09-08,2026-09-07,52048,12550063,EDCKUL21BSWFT200,L2,35,0,0.0
2026-09-08,2026-09-07,52048,12550063,EDCKUL21BSWFT200,L3,26,0,0.0
2026-09-08,2026-09-07,52048,12550064,EDCKUL21BSWFT300,L1,20,0,0.0
2026-09-08,2026-09-07,52048,12550064,EDCKUL21BSWFT300,L2,35,0,0.0
2026-09-08,2026-09-07,52048,12550064,EDCKUL21BSWFT300,L3,26,0,0.0
2026-09-08,2026-09-07,52048,12550065,EDCKUL21BSWFT400,L1,20,0,0.0
2026-09-08,2026-09-07,52048,12550065,EDCKUL21BSWFT400,L2,35,0,0.0
2026-09-08,2026-09-07,52048,12550065,EDCKUL21BSWFT400,L3,26,0,0.0
2026-09-08,2026-09-07,52048,12550066,EDCKUL21BSWFT500,L1,20,0,0.0
2026-09-08,2026-09-07,52048,12550066,EDCKUL21BSWFT500,L2,35,0,0.0
2026-09-08,2026-09-07,52048,12550066,EDCKUL21BSWFT500,L3,26,0,0.0
2026-09-08,2026-09-07,52048,13427830,EDCKUL21DPPFA210,L1,20,20,100.0
2026-09-08,2026-09-07,52048,13427830,EDCKUL21DPPFA210,L2,35,0,0.0
2026-09-08,2026-09-07,52048,13427830,EDCKUL21DPPFA210,L3,26,0,0.0
2026-09-08,2026-09-07,52048,13427831,EDCKUL21DPPFB210,L1,20,20,100.0
2026-09-08,2026-09-07,52048,13427831,EDCKUL21DPPFB210,L2,35,0,0.0
2026-09-08,2026-09-07,52048,13427831,EDCKUL21DPPFB210,L3,26,0,0.0
2026-09-08,2026-09-07,52048,13427832,EDCKUL21DPPFC210,L1,20,20,100.0
2026-09-08,2026-09-07,52048,13427832,EDCKUL21DPPFC210,L2,35,0,0.0
2026-09-08,2026-09-07,52048,13427832,EDCKUL21DPPFC210,L3,26,0,0.0
2026-09-08,2026-09-07,52048,13427835,EDCKUL21DPPFD210,L1,20,20,100.0
2026-09-08,2026-09-07,52048,13427835,EDCKUL21DPPFD210,L2,35,0,0.0
2026-09-08,2026-09-07,52048,13427835,EDCKUL21DPPFD210,L3,26,0,0.0
2026-09-08,2026-09-07,52048,13427836,EDCKUL21DPPFE210,L1,20,20,100.0
2026-09-08,2026-09-07,52048,13427836,EDCKUL21DPPFE210,L2,35,0,0.0
2026-09-08,2026-09-07,52048,13427836,EDCKUL21DPPFE210,L3,26,0,0.0
2026-09-08,2026-09-07,52048,13427837,EDCKUL21DPPFF210,L1,20,20,100.0
2026-09-08,2026-09-07,52048,13427837,EDCKUL21DPPFF210,L2,35,0,0.0
2026-09-08,2026-09-07,52048,13427837,EDCKUL21DPPFF210,L3,26,0,0.0
2026-09-08,2026-09-07,52048,13427841,EDCKUL21DPPFT210,L1,20,20,100.0
2026-09-08,2026-09-07,52048,13427841,EDCKUL21DPPFT210,L2,35,0,0.0
2026-09-08,2026-09-07,52048,13427841,EDCKUL21DPPFT210,L3,26,0,0.0
2026-09-08,2026-09-07,52048,13580670,EDCKUL21GDS00800,L1,20,0,0.0
2026-09-08,2026-09-07,52048,13580670,EDCKUL21GDS00800,L2,35,0,0.0
2026-09-08,2026-09-07,52048,13580670,EDCKUL21GDS00800,L3,26,0,0.0
2026-09-08,2026-09-07,52048,13580671,EDCKUL21DHU0010B,L1,20,0,0.0
2026-09-08,2026-09-07,52048,13580671,EDCKUL21DHU0010B,L2,35,0,0.0
2026-09-08,2026-09-07,52048,13580671,EDCKUL21DHU0010B,L3,26,0,0.0
2026-09-08,2026-09-07,52048,13580672,EDCKUL21DHU0020B,L1,20,0,0.0
2026-09-08,2026-09-07,52048,13580672,EDCKUL21DHU0020B,L2,35,0,0.0
2026-09-08,2026-09-07,52048,13580672,EDCKUL21DHU0020B,L3,26,0,0.0
2026-09-08,2026-09-07,52048,13580673,EDCKUL21DHU0010C,L1,20,0,0.0
2026-09-08,2026-09-07,52048,13580673,EDCKUL21DHU0010C,L2,35,0,0.0
2026-09-08,2026-09-07,52048,13580673,EDCKUL21DHU0010C,L3,26,0,0.0
2026-09-08,2026-09-07,52048,13580674,EDCKUL21DHU0020C,L1,20,0,0.0
2026-09-08,2026-09-07,52048,13580674,EDCKUL21DHU0020C,L2,35,0,0.0
2026-09-08,2026-09-07,52048,13580674,EDCKUL21DHU0020C,L3,26,0,0.0
2026-09-08,2026-09-07,52048,13723697,EDCKUL21BMPFT100,L1,20,0,0.0
2026-09-08,2026-09-07,52048,13723697,EDCKUL21BMPFT100,L2,35,0,0.0
2026-09-08,2026-09-07,52048,13723697,EDCKUL21BMPFT100,L3,26,0,0.0
2026-09-08,2026-09-07,52048,13723698,EDCKUL21BMPFA100,L1,20,0,0.0
2026-09-08,2026-09-07,52048,13723698,EDCKUL21BMPFA100,L2,35,0,0.0
2026-09-08,2026-09-07,52048,13723698,EDCKUL21BMPFA100,L3,26,0,0.0
2026-09-08,2026-09-07,52048,13723699,EDCKUL21BMPFB100,L1,20,0,0.0
2026-09-08,2026-09-07,52048,13723699,EDCKUL21BMPFB100,L2,35,0,0.0
2026-09-08,2026-09-07,52048,13723699,EDCKUL21BMPFB100,L3,26,0,0.0
2026-09-08,2026-09-07,52048,13723700,EDCKUL21BMPFC100,L1,20,0,0.0
2026-09-08,2026-09-07,52048,13723700,EDCKUL21BMPFC100,L2,35,0,0.0
2026-09-08,2026-09-07,52048,13723700,EDCKUL21BMPFC100,L3,26,0,0.0
2026-09-08,2026-09-07,52048,13723701,EDCKUL21BMPFD100,L1,20,0,0.0
2026-09-08,2026-09-07,52048,13723701,EDCKUL21BMPFD100,L2,35,0,0.0
2026-09-08,2026-09-07,52048,13723701,EDCKUL21BMPFD100,L3,26,0,0.0
2026-09-08,2026-09-07,52048,13723702,EDCKUL21BMPFE100,L1,20,0,0.0
2026-09-08,2026-09-07,52048,13723702,EDCKUL21BMPFE100,L2,35,0,0.0
2026-09-08,2026-09-07,52048,13723702,EDCKUL21BMPFE100,L3,26,0,0.0
2026-09-08,2026-09-07,52048,13723703,EDCKUL21BMPFF100,L1,20,0,0.0
2026-09-08,2026-09-07,52048,13723703,EDCKUL21BMPFF100,L2,35,0,0.0
2026-09-08,2026-09-07,52048,13723703,EDCKUL21BMPFF100,L3,26,0,0.0
2026-09-08,2026-09-07,52048,13723704,EDCKUL21BMP0010B,L1,20,0,0.0
2026-09-08,2026-09-07,52048,13723704,EDCKUL21BMP0010B,L2,35,0,0.0
2026-09-08,2026-09-07,52048,13723704,EDCKUL21BMP0010B,L3,26,0,0.0
2026-09-08,2026-09-07,52048,13723705,EDCKUL21BMP0010C,L1,20,0,0.0
2026-09-08,2026-09-07,52048,13723705,EDCKUL21BMP0010C,L2,35,0,0.0
2026-09-08,2026-09-07,52048,13723705,EDCKUL21BMP0010C,L3,26,0,0.0
2026-09-08,2026-09-07,52048,13723706,EDCKUL21BMPTCS1B,L1,20,0,0.0
2026-09-08,2026-09-07,52048,13723706,EDCKUL21BMPTCS1B,L2,35,0,0.0
2026-09-08,2026-09-07,52048,13723706,EDCKUL21BMPTCS1B,L3,26,0,0.0
2026-09-08,2026-09-07,52048,13723707,EDCKUL21BMPTCS2B,L1,20,0,0.0
2026-09-08,2026-09-07,52048,13723707,EDCKUL21BMPTCS2B,L2,35,0,0.0
2026-09-08,2026-09-07,52048,13723707,EDCKUL21BMPTCS2B,L3,26,0,0.0
2026-09-08,2026-09-07,52048,13723708,EDCKUL21BMPTCS1C,L1,20,0,0.0
2026-09-08,2026-09-07,52048,13723708,EDCKUL21BMPTCS1C,L2,35,0,0.0
2026-09-08,2026-09-07,52048,13723708,EDCKUL21BMPTCS1C,L3,26,0,0.0
2026-09-08,2026-09-07,52048,13723709,EDCKUL21BMPTCS2C,L1,20,0,0.0
2026-09-08,2026-09-07,52048,13723709,EDCKUL21BMPTCS2C,L2,35,0,0.0
2026-09-08,2026-09-07,52048,13723709,EDCKUL21BMPTCS2C,L3,26,0,0.0
2026-09-08,2026-09-07,52048,13851856,EDCKUL21PAC01500,L1,20,0,0.0
2026-09-08,2026-09-07,52048,13851856,EDCKUL21PAC01500,L2,35,0,0.0
2026-09-08,2026-09-07,52048,13851856,EDCKUL21PAC01500,L3,26,0,0.0
2026-09-08,2026-09-07,52048,13851857,EDCKUL21PAC01600,L1,20,0,0.0
2026-09-08,2026-09-07,52048,13851857,EDCKUL21PAC01600,L2,35,0,0.0
2026-09-08,2026-09-07,52048,13851857,EDCKUL21PAC01600,L3,26,0,0.0
2026-09-08,2026-09-07,52048,13851858,EDCKUL21PAS03500,L1,20,0,0.0
2026-09-08,2026-09-07,52048,13851858,EDCKUL21PAS03500,L2,35,0,0.0
2026-09-08,2026-09-07,52048,13851858,EDCKUL21PAS03500,L3,26,0,0.0
2026-09-08,2026-09-07,52048,13851859,EDCKUL21PAS03600,L1,20,0,0.0
2026-09-08,2026-09-07,52048,13851859,EDCKUL21PAS03600,L2,35,0,0.0
2026-09-08,2026-09-07,52048,13851859,EDCKUL21PAS03600,L3,26,0,0.0
2026-09-08,2026-09-07,52048,13851860,EDCKUL21PAS03700,L1,20,0,0.0
2026-09-08,2026-09-07,52048,13851860,EDCKUL21PAS03700,L2,35,0,0.0
2026-09-08,2026-09-07,52048,13851860,EDCKUL21PAS03700,L3,26,0,0.0
2026-09-08,2026-09-07,52048,13851861,EDCKUL21PAS03800,L1,20,0,0.0
2026-09-08,2026-09-07,52048,13851861,EDCKUL21PAS03800,L2,35,0,0.0
2026-09-08,2026-09-07,52048,13851861,EDCKUL21PAS03800,L3,26,0,0.0
2026-09-08,2026-09-07,52048,13851862,EDCKUL21PAS03900,L1,20,0,0.0
2026-09-08,2026-09-07,52048,13851862,EDCKUL21PAS03900,L2,35,0,0.0
2026-09-08,2026-09-07,52048,13851862,EDCKUL21PAS03900,L3,26,0,0.0
2026-09-08,2026-09-07,52048,13851863,EDCKUL21PAS04000,L1,20,0,0.0
2026-09-08,2026-09-07,52048,13851863,EDCKUL21PAS04000,L2,35,0,0.0
2026-09-08,2026-09-07,52048,13851863,EDCKUL21PAS04000,L3,26,0,0.0
2026-09-10,2026-09-07,39282,11604986,EDCKUL21MBCAB210,L2,40,40,100.0
2026-09-10,2026-09-07,39282,11604990,EDCKUL21MBCAF210,L2,40,36,90.0
2026-09-10,2026-09-07,39282,8741919,EDCKUL21DPPAH730,L2,40,39,97.5
2026-09-10,2026-09-07,40875,11768802,EDCKUL21VES00704,L1,20,8,40.0
2026-09-10,2026-09-07,40875,11768803,EDCKUL21VES00804,L1,20,6,30.0
2026-09-10,2026-09-07,40875,11768894,EDCKUL21CRAA4900,L2,40,29,72.5
2026-09-10,2026-09-07,40875,11768916,EDCKUL21UPSBA310,L2,35,35,100.0
2026-09-10,2026-09-07,40875,11768918,EDCKUL21UPSBC310,L2,35,7,20.0
2026-09-10,2026-09-07,40875,12549412,EDCKUL21BSWBZ200,L2,35,35,100.0
2026-09-10,2026-09-07,40875,13594072,EDCKUL21BSWBZ300,L2,35,35,100.0
2026-09-10,2026-09-07,40875,8742609,EDCKUL21CHLA1100,L2,40,11,27.5
2026-09-10,2026-09-07,40875,8742732,EDCKUL21DPPBH730,L2,40,39,97.5
2026-09-10,2026-09-07,40875,8743177,EDCKUL21UPSBB110,L2,40,12,30.0
2026-09-10,2026-09-07,40875,8743181,EDCKUL21UPSBD110,L2,40,7,17.5
2026-09-10,2026-09-07,51203,12414640,EDCKUL21DSGCA110,L2,35,7,20.0
2026-09-10,2026-09-07,52048,12443191,EDCKUL21MSBFE210,L1,20,20,100.0
2026-09-10,2026-09-07,52048,12443193,EDCKUL21MSBFF210,L1,20,20,100.0
2026-09-11,2026-09-07,39282,11605218,EDCKUL21ACS02330,L2,35,29,82.86
2026-09-11,2026-09-07,39282,13450408,EDCKUL21ACS02170,L1,20,17,85.0
2026-09-11,2026-09-07,39282,8741919,EDCKUL21DPPAH730,L2,40,40,100.0
2026-09-11,2026-09-07,39282,8742523,EDCKUL21ACS02110,L1,20,17,85.0
2026-09-11,2026-09-07,39282,8742524,EDCKUL21ACS02120,L1,20,2,10.0
2026-09-11,2026-09-07,39282,8742526,EDCKUL21ACS02140,L1,20,17,85.0
2026-09-11,2026-09-07,39282,8742527,EDCKUL21ACS02150,L1,20,17,85.0
2026-09-11,2026-09-07,40875,11768910,EDCKUL21UPBBD310,L2,35,7,20.0
2026-09-11,2026-09-07,40875,11768911,EDCKUL21UPBBE310,L2,35,6,17.14
2026-09-11,2026-09-07,40875,11768914,EDCKUL21UPBBF310,L2,35,7,20.0
2026-09-11,2026-09-07,40875,11768915,EDCKUL21UPBBZ310,L2,35,7,20.0
2026-09-11,2026-09-07,40875,11768919,EDCKUL21UPSBD310,L2,35,7,20.0
2026-09-11,2026-09-07,40875,11768920,EDCKUL21UPSBE310,L2,35,7,20.0
2026-09-11,2026-09-07,40875,11768924,EDCKUL21UPSBZ310,L2,35,7,20.0
2026-09-11,2026-09-07,40875,11769014,EDCKUL21MBCBB210,L2,40,39,97.5
2026-09-11,2026-09-07,40875,13738122,EDCKUL21EPPBH810,L2,35,7,20.0
2026-09-11,2026-09-07,40875,13738123,EDCKUL21EPPBH910,L2,35,6,17.14
2026-09-11,2026-09-07,40875,8742609,EDCKUL21CHLA1100,L2,40,18,45.0
2026-09-11,2026-09-07,40875,8742732,EDCKUL21DPPBH730,L2,40,40,100.0
2026-09-11,2026-09-07,40875,8742807,EDCKUL21MBCBA110,L2,40,40,100.0
2026-09-11,2026-09-07,40875,8742826,EDCKUL21MDPBH810,L2,40,35,87.5
2026-09-11,2026-09-07,40875,8743164,EDCKUL21UPBBD110,L2,40,7,17.5
2026-09-11,2026-09-07,40875,8743165,EDCKUL21UPBBD210,L2,40,7,17.5
2026-09-11,2026-09-07,40875,8743166,EDCKUL21UPBBE110,L2,40,7,17.5
2026-09-11,2026-09-07,40875,8743167,EDCKUL21UPBBE210,L2,40,7,17.5
2026-09-11,2026-09-07,40875,8743168,EDCKUL21UPBBF110,L2,40,7,17.5
2026-09-11,2026-09-07,40875,8743169,EDCKUL21UPBBF210,L2,40,7,17.5
2026-09-11,2026-09-07,40875,8743171,EDCKUL21UPBBZ110,L2,40,7,17.5
2026-09-11,2026-09-07,40875,8743172,EDCKUL21UPBBZ210,L2,40,7,17.5
2026-09-11,2026-09-07,40875,8743181,EDCKUL21UPSBD110,L2,40,11,27.5
2026-09-11,2026-09-07,40875,8743182,EDCKUL21UPSBD210,L2,40,7,17.5
2026-09-11,2026-09-07,40875,8743183,EDCKUL21UPSBE110,L2,40,7,17.5
2026-09-11,2026-09-07,40875,8743184,EDCKUL21UPSBE210,L2,40,7,17.5
2026-09-11,2026-09-07,40875,8743188,EDCKUL21UPSBZ110,L2,40,7,17.5
2026-09-11,2026-09-07,40875,8743189,EDCKUL21UPSBZ210,L2,40,7,17.5
2026-09-11,2026-09-07,40875,8912307,EDCKUL21MVSA0110,L3,26,8,30.77
2026-09-11,2026-09-07,51204,12535514,EDCKUL21MVSA0310,L3,26,3,11.54
2026-09-12,2026-09-07,39282,8741803,EDCKUL21CHLA0600,L2,35,34,97.14
2026-09-12,2026-09-07,39282,8741811,EDCKUL21CHPA0600,L2,35,34,97.14
2026-09-12,2026-09-07,39282,8741819,EDCKUL21BMPA0600,L2,35,8,22.86
2026-09-12,2026-09-07,40875,11768888,EDCKUL21CRAA4300,L2,40,1,2.5
2026-09-12,2026-09-07,40875,11768894,EDCKUL21CRAA4900,L2,40,35,87.5
2026-09-12,2026-09-07,40875,13439759,EDCKUL21DPPBH210,L2,35,10,28.57
2026-09-12,2026-09-07,40875,8742609,EDCKUL21CHLA1100,L2,40,20,50.0
2026-09-12,2026-09-07,40875,8742826,EDCKUL21MDPBH810,L2,40,40,100.0
2026-09-12,2026-09-07,40875,8743158,EDCKUL21UPBBA110,L2,40,40,100.0
2026-09-12,2026-09-07,40875,8743159,EDCKUL21UPBBA210,L2,40,40,100.0
2026-09-13,2026-09-07,40875,11768917,EDCKUL21UPSBB310,L2,35,35,100.0
2026-09-13,2026-09-07,40875,8742809,EDCKUL21MBCBC110,L2,40,40,100.0
2026-09-13,2026-09-07,40875,8743160,EDCKUL21UPBBB110,L2,40,39,97.5
2026-09-13,2026-09-07,40875,8743177,EDCKUL21UPSBB110,L2,40,40,100.0
2026-09-13,2026-09-07,40875,8743178,EDCKUL21UPSBB210,L2,40,40,100.0
2026-09-13,2026-09-07,40875,8743179,EDCKUL21UPSBC110,L2,40,20,50.0
2026-09-13,2026-09-07,40875,8743180,EDCKUL21UPSBC210,L2,40,33,82.5
2026-09-13,2026-09-07,51203,12414649,EDCKUL21TRNCY100,L3,26,7,26.92
